name,filePath,digitalFactory,status,rowCount,materialCutCodeFamily,machineType,gasType,powerWatts,thicknessMm,feedRateLargeFeaturesMmPerMin,feedRateSmallFeaturesMmPerMin,pierceTimeS,materialTypeName
sheetMetalNestingCutRate,lookupTables/Component/sheetMetalNestingCutRate.csv,USA reference export,"PARTIAL - Family 15 (Stainless Steel) OxyFuel/Plasma Cut/Plasma Punch complete; Family 2 (Steel) Fiber Laser Cut in progress, stopped at Oxygen/1500W/5.00mm confirmed (6.00mm row flagged low-confidence, pierce time cut off).",2079,1,Fiber Laser Cut,Nitrogen,1000,0.5,20000,15000,0.07,Steel
sheetMetalNestingCutRate,lookupTables/Component/sheetMetalNestingCutRate.csv,USA reference export,"PARTIAL - Family 15 (Stainless Steel) OxyFuel/Plasma Cut/Plasma Punch complete; Family 2 (Steel) Fiber Laser Cut in progress, stopped at Oxygen/1500W/5.00mm confirmed (6.00mm row flagged low-confidence, pierce time cut off).",2079,1,Fiber Laser Cut,Nitrogen,1000,1.0,15000,11250,0.09,Steel
sheetMetalNestingCutRate,lookupTables/Component/sheetMetalNestingCutRate.csv,USA reference export,"PARTIAL - Family 15 (Stainless Steel) OxyFuel/Plasma Cut/Plasma Punch complete; Family 2 (Steel) Fiber Laser Cut in progress, stopped at Oxygen/1500W/5.00mm confirmed (6.00mm row flagged low-confidence, pierce time cut off).",2079,1,Fiber Laser Cut,Nitrogen,1000,1.5,8000,6000,0.1,Steel
sheetMetalNestingCutRate,lookupTables/Component/sheetMetalNestingCutRate.csv,USA reference export,"PARTIAL - Family 15 (Stainless Steel) OxyFuel/Plasma Cut/Plasma Punch complete; Family 2 (Steel) Fiber Laser Cut in progress, stopped at Oxygen/1500W/5.00mm confirmed (6.00mm row flagged low-confidence, pierce time cut off).",2079,1,Fiber Laser Cut,Nitrogen,1500,0.5,23750,17812.5,0.07,Steel
sheetMetalNestingCutRate,lookupTables/Component/sheetMetalNestingCutRate.csv,USA reference export,"PARTIAL - Family 15 (Stainless Steel) OxyFuel/Plasma Cut/Plasma Punch complete; Family 2 (Steel) Fiber Laser Cut in progress, stopped at Oxygen/1500W/5.00mm confirmed (6.00mm row flagged low-confidence, pierce time cut off).",2079,1,Fiber Laser Cut,Nitrogen,1500,1.0,17500,13125,0.08,Steel
sheetMetalNestingCutRate,lookupTables/Component/sheetMetalNestingCutRate.csv,USA reference export,"PARTIAL - Family 15 (Stainless Steel) OxyFuel/Plasma Cut/Plasma Punch complete; Family 2 (Steel) Fiber Laser Cut in progress, stopped at Oxygen/1500W/5.00mm confirmed (6.00mm row flagged low-confidence, pierce time cut off).",2079,1,Fiber Laser Cut,Nitrogen,1500,1.5,10500,7875,0.09,Steel
sheetMetalNestingCutRate,lookupTables/Component/sheetMetalNestingCutRate.csv,USA reference export,"PARTIAL - Family 15 (Stainless Steel) OxyFuel/Plasma Cut/Plasma Punch complete; Family 2 (Steel) Fiber Laser Cut in progress, stopped at Oxygen/1500W/5.00mm confirmed (6.00mm row flagged low-confidence, pierce time cut off).",2079,1,Fiber Laser Cut,Nitrogen,1500,2.0,6375,4781.3,0.1,Steel
sheetMetalNestingCutRate,lookupTables/Component/sheetMetalNestingCutRate.csv,USA reference export,"PARTIAL - Family 15 (Stainless Steel) OxyFuel/Plasma Cut/Plasma Punch complete; Family 2 (Steel) Fiber Laser Cut in progress, stopped at Oxygen/1500W/5.00mm confirmed (6.00mm row flagged low-confidence, pierce time cut off).",2079,1,Fiber Laser Cut,Nitrogen,2000,0.5,30000,22500,0.07,Steel
sheetMetalNestingCutRate,lookupTables/Component/sheetMetalNestingCutRate.csv,USA reference export,"PARTIAL - Family 15 (Stainless Steel) OxyFuel/Plasma Cut/Plasma Punch complete; Family 2 (Steel) Fiber Laser Cut in progress, stopped at Oxygen/1500W/5.00mm confirmed (6.00mm row flagged low-confidence, pierce time cut off).",2079,1,Fiber Laser Cut,Nitrogen,2000,1.0,21750,16312.5,0.08,Steel
sheetMetalNestingCutRate,lookupTables/Component/sheetMetalNestingCutRate.csv,USA reference export,"PARTIAL - Family 15 (Stainless Steel) OxyFuel/Plasma Cut/Plasma Punch complete; Family 2 (Steel) Fiber Laser Cut in progress, stopped at Oxygen/1500W/5.00mm confirmed (6.00mm row flagged low-confidence, pierce time cut off).",2079,1,Fiber Laser Cut,Nitrogen,2000,1.5,14000,10500,0.1,Steel
sheetMetalNestingCutRate,lookupTables/Component/sheetMetalNestingCutRate.csv,USA reference export,"PARTIAL - Family 15 (Stainless Steel) OxyFuel/Plasma Cut/Plasma Punch complete; Family 2 (Steel) Fiber Laser Cut in progress, stopped at Oxygen/1500W/5.00mm confirmed (6.00mm row flagged low-confidence, pierce time cut off).",2079,1,Fiber Laser Cut,Nitrogen,2000,2.0,8500,6375,0.11,Steel
sheetMetalNestingCutRate,lookupTables/Component/sheetMetalNestingCutRate.csv,USA reference export,"PARTIAL - Family 15 (Stainless Steel) OxyFuel/Plasma Cut/Plasma Punch complete; Family 2 (Steel) Fiber Laser Cut in progress, stopped at Oxygen/1500W/5.00mm confirmed (6.00mm row flagged low-confidence, pierce time cut off).",2079,1,Fiber Laser Cut,Nitrogen,3000,0.5,35000,26250,0.06,Steel
sheetMetalNestingCutRate,lookupTables/Component/sheetMetalNestingCutRate.csv,USA reference export,"PARTIAL - Family 15 (Stainless Steel) OxyFuel/Plasma Cut/Plasma Punch complete; Family 2 (Steel) Fiber Laser Cut in progress, stopped at Oxygen/1500W/5.00mm confirmed (6.00mm row flagged low-confidence, pierce time cut off).",2079,1,Fiber Laser Cut,Nitrogen,3000,1.0,25000,18750,0.06,Steel
sheetMetalNestingCutRate,lookupTables/Component/sheetMetalNestingCutRate.csv,USA reference export,"PARTIAL - Family 15 (Stainless Steel) OxyFuel/Plasma Cut/Plasma Punch complete; Family 2 (Steel) Fiber Laser Cut in progress, stopped at Oxygen/1500W/5.00mm confirmed (6.00mm row flagged low-confidence, pierce time cut off).",2079,1,Fiber Laser Cut,Nitrogen,3000,1.5,16000,12000,0.07,Steel
sheetMetalNestingCutRate,lookupTables/Component/sheetMetalNestingCutRate.csv,USA reference export,"PARTIAL - Family 15 (Stainless Steel) OxyFuel/Plasma Cut/Plasma Punch complete; Family 2 (Steel) Fiber Laser Cut in progress, stopped at Oxygen/1500W/5.00mm confirmed (6.00mm row flagged low-confidence, pierce time cut off).",2079,1,Fiber Laser Cut,Nitrogen,3000,2.0,11000,8250,0.08,Steel
sheetMetalNestingCutRate,lookupTables/Component/sheetMetalNestingCutRate.csv,USA reference export,"PARTIAL - Family 15 (Stainless Steel) OxyFuel/Plasma Cut/Plasma Punch complete; Family 2 (Steel) Fiber Laser Cut in progress, stopped at Oxygen/1500W/5.00mm confirmed (6.00mm row flagged low-confidence, pierce time cut off).",2079,1,Fiber Laser Cut,Nitrogen,4000,0.5,37500,28125,0.05,Steel
sheetMetalNestingCutRate,lookupTables/Component/sheetMetalNestingCutRate.csv,USA reference export,"PARTIAL - Family 15 (Stainless Steel) OxyFuel/Plasma Cut/Plasma Punch complete; Family 2 (Steel) Fiber Laser Cut in progress, stopped at Oxygen/1500W/5.00mm confirmed (6.00mm row flagged low-confidence, pierce time cut off).",2079,1,Fiber Laser Cut,Nitrogen,4000,1.0,30000,22500,0.05,Steel
sheetMetalNestingCutRate,lookupTables/Component/sheetMetalNestingCutRate.csv,USA reference export,"PARTIAL - Family 15 (Stainless Steel) OxyFuel/Plasma Cut/Plasma Punch complete; Family 2 (Steel) Fiber Laser Cut in progress, stopped at Oxygen/1500W/5.00mm confirmed (6.00mm row flagged low-confidence, pierce time cut off).",2079,1,Fiber Laser Cut,Nitrogen,4000,1.5,20000,15000,0.06,Steel
sheetMetalNestingCutRate,lookupTables/Component/sheetMetalNestingCutRate.csv,USA reference export,"PARTIAL - Family 15 (Stainless Steel) OxyFuel/Plasma Cut/Plasma Punch complete; Family 2 (Steel) Fiber Laser Cut in progress, stopped at Oxygen/1500W/5.00mm confirmed (6.00mm row flagged low-confidence, pierce time cut off).",2079,1,Fiber Laser Cut,Nitrogen,4000,2.0,12000,9000,0.07,Steel
sheetMetalNestingCutRate,lookupTables/Component/sheetMetalNestingCutRate.csv,USA reference export,"PARTIAL - Family 15 (Stainless Steel) OxyFuel/Plasma Cut/Plasma Punch complete; Family 2 (Steel) Fiber Laser Cut in progress, stopped at Oxygen/1500W/5.00mm confirmed (6.00mm row flagged low-confidence, pierce time cut off).",2079,1,Fiber Laser Cut,Nitrogen,6000,0.5,40000,30000,0.05,Steel
sheetMetalNestingCutRate,lookupTables/Component/sheetMetalNestingCutRate.csv,USA reference export,"PARTIAL - Family 15 (Stainless Steel) OxyFuel/Plasma Cut/Plasma Punch complete; Family 2 (Steel) Fiber Laser Cut in progress, stopped at Oxygen/1500W/5.00mm confirmed (6.00mm row flagged low-confidence, pierce time cut off).",2079,1,Fiber Laser Cut,Nitrogen,6000,1.0,32500,24375,0.05,Steel
sheetMetalNestingCutRate,lookupTables/Component/sheetMetalNestingCutRate.csv,USA reference export,"PARTIAL - Family 15 (Stainless Steel) OxyFuel/Plasma Cut/Plasma Punch complete; Family 2 (Steel) Fiber Laser Cut in progress, stopped at Oxygen/1500W/5.00mm confirmed (6.00mm row flagged low-confidence, pierce time cut off).",2079,1,Fiber Laser Cut,Nitrogen,6000,1.5,30000,22500,0.06,Steel
sheetMetalNestingCutRate,lookupTables/Component/sheetMetalNestingCutRate.csv,USA reference export,"PARTIAL - Family 15 (Stainless Steel) OxyFuel/Plasma Cut/Plasma Punch complete; Family 2 (Steel) Fiber Laser Cut in progress, stopped at Oxygen/1500W/5.00mm confirmed (6.00mm row flagged low-confidence, pierce time cut off).",2079,1,Fiber Laser Cut,Nitrogen,6000,2.0,20000,15000,0.07,Steel
sheetMetalNestingCutRate,lookupTables/Component/sheetMetalNestingCutRate.csv,USA reference export,"PARTIAL - Family 15 (Stainless Steel) OxyFuel/Plasma Cut/Plasma Punch complete; Family 2 (Steel) Fiber Laser Cut in progress, stopped at Oxygen/1500W/5.00mm confirmed (6.00mm row flagged low-confidence, pierce time cut off).",2079,1,Fiber Laser Cut,Nitrogen,8000,0.5,42500,31875,0.03,Steel
sheetMetalNestingCutRate,lookupTables/Component/sheetMetalNestingCutRate.csv,USA reference export,"PARTIAL - Family 15 (Stainless Steel) OxyFuel/Plasma Cut/Plasma Punch complete; Family 2 (Steel) Fiber Laser Cut in progress, stopped at Oxygen/1500W/5.00mm confirmed (6.00mm row flagged low-confidence, pierce time cut off).",2079,1,Fiber Laser Cut,Nitrogen,8000,1.0,35000,26250,0.04,Steel
sheetMetalNestingCutRate,lookupTables/Component/sheetMetalNestingCutRate.csv,USA reference export,"PARTIAL - Family 15 (Stainless Steel) OxyFuel/Plasma Cut/Plasma Punch complete; Family 2 (Steel) Fiber Laser Cut in progress, stopped at Oxygen/1500W/5.00mm confirmed (6.00mm row flagged low-confidence, pierce time cut off).",2079,1,Fiber Laser Cut,Nitrogen,8000,1.5,32500,24375,0.04,Steel
sheetMetalNestingCutRate,lookupTables/Component/sheetMetalNestingCutRate.csv,USA reference export,"PARTIAL - Family 15 (Stainless Steel) OxyFuel/Plasma Cut/Plasma Punch complete; Family 2 (Steel) Fiber Laser Cut in progress, stopped at Oxygen/1500W/5.00mm confirmed (6.00mm row flagged low-confidence, pierce time cut off).",2079,1,Fiber Laser Cut,Nitrogen,8000,2.0,25000,18750,0.04,Steel
sheetMetalNestingCutRate,lookupTables/Component/sheetMetalNestingCutRate.csv,USA reference export,"PARTIAL - Family 15 (Stainless Steel) OxyFuel/Plasma Cut/Plasma Punch complete; Family 2 (Steel) Fiber Laser Cut in progress, stopped at Oxygen/1500W/5.00mm confirmed (6.00mm row flagged low-confidence, pierce time cut off).",2079,1,Fiber Laser Cut,Nitrogen,10000,0.5,45000,33750,0.03,Steel
sheetMetalNestingCutRate,lookupTables/Component/sheetMetalNestingCutRate.csv,USA reference export,"PARTIAL - Family 15 (Stainless Steel) OxyFuel/Plasma Cut/Plasma Punch complete; Family 2 (Steel) Fiber Laser Cut in progress, stopped at Oxygen/1500W/5.00mm confirmed (6.00mm row flagged low-confidence, pierce time cut off).",2079,1,Fiber Laser Cut,Nitrogen,10000,1.0,37500,28125,0.03,Steel
sheetMetalNestingCutRate,lookupTables/Component/sheetMetalNestingCutRate.csv,USA reference export,"PARTIAL - Family 15 (Stainless Steel) OxyFuel/Plasma Cut/Plasma Punch complete; Family 2 (Steel) Fiber Laser Cut in progress, stopped at Oxygen/1500W/5.00mm confirmed (6.00mm row flagged low-confidence, pierce time cut off).",2079,1,Fiber Laser Cut,Nitrogen,10000,1.5,35000,26250,0.03,Steel
sheetMetalNestingCutRate,lookupTables/Component/sheetMetalNestingCutRate.csv,USA reference export,"PARTIAL - Family 15 (Stainless Steel) OxyFuel/Plasma Cut/Plasma Punch complete; Family 2 (Steel) Fiber Laser Cut in progress, stopped at Oxygen/1500W/5.00mm confirmed (6.00mm row flagged low-confidence, pierce time cut off).",2079,1,Fiber Laser Cut,Nitrogen,10000,2.0,25000,18750,0.03,Steel
sheetMetalNestingCutRate,lookupTables/Component/sheetMetalNestingCutRate.csv,USA reference export,"PARTIAL - Family 15 (Stainless Steel) OxyFuel/Plasma Cut/Plasma Punch complete; Family 2 (Steel) Fiber Laser Cut in progress, stopped at Oxygen/1500W/5.00mm confirmed (6.00mm row flagged low-confidence, pierce time cut off).",2079,1,Fiber Laser Cut,Oxygen,500,0.5,10000,7500,0.14,Steel
sheetMetalNestingCutRate,lookupTables/Component/sheetMetalNestingCutRate.csv,USA reference export,"PARTIAL - Family 15 (Stainless Steel) OxyFuel/Plasma Cut/Plasma Punch complete; Family 2 (Steel) Fiber Laser Cut in progress, stopped at Oxygen/1500W/5.00mm confirmed (6.00mm row flagged low-confidence, pierce time cut off).",2079,1,Fiber Laser Cut,Oxygen,500,1.0,8000,6000,0.17,Steel
sheetMetalNestingCutRate,lookupTables/Component/sheetMetalNestingCutRate.csv,USA reference export,"PARTIAL - Family 15 (Stainless Steel) OxyFuel/Plasma Cut/Plasma Punch complete; Family 2 (Steel) Fiber Laser Cut in progress, stopped at Oxygen/1500W/5.00mm confirmed (6.00mm row flagged low-confidence, pierce time cut off).",2079,1,Fiber Laser Cut,Oxygen,500,1.5,5000,3750,0.19,Steel
sheetMetalNestingCutRate,lookupTables/Component/sheetMetalNestingCutRate.csv,USA reference export,"PARTIAL - Family 15 (Stainless Steel) OxyFuel/Plasma Cut/Plasma Punch complete; Family 2 (Steel) Fiber Laser Cut in progress, stopped at Oxygen/1500W/5.00mm confirmed (6.00mm row flagged low-confidence, pierce time cut off).",2079,1,Fiber Laser Cut,Oxygen,500,2.0,3375,2531.3,0.22,Steel
sheetMetalNestingCutRate,lookupTables/Component/sheetMetalNestingCutRate.csv,USA reference export,"PARTIAL - Family 15 (Stainless Steel) OxyFuel/Plasma Cut/Plasma Punch complete; Family 2 (Steel) Fiber Laser Cut in progress, stopped at Oxygen/1500W/5.00mm confirmed (6.00mm row flagged low-confidence, pierce time cut off).",2079,1,Fiber Laser Cut,Oxygen,500,3.0,2400,1800,0.3,Steel
sheetMetalNestingCutRate,lookupTables/Component/sheetMetalNestingCutRate.csv,USA reference export,"PARTIAL - Family 15 (Stainless Steel) OxyFuel/Plasma Cut/Plasma Punch complete; Family 2 (Steel) Fiber Laser Cut in progress, stopped at Oxygen/1500W/5.00mm confirmed (6.00mm row flagged low-confidence, pierce time cut off).",2079,1,Fiber Laser Cut,Oxygen,500,4.0,1400,1050,0.4,Steel
sheetMetalNestingCutRate,lookupTables/Component/sheetMetalNestingCutRate.csv,USA reference export,"PARTIAL - Family 15 (Stainless Steel) OxyFuel/Plasma Cut/Plasma Punch complete; Family 2 (Steel) Fiber Laser Cut in progress, stopped at Oxygen/1500W/5.00mm confirmed (6.00mm row flagged low-confidence, pierce time cut off).",2079,1,Fiber Laser Cut,Oxygen,500,5.0,1000,750,0.53,Steel
sheetMetalNestingCutRate,lookupTables/Component/sheetMetalNestingCutRate.csv,USA reference export,"PARTIAL - Family 15 (Stainless Steel) OxyFuel/Plasma Cut/Plasma Punch complete; Family 2 (Steel) Fiber Laser Cut in progress, stopped at Oxygen/1500W/5.00mm confirmed (6.00mm row flagged low-confidence, pierce time cut off).",2079,1,Fiber Laser Cut,Oxygen,500,6.4,750,562.5,0.71,Steel
sheetMetalNestingCutRate,lookupTables/Component/sheetMetalNestingCutRate.csv,USA reference export,"PARTIAL - Family 15 (Stainless Steel) OxyFuel/Plasma Cut/Plasma Punch complete; Family 2 (Steel) Fiber Laser Cut in progress, stopped at Oxygen/1500W/5.00mm confirmed (6.00mm row flagged low-confidence, pierce time cut off).",2079,1,Fiber Laser Cut,Oxygen,750,0.5,15000,11250,0.09,Steel
sheetMetalNestingCutRate,lookupTables/Component/sheetMetalNestingCutRate.csv,USA reference export,"PARTIAL - Family 15 (Stainless Steel) OxyFuel/Plasma Cut/Plasma Punch complete; Family 2 (Steel) Fiber Laser Cut in progress, stopped at Oxygen/1500W/5.00mm confirmed (6.00mm row flagged low-confidence, pierce time cut off).",2079,1,Fiber Laser Cut,Oxygen,750,1.0,11000,8250,0.1,Steel
sheetMetalNestingCutRate,lookupTables/Component/sheetMetalNestingCutRate.csv,USA reference export,"PARTIAL - Family 15 (Stainless Steel) OxyFuel/Plasma Cut/Plasma Punch complete; Family 2 (Steel) Fiber Laser Cut in progress, stopped at Oxygen/1500W/5.00mm confirmed (6.00mm row flagged low-confidence, pierce time cut off).",2079,1,Fiber Laser Cut,Oxygen,750,1.5,6000,4500,0.12,Steel
sheetMetalNestingCutRate,lookupTables/Component/sheetMetalNestingCutRate.csv,USA reference export,"PARTIAL - Family 15 (Stainless Steel) OxyFuel/Plasma Cut/Plasma Punch complete; Family 2 (Steel) Fiber Laser Cut in progress, stopped at Oxygen/1500W/5.00mm confirmed (6.00mm row flagged low-confidence, pierce time cut off).",2079,1,Fiber Laser Cut,Oxygen,750,2.0,4800,3600,0.14,Steel
sheetMetalNestingCutRate,lookupTables/Component/sheetMetalNestingCutRate.csv,USA reference export,"PARTIAL - Family 15 (Stainless Steel) OxyFuel/Plasma Cut/Plasma Punch complete; Family 2 (Steel) Fiber Laser Cut in progress, stopped at Oxygen/1500W/5.00mm confirmed (6.00mm row flagged low-confidence, pierce time cut off).",2079,1,Fiber Laser Cut,Oxygen,750,3.0,2600,1950,0.19,Steel
sheetMetalNestingCutRate,lookupTables/Component/sheetMetalNestingCutRate.csv,USA reference export,"PARTIAL - Family 15 (Stainless Steel) OxyFuel/Plasma Cut/Plasma Punch complete; Family 2 (Steel) Fiber Laser Cut in progress, stopped at Oxygen/1500W/5.00mm confirmed (6.00mm row flagged low-confidence, pierce time cut off).",2079,1,Fiber Laser Cut,Oxygen,750,4.0,2000,1500,0.26,Steel
sheetMetalNestingCutRate,lookupTables/Component/sheetMetalNestingCutRate.csv,USA reference export,"PARTIAL - Family 15 (Stainless Steel) OxyFuel/Plasma Cut/Plasma Punch complete; Family 2 (Steel) Fiber Laser Cut in progress, stopped at Oxygen/1500W/5.00mm confirmed (6.00mm row flagged low-confidence, pierce time cut off).",2079,1,Fiber Laser Cut,Oxygen,750,5.0,1500,1125,0.35,Steel
sheetMetalNestingCutRate,lookupTables/Component/sheetMetalNestingCutRate.csv,USA reference export,"PARTIAL - Family 15 (Stainless Steel) OxyFuel/Plasma Cut/Plasma Punch complete; Family 2 (Steel) Fiber Laser Cut in progress, stopped at Oxygen/1500W/5.00mm confirmed (6.00mm row flagged low-confidence, pierce time cut off).",2079,1,Fiber Laser Cut,Oxygen,750,6.4,1050,787.5,0.48,Steel
sheetMetalNestingCutRate,lookupTables/Component/sheetMetalNestingCutRate.csv,USA reference export,"PARTIAL - Family 15 (Stainless Steel) OxyFuel/Plasma Cut/Plasma Punch complete; Family 2 (Steel) Fiber Laser Cut in progress, stopped at Oxygen/1500W/5.00mm confirmed (6.00mm row flagged low-confidence, pierce time cut off).",2079,1,Fiber Laser Cut,Oxygen,1000,1.5,6250,4687.5,0.1,Steel
sheetMetalNestingCutRate,lookupTables/Component/sheetMetalNestingCutRate.csv,USA reference export,"PARTIAL - Family 15 (Stainless Steel) OxyFuel/Plasma Cut/Plasma Punch complete; Family 2 (Steel) Fiber Laser Cut in progress, stopped at Oxygen/1500W/5.00mm confirmed (6.00mm row flagged low-confidence, pierce time cut off).",2079,1,Fiber Laser Cut,Oxygen,1000,2.0,5015,3761.3,0.12,Steel
sheetMetalNestingCutRate,lookupTables/Component/sheetMetalNestingCutRate.csv,USA reference export,"PARTIAL - Family 15 (Stainless Steel) OxyFuel/Plasma Cut/Plasma Punch complete; Family 2 (Steel) Fiber Laser Cut in progress, stopped at Oxygen/1500W/5.00mm confirmed (6.00mm row flagged low-confidence, pierce time cut off).",2079,1,Fiber Laser Cut,Oxygen,1000,3.0,2950,2212.5,0.16,Steel
sheetMetalNestingCutRate,lookupTables/Component/sheetMetalNestingCutRate.csv,USA reference export,"PARTIAL - Family 15 (Stainless Steel) OxyFuel/Plasma Cut/Plasma Punch complete; Family 2 (Steel) Fiber Laser Cut in progress, stopped at Oxygen/1500W/5.00mm confirmed (6.00mm row flagged low-confidence, pierce time cut off).",2079,1,Fiber Laser Cut,Oxygen,1000,4.0,2150,1612.5,0.22,Steel
sheetMetalNestingCutRate,lookupTables/Component/sheetMetalNestingCutRate.csv,USA reference export,"PARTIAL - Family 15 (Stainless Steel) OxyFuel/Plasma Cut/Plasma Punch complete; Family 2 (Steel) Fiber Laser Cut in progress, stopped at Oxygen/1500W/5.00mm confirmed (6.00mm row flagged low-confidence, pierce time cut off).",2079,1,Fiber Laser Cut,Oxygen,1000,5.0,1688,1266.0,0.3,Steel
sheetMetalNestingCutRate,lookupTables/Component/sheetMetalNestingCutRate.csv,USA reference export,"PARTIAL - Family 15 (Stainless Steel) OxyFuel/Plasma Cut/Plasma Punch complete; Family 2 (Steel) Fiber Laser Cut in progress, stopped at Oxygen/1500W/5.00mm confirmed (6.00mm row flagged low-confidence, pierce time cut off).",2079,1,Fiber Laser Cut,Oxygen,1000,6.0,1400,1050,0.41,Steel
sheetMetalNestingCutRate,lookupTables/Component/sheetMetalNestingCutRate.csv,USA reference export,"PARTIAL - Family 15 (Stainless Steel) OxyFuel/Plasma Cut/Plasma Punch complete; Family 2 (Steel) Fiber Laser Cut in progress, stopped at Oxygen/1500W/5.00mm confirmed (6.00mm row flagged low-confidence, pierce time cut off).",2079,1,Fiber Laser Cut,Oxygen,1000,8.0,885,663.8,0.77,Steel
sheetMetalNestingCutRate,lookupTables/Component/sheetMetalNestingCutRate.csv,USA reference export,"PARTIAL - Family 15 (Stainless Steel) OxyFuel/Plasma Cut/Plasma Punch complete; Family 2 (Steel) Fiber Laser Cut in progress, stopped at Oxygen/1500W/5.00mm confirmed (6.00mm row flagged low-confidence, pierce time cut off).",2079,1,Fiber Laser Cut,Oxygen,1000,10.0,690,517.5,1.45,Steel
sheetMetalNestingCutRate,lookupTables/Component/sheetMetalNestingCutRate.csv,USA reference export,"PARTIAL - Family 15 (Stainless Steel) OxyFuel/Plasma Cut/Plasma Punch complete; Family 2 (Steel) Fiber Laser Cut in progress, stopped at Oxygen/1500W/5.00mm confirmed (6.00mm row flagged low-confidence, pierce time cut off).",2079,1,Fiber Laser Cut,Oxygen,1000,12.7,525,393.8,2.73,Steel
sheetMetalNestingCutRate,lookupTables/Component/sheetMetalNestingCutRate.csv,USA reference export,"PARTIAL - Family 15 (Stainless Steel) OxyFuel/Plasma Cut/Plasma Punch complete; Family 2 (Steel) Fiber Laser Cut in progress, stopped at Oxygen/1500W/5.00mm confirmed (6.00mm row flagged low-confidence, pierce time cut off).",2079,1,Fiber Laser Cut,Oxygen,1500,2.0,5350,4012.5,0.1,Steel
sheetMetalNestingCutRate,lookupTables/Component/sheetMetalNestingCutRate.csv,USA reference export,"PARTIAL - Family 15 (Stainless Steel) OxyFuel/Plasma Cut/Plasma Punch complete; Family 2 (Steel) Fiber Laser Cut in progress, stopped at Oxygen/1500W/5.00mm confirmed (6.00mm row flagged low-confidence, pierce time cut off).",2079,1,Fiber Laser Cut,Oxygen,1500,3.0,3650,2737.5,0.14,Steel
sheetMetalNestingCutRate,lookupTables/Component/sheetMetalNestingCutRate.csv,USA reference export,"PARTIAL - Family 15 (Stainless Steel) OxyFuel/Plasma Cut/Plasma Punch complete; Family 2 (Steel) Fiber Laser Cut in progress, stopped at Oxygen/1500W/5.00mm confirmed (6.00mm row flagged low-confidence, pierce time cut off).",2079,1,Fiber Laser Cut,Oxygen,1500,4.0,2625,1968.8,0.19,Steel
sheetMetalNestingCutRate,lookupTables/Component/sheetMetalNestingCutRate.csv,USA reference export,"PARTIAL - Family 15 (Stainless Steel) OxyFuel/Plasma Cut/Plasma Punch complete; Family 2 (Steel) Fiber Laser Cut in progress, stopped at Oxygen/1500W/5.00mm confirmed (6.00mm row flagged low-confidence, pierce time cut off).",2079,1,Fiber Laser Cut,Oxygen,1500,5.0,2125,1593.8,0.26,Steel
sheetMetalNestingCutRate,lookupTables/Component/sheetMetalNestingCutRate.csv,USA reference export,"PARTIAL - Family 15 (Stainless Steel) OxyFuel/Plasma Cut/Plasma Punch complete; Family 2 (Steel) Fiber Laser Cut in progress, stopped at Oxygen/1500W/5.00mm confirmed (6.00mm row flagged low-confidence, pierce time cut off).",2079,1,Fiber Laser Cut,Oxygen,1500,6.0,1950,1462.5,0.36,Steel
sheetMetalNestingCutRate,lookupTables/Component/sheetMetalNestingCutRate.csv,USA reference export,"PARTIAL - Family 15 (Stainless Steel) OxyFuel/Plasma Cut/Plasma Punch complete; Family 2 (Steel) Fiber Laser Cut in progress, stopped at Oxygen/1500W/5.00mm confirmed (6.00mm row flagged low-confidence, pierce time cut off).",2079,1,Fiber Laser Cut,Oxygen,1500,8.0,1200,900,0.67,Steel
sheetMetalNestingCutRate,lookupTables/Component/sheetMetalNestingCutRate.csv,USA reference export,"PARTIAL - Family 15 (Stainless Steel) OxyFuel/Plasma Cut/Plasma Punch complete; Family 2 (Steel) Fiber Laser Cut in progress, stopped at Oxygen/1500W/5.00mm confirmed (6.00mm row flagged low-confidence, pierce time cut off).",2079,1,Fiber Laser Cut,Oxygen,1500,10.0,975,731.3,1.25,Steel
sheetMetalNestingCutRate,lookupTables/Component/sheetMetalNestingCutRate.csv,USA reference export,"PARTIAL - Family 15 (Stainless Steel) OxyFuel/Plasma Cut/Plasma Punch complete; Family 2 (Steel) Fiber Laser Cut in progress, stopped at Oxygen/1500W/5.00mm confirmed (6.00mm row flagged low-confidence, pierce time cut off).",2079,1,Fiber Laser Cut,Oxygen,1500,12.0,775,581.3,2.33,Steel
sheetMetalNestingCutRate,lookupTables/Component/sheetMetalNestingCutRate.csv,USA reference export,"PARTIAL - Family 15 (Stainless Steel) OxyFuel/Plasma Cut/Plasma Punch complete; Family 2 (Steel) Fiber Laser Cut in progress, stopped at Oxygen/1500W/5.00mm confirmed (6.00mm row flagged low-confidence, pierce time cut off).",2079,1,Fiber Laser Cut,Oxygen,1500,14.0,600,450,4.34,Steel
sheetMetalNestingCutRate,lookupTables/Component/sheetMetalNestingCutRate.csv,USA reference export,"PARTIAL - Family 15 (Stainless Steel) OxyFuel/Plasma Cut/Plasma Punch complete; Family 2 (Steel) Fiber Laser Cut in progress, stopped at Oxygen/1500W/5.00mm confirmed (6.00mm row flagged low-confidence, pierce time cut off).",2079,1,Fiber Laser Cut,Oxygen,1500,16.0,600,450,8.08,Steel
sheetMetalNestingCutRate,lookupTables/Component/sheetMetalNestingCutRate.csv,USA reference export,"PARTIAL - Family 15 (Stainless Steel) OxyFuel/Plasma Cut/Plasma Punch complete; Family 2 (Steel) Fiber Laser Cut in progress, stopped at Oxygen/1500W/5.00mm confirmed (6.00mm row flagged low-confidence, pierce time cut off).",2079,1,Fiber Laser Cut,Oxygen,2000,2.0,5825,4368.8,0.11,Steel
sheetMetalNestingCutRate,lookupTables/Component/sheetMetalNestingCutRate.csv,USA reference export,"PARTIAL - Family 15 (Stainless Steel) OxyFuel/Plasma Cut/Plasma Punch complete; Family 2 (Steel) Fiber Laser Cut in progress, stopped at Oxygen/1500W/5.00mm confirmed (6.00mm row flagged low-confidence, pierce time cut off).",2079,1,Fiber Laser Cut,Oxygen,2000,3.0,3950,2962.5,0.15,Steel
sheetMetalNestingCutRate,lookupTables/Component/sheetMetalNestingCutRate.csv,USA reference export,"PARTIAL - Family 15 (Stainless Steel) OxyFuel/Plasma Cut/Plasma Punch complete; Family 2 (Steel) Fiber Laser Cut in progress, stopped at Oxygen/1500W/5.00mm confirmed (6.00mm row flagged low-confidence, pierce time cut off).",2079,1,Fiber Laser Cut,Oxygen,2000,4.0,3016.7,2262.5,0.2,Steel
sheetMetalNestingCutRate,lookupTables/Component/sheetMetalNestingCutRate.csv,USA reference export,"PARTIAL - Family 15 (Stainless Steel) OxyFuel/Plasma Cut/Plasma Punch complete; Family 2 (Steel) Fiber Laser Cut in progress, stopped at Oxygen/1500W/5.00mm confirmed (6.00mm row flagged low-confidence, pierce time cut off).",2079,1,Fiber Laser Cut,Oxygen,2000,5.0,2400,1800,0.26,Steel
sheetMetalNestingCutRate,lookupTables/Component/sheetMetalNestingCutRate.csv,USA reference export,"PARTIAL - Family 15 (Stainless Steel) OxyFuel/Plasma Cut/Plasma Punch complete; Family 2 (Steel) Fiber Laser Cut in progress, stopped at Oxygen/1500W/5.00mm confirmed (6.00mm row flagged low-confidence, pierce time cut off).",2079,1,Fiber Laser Cut,Oxygen,2000,6.0,2133.3,1600,0.34,Steel
sheetMetalNestingCutRate,lookupTables/Component/sheetMetalNestingCutRate.csv,USA reference export,"PARTIAL - Family 15 (Stainless Steel) OxyFuel/Plasma Cut/Plasma Punch complete; Family 2 (Steel) Fiber Laser Cut in progress, stopped at Oxygen/1500W/5.00mm confirmed (6.00mm row flagged low-confidence, pierce time cut off).",2079,1,Fiber Laser Cut,Oxygen,2000,8.0,1433.3,1075,0.61,Steel
sheetMetalNestingCutRate,lookupTables/Component/sheetMetalNestingCutRate.csv,USA reference export,"PARTIAL - Family 15 (Stainless Steel) OxyFuel/Plasma Cut/Plasma Punch complete; Family 2 (Steel) Fiber Laser Cut in progress, stopped at Oxygen/1500W/5.00mm confirmed (6.00mm row flagged low-confidence, pierce time cut off).",2079,1,Fiber Laser Cut,Oxygen,2000,10.0,1133.3,850,1.07,Steel
sheetMetalNestingCutRate,lookupTables/Component/sheetMetalNestingCutRate.csv,USA reference export,"PARTIAL - Family 15 (Stainless Steel) OxyFuel/Plasma Cut/Plasma Punch complete; Family 2 (Steel) Fiber Laser Cut in progress, stopped at Oxygen/1500W/5.00mm confirmed (6.00mm row flagged low-confidence, pierce time cut off).",2079,1,Fiber Laser Cut,Oxygen,2000,12.0,883.3,662.5,1.89,Steel
sheetMetalNestingCutRate,lookupTables/Component/sheetMetalNestingCutRate.csv,USA reference export,"PARTIAL - Family 15 (Stainless Steel) OxyFuel/Plasma Cut/Plasma Punch complete; Family 2 (Steel) Fiber Laser Cut in progress, stopped at Oxygen/1500W/5.00mm confirmed (6.00mm row flagged low-confidence, pierce time cut off).",2079,1,Fiber Laser Cut,Oxygen,2000,14.0,750,562.5,3.33,Steel
sheetMetalNestingCutRate,lookupTables/Component/sheetMetalNestingCutRate.csv,USA reference export,"PARTIAL - Family 15 (Stainless Steel) OxyFuel/Plasma Cut/Plasma Punch complete; Family 2 (Steel) Fiber Laser Cut in progress, stopped at Oxygen/1500W/5.00mm confirmed (6.00mm row flagged low-confidence, pierce time cut off).",2079,1,Fiber Laser Cut,Oxygen,2000,16.0,650,487.5,5.86,Steel
sheetMetalNestingCutRate,lookupTables/Component/sheetMetalNestingCutRate.csv,USA reference export,"PARTIAL - Family 15 (Stainless Steel) OxyFuel/Plasma Cut/Plasma Punch complete; Family 2 (Steel) Fiber Laser Cut in progress, stopped at Oxygen/1500W/5.00mm confirmed (6.00mm row flagged low-confidence, pierce time cut off).",2079,1,Fiber Laser Cut,Oxygen,2000,18.0,500,375,10.32,Steel
sheetMetalNestingCutRate,lookupTables/Component/sheetMetalNestingCutRate.csv,USA reference export,"PARTIAL - Family 15 (Stainless Steel) OxyFuel/Plasma Cut/Plasma Punch complete; Family 2 (Steel) Fiber Laser Cut in progress, stopped at Oxygen/1500W/5.00mm confirmed (6.00mm row flagged low-confidence, pierce time cut off).",2079,1,Fiber Laser Cut,Oxygen,3000,2.0,5950,4462.5,0.08,Steel
sheetMetalNestingCutRate,lookupTables/Component/sheetMetalNestingCutRate.csv,USA reference export,"PARTIAL - Family 15 (Stainless Steel) OxyFuel/Plasma Cut/Plasma Punch complete; Family 2 (Steel) Fiber Laser Cut in progress, stopped at Oxygen/1500W/5.00mm confirmed (6.00mm row flagged low-confidence, pierce time cut off).",2079,1,Fiber Laser Cut,Oxygen,3000,3.0,3970,2977.5,0.11,Steel
sheetMetalNestingCutRate,lookupTables/Component/sheetMetalNestingCutRate.csv,USA reference export,"PARTIAL - Family 15 (Stainless Steel) OxyFuel/Plasma Cut/Plasma Punch complete; Family 2 (Steel) Fiber Laser Cut in progress, stopped at Oxygen/1500W/5.00mm confirmed (6.00mm row flagged low-confidence, pierce time cut off).",2079,1,Fiber Laser Cut,Oxygen,3000,4.0,3300,2475,0.15,Steel
sheetMetalNestingCutRate,lookupTables/Component/sheetMetalNestingCutRate.csv,USA reference export,"PARTIAL - Family 15 (Stainless Steel) OxyFuel/Plasma Cut/Plasma Punch complete; Family 2 (Steel) Fiber Laser Cut in progress, stopped at Oxygen/1500W/5.00mm confirmed (6.00mm row flagged low-confidence, pierce time cut off).",2079,1,Fiber Laser Cut,Oxygen,3000,5.0,2783.3,2087.5,0.2,Steel
sheetMetalNestingCutRate,lookupTables/Component/sheetMetalNestingCutRate.csv,USA reference export,"PARTIAL - Family 15 (Stainless Steel) OxyFuel/Plasma Cut/Plasma Punch complete; Family 2 (Steel) Fiber Laser Cut in progress, stopped at Oxygen/1500W/5.00mm confirmed (6.00mm row flagged low-confidence, pierce time cut off).",2079,1,Fiber Laser Cut,Oxygen,3000,6.0,2550,1912.5,0.26,Steel
sheetMetalNestingCutRate,lookupTables/Component/sheetMetalNestingCutRate.csv,USA reference export,"PARTIAL - Family 15 (Stainless Steel) OxyFuel/Plasma Cut/Plasma Punch complete; Family 2 (Steel) Fiber Laser Cut in progress, stopped at Oxygen/1500W/5.00mm confirmed (6.00mm row flagged low-confidence, pierce time cut off).",2079,1,Fiber Laser Cut,Oxygen,3000,8.0,2066.7,1550,0.45,Steel
sheetMetalNestingCutRate,lookupTables/Component/sheetMetalNestingCutRate.csv,USA reference export,"PARTIAL - Family 15 (Stainless Steel) OxyFuel/Plasma Cut/Plasma Punch complete; Family 2 (Steel) Fiber Laser Cut in progress, stopped at Oxygen/1500W/5.00mm confirmed (6.00mm row flagged low-confidence, pierce time cut off).",2079,1,Fiber Laser Cut,Oxygen,3000,10.0,1466.7,1100,0.79,Steel
sheetMetalNestingCutRate,lookupTables/Component/sheetMetalNestingCutRate.csv,USA reference export,"PARTIAL - Family 15 (Stainless Steel) OxyFuel/Plasma Cut/Plasma Punch complete; Family 2 (Steel) Fiber Laser Cut in progress, stopped at Oxygen/1500W/5.00mm confirmed (6.00mm row flagged low-confidence, pierce time cut off).",2079,1,Fiber Laser Cut,Oxygen,3000,12.0,1133.3,850,1.38,Steel
sheetMetalNestingCutRate,lookupTables/Component/sheetMetalNestingCutRate.csv,USA reference export,"PARTIAL - Family 15 (Stainless Steel) OxyFuel/Plasma Cut/Plasma Punch complete; Family 2 (Steel) Fiber Laser Cut in progress, stopped at Oxygen/1500W/5.00mm confirmed (6.00mm row flagged low-confidence, pierce time cut off).",2079,1,Fiber Laser Cut,Oxygen,3000,14.0,1050,787.5,2.42,Steel
sheetMetalNestingCutRate,lookupTables/Component/sheetMetalNestingCutRate.csv,USA reference export,"PARTIAL - Family 15 (Stainless Steel) OxyFuel/Plasma Cut/Plasma Punch complete; Family 2 (Steel) Fiber Laser Cut in progress, stopped at Oxygen/1500W/5.00mm confirmed (6.00mm row flagged low-confidence, pierce time cut off).",2079,1,Fiber Laser Cut,Oxygen,4000,4.0,3716.7,2787.5,0.12,Steel
sheetMetalNestingCutRate,lookupTables/Component/sheetMetalNestingCutRate.csv,USA reference export,"PARTIAL - Family 15 (Stainless Steel) OxyFuel/Plasma Cut/Plasma Punch complete; Family 2 (Steel) Fiber Laser Cut in progress, stopped at Oxygen/1500W/5.00mm confirmed (6.00mm row flagged low-confidence, pierce time cut off).",2079,1,Fiber Laser Cut,Oxygen,4000,5.0,3050.0,2287.5,0.15,Steel
sheetMetalNestingCutRate,lookupTables/Component/sheetMetalNestingCutRate.csv,USA reference export,"PARTIAL - Family 15 (Stainless Steel) OxyFuel/Plasma Cut/Plasma Punch complete; Family 2 (Steel) Fiber Laser Cut in progress, stopped at Oxygen/1500W/5.00mm confirmed (6.00mm row flagged low-confidence, pierce time cut off).",2079,1,Fiber Laser Cut,Oxygen,4000,6.0,2816.7,2112.5,0.2,Steel
sheetMetalNestingCutRate,lookupTables/Component/sheetMetalNestingCutRate.csv,USA reference export,"PARTIAL - Family 15 (Stainless Steel) OxyFuel/Plasma Cut/Plasma Punch complete; Family 2 (Steel) Fiber Laser Cut in progress, stopped at Oxygen/1500W/5.00mm confirmed (6.00mm row flagged low-confidence, pierce time cut off).",2079,1,Fiber Laser Cut,Oxygen,4000,8.0,2333.3,1750.0,0.34,Steel
sheetMetalNestingCutRate,lookupTables/Component/sheetMetalNestingCutRate.csv,USA reference export,"PARTIAL - Family 15 (Stainless Steel) OxyFuel/Plasma Cut/Plasma Punch complete; Family 2 (Steel) Fiber Laser Cut in progress, stopped at Oxygen/1500W/5.00mm confirmed (6.00mm row flagged low-confidence, pierce time cut off).",2079,1,Fiber Laser Cut,Oxygen,4000,10.0,1650.0,1237.5,0.59,Steel
sheetMetalNestingCutRate,lookupTables/Component/sheetMetalNestingCutRate.csv,USA reference export,"PARTIAL - Family 15 (Stainless Steel) OxyFuel/Plasma Cut/Plasma Punch complete; Family 2 (Steel) Fiber Laser Cut in progress, stopped at Oxygen/1500W/5.00mm confirmed (6.00mm row flagged low-confidence, pierce time cut off).",2079,1,Fiber Laser Cut,Oxygen,4000,12.0,1333.3,1000.0,1.01,Steel
sheetMetalNestingCutRate,lookupTables/Component/sheetMetalNestingCutRate.csv,USA reference export,"PARTIAL - Family 15 (Stainless Steel) OxyFuel/Plasma Cut/Plasma Punch complete; Family 2 (Steel) Fiber Laser Cut in progress, stopped at Oxygen/1500W/5.00mm confirmed (6.00mm row flagged low-confidence, pierce time cut off).",2079,1,Fiber Laser Cut,Oxygen,4000,14.0,1150.0,862.5,1.72,Steel
sheetMetalNestingCutRate,lookupTables/Component/sheetMetalNestingCutRate.csv,USA reference export,"PARTIAL - Family 15 (Stainless Steel) OxyFuel/Plasma Cut/Plasma Punch complete; Family 2 (Steel) Fiber Laser Cut in progress, stopped at Oxygen/1500W/5.00mm confirmed (6.00mm row flagged low-confidence, pierce time cut off).",2079,1,Fiber Laser Cut,Oxygen,4000,16.0,900.0,675.0,2.94,Steel
sheetMetalNestingCutRate,lookupTables/Component/sheetMetalNestingCutRate.csv,USA reference export,"PARTIAL - Family 15 (Stainless Steel) OxyFuel/Plasma Cut/Plasma Punch complete; Family 2 (Steel) Fiber Laser Cut in progress, stopped at Oxygen/1500W/5.00mm confirmed (6.00mm row flagged low-confidence, pierce time cut off).",2079,1,Fiber Laser Cut,Oxygen,4000,18.0,775.0,581.3,5.03,Steel
sheetMetalNestingCutRate,lookupTables/Component/sheetMetalNestingCutRate.csv,USA reference export,"PARTIAL - Family 15 (Stainless Steel) OxyFuel/Plasma Cut/Plasma Punch complete; Family 2 (Steel) Fiber Laser Cut in progress, stopped at Oxygen/1500W/5.00mm confirmed (6.00mm row flagged low-confidence, pierce time cut off).",2079,1,Fiber Laser Cut,Oxygen,4000,20.0,733.3,550.0,8.59,Steel
sheetMetalNestingCutRate,lookupTables/Component/sheetMetalNestingCutRate.csv,USA reference export,"PARTIAL - Family 15 (Stainless Steel) OxyFuel/Plasma Cut/Plasma Punch complete; Family 2 (Steel) Fiber Laser Cut in progress, stopped at Oxygen/1500W/5.00mm confirmed (6.00mm row flagged low-confidence, pierce time cut off).",2079,1,Fiber Laser Cut,Oxygen,4000,22.0,625.0,468.8,14.69,Steel
sheetMetalNestingCutRate,lookupTables/Component/sheetMetalNestingCutRate.csv,USA reference export,"PARTIAL - Family 15 (Stainless Steel) OxyFuel/Plasma Cut/Plasma Punch complete; Family 2 (Steel) Fiber Laser Cut in progress, stopped at Oxygen/1500W/5.00mm confirmed (6.00mm row flagged low-confidence, pierce time cut off).",2079,1,Fiber Laser Cut,Oxygen,4000,25.4,400.0,300.0,32.82,Steel
sheetMetalNestingCutRate,lookupTables/Component/sheetMetalNestingCutRate.csv,USA reference export,"PARTIAL - Family 15 (Stainless Steel) OxyFuel/Plasma Cut/Plasma Punch complete; Family 2 (Steel) Fiber Laser Cut in progress, stopped at Oxygen/1500W/5.00mm confirmed (6.00mm row flagged low-confidence, pierce time cut off).",2079,1,Fiber Laser Cut,Oxygen,6000,2.0,6500.0,4875.0,0.07,Steel
sheetMetalNestingCutRate,lookupTables/Component/sheetMetalNestingCutRate.csv,USA reference export,"PARTIAL - Family 15 (Stainless Steel) OxyFuel/Plasma Cut/Plasma Punch complete; Family 2 (Steel) Fiber Laser Cut in progress, stopped at Oxygen/1500W/5.00mm confirmed (6.00mm row flagged low-confidence, pierce time cut off).",2079,1,Fiber Laser Cut,Oxygen,6000,3.0,4850.0,3637.5,0.08,Steel
sheetMetalNestingCutRate,lookupTables/Component/sheetMetalNestingCutRate.csv,USA reference export,"PARTIAL - Family 15 (Stainless Steel) OxyFuel/Plasma Cut/Plasma Punch complete; Family 2 (Steel) Fiber Laser Cut in progress, stopped at Oxygen/1500W/5.00mm confirmed (6.00mm row flagged low-confidence, pierce time cut off).",2079,1,Fiber Laser Cut,Oxygen,6000,4.0,4050.0,3037.5,0.1,Steel
sheetMetalNestingCutRate,lookupTables/Component/sheetMetalNestingCutRate.csv,USA reference export,"PARTIAL - Family 15 (Stainless Steel) OxyFuel/Plasma Cut/Plasma Punch complete; Family 2 (Steel) Fiber Laser Cut in progress, stopped at Oxygen/1500W/5.00mm confirmed (6.00mm row flagged low-confidence, pierce time cut off).",2079,1,Fiber Laser Cut,Oxygen,6000,5.0,3516.7,2637.5,0.12,Steel
sheetMetalNestingCutRate,lookupTables/Component/sheetMetalNestingCutRate.csv,USA reference export,"PARTIAL - Family 15 (Stainless Steel) OxyFuel/Plasma Cut/Plasma Punch complete; Family 2 (Steel) Fiber Laser Cut in progress, stopped at Oxygen/1500W/5.00mm confirmed (6.00mm row flagged low-confidence, pierce time cut off).",2079,1,Fiber Laser Cut,Oxygen,6000,6.0,3133.3,2350.0,0.15,Steel
sheetMetalNestingCutRate,lookupTables/Component/sheetMetalNestingCutRate.csv,USA reference export,"PARTIAL - Family 15 (Stainless Steel) OxyFuel/Plasma Cut/Plasma Punch complete; Family 2 (Steel) Fiber Laser Cut in progress, stopped at Oxygen/1500W/5.00mm confirmed (6.00mm row flagged low-confidence, pierce time cut off).",2079,1,Fiber Laser Cut,Oxygen,6000,8.0,2466.7,1850.0,0.22,Steel
sheetMetalNestingCutRate,lookupTables/Component/sheetMetalNestingCutRate.csv,USA reference export,"PARTIAL - Family 15 (Stainless Steel) OxyFuel/Plasma Cut/Plasma Punch complete; Family 2 (Steel) Fiber Laser Cut in progress, stopped at Oxygen/1500W/5.00mm confirmed (6.00mm row flagged low-confidence, pierce time cut off).",2079,1,Fiber Laser Cut,Oxygen,6000,10.0,2150.0,1612.5,0.32,Steel
sheetMetalNestingCutRate,lookupTables/Component/sheetMetalNestingCutRate.csv,USA reference export,"PARTIAL - Family 15 (Stainless Steel) OxyFuel/Plasma Cut/Plasma Punch complete; Family 2 (Steel) Fiber Laser Cut in progress, stopped at Oxygen/1500W/5.00mm confirmed (6.00mm row flagged low-confidence, pierce time cut off).",2079,1,Fiber Laser Cut,Oxygen,6000,12.0,1783.3,1337.5,0.48,Steel
sheetMetalNestingCutRate,lookupTables/Component/sheetMetalNestingCutRate.csv,USA reference export,"PARTIAL - Family 15 (Stainless Steel) OxyFuel/Plasma Cut/Plasma Punch complete; Family 2 (Steel) Fiber Laser Cut in progress, stopped at Oxygen/1500W/5.00mm confirmed (6.00mm row flagged low-confidence, pierce time cut off).",2079,1,Fiber Laser Cut,Oxygen,6000,14.0,1500.0,1125.0,0.72,Steel
sheetMetalNestingCutRate,lookupTables/Component/sheetMetalNestingCutRate.csv,USA reference export,"PARTIAL - Family 15 (Stainless Steel) OxyFuel/Plasma Cut/Plasma Punch complete; Family 2 (Steel) Fiber Laser Cut in progress, stopped at Oxygen/1500W/5.00mm confirmed (6.00mm row flagged low-confidence, pierce time cut off).",2079,1,Fiber Laser Cut,Oxygen,6000,16.0,1050.0,787.5,1.06,Steel
sheetMetalNestingCutRate,lookupTables/Component/sheetMetalNestingCutRate.csv,USA reference export,"PARTIAL - Family 15 (Stainless Steel) OxyFuel/Plasma Cut/Plasma Punch complete; Family 2 (Steel) Fiber Laser Cut in progress, stopped at Oxygen/1500W/5.00mm confirmed (6.00mm row flagged low-confidence, pierce time cut off).",2079,1,Fiber Laser Cut,Oxygen,6000,18.0,800.0,600.0,1.58,Steel
sheetMetalNestingCutRate,lookupTables/Component/sheetMetalNestingCutRate.csv,USA reference export,"PARTIAL - Family 15 (Stainless Steel) OxyFuel/Plasma Cut/Plasma Punch complete; Family 2 (Steel) Fiber Laser Cut in progress, stopped at Oxygen/1500W/5.00mm confirmed (6.00mm row flagged low-confidence, pierce time cut off).",2079,1,Fiber Laser Cut,Oxygen,6000,20.0,775.0,581.3,2.35,Steel
sheetMetalNestingCutRate,lookupTables/Component/sheetMetalNestingCutRate.csv,USA reference export,"PARTIAL - Family 15 (Stainless Steel) OxyFuel/Plasma Cut/Plasma Punch complete; Family 2 (Steel) Fiber Laser Cut in progress, stopped at Oxygen/1500W/5.00mm confirmed (6.00mm row flagged low-confidence, pierce time cut off).",2079,1,Fiber Laser Cut,Oxygen,6000,22.0,625.0,468.8,3.49,Steel
sheetMetalNestingCutRate,lookupTables/Component/sheetMetalNestingCutRate.csv,USA reference export,"PARTIAL - Family 15 (Stainless Steel) OxyFuel/Plasma Cut/Plasma Punch complete; Family 2 (Steel) Fiber Laser Cut in progress, stopped at Oxygen/1500W/5.00mm confirmed (6.00mm row flagged low-confidence, pierce time cut off).",2079,1,Fiber Laser Cut,Oxygen,6000,25.4,500.0,375.0,6.33,Steel
sheetMetalNestingCutRate,lookupTables/Component/sheetMetalNestingCutRate.csv,USA reference export,"PARTIAL - Family 15 (Stainless Steel) OxyFuel/Plasma Cut/Plasma Punch complete; Family 2 (Steel) Fiber Laser Cut in progress, stopped at Oxygen/1500W/5.00mm confirmed (6.00mm row flagged low-confidence, pierce time cut off).",2079,1,Fiber Laser Cut,Oxygen,8000,2.0,7450.0,5587.5,0.04,Steel
sheetMetalNestingCutRate,lookupTables/Component/sheetMetalNestingCutRate.csv,USA reference export,"PARTIAL - Family 15 (Stainless Steel) OxyFuel/Plasma Cut/Plasma Punch complete; Family 2 (Steel) Fiber Laser Cut in progress, stopped at Oxygen/1500W/5.00mm confirmed (6.00mm row flagged low-confidence, pierce time cut off).",2079,1,Fiber Laser Cut,Oxygen,8000,3.0,5100.0,3825.0,0.05,Steel
sheetMetalNestingCutRate,lookupTables/Component/sheetMetalNestingCutRate.csv,USA reference export,"PARTIAL - Family 15 (Stainless Steel) OxyFuel/Plasma Cut/Plasma Punch complete; Family 2 (Steel) Fiber Laser Cut in progress, stopped at Oxygen/1500W/5.00mm confirmed (6.00mm row flagged low-confidence, pierce time cut off).",2079,1,Fiber Laser Cut,Oxygen,8000,4.0,4150.0,3112.5,0.06,Steel
sheetMetalNestingCutRate,lookupTables/Component/sheetMetalNestingCutRate.csv,USA reference export,"PARTIAL - Family 15 (Stainless Steel) OxyFuel/Plasma Cut/Plasma Punch complete; Family 2 (Steel) Fiber Laser Cut in progress, stopped at Oxygen/1500W/5.00mm confirmed (6.00mm row flagged low-confidence, pierce time cut off).",2079,1,Fiber Laser Cut,Oxygen,8000,5.0,3600.0,2700.0,0.07,Steel
sheetMetalNestingCutRate,lookupTables/Component/sheetMetalNestingCutRate.csv,USA reference export,"PARTIAL - Family 15 (Stainless Steel) OxyFuel/Plasma Cut/Plasma Punch complete; Family 2 (Steel) Fiber Laser Cut in progress, stopped at Oxygen/1500W/5.00mm confirmed (6.00mm row flagged low-confidence, pierce time cut off).",2079,1,Fiber Laser Cut,Oxygen,8000,6.0,3300.0,2475.0,0.09,Steel
sheetMetalNestingCutRate,lookupTables/Component/sheetMetalNestingCutRate.csv,USA reference export,"PARTIAL - Family 15 (Stainless Steel) OxyFuel/Plasma Cut/Plasma Punch complete; Family 2 (Steel) Fiber Laser Cut in progress, stopped at Oxygen/1500W/5.00mm confirmed (6.00mm row flagged low-confidence, pierce time cut off).",2079,1,Fiber Laser Cut,Oxygen,8000,8.0,2650.0,1987.5,0.13,Steel
sheetMetalNestingCutRate,lookupTables/Component/sheetMetalNestingCutRate.csv,USA reference export,"PARTIAL - Family 15 (Stainless Steel) OxyFuel/Plasma Cut/Plasma Punch complete; Family 2 (Steel) Fiber Laser Cut in progress, stopped at Oxygen/1500W/5.00mm confirmed (6.00mm row flagged low-confidence, pierce time cut off).",2079,1,Fiber Laser Cut,Oxygen,8000,10.0,2225.0,1668.8,0.18,Steel
sheetMetalNestingCutRate,lookupTables/Component/sheetMetalNestingCutRate.csv,USA reference export,"PARTIAL - Family 15 (Stainless Steel) OxyFuel/Plasma Cut/Plasma Punch complete; Family 2 (Steel) Fiber Laser Cut in progress, stopped at Oxygen/1500W/5.00mm confirmed (6.00mm row flagged low-confidence, pierce time cut off).",2079,1,Fiber Laser Cut,Oxygen,8000,12.0,1750.0,1312.5,0.26,Steel
sheetMetalNestingCutRate,lookupTables/Component/sheetMetalNestingCutRate.csv,USA reference export,"PARTIAL - Family 15 (Stainless Steel) OxyFuel/Plasma Cut/Plasma Punch complete; Family 2 (Steel) Fiber Laser Cut in progress, stopped at Oxygen/1500W/5.00mm confirmed (6.00mm row flagged low-confidence, pierce time cut off).",2079,1,Fiber Laser Cut,Oxygen,8000,14.0,1650.0,1237.5,0.38,Steel
sheetMetalNestingCutRate,lookupTables/Component/sheetMetalNestingCutRate.csv,USA reference export,"PARTIAL - Family 15 (Stainless Steel) OxyFuel/Plasma Cut/Plasma Punch complete; Family 2 (Steel) Fiber Laser Cut in progress, stopped at Oxygen/1500W/5.00mm confirmed (6.00mm row flagged low-confidence, pierce time cut off).",2079,1,Fiber Laser Cut,Oxygen,8000,16.0,1250.0,937.5,0.54,Steel
sheetMetalNestingCutRate,lookupTables/Component/sheetMetalNestingCutRate.csv,USA reference export,"PARTIAL - Family 15 (Stainless Steel) OxyFuel/Plasma Cut/Plasma Punch complete; Family 2 (Steel) Fiber Laser Cut in progress, stopped at Oxygen/1500W/5.00mm confirmed (6.00mm row flagged low-confidence, pierce time cut off).",2079,1,Fiber Laser Cut,Oxygen,8000,18.0,875.0,656.3,0.78,Steel
sheetMetalNestingCutRate,lookupTables/Component/sheetMetalNestingCutRate.csv,USA reference export,"PARTIAL - Family 15 (Stainless Steel) OxyFuel/Plasma Cut/Plasma Punch complete; Family 2 (Steel) Fiber Laser Cut in progress, stopped at Oxygen/1500W/5.00mm confirmed (6.00mm row flagged low-confidence, pierce time cut off).",2079,1,Fiber Laser Cut,Oxygen,8000,20.0,775.0,581.3,1.12,Steel
sheetMetalNestingCutRate,lookupTables/Component/sheetMetalNestingCutRate.csv,USA reference export,"PARTIAL - Family 15 (Stainless Steel) OxyFuel/Plasma Cut/Plasma Punch complete; Family 2 (Steel) Fiber Laser Cut in progress, stopped at Oxygen/1500W/5.00mm confirmed (6.00mm row flagged low-confidence, pierce time cut off).",2079,1,Fiber Laser Cut,Oxygen,8000,22.0,775.0,581.3,1.61,Steel
sheetMetalNestingCutRate,lookupTables/Component/sheetMetalNestingCutRate.csv,USA reference export,"PARTIAL - Family 15 (Stainless Steel) OxyFuel/Plasma Cut/Plasma Punch complete; Family 2 (Steel) Fiber Laser Cut in progress, stopped at Oxygen/1500W/5.00mm confirmed (6.00mm row flagged low-confidence, pierce time cut off).",2079,1,Fiber Laser Cut,Oxygen,8000,25.4,500.0,375.0,2.77,Steel
sheetMetalNestingCutRate,lookupTables/Component/sheetMetalNestingCutRate.csv,USA reference export,"PARTIAL - Family 15 (Stainless Steel) OxyFuel/Plasma Cut/Plasma Punch complete; Family 2 (Steel) Fiber Laser Cut in progress, stopped at Oxygen/1500W/5.00mm confirmed (6.00mm row flagged low-confidence, pierce time cut off).",2079,1,Fiber Laser Cut,Oxygen,10000,2.0,8250.0,6187.5,0.03,Steel
sheetMetalNestingCutRate,lookupTables/Component/sheetMetalNestingCutRate.csv,USA reference export,"PARTIAL - Family 15 (Stainless Steel) OxyFuel/Plasma Cut/Plasma Punch complete; Family 2 (Steel) Fiber Laser Cut in progress, stopped at Oxygen/1500W/5.00mm confirmed (6.00mm row flagged low-confidence, pierce time cut off).",2079,1,Fiber Laser Cut,Oxygen,10000,3.0,5425.0,4068.8,0.04,Steel
sheetMetalNestingCutRate,lookupTables/Component/sheetMetalNestingCutRate.csv,USA reference export,"PARTIAL - Family 15 (Stainless Steel) OxyFuel/Plasma Cut/Plasma Punch complete; Family 2 (Steel) Fiber Laser Cut in progress, stopped at Oxygen/1500W/5.00mm confirmed (6.00mm row flagged low-confidence, pierce time cut off).",2079,1,Fiber Laser Cut,Oxygen,10000,4.0,4250.0,3187.5,0.04,Steel
sheetMetalNestingCutRate,lookupTables/Component/sheetMetalNestingCutRate.csv,USA reference export,"PARTIAL - Family 15 (Stainless Steel) OxyFuel/Plasma Cut/Plasma Punch complete; Family 2 (Steel) Fiber Laser Cut in progress, stopped at Oxygen/1500W/5.00mm confirmed (6.00mm row flagged low-confidence, pierce time cut off).",2079,1,Fiber Laser Cut,Oxygen,10000,5.0,3750.0,2812.5,0.05,Steel
sheetMetalNestingCutRate,lookupTables/Component/sheetMetalNestingCutRate.csv,USA reference export,"PARTIAL - Family 15 (Stainless Steel) OxyFuel/Plasma Cut/Plasma Punch complete; Family 2 (Steel) Fiber Laser Cut in progress, stopped at Oxygen/1500W/5.00mm confirmed (6.00mm row flagged low-confidence, pierce time cut off).",2079,1,Fiber Laser Cut,Oxygen,10000,6.0,3450.0,2587.5,0.06,Steel
sheetMetalNestingCutRate,lookupTables/Component/sheetMetalNestingCutRate.csv,USA reference export,"PARTIAL - Family 15 (Stainless Steel) OxyFuel/Plasma Cut/Plasma Punch complete; Family 2 (Steel) Fiber Laser Cut in progress, stopped at Oxygen/1500W/5.00mm confirmed (6.00mm row flagged low-confidence, pierce time cut off).",2079,1,Fiber Laser Cut,Oxygen,10000,8.0,2750.0,2062.5,0.08,Steel
sheetMetalNestingCutRate,lookupTables/Component/sheetMetalNestingCutRate.csv,USA reference export,"PARTIAL - Family 15 (Stainless Steel) OxyFuel/Plasma Cut/Plasma Punch complete; Family 2 (Steel) Fiber Laser Cut in progress, stopped at Oxygen/1500W/5.00mm confirmed (6.00mm row flagged low-confidence, pierce time cut off).",2079,1,Fiber Laser Cut,Oxygen,10000,10.0,2375.0,1781.3,0.1,Steel
sheetMetalNestingCutRate,lookupTables/Component/sheetMetalNestingCutRate.csv,USA reference export,"PARTIAL - Family 15 (Stainless Steel) OxyFuel/Plasma Cut/Plasma Punch complete; Family 2 (Steel) Fiber Laser Cut in progress, stopped at Oxygen/1500W/5.00mm confirmed (6.00mm row flagged low-confidence, pierce time cut off).",2079,1,Fiber Laser Cut,Oxygen,10000,12.0,1850.0,1387.5,0.14,Steel
sheetMetalNestingCutRate,lookupTables/Component/sheetMetalNestingCutRate.csv,USA reference export,"PARTIAL - Family 15 (Stainless Steel) OxyFuel/Plasma Cut/Plasma Punch complete; Family 2 (Steel) Fiber Laser Cut in progress, stopped at Oxygen/1500W/5.00mm confirmed (6.00mm row flagged low-confidence, pierce time cut off).",2079,1,Fiber Laser Cut,Oxygen,10000,14.0,1650.0,1237.5,0.18,Steel
sheetMetalNestingCutRate,lookupTables/Component/sheetMetalNestingCutRate.csv,USA reference export,"PARTIAL - Family 15 (Stainless Steel) OxyFuel/Plasma Cut/Plasma Punch complete; Family 2 (Steel) Fiber Laser Cut in progress, stopped at Oxygen/1500W/5.00mm confirmed (6.00mm row flagged low-confidence, pierce time cut off).",2079,1,Fiber Laser Cut,Oxygen,10000,16.0,1300.0,975.0,0.23,Steel
sheetMetalNestingCutRate,lookupTables/Component/sheetMetalNestingCutRate.csv,USA reference export,"PARTIAL - Family 15 (Stainless Steel) OxyFuel/Plasma Cut/Plasma Punch complete; Family 2 (Steel) Fiber Laser Cut in progress, stopped at Oxygen/1500W/5.00mm confirmed (6.00mm row flagged low-confidence, pierce time cut off).",2079,1,Fiber Laser Cut,Oxygen,10000,18.0,925.0,693.8,0.31,Steel
sheetMetalNestingCutRate,lookupTables/Component/sheetMetalNestingCutRate.csv,USA reference export,"PARTIAL - Family 15 (Stainless Steel) OxyFuel/Plasma Cut/Plasma Punch complete; Family 2 (Steel) Fiber Laser Cut in progress, stopped at Oxygen/1500W/5.00mm confirmed (6.00mm row flagged low-confidence, pierce time cut off).",2079,1,Fiber Laser Cut,Oxygen,10000,20.0,775.0,581.3,0.41,Steel
sheetMetalNestingCutRate,lookupTables/Component/sheetMetalNestingCutRate.csv,USA reference export,"PARTIAL - Family 15 (Stainless Steel) OxyFuel/Plasma Cut/Plasma Punch complete; Family 2 (Steel) Fiber Laser Cut in progress, stopped at Oxygen/1500W/5.00mm confirmed (6.00mm row flagged low-confidence, pierce time cut off).",2079,1,Fiber Laser Cut,Oxygen,10000,22.0,775.0,581.3,0.53,Steel
sheetMetalNestingCutRate,lookupTables/Component/sheetMetalNestingCutRate.csv,USA reference export,"PARTIAL - Family 15 (Stainless Steel) OxyFuel/Plasma Cut/Plasma Punch complete; Family 2 (Steel) Fiber Laser Cut in progress, stopped at Oxygen/1500W/5.00mm confirmed (6.00mm row flagged low-confidence, pierce time cut off).",2079,1,Fiber Laser Cut,Oxygen,10000,25.4,500.0,375.0,0.8,Steel
sheetMetalNestingCutRate,lookupTables/Component/sheetMetalNestingCutRate.csv,USA reference export,"PARTIAL - Family 15 (Stainless Steel) OxyFuel/Plasma Cut/Plasma Punch complete; Family 2 (Steel) Fiber Laser Cut in progress, stopped at Oxygen/1500W/5.00mm confirmed (6.00mm row flagged low-confidence, pierce time cut off).",2079,1,Laser Cut,,2000,0.25,9779.0,7823.0,1.03,Steel
sheetMetalNestingCutRate,lookupTables/Component/sheetMetalNestingCutRate.csv,USA reference export,"PARTIAL - Family 15 (Stainless Steel) OxyFuel/Plasma Cut/Plasma Punch complete; Family 2 (Steel) Fiber Laser Cut in progress, stopped at Oxygen/1500W/5.00mm confirmed (6.00mm row flagged low-confidence, pierce time cut off).",2079,1,Laser Cut,,2000,1.02,8890.0,7112.0,1.03,Steel
sheetMetalNestingCutRate,lookupTables/Component/sheetMetalNestingCutRate.csv,USA reference export,"PARTIAL - Family 15 (Stainless Steel) OxyFuel/Plasma Cut/Plasma Punch complete; Family 2 (Steel) Fiber Laser Cut in progress, stopped at Oxygen/1500W/5.00mm confirmed (6.00mm row flagged low-confidence, pierce time cut off).",2079,1,Laser Cut,,2000,1.52,6858.0,5334.0,1.03,Steel
sheetMetalNestingCutRate,lookupTables/Component/sheetMetalNestingCutRate.csv,USA reference export,"PARTIAL - Family 15 (Stainless Steel) OxyFuel/Plasma Cut/Plasma Punch complete; Family 2 (Steel) Fiber Laser Cut in progress, stopped at Oxygen/1500W/5.00mm confirmed (6.00mm row flagged low-confidence, pierce time cut off).",2079,1,Laser Cut,,2000,2.03,5842.0,4318.0,1.03,Steel
sheetMetalNestingCutRate,lookupTables/Component/sheetMetalNestingCutRate.csv,USA reference export,"PARTIAL - Family 15 (Stainless Steel) OxyFuel/Plasma Cut/Plasma Punch complete; Family 2 (Steel) Fiber Laser Cut in progress, stopped at Oxygen/1500W/5.00mm confirmed (6.00mm row flagged low-confidence, pierce time cut off).",2079,1,Laser Cut,,2000,2.54,4826.0,4021.67,1.03,Steel
sheetMetalNestingCutRate,lookupTables/Component/sheetMetalNestingCutRate.csv,USA reference export,"PARTIAL - Family 15 (Stainless Steel) OxyFuel/Plasma Cut/Plasma Punch complete; Family 2 (Steel) Fiber Laser Cut in progress, stopped at Oxygen/1500W/5.00mm confirmed (6.00mm row flagged low-confidence, pierce time cut off).",2079,1,Laser Cut,,2000,3.05,4572.0,3810.0,1.03,Steel
sheetMetalNestingCutRate,lookupTables/Component/sheetMetalNestingCutRate.csv,USA reference export,"PARTIAL - Family 15 (Stainless Steel) OxyFuel/Plasma Cut/Plasma Punch complete; Family 2 (Steel) Fiber Laser Cut in progress, stopped at Oxygen/1500W/5.00mm confirmed (6.00mm row flagged low-confidence, pierce time cut off).",2079,1,Laser Cut,,2000,4.57,2692.0,1930.0,1.76,Steel
sheetMetalNestingCutRate,lookupTables/Component/sheetMetalNestingCutRate.csv,USA reference export,"PARTIAL - Family 15 (Stainless Steel) OxyFuel/Plasma Cut/Plasma Punch complete; Family 2 (Steel) Fiber Laser Cut in progress, stopped at Oxygen/1500W/5.00mm confirmed (6.00mm row flagged low-confidence, pierce time cut off).",2079,1,Laser Cut,,2000,6.35,1575.0,1067.0,2.97,Steel
sheetMetalNestingCutRate,lookupTables/Component/sheetMetalNestingCutRate.csv,USA reference export,"PARTIAL - Family 15 (Stainless Steel) OxyFuel/Plasma Cut/Plasma Punch complete; Family 2 (Steel) Fiber Laser Cut in progress, stopped at Oxygen/1500W/5.00mm confirmed (6.00mm row flagged low-confidence, pierce time cut off).",2079,1,Laser Cut,,2000,9.53,732.0,528.0,6.44,Steel
sheetMetalNestingCutRate,lookupTables/Component/sheetMetalNestingCutRate.csv,USA reference export,"PARTIAL - Family 15 (Stainless Steel) OxyFuel/Plasma Cut/Plasma Punch complete; Family 2 (Steel) Fiber Laser Cut in progress, stopped at Oxygen/1500W/5.00mm confirmed (6.00mm row flagged low-confidence, pierce time cut off).",2079,1,Laser Cut,,2000,12.7,701.0,447.0,9.79,Steel
sheetMetalNestingCutRate,lookupTables/Component/sheetMetalNestingCutRate.csv,USA reference export,"PARTIAL - Family 15 (Stainless Steel) OxyFuel/Plasma Cut/Plasma Punch complete; Family 2 (Steel) Fiber Laser Cut in progress, stopped at Oxygen/1500W/5.00mm confirmed (6.00mm row flagged low-confidence, pierce time cut off).",2079,1,Laser Cut,,2000,15.88,498.0,396.0,11.56,Steel
sheetMetalNestingCutRate,lookupTables/Component/sheetMetalNestingCutRate.csv,USA reference export,"PARTIAL - Family 15 (Stainless Steel) OxyFuel/Plasma Cut/Plasma Punch complete; Family 2 (Steel) Fiber Laser Cut in progress, stopped at Oxygen/1500W/5.00mm confirmed (6.00mm row flagged low-confidence, pierce time cut off).",2079,1,Laser Cut,,2700,1.02,8890.0,7112.0,1.01,Steel
sheetMetalNestingCutRate,lookupTables/Component/sheetMetalNestingCutRate.csv,USA reference export,"PARTIAL - Family 15 (Stainless Steel) OxyFuel/Plasma Cut/Plasma Punch complete; Family 2 (Steel) Fiber Laser Cut in progress, stopped at Oxygen/1500W/5.00mm confirmed (6.00mm row flagged low-confidence, pierce time cut off).",2079,1,Laser Cut,,2700,1.52,6858.0,5334.0,1.01,Steel
sheetMetalNestingCutRate,lookupTables/Component/sheetMetalNestingCutRate.csv,USA reference export,"PARTIAL - Family 15 (Stainless Steel) OxyFuel/Plasma Cut/Plasma Punch complete; Family 2 (Steel) Fiber Laser Cut in progress, stopped at Oxygen/1500W/5.00mm confirmed (6.00mm row flagged low-confidence, pierce time cut off).",2079,1,Laser Cut,,2700,2.03,5842.0,4318.0,1.01,Steel
sheetMetalNestingCutRate,lookupTables/Component/sheetMetalNestingCutRate.csv,USA reference export,"PARTIAL - Family 15 (Stainless Steel) OxyFuel/Plasma Cut/Plasma Punch complete; Family 2 (Steel) Fiber Laser Cut in progress, stopped at Oxygen/1500W/5.00mm confirmed (6.00mm row flagged low-confidence, pierce time cut off).",2079,1,Laser Cut,,2700,2.54,4826.0,4021.67,1.01,Steel
sheetMetalNestingCutRate,lookupTables/Component/sheetMetalNestingCutRate.csv,USA reference export,"PARTIAL - Family 15 (Stainless Steel) OxyFuel/Plasma Cut/Plasma Punch complete; Family 2 (Steel) Fiber Laser Cut in progress, stopped at Oxygen/1500W/5.00mm confirmed (6.00mm row flagged low-confidence, pierce time cut off).",2079,1,Laser Cut,,2700,3.05,4572.0,3810.0,1.01,Steel
sheetMetalNestingCutRate,lookupTables/Component/sheetMetalNestingCutRate.csv,USA reference export,"PARTIAL - Family 15 (Stainless Steel) OxyFuel/Plasma Cut/Plasma Punch complete; Family 2 (Steel) Fiber Laser Cut in progress, stopped at Oxygen/1500W/5.00mm confirmed (6.00mm row flagged low-confidence, pierce time cut off).",2079,1,Laser Cut,,2700,4.57,3048.0,2286.0,1.72,Steel
sheetMetalNestingCutRate,lookupTables/Component/sheetMetalNestingCutRate.csv,USA reference export,"PARTIAL - Family 15 (Stainless Steel) OxyFuel/Plasma Cut/Plasma Punch complete; Family 2 (Steel) Fiber Laser Cut in progress, stopped at Oxygen/1500W/5.00mm confirmed (6.00mm row flagged low-confidence, pierce time cut off).",2079,1,Laser Cut,,2700,6.35,2286.0,1778.0,2.9,Steel
sheetMetalNestingCutRate,lookupTables/Component/sheetMetalNestingCutRate.csv,USA reference export,"PARTIAL - Family 15 (Stainless Steel) OxyFuel/Plasma Cut/Plasma Punch complete; Family 2 (Steel) Fiber Laser Cut in progress, stopped at Oxygen/1500W/5.00mm confirmed (6.00mm row flagged low-confidence, pierce time cut off).",2079,1,Laser Cut,,2700,9.53,1270.0,1016.0,6.29,Steel
sheetMetalNestingCutRate,lookupTables/Component/sheetMetalNestingCutRate.csv,USA reference export,"PARTIAL - Family 15 (Stainless Steel) OxyFuel/Plasma Cut/Plasma Punch complete; Family 2 (Steel) Fiber Laser Cut in progress, stopped at Oxygen/1500W/5.00mm confirmed (6.00mm row flagged low-confidence, pierce time cut off).",2079,1,Laser Cut,,2700,12.7,1016.0,813.0,9.57,Steel
sheetMetalNestingCutRate,lookupTables/Component/sheetMetalNestingCutRate.csv,USA reference export,"PARTIAL - Family 15 (Stainless Steel) OxyFuel/Plasma Cut/Plasma Punch complete; Family 2 (Steel) Fiber Laser Cut in progress, stopped at Oxygen/1500W/5.00mm confirmed (6.00mm row flagged low-confidence, pierce time cut off).",2079,1,Laser Cut,,2700,15.88,711.0,610.0,11.29,Steel
sheetMetalNestingCutRate,lookupTables/Component/sheetMetalNestingCutRate.csv,USA reference export,"PARTIAL - Family 15 (Stainless Steel) OxyFuel/Plasma Cut/Plasma Punch complete; Family 2 (Steel) Fiber Laser Cut in progress, stopped at Oxygen/1500W/5.00mm confirmed (6.00mm row flagged low-confidence, pierce time cut off).",2079,1,Laser Cut,,3000,1.02,8890.0,7112.0,1.0,Steel
sheetMetalNestingCutRate,lookupTables/Component/sheetMetalNestingCutRate.csv,USA reference export,"PARTIAL - Family 15 (Stainless Steel) OxyFuel/Plasma Cut/Plasma Punch complete; Family 2 (Steel) Fiber Laser Cut in progress, stopped at Oxygen/1500W/5.00mm confirmed (6.00mm row flagged low-confidence, pierce time cut off).",2079,1,Laser Cut,,3000,1.52,6858.0,5334.0,1.0,Steel
sheetMetalNestingCutRate,lookupTables/Component/sheetMetalNestingCutRate.csv,USA reference export,"PARTIAL - Family 15 (Stainless Steel) OxyFuel/Plasma Cut/Plasma Punch complete; Family 2 (Steel) Fiber Laser Cut in progress, stopped at Oxygen/1500W/5.00mm confirmed (6.00mm row flagged low-confidence, pierce time cut off).",2079,1,Laser Cut,,3000,2.03,5842.0,4318.0,1.0,Steel
sheetMetalNestingCutRate,lookupTables/Component/sheetMetalNestingCutRate.csv,USA reference export,"PARTIAL - Family 15 (Stainless Steel) OxyFuel/Plasma Cut/Plasma Punch complete; Family 2 (Steel) Fiber Laser Cut in progress, stopped at Oxygen/1500W/5.00mm confirmed (6.00mm row flagged low-confidence, pierce time cut off).",2079,1,Laser Cut,,3000,2.54,4826.0,4021.67,1.0,Steel
sheetMetalNestingCutRate,lookupTables/Component/sheetMetalNestingCutRate.csv,USA reference export,"PARTIAL - Family 15 (Stainless Steel) OxyFuel/Plasma Cut/Plasma Punch complete; Family 2 (Steel) Fiber Laser Cut in progress, stopped at Oxygen/1500W/5.00mm confirmed (6.00mm row flagged low-confidence, pierce time cut off).",2079,1,Laser Cut,,3000,3.05,4572.0,3810.0,1.0,Steel
sheetMetalNestingCutRate,lookupTables/Component/sheetMetalNestingCutRate.csv,USA reference export,"PARTIAL - Family 15 (Stainless Steel) OxyFuel/Plasma Cut/Plasma Punch complete; Family 2 (Steel) Fiber Laser Cut in progress, stopped at Oxygen/1500W/5.00mm confirmed (6.00mm row flagged low-confidence, pierce time cut off).",2079,1,Laser Cut,,3000,4.57,3200.0,2438.0,1.7,Steel
sheetMetalNestingCutRate,lookupTables/Component/sheetMetalNestingCutRate.csv,USA reference export,"PARTIAL - Family 15 (Stainless Steel) OxyFuel/Plasma Cut/Plasma Punch complete; Family 2 (Steel) Fiber Laser Cut in progress, stopped at Oxygen/1500W/5.00mm confirmed (6.00mm row flagged low-confidence, pierce time cut off).",2079,1,Laser Cut,,3000,6.35,2591.0,2083.0,2.87,Steel
sheetMetalNestingCutRate,lookupTables/Component/sheetMetalNestingCutRate.csv,USA reference export,"PARTIAL - Family 15 (Stainless Steel) OxyFuel/Plasma Cut/Plasma Punch complete; Family 2 (Steel) Fiber Laser Cut in progress, stopped at Oxygen/1500W/5.00mm confirmed (6.00mm row flagged low-confidence, pierce time cut off).",2079,1,Laser Cut,,3000,9.53,1514.0,1260.0,6.23,Steel
sheetMetalNestingCutRate,lookupTables/Component/sheetMetalNestingCutRate.csv,USA reference export,"PARTIAL - Family 15 (Stainless Steel) OxyFuel/Plasma Cut/Plasma Punch complete; Family 2 (Steel) Fiber Laser Cut in progress, stopped at Oxygen/1500W/5.00mm confirmed (6.00mm row flagged low-confidence, pierce time cut off).",2079,1,Laser Cut,,3000,12.7,1138.0,935.0,9.47,Steel
sheetMetalNestingCutRate,lookupTables/Component/sheetMetalNestingCutRate.csv,USA reference export,"PARTIAL - Family 15 (Stainless Steel) OxyFuel/Plasma Cut/Plasma Punch complete; Family 2 (Steel) Fiber Laser Cut in progress, stopped at Oxygen/1500W/5.00mm confirmed (6.00mm row flagged low-confidence, pierce time cut off).",2079,1,Laser Cut,,3000,15.88,803.0,701.0,11.17,Steel
sheetMetalNestingCutRate,lookupTables/Component/sheetMetalNestingCutRate.csv,USA reference export,"PARTIAL - Family 15 (Stainless Steel) OxyFuel/Plasma Cut/Plasma Punch complete; Family 2 (Steel) Fiber Laser Cut in progress, stopped at Oxygen/1500W/5.00mm confirmed (6.00mm row flagged low-confidence, pierce time cut off).",2079,1,Laser Cut,,3200,1.02,8890.0,7112.0,0.99,Steel
sheetMetalNestingCutRate,lookupTables/Component/sheetMetalNestingCutRate.csv,USA reference export,"PARTIAL - Family 15 (Stainless Steel) OxyFuel/Plasma Cut/Plasma Punch complete; Family 2 (Steel) Fiber Laser Cut in progress, stopped at Oxygen/1500W/5.00mm confirmed (6.00mm row flagged low-confidence, pierce time cut off).",2079,1,Laser Cut,,3200,1.52,6858.0,5334.0,0.99,Steel
sheetMetalNestingCutRate,lookupTables/Component/sheetMetalNestingCutRate.csv,USA reference export,"PARTIAL - Family 15 (Stainless Steel) OxyFuel/Plasma Cut/Plasma Punch complete; Family 2 (Steel) Fiber Laser Cut in progress, stopped at Oxygen/1500W/5.00mm confirmed (6.00mm row flagged low-confidence, pierce time cut off).",2079,1,Laser Cut,,3200,2.03,5842.0,4318.0,0.99,Steel
sheetMetalNestingCutRate,lookupTables/Component/sheetMetalNestingCutRate.csv,USA reference export,"PARTIAL - Family 15 (Stainless Steel) OxyFuel/Plasma Cut/Plasma Punch complete; Family 2 (Steel) Fiber Laser Cut in progress, stopped at Oxygen/1500W/5.00mm confirmed (6.00mm row flagged low-confidence, pierce time cut off).",2079,1,Laser Cut,,3200,2.54,4826.0,4021.67,0.99,Steel
sheetMetalNestingCutRate,lookupTables/Component/sheetMetalNestingCutRate.csv,USA reference export,"PARTIAL - Family 15 (Stainless Steel) OxyFuel/Plasma Cut/Plasma Punch complete; Family 2 (Steel) Fiber Laser Cut in progress, stopped at Oxygen/1500W/5.00mm confirmed (6.00mm row flagged low-confidence, pierce time cut off).",2079,1,Laser Cut,,3200,3.05,4572.0,3810.0,0.99,Steel
sheetMetalNestingCutRate,lookupTables/Component/sheetMetalNestingCutRate.csv,USA reference export,"PARTIAL - Family 15 (Stainless Steel) OxyFuel/Plasma Cut/Plasma Punch complete; Family 2 (Steel) Fiber Laser Cut in progress, stopped at Oxygen/1500W/5.00mm confirmed (6.00mm row flagged low-confidence, pierce time cut off).",2079,1,Laser Cut,,3200,4.57,3302.0,2540.0,1.69,Steel
sheetMetalNestingCutRate,lookupTables/Component/sheetMetalNestingCutRate.csv,USA reference export,"PARTIAL - Family 15 (Stainless Steel) OxyFuel/Plasma Cut/Plasma Punch complete; Family 2 (Steel) Fiber Laser Cut in progress, stopped at Oxygen/1500W/5.00mm confirmed (6.00mm row flagged low-confidence, pierce time cut off).",2079,1,Laser Cut,,3200,6.35,2728.0,2220.0,2.85,Steel
sheetMetalNestingCutRate,lookupTables/Component/sheetMetalNestingCutRate.csv,USA reference export,"PARTIAL - Family 15 (Stainless Steel) OxyFuel/Plasma Cut/Plasma Punch complete; Family 2 (Steel) Fiber Laser Cut in progress, stopped at Oxygen/1500W/5.00mm confirmed (6.00mm row flagged low-confidence, pierce time cut off).",2079,1,Laser Cut,,3200,9.53,1676.0,1422.0,6.19,Steel
sheetMetalNestingCutRate,lookupTables/Component/sheetMetalNestingCutRate.csv,USA reference export,"PARTIAL - Family 15 (Stainless Steel) OxyFuel/Plasma Cut/Plasma Punch complete; Family 2 (Steel) Fiber Laser Cut in progress, stopped at Oxygen/1500W/5.00mm confirmed (6.00mm row flagged low-confidence, pierce time cut off).",2079,1,Laser Cut,,3200,12.7,1219.0,1016.0,9.41,Steel
sheetMetalNestingCutRate,lookupTables/Component/sheetMetalNestingCutRate.csv,USA reference export,"PARTIAL - Family 15 (Stainless Steel) OxyFuel/Plasma Cut/Plasma Punch complete; Family 2 (Steel) Fiber Laser Cut in progress, stopped at Oxygen/1500W/5.00mm confirmed (6.00mm row flagged low-confidence, pierce time cut off).",2079,1,Laser Cut,,3200,15.88,864.0,762.0,11.09,Steel
sheetMetalNestingCutRate,lookupTables/Component/sheetMetalNestingCutRate.csv,USA reference export,"PARTIAL - Family 15 (Stainless Steel) OxyFuel/Plasma Cut/Plasma Punch complete; Family 2 (Steel) Fiber Laser Cut in progress, stopped at Oxygen/1500W/5.00mm confirmed (6.00mm row flagged low-confidence, pierce time cut off).",2079,1,Laser Cut,,3200,19.05,813.0,711.0,11.8,Steel
sheetMetalNestingCutRate,lookupTables/Component/sheetMetalNestingCutRate.csv,USA reference export,"PARTIAL - Family 15 (Stainless Steel) OxyFuel/Plasma Cut/Plasma Punch complete; Family 2 (Steel) Fiber Laser Cut in progress, stopped at Oxygen/1500W/5.00mm confirmed (6.00mm row flagged low-confidence, pierce time cut off).",2079,1,Laser Cut,,3300,1.02,8890.0,7112.0,0.98,Steel
sheetMetalNestingCutRate,lookupTables/Component/sheetMetalNestingCutRate.csv,USA reference export,"PARTIAL - Family 15 (Stainless Steel) OxyFuel/Plasma Cut/Plasma Punch complete; Family 2 (Steel) Fiber Laser Cut in progress, stopped at Oxygen/1500W/5.00mm confirmed (6.00mm row flagged low-confidence, pierce time cut off).",2079,1,Laser Cut,,3300,1.52,6858.0,5334.0,0.98,Steel
sheetMetalNestingCutRate,lookupTables/Component/sheetMetalNestingCutRate.csv,USA reference export,"PARTIAL - Family 15 (Stainless Steel) OxyFuel/Plasma Cut/Plasma Punch complete; Family 2 (Steel) Fiber Laser Cut in progress, stopped at Oxygen/1500W/5.00mm confirmed (6.00mm row flagged low-confidence, pierce time cut off).",2079,1,Laser Cut,,3300,2.03,5842.0,4318.0,0.98,Steel
sheetMetalNestingCutRate,lookupTables/Component/sheetMetalNestingCutRate.csv,USA reference export,"PARTIAL - Family 15 (Stainless Steel) OxyFuel/Plasma Cut/Plasma Punch complete; Family 2 (Steel) Fiber Laser Cut in progress, stopped at Oxygen/1500W/5.00mm confirmed (6.00mm row flagged low-confidence, pierce time cut off).",2079,1,Laser Cut,,3300,2.54,4826.0,4021.67,0.98,Steel
sheetMetalNestingCutRate,lookupTables/Component/sheetMetalNestingCutRate.csv,USA reference export,"PARTIAL - Family 15 (Stainless Steel) OxyFuel/Plasma Cut/Plasma Punch complete; Family 2 (Steel) Fiber Laser Cut in progress, stopped at Oxygen/1500W/5.00mm confirmed (6.00mm row flagged low-confidence, pierce time cut off).",2079,1,Laser Cut,,3300,3.05,4572.0,3810.0,0.98,Steel
sheetMetalNestingCutRate,lookupTables/Component/sheetMetalNestingCutRate.csv,USA reference export,"PARTIAL - Family 15 (Stainless Steel) OxyFuel/Plasma Cut/Plasma Punch complete; Family 2 (Steel) Fiber Laser Cut in progress, stopped at Oxygen/1500W/5.00mm confirmed (6.00mm row flagged low-confidence, pierce time cut off).",2079,1,Laser Cut,,3300,4.57,3307.0,2545.0,1.69,Steel
sheetMetalNestingCutRate,lookupTables/Component/sheetMetalNestingCutRate.csv,USA reference export,"PARTIAL - Family 15 (Stainless Steel) OxyFuel/Plasma Cut/Plasma Punch complete; Family 2 (Steel) Fiber Laser Cut in progress, stopped at Oxygen/1500W/5.00mm confirmed (6.00mm row flagged low-confidence, pierce time cut off).",2079,1,Laser Cut,,3300,6.35,2794.0,2286.0,2.82,Steel
sheetMetalNestingCutRate,lookupTables/Component/sheetMetalNestingCutRate.csv,USA reference export,"PARTIAL - Family 15 (Stainless Steel) OxyFuel/Plasma Cut/Plasma Punch complete; Family 2 (Steel) Fiber Laser Cut in progress, stopped at Oxygen/1500W/5.00mm confirmed (6.00mm row flagged low-confidence, pierce time cut off).",2079,1,Laser Cut,,3300,9.53,1669.0,1415.0,6.18,Steel
sheetMetalNestingCutRate,lookupTables/Component/sheetMetalNestingCutRate.csv,USA reference export,"PARTIAL - Family 15 (Stainless Steel) OxyFuel/Plasma Cut/Plasma Punch complete; Family 2 (Steel) Fiber Laser Cut in progress, stopped at Oxygen/1500W/5.00mm confirmed (6.00mm row flagged low-confidence, pierce time cut off).",2079,1,Laser Cut,,3300,12.7,1284.0,1081.0,9.37,Steel
sheetMetalNestingCutRate,lookupTables/Component/sheetMetalNestingCutRate.csv,USA reference export,"PARTIAL - Family 15 (Stainless Steel) OxyFuel/Plasma Cut/Plasma Punch complete; Family 2 (Steel) Fiber Laser Cut in progress, stopped at Oxygen/1500W/5.00mm confirmed (6.00mm row flagged low-confidence, pierce time cut off).",2079,1,Laser Cut,,3300,15.88,912.0,792.0,11.05,Steel
sheetMetalNestingCutRate,lookupTables/Component/sheetMetalNestingCutRate.csv,USA reference export,"PARTIAL - Family 15 (Stainless Steel) OxyFuel/Plasma Cut/Plasma Punch complete; Family 2 (Steel) Fiber Laser Cut in progress, stopped at Oxygen/1500W/5.00mm confirmed (6.00mm row flagged low-confidence, pierce time cut off).",2079,1,Laser Cut,,3300,19.05,894.0,780.0,11.34,Steel
sheetMetalNestingCutRate,lookupTables/Component/sheetMetalNestingCutRate.csv,USA reference export,"PARTIAL - Family 15 (Stainless Steel) OxyFuel/Plasma Cut/Plasma Punch complete; Family 2 (Steel) Fiber Laser Cut in progress, stopped at Oxygen/1500W/5.00mm confirmed (6.00mm row flagged low-confidence, pierce time cut off).",2079,1,Laser Cut,,4000,1.02,8890.0,7112.0,0.97,Steel
sheetMetalNestingCutRate,lookupTables/Component/sheetMetalNestingCutRate.csv,USA reference export,"PARTIAL - Family 15 (Stainless Steel) OxyFuel/Plasma Cut/Plasma Punch complete; Family 2 (Steel) Fiber Laser Cut in progress, stopped at Oxygen/1500W/5.00mm confirmed (6.00mm row flagged low-confidence, pierce time cut off).",2079,1,Laser Cut,,4000,1.52,6858.0,5334.0,0.97,Steel
sheetMetalNestingCutRate,lookupTables/Component/sheetMetalNestingCutRate.csv,USA reference export,"PARTIAL - Family 15 (Stainless Steel) OxyFuel/Plasma Cut/Plasma Punch complete; Family 2 (Steel) Fiber Laser Cut in progress, stopped at Oxygen/1500W/5.00mm confirmed (6.00mm row flagged low-confidence, pierce time cut off).",2079,1,Laser Cut,,4000,2.03,5842.0,4318.0,0.97,Steel
sheetMetalNestingCutRate,lookupTables/Component/sheetMetalNestingCutRate.csv,USA reference export,"PARTIAL - Family 15 (Stainless Steel) OxyFuel/Plasma Cut/Plasma Punch complete; Family 2 (Steel) Fiber Laser Cut in progress, stopped at Oxygen/1500W/5.00mm confirmed (6.00mm row flagged low-confidence, pierce time cut off).",2079,1,Laser Cut,,4000,2.54,4826.0,4021.67,0.97,Steel
sheetMetalNestingCutRate,lookupTables/Component/sheetMetalNestingCutRate.csv,USA reference export,"PARTIAL - Family 15 (Stainless Steel) OxyFuel/Plasma Cut/Plasma Punch complete; Family 2 (Steel) Fiber Laser Cut in progress, stopped at Oxygen/1500W/5.00mm confirmed (6.00mm row flagged low-confidence, pierce time cut off).",2079,1,Laser Cut,,4000,3.05,4572.0,3810.0,0.97,Steel
sheetMetalNestingCutRate,lookupTables/Component/sheetMetalNestingCutRate.csv,USA reference export,"PARTIAL - Family 15 (Stainless Steel) OxyFuel/Plasma Cut/Plasma Punch complete; Family 2 (Steel) Fiber Laser Cut in progress, stopped at Oxygen/1500W/5.00mm confirmed (6.00mm row flagged low-confidence, pierce time cut off).",2079,1,Laser Cut,,4000,4.57,3556.0,2794.0,1.64,Steel
sheetMetalNestingCutRate,lookupTables/Component/sheetMetalNestingCutRate.csv,USA reference export,"PARTIAL - Family 15 (Stainless Steel) OxyFuel/Plasma Cut/Plasma Punch complete; Family 2 (Steel) Fiber Laser Cut in progress, stopped at Oxygen/1500W/5.00mm confirmed (6.00mm row flagged low-confidence, pierce time cut off).",2079,1,Laser Cut,,4000,6.35,3048.0,2540.0,2.77,Steel
sheetMetalNestingCutRate,lookupTables/Component/sheetMetalNestingCutRate.csv,USA reference export,"PARTIAL - Family 15 (Stainless Steel) OxyFuel/Plasma Cut/Plasma Punch complete; Family 2 (Steel) Fiber Laser Cut in progress, stopped at Oxygen/1500W/5.00mm confirmed (6.00mm row flagged low-confidence, pierce time cut off).",2079,1,Laser Cut,,4000,9.53,2032.0,1778.0,6.02,Steel
sheetMetalNestingCutRate,lookupTables/Component/sheetMetalNestingCutRate.csv,USA reference export,"PARTIAL - Family 15 (Stainless Steel) OxyFuel/Plasma Cut/Plasma Punch complete; Family 2 (Steel) Fiber Laser Cut in progress, stopped at Oxygen/1500W/5.00mm confirmed (6.00mm row flagged low-confidence, pierce time cut off).",2079,1,Laser Cut,,4000,12.7,1626.0,1422.0,9.15,Steel
sheetMetalNestingCutRate,lookupTables/Component/sheetMetalNestingCutRate.csv,USA reference export,"PARTIAL - Family 15 (Stainless Steel) OxyFuel/Plasma Cut/Plasma Punch complete; Family 2 (Steel) Fiber Laser Cut in progress, stopped at Oxygen/1500W/5.00mm confirmed (6.00mm row flagged low-confidence, pierce time cut off).",2079,1,Laser Cut,,4000,15.88,1168.0,965.0,10.78,Steel
sheetMetalNestingCutRate,lookupTables/Component/sheetMetalNestingCutRate.csv,USA reference export,"PARTIAL - Family 15 (Stainless Steel) OxyFuel/Plasma Cut/Plasma Punch complete; Family 2 (Steel) Fiber Laser Cut in progress, stopped at Oxygen/1500W/5.00mm confirmed (6.00mm row flagged low-confidence, pierce time cut off).",2079,1,Laser Cut,,4000,19.05,914.0,813.0,11.0,Steel
sheetMetalNestingCutRate,lookupTables/Component/sheetMetalNestingCutRate.csv,USA reference export,"PARTIAL - Family 15 (Stainless Steel) OxyFuel/Plasma Cut/Plasma Punch complete; Family 2 (Steel) Fiber Laser Cut in progress, stopped at Oxygen/1500W/5.00mm confirmed (6.00mm row flagged low-confidence, pierce time cut off).",2079,1,Laser Cut,,5000,1.02,8890.0,7112.0,0.93,Steel
sheetMetalNestingCutRate,lookupTables/Component/sheetMetalNestingCutRate.csv,USA reference export,"PARTIAL - Family 15 (Stainless Steel) OxyFuel/Plasma Cut/Plasma Punch complete; Family 2 (Steel) Fiber Laser Cut in progress, stopped at Oxygen/1500W/5.00mm confirmed (6.00mm row flagged low-confidence, pierce time cut off).",2079,1,Laser Cut,,5000,1.52,6858.0,5334.0,0.93,Steel
sheetMetalNestingCutRate,lookupTables/Component/sheetMetalNestingCutRate.csv,USA reference export,"PARTIAL - Family 15 (Stainless Steel) OxyFuel/Plasma Cut/Plasma Punch complete; Family 2 (Steel) Fiber Laser Cut in progress, stopped at Oxygen/1500W/5.00mm confirmed (6.00mm row flagged low-confidence, pierce time cut off).",2079,1,Laser Cut,,5000,2.03,5842.0,4318.0,0.93,Steel
sheetMetalNestingCutRate,lookupTables/Component/sheetMetalNestingCutRate.csv,USA reference export,"PARTIAL - Family 15 (Stainless Steel) OxyFuel/Plasma Cut/Plasma Punch complete; Family 2 (Steel) Fiber Laser Cut in progress, stopped at Oxygen/1500W/5.00mm confirmed (6.00mm row flagged low-confidence, pierce time cut off).",2079,1,Laser Cut,,5000,2.54,4826.0,4021.67,0.93,Steel
sheetMetalNestingCutRate,lookupTables/Component/sheetMetalNestingCutRate.csv,USA reference export,"PARTIAL - Family 15 (Stainless Steel) OxyFuel/Plasma Cut/Plasma Punch complete; Family 2 (Steel) Fiber Laser Cut in progress, stopped at Oxygen/1500W/5.00mm confirmed (6.00mm row flagged low-confidence, pierce time cut off).",2079,1,Laser Cut,,5000,3.05,4572.0,3810.0,0.93,Steel
sheetMetalNestingCutRate,lookupTables/Component/sheetMetalNestingCutRate.csv,USA reference export,"PARTIAL - Family 15 (Stainless Steel) OxyFuel/Plasma Cut/Plasma Punch complete; Family 2 (Steel) Fiber Laser Cut in progress, stopped at Oxygen/1500W/5.00mm confirmed (6.00mm row flagged low-confidence, pierce time cut off).",2079,1,Laser Cut,,5000,4.57,4064.0,3556.0,1.59,Steel
sheetMetalNestingCutRate,lookupTables/Component/sheetMetalNestingCutRate.csv,USA reference export,"PARTIAL - Family 15 (Stainless Steel) OxyFuel/Plasma Cut/Plasma Punch complete; Family 2 (Steel) Fiber Laser Cut in progress, stopped at Oxygen/1500W/5.00mm confirmed (6.00mm row flagged low-confidence, pierce time cut off).",2079,1,Laser Cut,,5000,6.35,3302.0,3048.0,2.67,Steel
sheetMetalNestingCutRate,lookupTables/Component/sheetMetalNestingCutRate.csv,USA reference export,"PARTIAL - Family 15 (Stainless Steel) OxyFuel/Plasma Cut/Plasma Punch complete; Family 2 (Steel) Fiber Laser Cut in progress, stopped at Oxygen/1500W/5.00mm confirmed (6.00mm row flagged low-confidence, pierce time cut off).",2079,1,Laser Cut,,5000,9.53,2286.0,2159.0,5.82,Steel
sheetMetalNestingCutRate,lookupTables/Component/sheetMetalNestingCutRate.csv,USA reference export,"PARTIAL - Family 15 (Stainless Steel) OxyFuel/Plasma Cut/Plasma Punch complete; Family 2 (Steel) Fiber Laser Cut in progress, stopped at Oxygen/1500W/5.00mm confirmed (6.00mm row flagged low-confidence, pierce time cut off).",2079,1,Laser Cut,,5000,12.7,2032.0,1778.0,8.84,Steel
sheetMetalNestingCutRate,lookupTables/Component/sheetMetalNestingCutRate.csv,USA reference export,"PARTIAL - Family 15 (Stainless Steel) OxyFuel/Plasma Cut/Plasma Punch complete; Family 2 (Steel) Fiber Laser Cut in progress, stopped at Oxygen/1500W/5.00mm confirmed (6.00mm row flagged low-confidence, pierce time cut off).",2079,1,Laser Cut,,5000,15.88,1524.0,1397.0,10.42,Steel
sheetMetalNestingCutRate,lookupTables/Component/sheetMetalNestingCutRate.csv,USA reference export,"PARTIAL - Family 15 (Stainless Steel) OxyFuel/Plasma Cut/Plasma Punch complete; Family 2 (Steel) Fiber Laser Cut in progress, stopped at Oxygen/1500W/5.00mm confirmed (6.00mm row flagged low-confidence, pierce time cut off).",2079,1,Laser Cut,,5000,19.05,1067.0,965.0,11.0,Steel
sheetMetalNestingCutRate,lookupTables/Component/sheetMetalNestingCutRate.csv,USA reference export,"PARTIAL - Family 15 (Stainless Steel) OxyFuel/Plasma Cut/Plasma Punch complete; Family 2 (Steel) Fiber Laser Cut in progress, stopped at Oxygen/1500W/5.00mm confirmed (6.00mm row flagged low-confidence, pierce time cut off).",2079,1,Laser Cut,,5000,25.4,813.0,813.0,11.5,Steel
sheetMetalNestingCutRate,lookupTables/Component/sheetMetalNestingCutRate.csv,USA reference export,"PARTIAL - Family 15 (Stainless Steel) OxyFuel/Plasma Cut/Plasma Punch complete; Family 2 (Steel) Fiber Laser Cut in progress, stopped at Oxygen/1500W/5.00mm confirmed (6.00mm row flagged low-confidence, pierce time cut off).",2079,1,Laser Cut,,6000,1.02,8890.0,7112.0,0.9,Steel
sheetMetalNestingCutRate,lookupTables/Component/sheetMetalNestingCutRate.csv,USA reference export,"PARTIAL - Family 15 (Stainless Steel) OxyFuel/Plasma Cut/Plasma Punch complete; Family 2 (Steel) Fiber Laser Cut in progress, stopped at Oxygen/1500W/5.00mm confirmed (6.00mm row flagged low-confidence, pierce time cut off).",2079,1,Laser Cut,,6000,1.52,6858.0,5334.0,0.9,Steel
sheetMetalNestingCutRate,lookupTables/Component/sheetMetalNestingCutRate.csv,USA reference export,"PARTIAL - Family 15 (Stainless Steel) OxyFuel/Plasma Cut/Plasma Punch complete; Family 2 (Steel) Fiber Laser Cut in progress, stopped at Oxygen/1500W/5.00mm confirmed (6.00mm row flagged low-confidence, pierce time cut off).",2079,1,Laser Cut,,6000,2.03,5842.0,4318.0,0.9,Steel
sheetMetalNestingCutRate,lookupTables/Component/sheetMetalNestingCutRate.csv,USA reference export,"PARTIAL - Family 15 (Stainless Steel) OxyFuel/Plasma Cut/Plasma Punch complete; Family 2 (Steel) Fiber Laser Cut in progress, stopped at Oxygen/1500W/5.00mm confirmed (6.00mm row flagged low-confidence, pierce time cut off).",2079,1,Laser Cut,,6000,2.54,4826.0,4021.67,0.9,Steel
sheetMetalNestingCutRate,lookupTables/Component/sheetMetalNestingCutRate.csv,USA reference export,"PARTIAL - Family 15 (Stainless Steel) OxyFuel/Plasma Cut/Plasma Punch complete; Family 2 (Steel) Fiber Laser Cut in progress, stopped at Oxygen/1500W/5.00mm confirmed (6.00mm row flagged low-confidence, pierce time cut off).",2079,1,Laser Cut,,6000,3.05,4572.0,3810.0,0.9,Steel
sheetMetalNestingCutRate,lookupTables/Component/sheetMetalNestingCutRate.csv,USA reference export,"PARTIAL - Family 15 (Stainless Steel) OxyFuel/Plasma Cut/Plasma Punch complete; Family 2 (Steel) Fiber Laser Cut in progress, stopped at Oxygen/1500W/5.00mm confirmed (6.00mm row flagged low-confidence, pierce time cut off).",2079,1,Laser Cut,,6000,4.57,4064.0,3556.0,1.53,Steel
sheetMetalNestingCutRate,lookupTables/Component/sheetMetalNestingCutRate.csv,USA reference export,"PARTIAL - Family 15 (Stainless Steel) OxyFuel/Plasma Cut/Plasma Punch complete; Family 2 (Steel) Fiber Laser Cut in progress, stopped at Oxygen/1500W/5.00mm confirmed (6.00mm row flagged low-confidence, pierce time cut off).",2079,1,Laser Cut,,6000,6.35,3556.0,3302.0,2.58,Steel
sheetMetalNestingCutRate,lookupTables/Component/sheetMetalNestingCutRate.csv,USA reference export,"PARTIAL - Family 15 (Stainless Steel) OxyFuel/Plasma Cut/Plasma Punch complete; Family 2 (Steel) Fiber Laser Cut in progress, stopped at Oxygen/1500W/5.00mm confirmed (6.00mm row flagged low-confidence, pierce time cut off).",2079,1,Laser Cut,,6000,9.53,2540.0,2413.0,5.61,Steel
sheetMetalNestingCutRate,lookupTables/Component/sheetMetalNestingCutRate.csv,USA reference export,"PARTIAL - Family 15 (Stainless Steel) OxyFuel/Plasma Cut/Plasma Punch complete; Family 2 (Steel) Fiber Laser Cut in progress, stopped at Oxygen/1500W/5.00mm confirmed (6.00mm row flagged low-confidence, pierce time cut off).",2079,1,Laser Cut,,6000,12.7,2159.0,1905.0,8.53,Steel
sheetMetalNestingCutRate,lookupTables/Component/sheetMetalNestingCutRate.csv,USA reference export,"PARTIAL - Family 15 (Stainless Steel) OxyFuel/Plasma Cut/Plasma Punch complete; Family 2 (Steel) Fiber Laser Cut in progress, stopped at Oxygen/1500W/5.00mm confirmed (6.00mm row flagged low-confidence, pierce time cut off).",2079,1,Laser Cut,,6000,15.88,1778.0,1651.0,10.05,Steel
sheetMetalNestingCutRate,lookupTables/Component/sheetMetalNestingCutRate.csv,USA reference export,"PARTIAL - Family 15 (Stainless Steel) OxyFuel/Plasma Cut/Plasma Punch complete; Family 2 (Steel) Fiber Laser Cut in progress, stopped at Oxygen/1500W/5.00mm confirmed (6.00mm row flagged low-confidence, pierce time cut off).",2079,1,Laser Cut,,6000,19.05,1168.0,1067.0,10.8,Steel
sheetMetalNestingCutRate,lookupTables/Component/sheetMetalNestingCutRate.csv,USA reference export,"PARTIAL - Family 15 (Stainless Steel) OxyFuel/Plasma Cut/Plasma Punch complete; Family 2 (Steel) Fiber Laser Cut in progress, stopped at Oxygen/1500W/5.00mm confirmed (6.00mm row flagged low-confidence, pierce time cut off).",2079,1,Laser Cut,,6000,25.4,889.0,889.0,11.2,Steel
sheetMetalNestingCutRate,lookupTables/Component/sheetMetalNestingCutRate.csv,USA reference export,"PARTIAL - Family 15 (Stainless Steel) OxyFuel/Plasma Cut/Plasma Punch complete; Family 2 (Steel) Fiber Laser Cut in progress, stopped at Oxygen/1500W/5.00mm confirmed (6.00mm row flagged low-confidence, pierce time cut off).",2079,1,Laser Cut,,8000,1.02,8890.0,7112.0,0.9,Steel
sheetMetalNestingCutRate,lookupTables/Component/sheetMetalNestingCutRate.csv,USA reference export,"PARTIAL - Family 15 (Stainless Steel) OxyFuel/Plasma Cut/Plasma Punch complete; Family 2 (Steel) Fiber Laser Cut in progress, stopped at Oxygen/1500W/5.00mm confirmed (6.00mm row flagged low-confidence, pierce time cut off).",2079,1,Laser Cut,,8000,1.52,6858.0,5334.0,0.9,Steel
sheetMetalNestingCutRate,lookupTables/Component/sheetMetalNestingCutRate.csv,USA reference export,"PARTIAL - Family 15 (Stainless Steel) OxyFuel/Plasma Cut/Plasma Punch complete; Family 2 (Steel) Fiber Laser Cut in progress, stopped at Oxygen/1500W/5.00mm confirmed (6.00mm row flagged low-confidence, pierce time cut off).",2079,1,Laser Cut,,8000,2.03,5842.0,4318.0,0.9,Steel
sheetMetalNestingCutRate,lookupTables/Component/sheetMetalNestingCutRate.csv,USA reference export,"PARTIAL - Family 15 (Stainless Steel) OxyFuel/Plasma Cut/Plasma Punch complete; Family 2 (Steel) Fiber Laser Cut in progress, stopped at Oxygen/1500W/5.00mm confirmed (6.00mm row flagged low-confidence, pierce time cut off).",2079,1,Laser Cut,,8000,2.54,4826.0,4021.67,0.9,Steel
sheetMetalNestingCutRate,lookupTables/Component/sheetMetalNestingCutRate.csv,USA reference export,"PARTIAL - Family 15 (Stainless Steel) OxyFuel/Plasma Cut/Plasma Punch complete; Family 2 (Steel) Fiber Laser Cut in progress, stopped at Oxygen/1500W/5.00mm confirmed (6.00mm row flagged low-confidence, pierce time cut off).",2079,1,Laser Cut,,8000,3.05,4572.0,3810.0,0.9,Steel
sheetMetalNestingCutRate,lookupTables/Component/sheetMetalNestingCutRate.csv,USA reference export,"PARTIAL - Family 15 (Stainless Steel) OxyFuel/Plasma Cut/Plasma Punch complete; Family 2 (Steel) Fiber Laser Cut in progress, stopped at Oxygen/1500W/5.00mm confirmed (6.00mm row flagged low-confidence, pierce time cut off).",2079,1,Laser Cut,,8000,4.57,4064.0,3556.0,1.53,Steel
sheetMetalNestingCutRate,lookupTables/Component/sheetMetalNestingCutRate.csv,USA reference export,"PARTIAL - Family 15 (Stainless Steel) OxyFuel/Plasma Cut/Plasma Punch complete; Family 2 (Steel) Fiber Laser Cut in progress, stopped at Oxygen/1500W/5.00mm confirmed (6.00mm row flagged low-confidence, pierce time cut off).",2079,1,Laser Cut,,8000,6.35,3556.0,3302.0,2.58,Steel
sheetMetalNestingCutRate,lookupTables/Component/sheetMetalNestingCutRate.csv,USA reference export,"PARTIAL - Family 15 (Stainless Steel) OxyFuel/Plasma Cut/Plasma Punch complete; Family 2 (Steel) Fiber Laser Cut in progress, stopped at Oxygen/1500W/5.00mm confirmed (6.00mm row flagged low-confidence, pierce time cut off).",2079,1,Laser Cut,,8000,9.53,2540.0,2413.0,5.61,Steel
sheetMetalNestingCutRate,lookupTables/Component/sheetMetalNestingCutRate.csv,USA reference export,"PARTIAL - Family 15 (Stainless Steel) OxyFuel/Plasma Cut/Plasma Punch complete; Family 2 (Steel) Fiber Laser Cut in progress, stopped at Oxygen/1500W/5.00mm confirmed (6.00mm row flagged low-confidence, pierce time cut off).",2079,1,Laser Cut,,8000,12.7,2213.0,1953.0,7.89,Steel
sheetMetalNestingCutRate,lookupTables/Component/sheetMetalNestingCutRate.csv,USA reference export,"PARTIAL - Family 15 (Stainless Steel) OxyFuel/Plasma Cut/Plasma Punch complete; Family 2 (Steel) Fiber Laser Cut in progress, stopped at Oxygen/1500W/5.00mm confirmed (6.00mm row flagged low-confidence, pierce time cut off).",2079,1,Laser Cut,,8000,15.88,1822.0,1692.0,9.29,Steel
sheetMetalNestingCutRate,lookupTables/Component/sheetMetalNestingCutRate.csv,USA reference export,"PARTIAL - Family 15 (Stainless Steel) OxyFuel/Plasma Cut/Plasma Punch complete; Family 2 (Steel) Fiber Laser Cut in progress, stopped at Oxygen/1500W/5.00mm confirmed (6.00mm row flagged low-confidence, pierce time cut off).",2079,1,Laser Cut,,8000,19.05,1197.0,1094.0,10.17,Steel
sheetMetalNestingCutRate,lookupTables/Component/sheetMetalNestingCutRate.csv,USA reference export,"PARTIAL - Family 15 (Stainless Steel) OxyFuel/Plasma Cut/Plasma Punch complete; Family 2 (Steel) Fiber Laser Cut in progress, stopped at Oxygen/1500W/5.00mm confirmed (6.00mm row flagged low-confidence, pierce time cut off).",2079,1,Laser Cut,,8000,25.4,911.0,911.0,10.6,Steel
sheetMetalNestingCutRate,lookupTables/Component/sheetMetalNestingCutRate.csv,USA reference export,"PARTIAL - Family 15 (Stainless Steel) OxyFuel/Plasma Cut/Plasma Punch complete; Family 2 (Steel) Fiber Laser Cut in progress, stopped at Oxygen/1500W/5.00mm confirmed (6.00mm row flagged low-confidence, pierce time cut off).",2079,1,Laser Cut,,10000,1.02,8890.0,7112.0,0.9,Steel
sheetMetalNestingCutRate,lookupTables/Component/sheetMetalNestingCutRate.csv,USA reference export,"PARTIAL - Family 15 (Stainless Steel) OxyFuel/Plasma Cut/Plasma Punch complete; Family 2 (Steel) Fiber Laser Cut in progress, stopped at Oxygen/1500W/5.00mm confirmed (6.00mm row flagged low-confidence, pierce time cut off).",2079,1,Laser Cut,,10000,1.52,6858.0,5334.0,0.9,Steel
sheetMetalNestingCutRate,lookupTables/Component/sheetMetalNestingCutRate.csv,USA reference export,"PARTIAL - Family 15 (Stainless Steel) OxyFuel/Plasma Cut/Plasma Punch complete; Family 2 (Steel) Fiber Laser Cut in progress, stopped at Oxygen/1500W/5.00mm confirmed (6.00mm row flagged low-confidence, pierce time cut off).",2079,1,Laser Cut,,10000,2.03,5842.0,4318.0,0.9,Steel
sheetMetalNestingCutRate,lookupTables/Component/sheetMetalNestingCutRate.csv,USA reference export,"PARTIAL - Family 15 (Stainless Steel) OxyFuel/Plasma Cut/Plasma Punch complete; Family 2 (Steel) Fiber Laser Cut in progress, stopped at Oxygen/1500W/5.00mm confirmed (6.00mm row flagged low-confidence, pierce time cut off).",2079,1,Laser Cut,,10000,2.54,4826.0,4021.67,0.9,Steel
sheetMetalNestingCutRate,lookupTables/Component/sheetMetalNestingCutRate.csv,USA reference export,"PARTIAL - Family 15 (Stainless Steel) OxyFuel/Plasma Cut/Plasma Punch complete; Family 2 (Steel) Fiber Laser Cut in progress, stopped at Oxygen/1500W/5.00mm confirmed (6.00mm row flagged low-confidence, pierce time cut off).",2079,1,Laser Cut,,10000,3.05,4572.0,3810.0,0.9,Steel
sheetMetalNestingCutRate,lookupTables/Component/sheetMetalNestingCutRate.csv,USA reference export,"PARTIAL - Family 15 (Stainless Steel) OxyFuel/Plasma Cut/Plasma Punch complete; Family 2 (Steel) Fiber Laser Cut in progress, stopped at Oxygen/1500W/5.00mm confirmed (6.00mm row flagged low-confidence, pierce time cut off).",2079,1,Laser Cut,,10000,4.57,4064.0,3556.0,1.53,Steel
sheetMetalNestingCutRate,lookupTables/Component/sheetMetalNestingCutRate.csv,USA reference export,"PARTIAL - Family 15 (Stainless Steel) OxyFuel/Plasma Cut/Plasma Punch complete; Family 2 (Steel) Fiber Laser Cut in progress, stopped at Oxygen/1500W/5.00mm confirmed (6.00mm row flagged low-confidence, pierce time cut off).",2079,1,Laser Cut,,10000,6.35,3556.0,3302.0,2.58,Steel
sheetMetalNestingCutRate,lookupTables/Component/sheetMetalNestingCutRate.csv,USA reference export,"PARTIAL - Family 15 (Stainless Steel) OxyFuel/Plasma Cut/Plasma Punch complete; Family 2 (Steel) Fiber Laser Cut in progress, stopped at Oxygen/1500W/5.00mm confirmed (6.00mm row flagged low-confidence, pierce time cut off).",2079,1,Laser Cut,,10000,9.53,2540.0,2413.0,5.61,Steel
sheetMetalNestingCutRate,lookupTables/Component/sheetMetalNestingCutRate.csv,USA reference export,"PARTIAL - Family 15 (Stainless Steel) OxyFuel/Plasma Cut/Plasma Punch complete; Family 2 (Steel) Fiber Laser Cut in progress, stopped at Oxygen/1500W/5.00mm confirmed (6.00mm row flagged low-confidence, pierce time cut off).",2079,1,Laser Cut,,10000,12.7,2267.0,2000.0,7.26,Steel
sheetMetalNestingCutRate,lookupTables/Component/sheetMetalNestingCutRate.csv,USA reference export,"PARTIAL - Family 15 (Stainless Steel) OxyFuel/Plasma Cut/Plasma Punch complete; Family 2 (Steel) Fiber Laser Cut in progress, stopped at Oxygen/1500W/5.00mm confirmed (6.00mm row flagged low-confidence, pierce time cut off).",2079,1,Laser Cut,,10000,15.88,1867.0,1734.0,8.53,Steel
sheetMetalNestingCutRate,lookupTables/Component/sheetMetalNestingCutRate.csv,USA reference export,"PARTIAL - Family 15 (Stainless Steel) OxyFuel/Plasma Cut/Plasma Punch complete; Family 2 (Steel) Fiber Laser Cut in progress, stopped at Oxygen/1500W/5.00mm confirmed (6.00mm row flagged low-confidence, pierce time cut off).",2079,1,Laser Cut,,10000,19.05,1226.0,1120.0,9.62,Steel
sheetMetalNestingCutRate,lookupTables/Component/sheetMetalNestingCutRate.csv,USA reference export,"PARTIAL - Family 15 (Stainless Steel) OxyFuel/Plasma Cut/Plasma Punch complete; Family 2 (Steel) Fiber Laser Cut in progress, stopped at Oxygen/1500W/5.00mm confirmed (6.00mm row flagged low-confidence, pierce time cut off).",2079,1,Laser Cut,,10000,25.4,933.0,933.0,10.0,Steel
sheetMetalNestingCutRate,lookupTables/Component/sheetMetalNestingCutRate.csv,USA reference export,"PARTIAL - Family 15 (Stainless Steel) OxyFuel/Plasma Cut/Plasma Punch complete; Family 2 (Steel) Fiber Laser Cut in progress, stopped at Oxygen/1500W/5.00mm confirmed (6.00mm row flagged low-confidence, pierce time cut off).",2079,1,OxyFuel Cut,,200,3.0,842.0,421.0,13.0,Steel
sheetMetalNestingCutRate,lookupTables/Component/sheetMetalNestingCutRate.csv,USA reference export,"PARTIAL - Family 15 (Stainless Steel) OxyFuel/Plasma Cut/Plasma Punch complete; Family 2 (Steel) Fiber Laser Cut in progress, stopped at Oxygen/1500W/5.00mm confirmed (6.00mm row flagged low-confidence, pierce time cut off).",2079,1,OxyFuel Cut,,200,4.0,733.0,366.0,13.0,Steel
sheetMetalNestingCutRate,lookupTables/Component/sheetMetalNestingCutRate.csv,USA reference export,"PARTIAL - Family 15 (Stainless Steel) OxyFuel/Plasma Cut/Plasma Punch complete; Family 2 (Steel) Fiber Laser Cut in progress, stopped at Oxygen/1500W/5.00mm confirmed (6.00mm row flagged low-confidence, pierce time cut off).",2079,1,OxyFuel Cut,,200,5.0,658.0,329.0,13.0,Steel
sheetMetalNestingCutRate,lookupTables/Component/sheetMetalNestingCutRate.csv,USA reference export,"PARTIAL - Family 15 (Stainless Steel) OxyFuel/Plasma Cut/Plasma Punch complete; Family 2 (Steel) Fiber Laser Cut in progress, stopped at Oxygen/1500W/5.00mm confirmed (6.00mm row flagged low-confidence, pierce time cut off).",2079,1,OxyFuel Cut,,200,6.0,603.0,301.0,13.0,Steel
sheetMetalNestingCutRate,lookupTables/Component/sheetMetalNestingCutRate.csv,USA reference export,"PARTIAL - Family 15 (Stainless Steel) OxyFuel/Plasma Cut/Plasma Punch complete; Family 2 (Steel) Fiber Laser Cut in progress, stopped at Oxygen/1500W/5.00mm confirmed (6.00mm row flagged low-confidence, pierce time cut off).",2079,1,OxyFuel Cut,,200,7.0,559.0,280.0,13.0,Steel
sheetMetalNestingCutRate,lookupTables/Component/sheetMetalNestingCutRate.csv,USA reference export,"PARTIAL - Family 15 (Stainless Steel) OxyFuel/Plasma Cut/Plasma Punch complete; Family 2 (Steel) Fiber Laser Cut in progress, stopped at Oxygen/1500W/5.00mm confirmed (6.00mm row flagged low-confidence, pierce time cut off).",2079,1,OxyFuel Cut,,200,8.0,524.0,262.0,13.0,Steel
sheetMetalNestingCutRate,lookupTables/Component/sheetMetalNestingCutRate.csv,USA reference export,"PARTIAL - Family 15 (Stainless Steel) OxyFuel/Plasma Cut/Plasma Punch complete; Family 2 (Steel) Fiber Laser Cut in progress, stopped at Oxygen/1500W/5.00mm confirmed (6.00mm row flagged low-confidence, pierce time cut off).",2079,1,OxyFuel Cut,,200,9.0,495.0,248.0,13.0,Steel
sheetMetalNestingCutRate,lookupTables/Component/sheetMetalNestingCutRate.csv,USA reference export,"PARTIAL - Family 15 (Stainless Steel) OxyFuel/Plasma Cut/Plasma Punch complete; Family 2 (Steel) Fiber Laser Cut in progress, stopped at Oxygen/1500W/5.00mm confirmed (6.00mm row flagged low-confidence, pierce time cut off).",2079,1,OxyFuel Cut,,200,10.0,471.0,235.0,13.0,Steel
sheetMetalNestingCutRate,lookupTables/Component/sheetMetalNestingCutRate.csv,USA reference export,"PARTIAL - Family 15 (Stainless Steel) OxyFuel/Plasma Cut/Plasma Punch complete; Family 2 (Steel) Fiber Laser Cut in progress, stopped at Oxygen/1500W/5.00mm confirmed (6.00mm row flagged low-confidence, pierce time cut off).",2079,1,OxyFuel Cut,,200,11.0,450.0,225.0,13.0,Steel
sheetMetalNestingCutRate,lookupTables/Component/sheetMetalNestingCutRate.csv,USA reference export,"PARTIAL - Family 15 (Stainless Steel) OxyFuel/Plasma Cut/Plasma Punch complete; Family 2 (Steel) Fiber Laser Cut in progress, stopped at Oxygen/1500W/5.00mm confirmed (6.00mm row flagged low-confidence, pierce time cut off).",2079,1,OxyFuel Cut,,200,12.0,431.0,216.0,13.0,Steel
sheetMetalNestingCutRate,lookupTables/Component/sheetMetalNestingCutRate.csv,USA reference export,"PARTIAL - Family 15 (Stainless Steel) OxyFuel/Plasma Cut/Plasma Punch complete; Family 2 (Steel) Fiber Laser Cut in progress, stopped at Oxygen/1500W/5.00mm confirmed (6.00mm row flagged low-confidence, pierce time cut off).",2079,1,OxyFuel Cut,,200,13.0,415.0,207.0,13.0,Steel
sheetMetalNestingCutRate,lookupTables/Component/sheetMetalNestingCutRate.csv,USA reference export,"PARTIAL - Family 15 (Stainless Steel) OxyFuel/Plasma Cut/Plasma Punch complete; Family 2 (Steel) Fiber Laser Cut in progress, stopped at Oxygen/1500W/5.00mm confirmed (6.00mm row flagged low-confidence, pierce time cut off).",2079,1,OxyFuel Cut,,200,14.0,400.0,200.0,13.0,Steel
sheetMetalNestingCutRate,lookupTables/Component/sheetMetalNestingCutRate.csv,USA reference export,"PARTIAL - Family 15 (Stainless Steel) OxyFuel/Plasma Cut/Plasma Punch complete; Family 2 (Steel) Fiber Laser Cut in progress, stopped at Oxygen/1500W/5.00mm confirmed (6.00mm row flagged low-confidence, pierce time cut off).",2079,1,OxyFuel Cut,,200,15.0,387.0,194.0,13.0,Steel
sheetMetalNestingCutRate,lookupTables/Component/sheetMetalNestingCutRate.csv,USA reference export,"PARTIAL - Family 15 (Stainless Steel) OxyFuel/Plasma Cut/Plasma Punch complete; Family 2 (Steel) Fiber Laser Cut in progress, stopped at Oxygen/1500W/5.00mm confirmed (6.00mm row flagged low-confidence, pierce time cut off).",2079,1,OxyFuel Cut,,200,16.0,375.0,188.0,13.0,Steel
sheetMetalNestingCutRate,lookupTables/Component/sheetMetalNestingCutRate.csv,USA reference export,"PARTIAL - Family 15 (Stainless Steel) OxyFuel/Plasma Cut/Plasma Punch complete; Family 2 (Steel) Fiber Laser Cut in progress, stopped at Oxygen/1500W/5.00mm confirmed (6.00mm row flagged low-confidence, pierce time cut off).",2079,1,OxyFuel Cut,,200,17.0,365.0,182.0,13.0,Steel
sheetMetalNestingCutRate,lookupTables/Component/sheetMetalNestingCutRate.csv,USA reference export,"PARTIAL - Family 15 (Stainless Steel) OxyFuel/Plasma Cut/Plasma Punch complete; Family 2 (Steel) Fiber Laser Cut in progress, stopped at Oxygen/1500W/5.00mm confirmed (6.00mm row flagged low-confidence, pierce time cut off).",2079,1,OxyFuel Cut,,200,18.0,355.0,177.0,13.0,Steel
sheetMetalNestingCutRate,lookupTables/Component/sheetMetalNestingCutRate.csv,USA reference export,"PARTIAL - Family 15 (Stainless Steel) OxyFuel/Plasma Cut/Plasma Punch complete; Family 2 (Steel) Fiber Laser Cut in progress, stopped at Oxygen/1500W/5.00mm confirmed (6.00mm row flagged low-confidence, pierce time cut off).",2079,1,OxyFuel Cut,,200,19.0,346.0,173.0,13.0,Steel
sheetMetalNestingCutRate,lookupTables/Component/sheetMetalNestingCutRate.csv,USA reference export,"PARTIAL - Family 15 (Stainless Steel) OxyFuel/Plasma Cut/Plasma Punch complete; Family 2 (Steel) Fiber Laser Cut in progress, stopped at Oxygen/1500W/5.00mm confirmed (6.00mm row flagged low-confidence, pierce time cut off).",2079,1,OxyFuel Cut,,200,20.0,337.0,169.0,13.0,Steel
sheetMetalNestingCutRate,lookupTables/Component/sheetMetalNestingCutRate.csv,USA reference export,"PARTIAL - Family 15 (Stainless Steel) OxyFuel/Plasma Cut/Plasma Punch complete; Family 2 (Steel) Fiber Laser Cut in progress, stopped at Oxygen/1500W/5.00mm confirmed (6.00mm row flagged low-confidence, pierce time cut off).",2079,1,OxyFuel Cut,,200,21.0,329.0,165.0,13.0,Steel
sheetMetalNestingCutRate,lookupTables/Component/sheetMetalNestingCutRate.csv,USA reference export,"PARTIAL - Family 15 (Stainless Steel) OxyFuel/Plasma Cut/Plasma Punch complete; Family 2 (Steel) Fiber Laser Cut in progress, stopped at Oxygen/1500W/5.00mm confirmed (6.00mm row flagged low-confidence, pierce time cut off).",2079,1,OxyFuel Cut,,200,22.0,322.0,161.0,13.0,Steel
sheetMetalNestingCutRate,lookupTables/Component/sheetMetalNestingCutRate.csv,USA reference export,"PARTIAL - Family 15 (Stainless Steel) OxyFuel/Plasma Cut/Plasma Punch complete; Family 2 (Steel) Fiber Laser Cut in progress, stopped at Oxygen/1500W/5.00mm confirmed (6.00mm row flagged low-confidence, pierce time cut off).",2079,1,OxyFuel Cut,,200,23.0,315.0,158.0,13.0,Steel
sheetMetalNestingCutRate,lookupTables/Component/sheetMetalNestingCutRate.csv,USA reference export,"PARTIAL - Family 15 (Stainless Steel) OxyFuel/Plasma Cut/Plasma Punch complete; Family 2 (Steel) Fiber Laser Cut in progress, stopped at Oxygen/1500W/5.00mm confirmed (6.00mm row flagged low-confidence, pierce time cut off).",2079,1,OxyFuel Cut,,200,24.0,309.0,154.0,13.0,Steel
sheetMetalNestingCutRate,lookupTables/Component/sheetMetalNestingCutRate.csv,USA reference export,"PARTIAL - Family 15 (Stainless Steel) OxyFuel/Plasma Cut/Plasma Punch complete; Family 2 (Steel) Fiber Laser Cut in progress, stopped at Oxygen/1500W/5.00mm confirmed (6.00mm row flagged low-confidence, pierce time cut off).",2079,1,OxyFuel Cut,,200,25.0,303.0,151.0,13.0,Steel
sheetMetalNestingCutRate,lookupTables/Component/sheetMetalNestingCutRate.csv,USA reference export,"PARTIAL - Family 15 (Stainless Steel) OxyFuel/Plasma Cut/Plasma Punch complete; Family 2 (Steel) Fiber Laser Cut in progress, stopped at Oxygen/1500W/5.00mm confirmed (6.00mm row flagged low-confidence, pierce time cut off).",2079,1,OxyFuel Cut,,200,27.0,292.0,146.0,13.0,Steel
sheetMetalNestingCutRate,lookupTables/Component/sheetMetalNestingCutRate.csv,USA reference export,"PARTIAL - Family 15 (Stainless Steel) OxyFuel/Plasma Cut/Plasma Punch complete; Family 2 (Steel) Fiber Laser Cut in progress, stopped at Oxygen/1500W/5.00mm confirmed (6.00mm row flagged low-confidence, pierce time cut off).",2079,1,OxyFuel Cut,,200,29.0,282.0,141.0,13.0,Steel
sheetMetalNestingCutRate,lookupTables/Component/sheetMetalNestingCutRate.csv,USA reference export,"PARTIAL - Family 15 (Stainless Steel) OxyFuel/Plasma Cut/Plasma Punch complete; Family 2 (Steel) Fiber Laser Cut in progress, stopped at Oxygen/1500W/5.00mm confirmed (6.00mm row flagged low-confidence, pierce time cut off).",2079,1,OxyFuel Cut,,200,31.0,273.0,136.0,13.0,Steel
sheetMetalNestingCutRate,lookupTables/Component/sheetMetalNestingCutRate.csv,USA reference export,"PARTIAL - Family 15 (Stainless Steel) OxyFuel/Plasma Cut/Plasma Punch complete; Family 2 (Steel) Fiber Laser Cut in progress, stopped at Oxygen/1500W/5.00mm confirmed (6.00mm row flagged low-confidence, pierce time cut off).",2079,1,OxyFuel Cut,,200,33.0,265.0,132.0,13.0,Steel
sheetMetalNestingCutRate,lookupTables/Component/sheetMetalNestingCutRate.csv,USA reference export,"PARTIAL - Family 15 (Stainless Steel) OxyFuel/Plasma Cut/Plasma Punch complete; Family 2 (Steel) Fiber Laser Cut in progress, stopped at Oxygen/1500W/5.00mm confirmed (6.00mm row flagged low-confidence, pierce time cut off).",2079,1,OxyFuel Cut,,200,35.0,257.0,129.0,13.0,Steel
sheetMetalNestingCutRate,lookupTables/Component/sheetMetalNestingCutRate.csv,USA reference export,"PARTIAL - Family 15 (Stainless Steel) OxyFuel/Plasma Cut/Plasma Punch complete; Family 2 (Steel) Fiber Laser Cut in progress, stopped at Oxygen/1500W/5.00mm confirmed (6.00mm row flagged low-confidence, pierce time cut off).",2079,1,OxyFuel Cut,,200,37.0,250.0,125.0,13.0,Steel
sheetMetalNestingCutRate,lookupTables/Component/sheetMetalNestingCutRate.csv,USA reference export,"PARTIAL - Family 15 (Stainless Steel) OxyFuel/Plasma Cut/Plasma Punch complete; Family 2 (Steel) Fiber Laser Cut in progress, stopped at Oxygen/1500W/5.00mm confirmed (6.00mm row flagged low-confidence, pierce time cut off).",2079,1,OxyFuel Cut,,200,39.0,244.0,122.0,13.0,Steel
sheetMetalNestingCutRate,lookupTables/Component/sheetMetalNestingCutRate.csv,USA reference export,"PARTIAL - Family 15 (Stainless Steel) OxyFuel/Plasma Cut/Plasma Punch complete; Family 2 (Steel) Fiber Laser Cut in progress, stopped at Oxygen/1500W/5.00mm confirmed (6.00mm row flagged low-confidence, pierce time cut off).",2079,1,OxyFuel Cut,,200,41.0,238.0,119.0,13.0,Steel
sheetMetalNestingCutRate,lookupTables/Component/sheetMetalNestingCutRate.csv,USA reference export,"PARTIAL - Family 15 (Stainless Steel) OxyFuel/Plasma Cut/Plasma Punch complete; Family 2 (Steel) Fiber Laser Cut in progress, stopped at Oxygen/1500W/5.00mm confirmed (6.00mm row flagged low-confidence, pierce time cut off).",2079,1,OxyFuel Cut,,200,43.0,233.0,116.0,13.0,Steel
sheetMetalNestingCutRate,lookupTables/Component/sheetMetalNestingCutRate.csv,USA reference export,"PARTIAL - Family 15 (Stainless Steel) OxyFuel/Plasma Cut/Plasma Punch complete; Family 2 (Steel) Fiber Laser Cut in progress, stopped at Oxygen/1500W/5.00mm confirmed (6.00mm row flagged low-confidence, pierce time cut off).",2079,1,OxyFuel Cut,,200,45.0,228.0,114.0,13.0,Steel
sheetMetalNestingCutRate,lookupTables/Component/sheetMetalNestingCutRate.csv,USA reference export,"PARTIAL - Family 15 (Stainless Steel) OxyFuel/Plasma Cut/Plasma Punch complete; Family 2 (Steel) Fiber Laser Cut in progress, stopped at Oxygen/1500W/5.00mm confirmed (6.00mm row flagged low-confidence, pierce time cut off).",2079,1,OxyFuel Cut,,200,47.0,223.0,112.0,13.0,Steel
sheetMetalNestingCutRate,lookupTables/Component/sheetMetalNestingCutRate.csv,USA reference export,"PARTIAL - Family 15 (Stainless Steel) OxyFuel/Plasma Cut/Plasma Punch complete; Family 2 (Steel) Fiber Laser Cut in progress, stopped at Oxygen/1500W/5.00mm confirmed (6.00mm row flagged low-confidence, pierce time cut off).",2079,1,OxyFuel Cut,,200,49.0,219.0,109.0,13.0,Steel
sheetMetalNestingCutRate,lookupTables/Component/sheetMetalNestingCutRate.csv,USA reference export,"PARTIAL - Family 15 (Stainless Steel) OxyFuel/Plasma Cut/Plasma Punch complete; Family 2 (Steel) Fiber Laser Cut in progress, stopped at Oxygen/1500W/5.00mm confirmed (6.00mm row flagged low-confidence, pierce time cut off).",2079,1,OxyFuel Cut,,200,50.0,217.0,108.0,13.0,Steel
sheetMetalNestingCutRate,lookupTables/Component/sheetMetalNestingCutRate.csv,USA reference export,"PARTIAL - Family 15 (Stainless Steel) OxyFuel/Plasma Cut/Plasma Punch complete; Family 2 (Steel) Fiber Laser Cut in progress, stopped at Oxygen/1500W/5.00mm confirmed (6.00mm row flagged low-confidence, pierce time cut off).",2079,1,OxyFuel Cut,,200,52.0,213.0,106.0,13.0,Steel
sheetMetalNestingCutRate,lookupTables/Component/sheetMetalNestingCutRate.csv,USA reference export,"PARTIAL - Family 15 (Stainless Steel) OxyFuel/Plasma Cut/Plasma Punch complete; Family 2 (Steel) Fiber Laser Cut in progress, stopped at Oxygen/1500W/5.00mm confirmed (6.00mm row flagged low-confidence, pierce time cut off).",2079,1,OxyFuel Cut,,200,54.0,209.0,104.0,13.0,Steel
sheetMetalNestingCutRate,lookupTables/Component/sheetMetalNestingCutRate.csv,USA reference export,"PARTIAL - Family 15 (Stainless Steel) OxyFuel/Plasma Cut/Plasma Punch complete; Family 2 (Steel) Fiber Laser Cut in progress, stopped at Oxygen/1500W/5.00mm confirmed (6.00mm row flagged low-confidence, pierce time cut off).",2079,1,OxyFuel Cut,,200,56.0,205.0,103.0,13.0,Steel
sheetMetalNestingCutRate,lookupTables/Component/sheetMetalNestingCutRate.csv,USA reference export,"PARTIAL - Family 15 (Stainless Steel) OxyFuel/Plasma Cut/Plasma Punch complete; Family 2 (Steel) Fiber Laser Cut in progress, stopped at Oxygen/1500W/5.00mm confirmed (6.00mm row flagged low-confidence, pierce time cut off).",2079,1,OxyFuel Cut,,200,58.0,202.0,101.0,13.0,Steel
sheetMetalNestingCutRate,lookupTables/Component/sheetMetalNestingCutRate.csv,USA reference export,"PARTIAL - Family 15 (Stainless Steel) OxyFuel/Plasma Cut/Plasma Punch complete; Family 2 (Steel) Fiber Laser Cut in progress, stopped at Oxygen/1500W/5.00mm confirmed (6.00mm row flagged low-confidence, pierce time cut off).",2079,1,OxyFuel Cut,,200,60.0,198.0,99.0,13.0,Steel
sheetMetalNestingCutRate,lookupTables/Component/sheetMetalNestingCutRate.csv,USA reference export,"PARTIAL - Family 15 (Stainless Steel) OxyFuel/Plasma Cut/Plasma Punch complete; Family 2 (Steel) Fiber Laser Cut in progress, stopped at Oxygen/1500W/5.00mm confirmed (6.00mm row flagged low-confidence, pierce time cut off).",2079,1,OxyFuel Cut,,200,62.0,195.0,98.0,13.0,Steel
sheetMetalNestingCutRate,lookupTables/Component/sheetMetalNestingCutRate.csv,USA reference export,"PARTIAL - Family 15 (Stainless Steel) OxyFuel/Plasma Cut/Plasma Punch complete; Family 2 (Steel) Fiber Laser Cut in progress, stopped at Oxygen/1500W/5.00mm confirmed (6.00mm row flagged low-confidence, pierce time cut off).",2079,1,OxyFuel Cut,,200,64.0,192.0,96.0,13.0,Steel
sheetMetalNestingCutRate,lookupTables/Component/sheetMetalNestingCutRate.csv,USA reference export,"PARTIAL - Family 15 (Stainless Steel) OxyFuel/Plasma Cut/Plasma Punch complete; Family 2 (Steel) Fiber Laser Cut in progress, stopped at Oxygen/1500W/5.00mm confirmed (6.00mm row flagged low-confidence, pierce time cut off).",2079,1,OxyFuel Cut,,200,66.0,189.0,95.0,13.0,Steel
sheetMetalNestingCutRate,lookupTables/Component/sheetMetalNestingCutRate.csv,USA reference export,"PARTIAL - Family 15 (Stainless Steel) OxyFuel/Plasma Cut/Plasma Punch complete; Family 2 (Steel) Fiber Laser Cut in progress, stopped at Oxygen/1500W/5.00mm confirmed (6.00mm row flagged low-confidence, pierce time cut off).",2079,1,OxyFuel Cut,,200,68.0,187.0,93.0,13.0,Steel
sheetMetalNestingCutRate,lookupTables/Component/sheetMetalNestingCutRate.csv,USA reference export,"PARTIAL - Family 15 (Stainless Steel) OxyFuel/Plasma Cut/Plasma Punch complete; Family 2 (Steel) Fiber Laser Cut in progress, stopped at Oxygen/1500W/5.00mm confirmed (6.00mm row flagged low-confidence, pierce time cut off).",2079,1,OxyFuel Cut,,200,70.0,184.0,92.0,13.0,Steel
sheetMetalNestingCutRate,lookupTables/Component/sheetMetalNestingCutRate.csv,USA reference export,"PARTIAL - Family 15 (Stainless Steel) OxyFuel/Plasma Cut/Plasma Punch complete; Family 2 (Steel) Fiber Laser Cut in progress, stopped at Oxygen/1500W/5.00mm confirmed (6.00mm row flagged low-confidence, pierce time cut off).",2079,1,OxyFuel Cut,,200,72.0,182.0,91.0,13.0,Steel
sheetMetalNestingCutRate,lookupTables/Component/sheetMetalNestingCutRate.csv,USA reference export,"PARTIAL - Family 15 (Stainless Steel) OxyFuel/Plasma Cut/Plasma Punch complete; Family 2 (Steel) Fiber Laser Cut in progress, stopped at Oxygen/1500W/5.00mm confirmed (6.00mm row flagged low-confidence, pierce time cut off).",2079,1,OxyFuel Cut,,200,74.0,179.0,90.0,13.0,Steel
sheetMetalNestingCutRate,lookupTables/Component/sheetMetalNestingCutRate.csv,USA reference export,"PARTIAL - Family 15 (Stainless Steel) OxyFuel/Plasma Cut/Plasma Punch complete; Family 2 (Steel) Fiber Laser Cut in progress, stopped at Oxygen/1500W/5.00mm confirmed (6.00mm row flagged low-confidence, pierce time cut off).",2079,1,OxyFuel Cut,,200,76.0,177.0,88.0,13.0,Steel
sheetMetalNestingCutRate,lookupTables/Component/sheetMetalNestingCutRate.csv,USA reference export,"PARTIAL - Family 15 (Stainless Steel) OxyFuel/Plasma Cut/Plasma Punch complete; Family 2 (Steel) Fiber Laser Cut in progress, stopped at Oxygen/1500W/5.00mm confirmed (6.00mm row flagged low-confidence, pierce time cut off).",2079,1,OxyFuel Cut,,200,78.0,175.0,87.0,13.0,Steel
sheetMetalNestingCutRate,lookupTables/Component/sheetMetalNestingCutRate.csv,USA reference export,"PARTIAL - Family 15 (Stainless Steel) OxyFuel/Plasma Cut/Plasma Punch complete; Family 2 (Steel) Fiber Laser Cut in progress, stopped at Oxygen/1500W/5.00mm confirmed (6.00mm row flagged low-confidence, pierce time cut off).",2079,1,OxyFuel Cut,,200,80.0,173.0,86.0,13.0,Steel
sheetMetalNestingCutRate,lookupTables/Component/sheetMetalNestingCutRate.csv,USA reference export,"PARTIAL - Family 15 (Stainless Steel) OxyFuel/Plasma Cut/Plasma Punch complete; Family 2 (Steel) Fiber Laser Cut in progress, stopped at Oxygen/1500W/5.00mm confirmed (6.00mm row flagged low-confidence, pierce time cut off).",2079,1,OxyFuel Cut,,200,82.0,171.0,85.0,13.0,Steel
sheetMetalNestingCutRate,lookupTables/Component/sheetMetalNestingCutRate.csv,USA reference export,"PARTIAL - Family 15 (Stainless Steel) OxyFuel/Plasma Cut/Plasma Punch complete; Family 2 (Steel) Fiber Laser Cut in progress, stopped at Oxygen/1500W/5.00mm confirmed (6.00mm row flagged low-confidence, pierce time cut off).",2079,1,OxyFuel Cut,,200,84.0,169.0,84.0,13.0,Steel
sheetMetalNestingCutRate,lookupTables/Component/sheetMetalNestingCutRate.csv,USA reference export,"PARTIAL - Family 15 (Stainless Steel) OxyFuel/Plasma Cut/Plasma Punch complete; Family 2 (Steel) Fiber Laser Cut in progress, stopped at Oxygen/1500W/5.00mm confirmed (6.00mm row flagged low-confidence, pierce time cut off).",2079,1,OxyFuel Cut,,200,86.0,167.0,83.0,13.0,Steel
sheetMetalNestingCutRate,lookupTables/Component/sheetMetalNestingCutRate.csv,USA reference export,"PARTIAL - Family 15 (Stainless Steel) OxyFuel/Plasma Cut/Plasma Punch complete; Family 2 (Steel) Fiber Laser Cut in progress, stopped at Oxygen/1500W/5.00mm confirmed (6.00mm row flagged low-confidence, pierce time cut off).",2079,1,OxyFuel Cut,,200,88.0,165.0,82.0,13.0,Steel
sheetMetalNestingCutRate,lookupTables/Component/sheetMetalNestingCutRate.csv,USA reference export,"PARTIAL - Family 15 (Stainless Steel) OxyFuel/Plasma Cut/Plasma Punch complete; Family 2 (Steel) Fiber Laser Cut in progress, stopped at Oxygen/1500W/5.00mm confirmed (6.00mm row flagged low-confidence, pierce time cut off).",2079,1,OxyFuel Cut,,200,90.0,163.0,82.0,13.0,Steel
sheetMetalNestingCutRate,lookupTables/Component/sheetMetalNestingCutRate.csv,USA reference export,"PARTIAL - Family 15 (Stainless Steel) OxyFuel/Plasma Cut/Plasma Punch complete; Family 2 (Steel) Fiber Laser Cut in progress, stopped at Oxygen/1500W/5.00mm confirmed (6.00mm row flagged low-confidence, pierce time cut off).",2079,1,OxyFuel Cut,,200,92.0,161.0,81.0,13.0,Steel
sheetMetalNestingCutRate,lookupTables/Component/sheetMetalNestingCutRate.csv,USA reference export,"PARTIAL - Family 15 (Stainless Steel) OxyFuel/Plasma Cut/Plasma Punch complete; Family 2 (Steel) Fiber Laser Cut in progress, stopped at Oxygen/1500W/5.00mm confirmed (6.00mm row flagged low-confidence, pierce time cut off).",2079,1,OxyFuel Cut,,200,94.0,160.0,80.0,13.0,Steel
sheetMetalNestingCutRate,lookupTables/Component/sheetMetalNestingCutRate.csv,USA reference export,"PARTIAL - Family 15 (Stainless Steel) OxyFuel/Plasma Cut/Plasma Punch complete; Family 2 (Steel) Fiber Laser Cut in progress, stopped at Oxygen/1500W/5.00mm confirmed (6.00mm row flagged low-confidence, pierce time cut off).",2079,1,OxyFuel Cut,,200,96.0,158.0,79.0,13.0,Steel
sheetMetalNestingCutRate,lookupTables/Component/sheetMetalNestingCutRate.csv,USA reference export,"PARTIAL - Family 15 (Stainless Steel) OxyFuel/Plasma Cut/Plasma Punch complete; Family 2 (Steel) Fiber Laser Cut in progress, stopped at Oxygen/1500W/5.00mm confirmed (6.00mm row flagged low-confidence, pierce time cut off).",2079,1,OxyFuel Cut,,200,98.0,157.0,78.0,13.0,Steel
sheetMetalNestingCutRate,lookupTables/Component/sheetMetalNestingCutRate.csv,USA reference export,"PARTIAL - Family 15 (Stainless Steel) OxyFuel/Plasma Cut/Plasma Punch complete; Family 2 (Steel) Fiber Laser Cut in progress, stopped at Oxygen/1500W/5.00mm confirmed (6.00mm row flagged low-confidence, pierce time cut off).",2079,1,OxyFuel Cut,,200,100.0,155.0,78.0,13.0,Steel
sheetMetalNestingCutRate,lookupTables/Component/sheetMetalNestingCutRate.csv,USA reference export,"PARTIAL - Family 15 (Stainless Steel) OxyFuel/Plasma Cut/Plasma Punch complete; Family 2 (Steel) Fiber Laser Cut in progress, stopped at Oxygen/1500W/5.00mm confirmed (6.00mm row flagged low-confidence, pierce time cut off).",2079,1,OxyFuel Cut,,200,105.0,151.0,76.0,13.0,Steel
sheetMetalNestingCutRate,lookupTables/Component/sheetMetalNestingCutRate.csv,USA reference export,"PARTIAL - Family 15 (Stainless Steel) OxyFuel/Plasma Cut/Plasma Punch complete; Family 2 (Steel) Fiber Laser Cut in progress, stopped at Oxygen/1500W/5.00mm confirmed (6.00mm row flagged low-confidence, pierce time cut off).",2079,1,OxyFuel Cut,,200,110.0,148.0,74.0,13.0,Steel
sheetMetalNestingCutRate,lookupTables/Component/sheetMetalNestingCutRate.csv,USA reference export,"PARTIAL - Family 15 (Stainless Steel) OxyFuel/Plasma Cut/Plasma Punch complete; Family 2 (Steel) Fiber Laser Cut in progress, stopped at Oxygen/1500W/5.00mm confirmed (6.00mm row flagged low-confidence, pierce time cut off).",2079,1,OxyFuel Cut,,200,115.0,145.0,72.0,13.0,Steel
sheetMetalNestingCutRate,lookupTables/Component/sheetMetalNestingCutRate.csv,USA reference export,"PARTIAL - Family 15 (Stainless Steel) OxyFuel/Plasma Cut/Plasma Punch complete; Family 2 (Steel) Fiber Laser Cut in progress, stopped at Oxygen/1500W/5.00mm confirmed (6.00mm row flagged low-confidence, pierce time cut off).",2079,1,OxyFuel Cut,,200,120.0,142.0,71.0,13.0,Steel
sheetMetalNestingCutRate,lookupTables/Component/sheetMetalNestingCutRate.csv,USA reference export,"PARTIAL - Family 15 (Stainless Steel) OxyFuel/Plasma Cut/Plasma Punch complete; Family 2 (Steel) Fiber Laser Cut in progress, stopped at Oxygen/1500W/5.00mm confirmed (6.00mm row flagged low-confidence, pierce time cut off).",2079,1,OxyFuel Cut,,200,125.0,139.0,70.0,13.0,Steel
sheetMetalNestingCutRate,lookupTables/Component/sheetMetalNestingCutRate.csv,USA reference export,"PARTIAL - Family 15 (Stainless Steel) OxyFuel/Plasma Cut/Plasma Punch complete; Family 2 (Steel) Fiber Laser Cut in progress, stopped at Oxygen/1500W/5.00mm confirmed (6.00mm row flagged low-confidence, pierce time cut off).",2079,1,OxyFuel Cut,,200,130.0,137.0,68.0,13.0,Steel
sheetMetalNestingCutRate,lookupTables/Component/sheetMetalNestingCutRate.csv,USA reference export,"PARTIAL - Family 15 (Stainless Steel) OxyFuel/Plasma Cut/Plasma Punch complete; Family 2 (Steel) Fiber Laser Cut in progress, stopped at Oxygen/1500W/5.00mm confirmed (6.00mm row flagged low-confidence, pierce time cut off).",2079,1,OxyFuel Cut,,200,135.0,134.0,67.0,13.0,Steel
sheetMetalNestingCutRate,lookupTables/Component/sheetMetalNestingCutRate.csv,USA reference export,"PARTIAL - Family 15 (Stainless Steel) OxyFuel/Plasma Cut/Plasma Punch complete; Family 2 (Steel) Fiber Laser Cut in progress, stopped at Oxygen/1500W/5.00mm confirmed (6.00mm row flagged low-confidence, pierce time cut off).",2079,1,OxyFuel Cut,,200,140.0,132.0,66.0,13.0,Steel
sheetMetalNestingCutRate,lookupTables/Component/sheetMetalNestingCutRate.csv,USA reference export,"PARTIAL - Family 15 (Stainless Steel) OxyFuel/Plasma Cut/Plasma Punch complete; Family 2 (Steel) Fiber Laser Cut in progress, stopped at Oxygen/1500W/5.00mm confirmed (6.00mm row flagged low-confidence, pierce time cut off).",2079,1,OxyFuel Cut,,200,145.0,130.0,65.0,13.0,Steel
sheetMetalNestingCutRate,lookupTables/Component/sheetMetalNestingCutRate.csv,USA reference export,"PARTIAL - Family 15 (Stainless Steel) OxyFuel/Plasma Cut/Plasma Punch complete; Family 2 (Steel) Fiber Laser Cut in progress, stopped at Oxygen/1500W/5.00mm confirmed (6.00mm row flagged low-confidence, pierce time cut off).",2079,1,OxyFuel Cut,,200,150.0,127.0,64.0,13.0,Steel
sheetMetalNestingCutRate,lookupTables/Component/sheetMetalNestingCutRate.csv,USA reference export,"PARTIAL - Family 15 (Stainless Steel) OxyFuel/Plasma Cut/Plasma Punch complete; Family 2 (Steel) Fiber Laser Cut in progress, stopped at Oxygen/1500W/5.00mm confirmed (6.00mm row flagged low-confidence, pierce time cut off).",2079,1,OxyFuel Cut,,200,155.0,125.0,63.0,13.0,Steel
sheetMetalNestingCutRate,lookupTables/Component/sheetMetalNestingCutRate.csv,USA reference export,"PARTIAL - Family 15 (Stainless Steel) OxyFuel/Plasma Cut/Plasma Punch complete; Family 2 (Steel) Fiber Laser Cut in progress, stopped at Oxygen/1500W/5.00mm confirmed (6.00mm row flagged low-confidence, pierce time cut off).",2079,1,OxyFuel Cut,,200,160.0,124.0,62.0,13.0,Steel
sheetMetalNestingCutRate,lookupTables/Component/sheetMetalNestingCutRate.csv,USA reference export,"PARTIAL - Family 15 (Stainless Steel) OxyFuel/Plasma Cut/Plasma Punch complete; Family 2 (Steel) Fiber Laser Cut in progress, stopped at Oxygen/1500W/5.00mm confirmed (6.00mm row flagged low-confidence, pierce time cut off).",2079,1,OxyFuel Cut,,200,165.0,122.0,61.0,13.0,Steel
sheetMetalNestingCutRate,lookupTables/Component/sheetMetalNestingCutRate.csv,USA reference export,"PARTIAL - Family 15 (Stainless Steel) OxyFuel/Plasma Cut/Plasma Punch complete; Family 2 (Steel) Fiber Laser Cut in progress, stopped at Oxygen/1500W/5.00mm confirmed (6.00mm row flagged low-confidence, pierce time cut off).",2079,1,OxyFuel Cut,,200,170.0,120.0,60.0,13.0,Steel
sheetMetalNestingCutRate,lookupTables/Component/sheetMetalNestingCutRate.csv,USA reference export,"PARTIAL - Family 15 (Stainless Steel) OxyFuel/Plasma Cut/Plasma Punch complete; Family 2 (Steel) Fiber Laser Cut in progress, stopped at Oxygen/1500W/5.00mm confirmed (6.00mm row flagged low-confidence, pierce time cut off).",2079,1,OxyFuel Cut,,200,175.0,118.0,59.0,13.0,Steel
sheetMetalNestingCutRate,lookupTables/Component/sheetMetalNestingCutRate.csv,USA reference export,"PARTIAL - Family 15 (Stainless Steel) OxyFuel/Plasma Cut/Plasma Punch complete; Family 2 (Steel) Fiber Laser Cut in progress, stopped at Oxygen/1500W/5.00mm confirmed (6.00mm row flagged low-confidence, pierce time cut off).",2079,1,OxyFuel Cut,,200,180.0,117.0,58.0,13.0,Steel
sheetMetalNestingCutRate,lookupTables/Component/sheetMetalNestingCutRate.csv,USA reference export,"PARTIAL - Family 15 (Stainless Steel) OxyFuel/Plasma Cut/Plasma Punch complete; Family 2 (Steel) Fiber Laser Cut in progress, stopped at Oxygen/1500W/5.00mm confirmed (6.00mm row flagged low-confidence, pierce time cut off).",2079,1,OxyFuel Cut,,200,185.0,115.0,58.0,13.0,Steel
sheetMetalNestingCutRate,lookupTables/Component/sheetMetalNestingCutRate.csv,USA reference export,"PARTIAL - Family 15 (Stainless Steel) OxyFuel/Plasma Cut/Plasma Punch complete; Family 2 (Steel) Fiber Laser Cut in progress, stopped at Oxygen/1500W/5.00mm confirmed (6.00mm row flagged low-confidence, pierce time cut off).",2079,1,OxyFuel Cut,,200,190.0,114.0,57.0,13.0,Steel
sheetMetalNestingCutRate,lookupTables/Component/sheetMetalNestingCutRate.csv,USA reference export,"PARTIAL - Family 15 (Stainless Steel) OxyFuel/Plasma Cut/Plasma Punch complete; Family 2 (Steel) Fiber Laser Cut in progress, stopped at Oxygen/1500W/5.00mm confirmed (6.00mm row flagged low-confidence, pierce time cut off).",2079,1,OxyFuel Cut,,200,195.0,112.0,56.0,13.0,Steel
sheetMetalNestingCutRate,lookupTables/Component/sheetMetalNestingCutRate.csv,USA reference export,"PARTIAL - Family 15 (Stainless Steel) OxyFuel/Plasma Cut/Plasma Punch complete; Family 2 (Steel) Fiber Laser Cut in progress, stopped at Oxygen/1500W/5.00mm confirmed (6.00mm row flagged low-confidence, pierce time cut off).",2079,1,OxyFuel Cut,,200,200.0,111.0,55.0,13.0,Steel
sheetMetalNestingCutRate,lookupTables/Component/sheetMetalNestingCutRate.csv,USA reference export,"PARTIAL - Family 15 (Stainless Steel) OxyFuel/Plasma Cut/Plasma Punch complete; Family 2 (Steel) Fiber Laser Cut in progress, stopped at Oxygen/1500W/5.00mm confirmed (6.00mm row flagged low-confidence, pierce time cut off).",2079,1,OxyFuel Cut,,200,205.0,110.0,55.0,13.0,Steel
sheetMetalNestingCutRate,lookupTables/Component/sheetMetalNestingCutRate.csv,USA reference export,"PARTIAL - Family 15 (Stainless Steel) OxyFuel/Plasma Cut/Plasma Punch complete; Family 2 (Steel) Fiber Laser Cut in progress, stopped at Oxygen/1500W/5.00mm confirmed (6.00mm row flagged low-confidence, pierce time cut off).",2079,1,OxyFuel Cut,,200,210.0,108.0,54.0,13.0,Steel
sheetMetalNestingCutRate,lookupTables/Component/sheetMetalNestingCutRate.csv,USA reference export,"PARTIAL - Family 15 (Stainless Steel) OxyFuel/Plasma Cut/Plasma Punch complete; Family 2 (Steel) Fiber Laser Cut in progress, stopped at Oxygen/1500W/5.00mm confirmed (6.00mm row flagged low-confidence, pierce time cut off).",2079,1,OxyFuel Cut,,200,215.0,107.0,54.0,13.0,Steel
sheetMetalNestingCutRate,lookupTables/Component/sheetMetalNestingCutRate.csv,USA reference export,"PARTIAL - Family 15 (Stainless Steel) OxyFuel/Plasma Cut/Plasma Punch complete; Family 2 (Steel) Fiber Laser Cut in progress, stopped at Oxygen/1500W/5.00mm confirmed (6.00mm row flagged low-confidence, pierce time cut off).",2079,1,OxyFuel Cut,,200,220.0,106.0,53.0,13.0,Steel
sheetMetalNestingCutRate,lookupTables/Component/sheetMetalNestingCutRate.csv,USA reference export,"PARTIAL - Family 15 (Stainless Steel) OxyFuel/Plasma Cut/Plasma Punch complete; Family 2 (Steel) Fiber Laser Cut in progress, stopped at Oxygen/1500W/5.00mm confirmed (6.00mm row flagged low-confidence, pierce time cut off).",2079,1,OxyFuel Cut,,200,225.0,105.0,52.0,13.0,Steel
sheetMetalNestingCutRate,lookupTables/Component/sheetMetalNestingCutRate.csv,USA reference export,"PARTIAL - Family 15 (Stainless Steel) OxyFuel/Plasma Cut/Plasma Punch complete; Family 2 (Steel) Fiber Laser Cut in progress, stopped at Oxygen/1500W/5.00mm confirmed (6.00mm row flagged low-confidence, pierce time cut off).",2079,1,OxyFuel Cut,,200,230.0,104.0,52.0,13.0,Steel
sheetMetalNestingCutRate,lookupTables/Component/sheetMetalNestingCutRate.csv,USA reference export,"PARTIAL - Family 15 (Stainless Steel) OxyFuel/Plasma Cut/Plasma Punch complete; Family 2 (Steel) Fiber Laser Cut in progress, stopped at Oxygen/1500W/5.00mm confirmed (6.00mm row flagged low-confidence, pierce time cut off).",2079,1,OxyFuel Cut,,200,235.0,103.0,51.0,13.0,Steel
sheetMetalNestingCutRate,lookupTables/Component/sheetMetalNestingCutRate.csv,USA reference export,"PARTIAL - Family 15 (Stainless Steel) OxyFuel/Plasma Cut/Plasma Punch complete; Family 2 (Steel) Fiber Laser Cut in progress, stopped at Oxygen/1500W/5.00mm confirmed (6.00mm row flagged low-confidence, pierce time cut off).",2079,1,OxyFuel Cut,,200,240.0,102.0,51.0,13.0,Steel
sheetMetalNestingCutRate,lookupTables/Component/sheetMetalNestingCutRate.csv,USA reference export,"PARTIAL - Family 15 (Stainless Steel) OxyFuel/Plasma Cut/Plasma Punch complete; Family 2 (Steel) Fiber Laser Cut in progress, stopped at Oxygen/1500W/5.00mm confirmed (6.00mm row flagged low-confidence, pierce time cut off).",2079,1,OxyFuel Cut,,200,245.0,101.0,50.0,13.0,Steel
sheetMetalNestingCutRate,lookupTables/Component/sheetMetalNestingCutRate.csv,USA reference export,"PARTIAL - Family 15 (Stainless Steel) OxyFuel/Plasma Cut/Plasma Punch complete; Family 2 (Steel) Fiber Laser Cut in progress, stopped at Oxygen/1500W/5.00mm confirmed (6.00mm row flagged low-confidence, pierce time cut off).",2079,1,OxyFuel Cut,,200,250.0,100.0,50.0,13.0,Steel
sheetMetalNestingCutRate,lookupTables/Component/sheetMetalNestingCutRate.csv,USA reference export,"PARTIAL - Family 15 (Stainless Steel) OxyFuel/Plasma Cut/Plasma Punch complete; Family 2 (Steel) Fiber Laser Cut in progress, stopped at Oxygen/1500W/5.00mm confirmed (6.00mm row flagged low-confidence, pierce time cut off).",2079,1,OxyFuel Cut,,200,255.0,99.0,49.0,13.0,Steel
sheetMetalNestingCutRate,lookupTables/Component/sheetMetalNestingCutRate.csv,USA reference export,"PARTIAL - Family 15 (Stainless Steel) OxyFuel/Plasma Cut/Plasma Punch complete; Family 2 (Steel) Fiber Laser Cut in progress, stopped at Oxygen/1500W/5.00mm confirmed (6.00mm row flagged low-confidence, pierce time cut off).",2079,1,OxyFuel Cut,,200,260.0,98.0,49.0,13.0,Steel
sheetMetalNestingCutRate,lookupTables/Component/sheetMetalNestingCutRate.csv,USA reference export,"PARTIAL - Family 15 (Stainless Steel) OxyFuel/Plasma Cut/Plasma Punch complete; Family 2 (Steel) Fiber Laser Cut in progress, stopped at Oxygen/1500W/5.00mm confirmed (6.00mm row flagged low-confidence, pierce time cut off).",2079,1,OxyFuel Cut,,200,265.0,97.0,48.0,13.0,Steel
sheetMetalNestingCutRate,lookupTables/Component/sheetMetalNestingCutRate.csv,USA reference export,"PARTIAL - Family 15 (Stainless Steel) OxyFuel/Plasma Cut/Plasma Punch complete; Family 2 (Steel) Fiber Laser Cut in progress, stopped at Oxygen/1500W/5.00mm confirmed (6.00mm row flagged low-confidence, pierce time cut off).",2079,1,OxyFuel Cut,,200,270.0,96.0,48.0,13.0,Steel
sheetMetalNestingCutRate,lookupTables/Component/sheetMetalNestingCutRate.csv,USA reference export,"PARTIAL - Family 15 (Stainless Steel) OxyFuel/Plasma Cut/Plasma Punch complete; Family 2 (Steel) Fiber Laser Cut in progress, stopped at Oxygen/1500W/5.00mm confirmed (6.00mm row flagged low-confidence, pierce time cut off).",2079,1,OxyFuel Cut,,200,275.0,95.0,47.0,13.0,Steel
sheetMetalNestingCutRate,lookupTables/Component/sheetMetalNestingCutRate.csv,USA reference export,"PARTIAL - Family 15 (Stainless Steel) OxyFuel/Plasma Cut/Plasma Punch complete; Family 2 (Steel) Fiber Laser Cut in progress, stopped at Oxygen/1500W/5.00mm confirmed (6.00mm row flagged low-confidence, pierce time cut off).",2079,1,OxyFuel Cut,,200,280.0,94.0,47.0,13.0,Steel
sheetMetalNestingCutRate,lookupTables/Component/sheetMetalNestingCutRate.csv,USA reference export,"PARTIAL - Family 15 (Stainless Steel) OxyFuel/Plasma Cut/Plasma Punch complete; Family 2 (Steel) Fiber Laser Cut in progress, stopped at Oxygen/1500W/5.00mm confirmed (6.00mm row flagged low-confidence, pierce time cut off).",2079,1,OxyFuel Cut,,200,285.0,94.0,46.0,13.0,Steel
sheetMetalNestingCutRate,lookupTables/Component/sheetMetalNestingCutRate.csv,USA reference export,"PARTIAL - Family 15 (Stainless Steel) OxyFuel/Plasma Cut/Plasma Punch complete; Family 2 (Steel) Fiber Laser Cut in progress, stopped at Oxygen/1500W/5.00mm confirmed (6.00mm row flagged low-confidence, pierce time cut off).",2079,1,OxyFuel Cut,,200,290.0,93.0,46.0,13.0,Steel
sheetMetalNestingCutRate,lookupTables/Component/sheetMetalNestingCutRate.csv,USA reference export,"PARTIAL - Family 15 (Stainless Steel) OxyFuel/Plasma Cut/Plasma Punch complete; Family 2 (Steel) Fiber Laser Cut in progress, stopped at Oxygen/1500W/5.00mm confirmed (6.00mm row flagged low-confidence, pierce time cut off).",2079,1,OxyFuel Cut,,200,295.0,92.0,46.0,13.0,Steel
sheetMetalNestingCutRate,lookupTables/Component/sheetMetalNestingCutRate.csv,USA reference export,"PARTIAL - Family 15 (Stainless Steel) OxyFuel/Plasma Cut/Plasma Punch complete; Family 2 (Steel) Fiber Laser Cut in progress, stopped at Oxygen/1500W/5.00mm confirmed (6.00mm row flagged low-confidence, pierce time cut off).",2079,1,OxyFuel Cut,,200,300.0,91.0,46.0,13.0,Steel
sheetMetalNestingCutRate,lookupTables/Component/sheetMetalNestingCutRate.csv,USA reference export,"PARTIAL - Family 15 (Stainless Steel) OxyFuel/Plasma Cut/Plasma Punch complete; Family 2 (Steel) Fiber Laser Cut in progress, stopped at Oxygen/1500W/5.00mm confirmed (6.00mm row flagged low-confidence, pierce time cut off).",2079,1,OxyFuel Cut,,200,305.0,91.0,45.0,13.0,Steel
sheetMetalNestingCutRate,lookupTables/Component/sheetMetalNestingCutRate.csv,USA reference export,"PARTIAL - Family 15 (Stainless Steel) OxyFuel/Plasma Cut/Plasma Punch complete; Family 2 (Steel) Fiber Laser Cut in progress, stopped at Oxygen/1500W/5.00mm confirmed (6.00mm row flagged low-confidence, pierce time cut off).",2079,1,Plasma Cut,,100,6.4,1037.0,519.0,7.0,Steel
sheetMetalNestingCutRate,lookupTables/Component/sheetMetalNestingCutRate.csv,USA reference export,"PARTIAL - Family 15 (Stainless Steel) OxyFuel/Plasma Cut/Plasma Punch complete; Family 2 (Steel) Fiber Laser Cut in progress, stopped at Oxygen/1500W/5.00mm confirmed (6.00mm row flagged low-confidence, pierce time cut off).",2079,1,Plasma Cut,,100,7.0,934.0,467.0,7.0,Steel
sheetMetalNestingCutRate,lookupTables/Component/sheetMetalNestingCutRate.csv,USA reference export,"PARTIAL - Family 15 (Stainless Steel) OxyFuel/Plasma Cut/Plasma Punch complete; Family 2 (Steel) Fiber Laser Cut in progress, stopped at Oxygen/1500W/5.00mm confirmed (6.00mm row flagged low-confidence, pierce time cut off).",2079,1,Plasma Cut,,100,8.0,798.0,399.0,7.0,Steel
sheetMetalNestingCutRate,lookupTables/Component/sheetMetalNestingCutRate.csv,USA reference export,"PARTIAL - Family 15 (Stainless Steel) OxyFuel/Plasma Cut/Plasma Punch complete; Family 2 (Steel) Fiber Laser Cut in progress, stopped at Oxygen/1500W/5.00mm confirmed (6.00mm row flagged low-confidence, pierce time cut off).",2079,1,Plasma Cut,,100,9.0,695.0,348.0,7.0,Steel
sheetMetalNestingCutRate,lookupTables/Component/sheetMetalNestingCutRate.csv,USA reference export,"PARTIAL - Family 15 (Stainless Steel) OxyFuel/Plasma Cut/Plasma Punch complete; Family 2 (Steel) Fiber Laser Cut in progress, stopped at Oxygen/1500W/5.00mm confirmed (6.00mm row flagged low-confidence, pierce time cut off).",2079,1,Plasma Cut,,100,10.0,614.0,307.0,7.0,Steel
sheetMetalNestingCutRate,lookupTables/Component/sheetMetalNestingCutRate.csv,USA reference export,"PARTIAL - Family 15 (Stainless Steel) OxyFuel/Plasma Cut/Plasma Punch complete; Family 2 (Steel) Fiber Laser Cut in progress, stopped at Oxygen/1500W/5.00mm confirmed (6.00mm row flagged low-confidence, pierce time cut off).",2079,1,Plasma Cut,,100,11.0,549.0,275.0,7.0,Steel
sheetMetalNestingCutRate,lookupTables/Component/sheetMetalNestingCutRate.csv,USA reference export,"PARTIAL - Family 15 (Stainless Steel) OxyFuel/Plasma Cut/Plasma Punch complete; Family 2 (Steel) Fiber Laser Cut in progress, stopped at Oxygen/1500W/5.00mm confirmed (6.00mm row flagged low-confidence, pierce time cut off).",2079,1,Plasma Cut,,100,12.0,496.0,248.0,7.0,Steel
sheetMetalNestingCutRate,lookupTables/Component/sheetMetalNestingCutRate.csv,USA reference export,"PARTIAL - Family 15 (Stainless Steel) OxyFuel/Plasma Cut/Plasma Punch complete; Family 2 (Steel) Fiber Laser Cut in progress, stopped at Oxygen/1500W/5.00mm confirmed (6.00mm row flagged low-confidence, pierce time cut off).",2079,1,Plasma Cut,,100,13.0,452.0,226.0,7.0,Steel
sheetMetalNestingCutRate,lookupTables/Component/sheetMetalNestingCutRate.csv,USA reference export,"PARTIAL - Family 15 (Stainless Steel) OxyFuel/Plasma Cut/Plasma Punch complete; Family 2 (Steel) Fiber Laser Cut in progress, stopped at Oxygen/1500W/5.00mm confirmed (6.00mm row flagged low-confidence, pierce time cut off).",2079,1,Plasma Cut,,200,6.4,1280.0,640.0,7.0,Steel
sheetMetalNestingCutRate,lookupTables/Component/sheetMetalNestingCutRate.csv,USA reference export,"PARTIAL - Family 15 (Stainless Steel) OxyFuel/Plasma Cut/Plasma Punch complete; Family 2 (Steel) Fiber Laser Cut in progress, stopped at Oxygen/1500W/5.00mm confirmed (6.00mm row flagged low-confidence, pierce time cut off).",2079,1,Plasma Cut,,200,7.0,1188.0,594.0,7.0,Steel
sheetMetalNestingCutRate,lookupTables/Component/sheetMetalNestingCutRate.csv,USA reference export,"PARTIAL - Family 15 (Stainless Steel) OxyFuel/Plasma Cut/Plasma Punch complete; Family 2 (Steel) Fiber Laser Cut in progress, stopped at Oxygen/1500W/5.00mm confirmed (6.00mm row flagged low-confidence, pierce time cut off).",2079,1,Plasma Cut,,200,8.0,1063.0,531.0,7.0,Steel
sheetMetalNestingCutRate,lookupTables/Component/sheetMetalNestingCutRate.csv,USA reference export,"PARTIAL - Family 15 (Stainless Steel) OxyFuel/Plasma Cut/Plasma Punch complete; Family 2 (Steel) Fiber Laser Cut in progress, stopped at Oxygen/1500W/5.00mm confirmed (6.00mm row flagged low-confidence, pierce time cut off).",2079,1,Plasma Cut,,200,9.0,963.0,482.0,7.0,Steel
sheetMetalNestingCutRate,lookupTables/Component/sheetMetalNestingCutRate.csv,USA reference export,"PARTIAL - Family 15 (Stainless Steel) OxyFuel/Plasma Cut/Plasma Punch complete; Family 2 (Steel) Fiber Laser Cut in progress, stopped at Oxygen/1500W/5.00mm confirmed (6.00mm row flagged low-confidence, pierce time cut off).",2079,1,Plasma Cut,,200,10.0,882.0,441.0,7.0,Steel
sheetMetalNestingCutRate,lookupTables/Component/sheetMetalNestingCutRate.csv,USA reference export,"PARTIAL - Family 15 (Stainless Steel) OxyFuel/Plasma Cut/Plasma Punch complete; Family 2 (Steel) Fiber Laser Cut in progress, stopped at Oxygen/1500W/5.00mm confirmed (6.00mm row flagged low-confidence, pierce time cut off).",2079,1,Plasma Cut,,200,11.0,815.0,408.0,7.0,Steel
sheetMetalNestingCutRate,lookupTables/Component/sheetMetalNestingCutRate.csv,USA reference export,"PARTIAL - Family 15 (Stainless Steel) OxyFuel/Plasma Cut/Plasma Punch complete; Family 2 (Steel) Fiber Laser Cut in progress, stopped at Oxygen/1500W/5.00mm confirmed (6.00mm row flagged low-confidence, pierce time cut off).",2079,1,Plasma Cut,,200,12.0,758.0,379.0,7.0,Steel
sheetMetalNestingCutRate,lookupTables/Component/sheetMetalNestingCutRate.csv,USA reference export,"PARTIAL - Family 15 (Stainless Steel) OxyFuel/Plasma Cut/Plasma Punch complete; Family 2 (Steel) Fiber Laser Cut in progress, stopped at Oxygen/1500W/5.00mm confirmed (6.00mm row flagged low-confidence, pierce time cut off).",2079,1,Plasma Cut,,200,13.0,709.0,355.0,7.0,Steel
sheetMetalNestingCutRate,lookupTables/Component/sheetMetalNestingCutRate.csv,USA reference export,"PARTIAL - Family 15 (Stainless Steel) OxyFuel/Plasma Cut/Plasma Punch complete; Family 2 (Steel) Fiber Laser Cut in progress, stopped at Oxygen/1500W/5.00mm confirmed (6.00mm row flagged low-confidence, pierce time cut off).",2079,1,Plasma Cut,,200,14.0,667.0,333.0,7.0,Steel
sheetMetalNestingCutRate,lookupTables/Component/sheetMetalNestingCutRate.csv,USA reference export,"PARTIAL - Family 15 (Stainless Steel) OxyFuel/Plasma Cut/Plasma Punch complete; Family 2 (Steel) Fiber Laser Cut in progress, stopped at Oxygen/1500W/5.00mm confirmed (6.00mm row flagged low-confidence, pierce time cut off).",2079,1,Plasma Cut,,200,15.0,629.0,315.0,7.0,Steel
sheetMetalNestingCutRate,lookupTables/Component/sheetMetalNestingCutRate.csv,USA reference export,"PARTIAL - Family 15 (Stainless Steel) OxyFuel/Plasma Cut/Plasma Punch complete; Family 2 (Steel) Fiber Laser Cut in progress, stopped at Oxygen/1500W/5.00mm confirmed (6.00mm row flagged low-confidence, pierce time cut off).",2079,1,Plasma Cut,,200,16.0,596.0,298.0,7.0,Steel
sheetMetalNestingCutRate,lookupTables/Component/sheetMetalNestingCutRate.csv,USA reference export,"PARTIAL - Family 15 (Stainless Steel) OxyFuel/Plasma Cut/Plasma Punch complete; Family 2 (Steel) Fiber Laser Cut in progress, stopped at Oxygen/1500W/5.00mm confirmed (6.00mm row flagged low-confidence, pierce time cut off).",2079,1,Plasma Cut,,200,17.0,567.0,284.0,7.0,Steel
sheetMetalNestingCutRate,lookupTables/Component/sheetMetalNestingCutRate.csv,USA reference export,"PARTIAL - Family 15 (Stainless Steel) OxyFuel/Plasma Cut/Plasma Punch complete; Family 2 (Steel) Fiber Laser Cut in progress, stopped at Oxygen/1500W/5.00mm confirmed (6.00mm row flagged low-confidence, pierce time cut off).",2079,1,Plasma Cut,,200,18.0,541.0,270.0,7.0,Steel
sheetMetalNestingCutRate,lookupTables/Component/sheetMetalNestingCutRate.csv,USA reference export,"PARTIAL - Family 15 (Stainless Steel) OxyFuel/Plasma Cut/Plasma Punch complete; Family 2 (Steel) Fiber Laser Cut in progress, stopped at Oxygen/1500W/5.00mm confirmed (6.00mm row flagged low-confidence, pierce time cut off).",2079,1,Plasma Cut,,200,19.0,517.0,258.0,7.0,Steel
sheetMetalNestingCutRate,lookupTables/Component/sheetMetalNestingCutRate.csv,USA reference export,"PARTIAL - Family 15 (Stainless Steel) OxyFuel/Plasma Cut/Plasma Punch complete; Family 2 (Steel) Fiber Laser Cut in progress, stopped at Oxygen/1500W/5.00mm confirmed (6.00mm row flagged low-confidence, pierce time cut off).",2079,1,Plasma Cut,,200,20.0,495.0,248.0,7.0,Steel
sheetMetalNestingCutRate,lookupTables/Component/sheetMetalNestingCutRate.csv,USA reference export,"PARTIAL - Family 15 (Stainless Steel) OxyFuel/Plasma Cut/Plasma Punch complete; Family 2 (Steel) Fiber Laser Cut in progress, stopped at Oxygen/1500W/5.00mm confirmed (6.00mm row flagged low-confidence, pierce time cut off).",2079,1,Plasma Cut,,200,21.0,476.0,238.0,7.0,Steel
sheetMetalNestingCutRate,lookupTables/Component/sheetMetalNestingCutRate.csv,USA reference export,"PARTIAL - Family 15 (Stainless Steel) OxyFuel/Plasma Cut/Plasma Punch complete; Family 2 (Steel) Fiber Laser Cut in progress, stopped at Oxygen/1500W/5.00mm confirmed (6.00mm row flagged low-confidence, pierce time cut off).",2079,1,Plasma Cut,,200,22.0,457.0,229.0,7.0,Steel
sheetMetalNestingCutRate,lookupTables/Component/sheetMetalNestingCutRate.csv,USA reference export,"PARTIAL - Family 15 (Stainless Steel) OxyFuel/Plasma Cut/Plasma Punch complete; Family 2 (Steel) Fiber Laser Cut in progress, stopped at Oxygen/1500W/5.00mm confirmed (6.00mm row flagged low-confidence, pierce time cut off).",2079,1,Plasma Cut,,200,23.0,441.0,220.0,7.0,Steel
sheetMetalNestingCutRate,lookupTables/Component/sheetMetalNestingCutRate.csv,USA reference export,"PARTIAL - Family 15 (Stainless Steel) OxyFuel/Plasma Cut/Plasma Punch complete; Family 2 (Steel) Fiber Laser Cut in progress, stopped at Oxygen/1500W/5.00mm confirmed (6.00mm row flagged low-confidence, pierce time cut off).",2079,1,Plasma Cut,,200,24.0,425.0,213.0,7.0,Steel
sheetMetalNestingCutRate,lookupTables/Component/sheetMetalNestingCutRate.csv,USA reference export,"PARTIAL - Family 15 (Stainless Steel) OxyFuel/Plasma Cut/Plasma Punch complete; Family 2 (Steel) Fiber Laser Cut in progress, stopped at Oxygen/1500W/5.00mm confirmed (6.00mm row flagged low-confidence, pierce time cut off).",2079,1,Plasma Cut,,200,25.0,411.0,206.0,7.0,Steel
sheetMetalNestingCutRate,lookupTables/Component/sheetMetalNestingCutRate.csv,USA reference export,"PARTIAL - Family 15 (Stainless Steel) OxyFuel/Plasma Cut/Plasma Punch complete; Family 2 (Steel) Fiber Laser Cut in progress, stopped at Oxygen/1500W/5.00mm confirmed (6.00mm row flagged low-confidence, pierce time cut off).",2079,1,Plasma Cut,,200,26.0,398.0,199.0,7.0,Steel
sheetMetalNestingCutRate,lookupTables/Component/sheetMetalNestingCutRate.csv,USA reference export,"PARTIAL - Family 15 (Stainless Steel) OxyFuel/Plasma Cut/Plasma Punch complete; Family 2 (Steel) Fiber Laser Cut in progress, stopped at Oxygen/1500W/5.00mm confirmed (6.00mm row flagged low-confidence, pierce time cut off).",2079,1,Plasma Cut,,300,6.4,1573.0,787.0,7.0,Steel
sheetMetalNestingCutRate,lookupTables/Component/sheetMetalNestingCutRate.csv,USA reference export,"PARTIAL - Family 15 (Stainless Steel) OxyFuel/Plasma Cut/Plasma Punch complete; Family 2 (Steel) Fiber Laser Cut in progress, stopped at Oxygen/1500W/5.00mm confirmed (6.00mm row flagged low-confidence, pierce time cut off).",2079,1,Plasma Cut,,300,7.0,1464.0,732.0,7.0,Steel
sheetMetalNestingCutRate,lookupTables/Component/sheetMetalNestingCutRate.csv,USA reference export,"PARTIAL - Family 15 (Stainless Steel) OxyFuel/Plasma Cut/Plasma Punch complete; Family 2 (Steel) Fiber Laser Cut in progress, stopped at Oxygen/1500W/5.00mm confirmed (6.00mm row flagged low-confidence, pierce time cut off).",2079,1,Plasma Cut,,300,8.0,1314.0,657.0,7.0,Steel
sheetMetalNestingCutRate,lookupTables/Component/sheetMetalNestingCutRate.csv,USA reference export,"PARTIAL - Family 15 (Stainless Steel) OxyFuel/Plasma Cut/Plasma Punch complete; Family 2 (Steel) Fiber Laser Cut in progress, stopped at Oxygen/1500W/5.00mm confirmed (6.00mm row flagged low-confidence, pierce time cut off).",2079,1,Plasma Cut,,300,9.0,1195.0,598.0,7.0,Steel
sheetMetalNestingCutRate,lookupTables/Component/sheetMetalNestingCutRate.csv,USA reference export,"PARTIAL - Family 15 (Stainless Steel) OxyFuel/Plasma Cut/Plasma Punch complete; Family 2 (Steel) Fiber Laser Cut in progress, stopped at Oxygen/1500W/5.00mm confirmed (6.00mm row flagged low-confidence, pierce time cut off).",2079,1,Plasma Cut,,300,10.0,1098.0,549.0,7.0,Steel
sheetMetalNestingCutRate,lookupTables/Component/sheetMetalNestingCutRate.csv,USA reference export,"PARTIAL - Family 15 (Stainless Steel) OxyFuel/Plasma Cut/Plasma Punch complete; Family 2 (Steel) Fiber Laser Cut in progress, stopped at Oxygen/1500W/5.00mm confirmed (6.00mm row flagged low-confidence, pierce time cut off).",2079,1,Plasma Cut,,300,11.0,1017.0,508.0,7.0,Steel
sheetMetalNestingCutRate,lookupTables/Component/sheetMetalNestingCutRate.csv,USA reference export,"PARTIAL - Family 15 (Stainless Steel) OxyFuel/Plasma Cut/Plasma Punch complete; Family 2 (Steel) Fiber Laser Cut in progress, stopped at Oxygen/1500W/5.00mm confirmed (6.00mm row flagged low-confidence, pierce time cut off).",2079,1,Plasma Cut,,300,12.0,948.0,474.0,7.0,Steel
sheetMetalNestingCutRate,lookupTables/Component/sheetMetalNestingCutRate.csv,USA reference export,"PARTIAL - Family 15 (Stainless Steel) OxyFuel/Plasma Cut/Plasma Punch complete; Family 2 (Steel) Fiber Laser Cut in progress, stopped at Oxygen/1500W/5.00mm confirmed (6.00mm row flagged low-confidence, pierce time cut off).",2079,1,Plasma Cut,,300,13.0,889.0,444.0,7.0,Steel
sheetMetalNestingCutRate,lookupTables/Component/sheetMetalNestingCutRate.csv,USA reference export,"PARTIAL - Family 15 (Stainless Steel) OxyFuel/Plasma Cut/Plasma Punch complete; Family 2 (Steel) Fiber Laser Cut in progress, stopped at Oxygen/1500W/5.00mm confirmed (6.00mm row flagged low-confidence, pierce time cut off).",2079,1,Plasma Cut,,300,14.0,837.0,419.0,7.0,Steel
sheetMetalNestingCutRate,lookupTables/Component/sheetMetalNestingCutRate.csv,USA reference export,"PARTIAL - Family 15 (Stainless Steel) OxyFuel/Plasma Cut/Plasma Punch complete; Family 2 (Steel) Fiber Laser Cut in progress, stopped at Oxygen/1500W/5.00mm confirmed (6.00mm row flagged low-confidence, pierce time cut off).",2079,1,Plasma Cut,,300,15.0,792.0,396.0,7.0,Steel
sheetMetalNestingCutRate,lookupTables/Component/sheetMetalNestingCutRate.csv,USA reference export,"PARTIAL - Family 15 (Stainless Steel) OxyFuel/Plasma Cut/Plasma Punch complete; Family 2 (Steel) Fiber Laser Cut in progress, stopped at Oxygen/1500W/5.00mm confirmed (6.00mm row flagged low-confidence, pierce time cut off).",2079,1,Plasma Cut,,300,16.0,752.0,376.0,7.0,Steel
sheetMetalNestingCutRate,lookupTables/Component/sheetMetalNestingCutRate.csv,USA reference export,"PARTIAL - Family 15 (Stainless Steel) OxyFuel/Plasma Cut/Plasma Punch complete; Family 2 (Steel) Fiber Laser Cut in progress, stopped at Oxygen/1500W/5.00mm confirmed (6.00mm row flagged low-confidence, pierce time cut off).",2079,1,Plasma Cut,,300,17.0,716.0,358.0,7.0,Steel
sheetMetalNestingCutRate,lookupTables/Component/sheetMetalNestingCutRate.csv,USA reference export,"PARTIAL - Family 15 (Stainless Steel) OxyFuel/Plasma Cut/Plasma Punch complete; Family 2 (Steel) Fiber Laser Cut in progress, stopped at Oxygen/1500W/5.00mm confirmed (6.00mm row flagged low-confidence, pierce time cut off).",2079,1,Plasma Cut,,300,18.0,684.0,342.0,7.0,Steel
sheetMetalNestingCutRate,lookupTables/Component/sheetMetalNestingCutRate.csv,USA reference export,"PARTIAL - Family 15 (Stainless Steel) OxyFuel/Plasma Cut/Plasma Punch complete; Family 2 (Steel) Fiber Laser Cut in progress, stopped at Oxygen/1500W/5.00mm confirmed (6.00mm row flagged low-confidence, pierce time cut off).",2079,1,Plasma Cut,,300,19.0,654.0,327.0,7.0,Steel
sheetMetalNestingCutRate,lookupTables/Component/sheetMetalNestingCutRate.csv,USA reference export,"PARTIAL - Family 15 (Stainless Steel) OxyFuel/Plasma Cut/Plasma Punch complete; Family 2 (Steel) Fiber Laser Cut in progress, stopped at Oxygen/1500W/5.00mm confirmed (6.00mm row flagged low-confidence, pierce time cut off).",2079,1,Plasma Cut,,300,20.0,628.0,314.0,7.0,Steel
sheetMetalNestingCutRate,lookupTables/Component/sheetMetalNestingCutRate.csv,USA reference export,"PARTIAL - Family 15 (Stainless Steel) OxyFuel/Plasma Cut/Plasma Punch complete; Family 2 (Steel) Fiber Laser Cut in progress, stopped at Oxygen/1500W/5.00mm confirmed (6.00mm row flagged low-confidence, pierce time cut off).",2079,1,Plasma Cut,,300,21.0,604.0,302.0,7.0,Steel
sheetMetalNestingCutRate,lookupTables/Component/sheetMetalNestingCutRate.csv,USA reference export,"PARTIAL - Family 15 (Stainless Steel) OxyFuel/Plasma Cut/Plasma Punch complete; Family 2 (Steel) Fiber Laser Cut in progress, stopped at Oxygen/1500W/5.00mm confirmed (6.00mm row flagged low-confidence, pierce time cut off).",2079,1,Plasma Cut,,300,22.0,582.0,291.0,7.0,Steel
sheetMetalNestingCutRate,lookupTables/Component/sheetMetalNestingCutRate.csv,USA reference export,"PARTIAL - Family 15 (Stainless Steel) OxyFuel/Plasma Cut/Plasma Punch complete; Family 2 (Steel) Fiber Laser Cut in progress, stopped at Oxygen/1500W/5.00mm confirmed (6.00mm row flagged low-confidence, pierce time cut off).",2079,1,Plasma Cut,,300,23.0,561.0,281.0,7.0,Steel
sheetMetalNestingCutRate,lookupTables/Component/sheetMetalNestingCutRate.csv,USA reference export,"PARTIAL - Family 15 (Stainless Steel) OxyFuel/Plasma Cut/Plasma Punch complete; Family 2 (Steel) Fiber Laser Cut in progress, stopped at Oxygen/1500W/5.00mm confirmed (6.00mm row flagged low-confidence, pierce time cut off).",2079,1,Plasma Cut,,300,24.0,542.0,271.0,7.0,Steel
sheetMetalNestingCutRate,lookupTables/Component/sheetMetalNestingCutRate.csv,USA reference export,"PARTIAL - Family 15 (Stainless Steel) OxyFuel/Plasma Cut/Plasma Punch complete; Family 2 (Steel) Fiber Laser Cut in progress, stopped at Oxygen/1500W/5.00mm confirmed (6.00mm row flagged low-confidence, pierce time cut off).",2079,1,Plasma Cut,,300,25.0,525.0,262.0,7.0,Steel
sheetMetalNestingCutRate,lookupTables/Component/sheetMetalNestingCutRate.csv,USA reference export,"PARTIAL - Family 15 (Stainless Steel) OxyFuel/Plasma Cut/Plasma Punch complete; Family 2 (Steel) Fiber Laser Cut in progress, stopped at Oxygen/1500W/5.00mm confirmed (6.00mm row flagged low-confidence, pierce time cut off).",2079,1,Plasma Cut,,300,26.0,508.0,254.0,7.0,Steel
sheetMetalNestingCutRate,lookupTables/Component/sheetMetalNestingCutRate.csv,USA reference export,"PARTIAL - Family 15 (Stainless Steel) OxyFuel/Plasma Cut/Plasma Punch complete; Family 2 (Steel) Fiber Laser Cut in progress, stopped at Oxygen/1500W/5.00mm confirmed (6.00mm row flagged low-confidence, pierce time cut off).",2079,1,Plasma Cut,,300,27.0,493.0,247.0,7.0,Steel
sheetMetalNestingCutRate,lookupTables/Component/sheetMetalNestingCutRate.csv,USA reference export,"PARTIAL - Family 15 (Stainless Steel) OxyFuel/Plasma Cut/Plasma Punch complete; Family 2 (Steel) Fiber Laser Cut in progress, stopped at Oxygen/1500W/5.00mm confirmed (6.00mm row flagged low-confidence, pierce time cut off).",2079,1,Plasma Cut,,300,28.0,479.0,239.0,7.0,Steel
sheetMetalNestingCutRate,lookupTables/Component/sheetMetalNestingCutRate.csv,USA reference export,"PARTIAL - Family 15 (Stainless Steel) OxyFuel/Plasma Cut/Plasma Punch complete; Family 2 (Steel) Fiber Laser Cut in progress, stopped at Oxygen/1500W/5.00mm confirmed (6.00mm row flagged low-confidence, pierce time cut off).",2079,1,Plasma Cut,,300,29.0,465.0,233.0,7.0,Steel
sheetMetalNestingCutRate,lookupTables/Component/sheetMetalNestingCutRate.csv,USA reference export,"PARTIAL - Family 15 (Stainless Steel) OxyFuel/Plasma Cut/Plasma Punch complete; Family 2 (Steel) Fiber Laser Cut in progress, stopped at Oxygen/1500W/5.00mm confirmed (6.00mm row flagged low-confidence, pierce time cut off).",2079,1,Plasma Cut,,300,30.0,453.0,226.0,7.0,Steel
sheetMetalNestingCutRate,lookupTables/Component/sheetMetalNestingCutRate.csv,USA reference export,"PARTIAL - Family 15 (Stainless Steel) OxyFuel/Plasma Cut/Plasma Punch complete; Family 2 (Steel) Fiber Laser Cut in progress, stopped at Oxygen/1500W/5.00mm confirmed (6.00mm row flagged low-confidence, pierce time cut off).",2079,1,Plasma Cut,,300,31.0,441.0,221.0,7.0,Steel
sheetMetalNestingCutRate,lookupTables/Component/sheetMetalNestingCutRate.csv,USA reference export,"PARTIAL - Family 15 (Stainless Steel) OxyFuel/Plasma Cut/Plasma Punch complete; Family 2 (Steel) Fiber Laser Cut in progress, stopped at Oxygen/1500W/5.00mm confirmed (6.00mm row flagged low-confidence, pierce time cut off).",2079,1,Plasma Cut,,300,32.0,430.0,215.0,7.0,Steel
sheetMetalNestingCutRate,lookupTables/Component/sheetMetalNestingCutRate.csv,USA reference export,"PARTIAL - Family 15 (Stainless Steel) OxyFuel/Plasma Cut/Plasma Punch complete; Family 2 (Steel) Fiber Laser Cut in progress, stopped at Oxygen/1500W/5.00mm confirmed (6.00mm row flagged low-confidence, pierce time cut off).",2079,1,Plasma Cut,,300,33.0,419.0,210.0,7.0,Steel
sheetMetalNestingCutRate,lookupTables/Component/sheetMetalNestingCutRate.csv,USA reference export,"PARTIAL - Family 15 (Stainless Steel) OxyFuel/Plasma Cut/Plasma Punch complete; Family 2 (Steel) Fiber Laser Cut in progress, stopped at Oxygen/1500W/5.00mm confirmed (6.00mm row flagged low-confidence, pierce time cut off).",2079,1,Plasma Cut,,300,34.0,409.0,205.0,7.0,Steel
sheetMetalNestingCutRate,lookupTables/Component/sheetMetalNestingCutRate.csv,USA reference export,"PARTIAL - Family 15 (Stainless Steel) OxyFuel/Plasma Cut/Plasma Punch complete; Family 2 (Steel) Fiber Laser Cut in progress, stopped at Oxygen/1500W/5.00mm confirmed (6.00mm row flagged low-confidence, pierce time cut off).",2079,1,Plasma Cut,,300,35.0,400.0,200.0,7.0,Steel
sheetMetalNestingCutRate,lookupTables/Component/sheetMetalNestingCutRate.csv,USA reference export,"PARTIAL - Family 15 (Stainless Steel) OxyFuel/Plasma Cut/Plasma Punch complete; Family 2 (Steel) Fiber Laser Cut in progress, stopped at Oxygen/1500W/5.00mm confirmed (6.00mm row flagged low-confidence, pierce time cut off).",2079,1,Plasma Cut,,300,36.0,391.0,195.0,7.0,Steel
sheetMetalNestingCutRate,lookupTables/Component/sheetMetalNestingCutRate.csv,USA reference export,"PARTIAL - Family 15 (Stainless Steel) OxyFuel/Plasma Cut/Plasma Punch complete; Family 2 (Steel) Fiber Laser Cut in progress, stopped at Oxygen/1500W/5.00mm confirmed (6.00mm row flagged low-confidence, pierce time cut off).",2079,1,Plasma Cut,,300,37.0,382.0,191.0,7.0,Steel
sheetMetalNestingCutRate,lookupTables/Component/sheetMetalNestingCutRate.csv,USA reference export,"PARTIAL - Family 15 (Stainless Steel) OxyFuel/Plasma Cut/Plasma Punch complete; Family 2 (Steel) Fiber Laser Cut in progress, stopped at Oxygen/1500W/5.00mm confirmed (6.00mm row flagged low-confidence, pierce time cut off).",2079,1,Plasma Cut,,300,38.0,374.0,187.0,7.0,Steel
sheetMetalNestingCutRate,lookupTables/Component/sheetMetalNestingCutRate.csv,USA reference export,"PARTIAL - Family 15 (Stainless Steel) OxyFuel/Plasma Cut/Plasma Punch complete; Family 2 (Steel) Fiber Laser Cut in progress, stopped at Oxygen/1500W/5.00mm confirmed (6.00mm row flagged low-confidence, pierce time cut off).",2079,1,Plasma Cut,,300,39.0,367.0,183.0,7.0,Steel
sheetMetalNestingCutRate,lookupTables/Component/sheetMetalNestingCutRate.csv,USA reference export,"PARTIAL - Family 15 (Stainless Steel) OxyFuel/Plasma Cut/Plasma Punch complete; Family 2 (Steel) Fiber Laser Cut in progress, stopped at Oxygen/1500W/5.00mm confirmed (6.00mm row flagged low-confidence, pierce time cut off).",2079,1,Plasma Cut,,400,12.7,1075.0,537.0,7.0,Steel
sheetMetalNestingCutRate,lookupTables/Component/sheetMetalNestingCutRate.csv,USA reference export,"PARTIAL - Family 15 (Stainless Steel) OxyFuel/Plasma Cut/Plasma Punch complete; Family 2 (Steel) Fiber Laser Cut in progress, stopped at Oxygen/1500W/5.00mm confirmed (6.00mm row flagged low-confidence, pierce time cut off).",2079,1,Plasma Cut,,400,13.0,1055.0,528.0,7.0,Steel
sheetMetalNestingCutRate,lookupTables/Component/sheetMetalNestingCutRate.csv,USA reference export,"PARTIAL - Family 15 (Stainless Steel) OxyFuel/Plasma Cut/Plasma Punch complete; Family 2 (Steel) Fiber Laser Cut in progress, stopped at Oxygen/1500W/5.00mm confirmed (6.00mm row flagged low-confidence, pierce time cut off).",2079,1,Plasma Cut,,400,14.0,996.0,498.0,7.0,Steel
sheetMetalNestingCutRate,lookupTables/Component/sheetMetalNestingCutRate.csv,USA reference export,"PARTIAL - Family 15 (Stainless Steel) OxyFuel/Plasma Cut/Plasma Punch complete; Family 2 (Steel) Fiber Laser Cut in progress, stopped at Oxygen/1500W/5.00mm confirmed (6.00mm row flagged low-confidence, pierce time cut off).",2079,1,Plasma Cut,,400,15.0,944.0,472.0,7.0,Steel
sheetMetalNestingCutRate,lookupTables/Component/sheetMetalNestingCutRate.csv,USA reference export,"PARTIAL - Family 15 (Stainless Steel) OxyFuel/Plasma Cut/Plasma Punch complete; Family 2 (Steel) Fiber Laser Cut in progress, stopped at Oxygen/1500W/5.00mm confirmed (6.00mm row flagged low-confidence, pierce time cut off).",2079,1,Plasma Cut,,400,16.0,898.0,449.0,7.0,Steel
sheetMetalNestingCutRate,lookupTables/Component/sheetMetalNestingCutRate.csv,USA reference export,"PARTIAL - Family 15 (Stainless Steel) OxyFuel/Plasma Cut/Plasma Punch complete; Family 2 (Steel) Fiber Laser Cut in progress, stopped at Oxygen/1500W/5.00mm confirmed (6.00mm row flagged low-confidence, pierce time cut off).",2079,1,Plasma Cut,,400,17.0,856.0,428.0,7.0,Steel
sheetMetalNestingCutRate,lookupTables/Component/sheetMetalNestingCutRate.csv,USA reference export,"PARTIAL - Family 15 (Stainless Steel) OxyFuel/Plasma Cut/Plasma Punch complete; Family 2 (Steel) Fiber Laser Cut in progress, stopped at Oxygen/1500W/5.00mm confirmed (6.00mm row flagged low-confidence, pierce time cut off).",2079,1,Plasma Cut,,400,18.0,819.0,409.0,7.0,Steel
sheetMetalNestingCutRate,lookupTables/Component/sheetMetalNestingCutRate.csv,USA reference export,"PARTIAL - Family 15 (Stainless Steel) OxyFuel/Plasma Cut/Plasma Punch complete; Family 2 (Steel) Fiber Laser Cut in progress, stopped at Oxygen/1500W/5.00mm confirmed (6.00mm row flagged low-confidence, pierce time cut off).",2079,1,Plasma Cut,,400,19.0,785.0,392.0,7.0,Steel
sheetMetalNestingCutRate,lookupTables/Component/sheetMetalNestingCutRate.csv,USA reference export,"PARTIAL - Family 15 (Stainless Steel) OxyFuel/Plasma Cut/Plasma Punch complete; Family 2 (Steel) Fiber Laser Cut in progress, stopped at Oxygen/1500W/5.00mm confirmed (6.00mm row flagged low-confidence, pierce time cut off).",2079,1,Plasma Cut,,400,20.0,754.0,377.0,7.0,Steel
sheetMetalNestingCutRate,lookupTables/Component/sheetMetalNestingCutRate.csv,USA reference export,"PARTIAL - Family 15 (Stainless Steel) OxyFuel/Plasma Cut/Plasma Punch complete; Family 2 (Steel) Fiber Laser Cut in progress, stopped at Oxygen/1500W/5.00mm confirmed (6.00mm row flagged low-confidence, pierce time cut off).",2079,1,Plasma Cut,,400,21.0,726.0,363.0,7.0,Steel
sheetMetalNestingCutRate,lookupTables/Component/sheetMetalNestingCutRate.csv,USA reference export,"PARTIAL - Family 15 (Stainless Steel) OxyFuel/Plasma Cut/Plasma Punch complete; Family 2 (Steel) Fiber Laser Cut in progress, stopped at Oxygen/1500W/5.00mm confirmed (6.00mm row flagged low-confidence, pierce time cut off).",2079,1,Plasma Cut,,400,22.0,700.0,350.0,7.0,Steel
sheetMetalNestingCutRate,lookupTables/Component/sheetMetalNestingCutRate.csv,USA reference export,"PARTIAL - Family 15 (Stainless Steel) OxyFuel/Plasma Cut/Plasma Punch complete; Family 2 (Steel) Fiber Laser Cut in progress, stopped at Oxygen/1500W/5.00mm confirmed (6.00mm row flagged low-confidence, pierce time cut off).",2079,1,Plasma Cut,,400,23.0,676.0,338.0,7.0,Steel
sheetMetalNestingCutRate,lookupTables/Component/sheetMetalNestingCutRate.csv,USA reference export,"PARTIAL - Family 15 (Stainless Steel) OxyFuel/Plasma Cut/Plasma Punch complete; Family 2 (Steel) Fiber Laser Cut in progress, stopped at Oxygen/1500W/5.00mm confirmed (6.00mm row flagged low-confidence, pierce time cut off).",2079,1,Plasma Cut,,400,24.0,654.0,327.0,7.0,Steel
sheetMetalNestingCutRate,lookupTables/Component/sheetMetalNestingCutRate.csv,USA reference export,"PARTIAL - Family 15 (Stainless Steel) OxyFuel/Plasma Cut/Plasma Punch complete; Family 2 (Steel) Fiber Laser Cut in progress, stopped at Oxygen/1500W/5.00mm confirmed (6.00mm row flagged low-confidence, pierce time cut off).",2079,1,Plasma Cut,,400,25.0,634.0,317.0,7.0,Steel
sheetMetalNestingCutRate,lookupTables/Component/sheetMetalNestingCutRate.csv,USA reference export,"PARTIAL - Family 15 (Stainless Steel) OxyFuel/Plasma Cut/Plasma Punch complete; Family 2 (Steel) Fiber Laser Cut in progress, stopped at Oxygen/1500W/5.00mm confirmed (6.00mm row flagged low-confidence, pierce time cut off).",2079,1,Plasma Cut,,400,26.0,615.0,307.0,7.0,Steel
sheetMetalNestingCutRate,lookupTables/Component/sheetMetalNestingCutRate.csv,USA reference export,"PARTIAL - Family 15 (Stainless Steel) OxyFuel/Plasma Cut/Plasma Punch complete; Family 2 (Steel) Fiber Laser Cut in progress, stopped at Oxygen/1500W/5.00mm confirmed (6.00mm row flagged low-confidence, pierce time cut off).",2079,1,Plasma Cut,,400,27.0,597.0,298.0,7.0,Steel
sheetMetalNestingCutRate,lookupTables/Component/sheetMetalNestingCutRate.csv,USA reference export,"PARTIAL - Family 15 (Stainless Steel) OxyFuel/Plasma Cut/Plasma Punch complete; Family 2 (Steel) Fiber Laser Cut in progress, stopped at Oxygen/1500W/5.00mm confirmed (6.00mm row flagged low-confidence, pierce time cut off).",2079,1,Plasma Cut,,400,28.0,580.0,290.0,7.0,Steel
sheetMetalNestingCutRate,lookupTables/Component/sheetMetalNestingCutRate.csv,USA reference export,"PARTIAL - Family 15 (Stainless Steel) OxyFuel/Plasma Cut/Plasma Punch complete; Family 2 (Steel) Fiber Laser Cut in progress, stopped at Oxygen/1500W/5.00mm confirmed (6.00mm row flagged low-confidence, pierce time cut off).",2079,1,Plasma Cut,,400,29.0,564.0,282.0,7.0,Steel
sheetMetalNestingCutRate,lookupTables/Component/sheetMetalNestingCutRate.csv,USA reference export,"PARTIAL - Family 15 (Stainless Steel) OxyFuel/Plasma Cut/Plasma Punch complete; Family 2 (Steel) Fiber Laser Cut in progress, stopped at Oxygen/1500W/5.00mm confirmed (6.00mm row flagged low-confidence, pierce time cut off).",2079,1,Plasma Cut,,400,30.0,550.0,275.0,7.0,Steel
sheetMetalNestingCutRate,lookupTables/Component/sheetMetalNestingCutRate.csv,USA reference export,"PARTIAL - Family 15 (Stainless Steel) OxyFuel/Plasma Cut/Plasma Punch complete; Family 2 (Steel) Fiber Laser Cut in progress, stopped at Oxygen/1500W/5.00mm confirmed (6.00mm row flagged low-confidence, pierce time cut off).",2079,1,Plasma Cut,,400,31.0,536.0,268.0,7.0,Steel
sheetMetalNestingCutRate,lookupTables/Component/sheetMetalNestingCutRate.csv,USA reference export,"PARTIAL - Family 15 (Stainless Steel) OxyFuel/Plasma Cut/Plasma Punch complete; Family 2 (Steel) Fiber Laser Cut in progress, stopped at Oxygen/1500W/5.00mm confirmed (6.00mm row flagged low-confidence, pierce time cut off).",2079,1,Plasma Cut,,400,32.0,523.0,261.0,7.0,Steel
sheetMetalNestingCutRate,lookupTables/Component/sheetMetalNestingCutRate.csv,USA reference export,"PARTIAL - Family 15 (Stainless Steel) OxyFuel/Plasma Cut/Plasma Punch complete; Family 2 (Steel) Fiber Laser Cut in progress, stopped at Oxygen/1500W/5.00mm confirmed (6.00mm row flagged low-confidence, pierce time cut off).",2079,1,Plasma Cut,,400,33.0,510.0,255.0,7.0,Steel
sheetMetalNestingCutRate,lookupTables/Component/sheetMetalNestingCutRate.csv,USA reference export,"PARTIAL - Family 15 (Stainless Steel) OxyFuel/Plasma Cut/Plasma Punch complete; Family 2 (Steel) Fiber Laser Cut in progress, stopped at Oxygen/1500W/5.00mm confirmed (6.00mm row flagged low-confidence, pierce time cut off).",2079,1,Plasma Cut,,400,34.0,499.0,249.0,7.0,Steel
sheetMetalNestingCutRate,lookupTables/Component/sheetMetalNestingCutRate.csv,USA reference export,"PARTIAL - Family 15 (Stainless Steel) OxyFuel/Plasma Cut/Plasma Punch complete; Family 2 (Steel) Fiber Laser Cut in progress, stopped at Oxygen/1500W/5.00mm confirmed (6.00mm row flagged low-confidence, pierce time cut off).",2079,1,Plasma Cut,,400,35.0,487.0,244.0,7.0,Steel
sheetMetalNestingCutRate,lookupTables/Component/sheetMetalNestingCutRate.csv,USA reference export,"PARTIAL - Family 15 (Stainless Steel) OxyFuel/Plasma Cut/Plasma Punch complete; Family 2 (Steel) Fiber Laser Cut in progress, stopped at Oxygen/1500W/5.00mm confirmed (6.00mm row flagged low-confidence, pierce time cut off).",2079,1,Plasma Cut,,400,36.0,477.0,238.0,7.0,Steel
sheetMetalNestingCutRate,lookupTables/Component/sheetMetalNestingCutRate.csv,USA reference export,"PARTIAL - Family 15 (Stainless Steel) OxyFuel/Plasma Cut/Plasma Punch complete; Family 2 (Steel) Fiber Laser Cut in progress, stopped at Oxygen/1500W/5.00mm confirmed (6.00mm row flagged low-confidence, pierce time cut off).",2079,1,Plasma Cut,,400,37.0,467.0,233.0,7.0,Steel
sheetMetalNestingCutRate,lookupTables/Component/sheetMetalNestingCutRate.csv,USA reference export,"PARTIAL - Family 15 (Stainless Steel) OxyFuel/Plasma Cut/Plasma Punch complete; Family 2 (Steel) Fiber Laser Cut in progress, stopped at Oxygen/1500W/5.00mm confirmed (6.00mm row flagged low-confidence, pierce time cut off).",2079,1,Plasma Cut,,400,38.0,457.0,229.0,7.0,Steel
sheetMetalNestingCutRate,lookupTables/Component/sheetMetalNestingCutRate.csv,USA reference export,"PARTIAL - Family 15 (Stainless Steel) OxyFuel/Plasma Cut/Plasma Punch complete; Family 2 (Steel) Fiber Laser Cut in progress, stopped at Oxygen/1500W/5.00mm confirmed (6.00mm row flagged low-confidence, pierce time cut off).",2079,1,Plasma Cut,,400,39.0,448.0,224.0,7.0,Steel
sheetMetalNestingCutRate,lookupTables/Component/sheetMetalNestingCutRate.csv,USA reference export,"PARTIAL - Family 15 (Stainless Steel) OxyFuel/Plasma Cut/Plasma Punch complete; Family 2 (Steel) Fiber Laser Cut in progress, stopped at Oxygen/1500W/5.00mm confirmed (6.00mm row flagged low-confidence, pierce time cut off).",2079,1,Plasma Cut,,400,40.0,439.0,220.0,7.0,Steel
sheetMetalNestingCutRate,lookupTables/Component/sheetMetalNestingCutRate.csv,USA reference export,"PARTIAL - Family 15 (Stainless Steel) OxyFuel/Plasma Cut/Plasma Punch complete; Family 2 (Steel) Fiber Laser Cut in progress, stopped at Oxygen/1500W/5.00mm confirmed (6.00mm row flagged low-confidence, pierce time cut off).",2079,1,Plasma Cut,,400,41.0,431.0,215.0,7.0,Steel
sheetMetalNestingCutRate,lookupTables/Component/sheetMetalNestingCutRate.csv,USA reference export,"PARTIAL - Family 15 (Stainless Steel) OxyFuel/Plasma Cut/Plasma Punch complete; Family 2 (Steel) Fiber Laser Cut in progress, stopped at Oxygen/1500W/5.00mm confirmed (6.00mm row flagged low-confidence, pierce time cut off).",2079,1,Plasma Cut,,400,42.0,423.0,211.0,7.0,Steel
sheetMetalNestingCutRate,lookupTables/Component/sheetMetalNestingCutRate.csv,USA reference export,"PARTIAL - Family 15 (Stainless Steel) OxyFuel/Plasma Cut/Plasma Punch complete; Family 2 (Steel) Fiber Laser Cut in progress, stopped at Oxygen/1500W/5.00mm confirmed (6.00mm row flagged low-confidence, pierce time cut off).",2079,1,Plasma Cut,,400,43.0,415.0,208.0,7.0,Steel
sheetMetalNestingCutRate,lookupTables/Component/sheetMetalNestingCutRate.csv,USA reference export,"PARTIAL - Family 15 (Stainless Steel) OxyFuel/Plasma Cut/Plasma Punch complete; Family 2 (Steel) Fiber Laser Cut in progress, stopped at Oxygen/1500W/5.00mm confirmed (6.00mm row flagged low-confidence, pierce time cut off).",2079,1,Plasma Cut,,400,44.0,408.0,204.0,7.0,Steel
sheetMetalNestingCutRate,lookupTables/Component/sheetMetalNestingCutRate.csv,USA reference export,"PARTIAL - Family 15 (Stainless Steel) OxyFuel/Plasma Cut/Plasma Punch complete; Family 2 (Steel) Fiber Laser Cut in progress, stopped at Oxygen/1500W/5.00mm confirmed (6.00mm row flagged low-confidence, pierce time cut off).",2079,1,Plasma Cut,,400,45.0,401.0,200.0,7.0,Steel
sheetMetalNestingCutRate,lookupTables/Component/sheetMetalNestingCutRate.csv,USA reference export,"PARTIAL - Family 15 (Stainless Steel) OxyFuel/Plasma Cut/Plasma Punch complete; Family 2 (Steel) Fiber Laser Cut in progress, stopped at Oxygen/1500W/5.00mm confirmed (6.00mm row flagged low-confidence, pierce time cut off).",2079,1,Plasma Cut,,400,46.0,394.0,197.0,7.0,Steel
sheetMetalNestingCutRate,lookupTables/Component/sheetMetalNestingCutRate.csv,USA reference export,"PARTIAL - Family 15 (Stainless Steel) OxyFuel/Plasma Cut/Plasma Punch complete; Family 2 (Steel) Fiber Laser Cut in progress, stopped at Oxygen/1500W/5.00mm confirmed (6.00mm row flagged low-confidence, pierce time cut off).",2079,1,Plasma Cut,,400,47.0,387.0,194.0,7.0,Steel
sheetMetalNestingCutRate,lookupTables/Component/sheetMetalNestingCutRate.csv,USA reference export,"PARTIAL - Family 15 (Stainless Steel) OxyFuel/Plasma Cut/Plasma Punch complete; Family 2 (Steel) Fiber Laser Cut in progress, stopped at Oxygen/1500W/5.00mm confirmed (6.00mm row flagged low-confidence, pierce time cut off).",2079,1,Plasma Cut,,400,48.0,381.0,191.0,7.0,Steel
sheetMetalNestingCutRate,lookupTables/Component/sheetMetalNestingCutRate.csv,USA reference export,"PARTIAL - Family 15 (Stainless Steel) OxyFuel/Plasma Cut/Plasma Punch complete; Family 2 (Steel) Fiber Laser Cut in progress, stopped at Oxygen/1500W/5.00mm confirmed (6.00mm row flagged low-confidence, pierce time cut off).",2079,1,Plasma Cut,,400,49.0,375.0,187.0,7.0,Steel
sheetMetalNestingCutRate,lookupTables/Component/sheetMetalNestingCutRate.csv,USA reference export,"PARTIAL - Family 15 (Stainless Steel) OxyFuel/Plasma Cut/Plasma Punch complete; Family 2 (Steel) Fiber Laser Cut in progress, stopped at Oxygen/1500W/5.00mm confirmed (6.00mm row flagged low-confidence, pierce time cut off).",2079,1,Plasma Cut,,400,50.0,369.0,185.0,7.0,Steel
sheetMetalNestingCutRate,lookupTables/Component/sheetMetalNestingCutRate.csv,USA reference export,"PARTIAL - Family 15 (Stainless Steel) OxyFuel/Plasma Cut/Plasma Punch complete; Family 2 (Steel) Fiber Laser Cut in progress, stopped at Oxygen/1500W/5.00mm confirmed (6.00mm row flagged low-confidence, pierce time cut off).",2079,1,Plasma Cut,,400,51.0,363.0,182.0,7.04,Steel
sheetMetalNestingCutRate,lookupTables/Component/sheetMetalNestingCutRate.csv,USA reference export,"PARTIAL - Family 15 (Stainless Steel) OxyFuel/Plasma Cut/Plasma Punch complete; Family 2 (Steel) Fiber Laser Cut in progress, stopped at Oxygen/1500W/5.00mm confirmed (6.00mm row flagged low-confidence, pierce time cut off).",2079,1,Plasma Cut,,400,52.0,358.0,179.0,7.04,Steel
sheetMetalNestingCutRate,lookupTables/Component/sheetMetalNestingCutRate.csv,USA reference export,"PARTIAL - Family 15 (Stainless Steel) OxyFuel/Plasma Cut/Plasma Punch complete; Family 2 (Steel) Fiber Laser Cut in progress, stopped at Oxygen/1500W/5.00mm confirmed (6.00mm row flagged low-confidence, pierce time cut off).",2079,1,Plasma Cut,,400,53.0,353.0,176.0,7.04,Steel
sheetMetalNestingCutRate,lookupTables/Component/sheetMetalNestingCutRate.csv,USA reference export,"PARTIAL - Family 15 (Stainless Steel) OxyFuel/Plasma Cut/Plasma Punch complete; Family 2 (Steel) Fiber Laser Cut in progress, stopped at Oxygen/1500W/5.00mm confirmed (6.00mm row flagged low-confidence, pierce time cut off).",2079,1,Plasma Cut,,400,54.0,348.0,174.0,7.04,Steel
sheetMetalNestingCutRate,lookupTables/Component/sheetMetalNestingCutRate.csv,USA reference export,"PARTIAL - Family 15 (Stainless Steel) OxyFuel/Plasma Cut/Plasma Punch complete; Family 2 (Steel) Fiber Laser Cut in progress, stopped at Oxygen/1500W/5.00mm confirmed (6.00mm row flagged low-confidence, pierce time cut off).",2079,1,Plasma Cut,,400,55.0,343.0,171.0,7.04,Steel
sheetMetalNestingCutRate,lookupTables/Component/sheetMetalNestingCutRate.csv,USA reference export,"PARTIAL - Family 15 (Stainless Steel) OxyFuel/Plasma Cut/Plasma Punch complete; Family 2 (Steel) Fiber Laser Cut in progress, stopped at Oxygen/1500W/5.00mm confirmed (6.00mm row flagged low-confidence, pierce time cut off).",2079,1,Plasma Cut,,400,56.0,338.0,169.0,7.04,Steel
sheetMetalNestingCutRate,lookupTables/Component/sheetMetalNestingCutRate.csv,USA reference export,"PARTIAL - Family 15 (Stainless Steel) OxyFuel/Plasma Cut/Plasma Punch complete; Family 2 (Steel) Fiber Laser Cut in progress, stopped at Oxygen/1500W/5.00mm confirmed (6.00mm row flagged low-confidence, pierce time cut off).",2079,1,Plasma Cut,,400,57.0,333.0,167.0,7.04,Steel
sheetMetalNestingCutRate,lookupTables/Component/sheetMetalNestingCutRate.csv,USA reference export,"PARTIAL - Family 15 (Stainless Steel) OxyFuel/Plasma Cut/Plasma Punch complete; Family 2 (Steel) Fiber Laser Cut in progress, stopped at Oxygen/1500W/5.00mm confirmed (6.00mm row flagged low-confidence, pierce time cut off).",2079,1,Plasma Cut,,400,58.0,329.0,164.0,7.04,Steel
sheetMetalNestingCutRate,lookupTables/Component/sheetMetalNestingCutRate.csv,USA reference export,"PARTIAL - Family 15 (Stainless Steel) OxyFuel/Plasma Cut/Plasma Punch complete; Family 2 (Steel) Fiber Laser Cut in progress, stopped at Oxygen/1500W/5.00mm confirmed (6.00mm row flagged low-confidence, pierce time cut off).",2079,1,Plasma Cut,,400,59.0,324.0,162.0,7.04,Steel
sheetMetalNestingCutRate,lookupTables/Component/sheetMetalNestingCutRate.csv,USA reference export,"PARTIAL - Family 15 (Stainless Steel) OxyFuel/Plasma Cut/Plasma Punch complete; Family 2 (Steel) Fiber Laser Cut in progress, stopped at Oxygen/1500W/5.00mm confirmed (6.00mm row flagged low-confidence, pierce time cut off).",2079,1,Plasma Cut,,400,60.0,320.0,160.0,7.04,Steel
sheetMetalNestingCutRate,lookupTables/Component/sheetMetalNestingCutRate.csv,USA reference export,"PARTIAL - Family 15 (Stainless Steel) OxyFuel/Plasma Cut/Plasma Punch complete; Family 2 (Steel) Fiber Laser Cut in progress, stopped at Oxygen/1500W/5.00mm confirmed (6.00mm row flagged low-confidence, pierce time cut off).",2079,1,Plasma Cut,,400,61.0,316.0,158.0,7.04,Steel
sheetMetalNestingCutRate,lookupTables/Component/sheetMetalNestingCutRate.csv,USA reference export,"PARTIAL - Family 15 (Stainless Steel) OxyFuel/Plasma Cut/Plasma Punch complete; Family 2 (Steel) Fiber Laser Cut in progress, stopped at Oxygen/1500W/5.00mm confirmed (6.00mm row flagged low-confidence, pierce time cut off).",2079,1,Plasma Cut,,400,62.0,312.0,156.0,7.04,Steel
sheetMetalNestingCutRate,lookupTables/Component/sheetMetalNestingCutRate.csv,USA reference export,"PARTIAL - Family 15 (Stainless Steel) OxyFuel/Plasma Cut/Plasma Punch complete; Family 2 (Steel) Fiber Laser Cut in progress, stopped at Oxygen/1500W/5.00mm confirmed (6.00mm row flagged low-confidence, pierce time cut off).",2079,1,Plasma Cut,,400,63.0,308.0,154.0,7.04,Steel
sheetMetalNestingCutRate,lookupTables/Component/sheetMetalNestingCutRate.csv,USA reference export,"PARTIAL - Family 15 (Stainless Steel) OxyFuel/Plasma Cut/Plasma Punch complete; Family 2 (Steel) Fiber Laser Cut in progress, stopped at Oxygen/1500W/5.00mm confirmed (6.00mm row flagged low-confidence, pierce time cut off).",2079,1,Plasma Cut,,400,64.0,304.0,152.0,7.04,Steel
sheetMetalNestingCutRate,lookupTables/Component/sheetMetalNestingCutRate.csv,USA reference export,"PARTIAL - Family 15 (Stainless Steel) OxyFuel/Plasma Cut/Plasma Punch complete; Family 2 (Steel) Fiber Laser Cut in progress, stopped at Oxygen/1500W/5.00mm confirmed (6.00mm row flagged low-confidence, pierce time cut off).",2079,1,Plasma Cut,,400,65.0,301.0,150.0,7.04,Steel
sheetMetalNestingCutRate,lookupTables/Component/sheetMetalNestingCutRate.csv,USA reference export,"PARTIAL - Family 15 (Stainless Steel) OxyFuel/Plasma Cut/Plasma Punch complete; Family 2 (Steel) Fiber Laser Cut in progress, stopped at Oxygen/1500W/5.00mm confirmed (6.00mm row flagged low-confidence, pierce time cut off).",2079,1,Plasma Cut,,400,66.0,297.0,149.0,7.04,Steel
sheetMetalNestingCutRate,lookupTables/Component/sheetMetalNestingCutRate.csv,USA reference export,"PARTIAL - Family 15 (Stainless Steel) OxyFuel/Plasma Cut/Plasma Punch complete; Family 2 (Steel) Fiber Laser Cut in progress, stopped at Oxygen/1500W/5.00mm confirmed (6.00mm row flagged low-confidence, pierce time cut off).",2079,1,Plasma Cut,,400,67.0,294.0,147.0,7.04,Steel
sheetMetalNestingCutRate,lookupTables/Component/sheetMetalNestingCutRate.csv,USA reference export,"PARTIAL - Family 15 (Stainless Steel) OxyFuel/Plasma Cut/Plasma Punch complete; Family 2 (Steel) Fiber Laser Cut in progress, stopped at Oxygen/1500W/5.00mm confirmed (6.00mm row flagged low-confidence, pierce time cut off).",2079,1,Plasma Cut,,400,68.0,290.0,145.0,7.04,Steel
sheetMetalNestingCutRate,lookupTables/Component/sheetMetalNestingCutRate.csv,USA reference export,"PARTIAL - Family 15 (Stainless Steel) OxyFuel/Plasma Cut/Plasma Punch complete; Family 2 (Steel) Fiber Laser Cut in progress, stopped at Oxygen/1500W/5.00mm confirmed (6.00mm row flagged low-confidence, pierce time cut off).",2079,1,Plasma Cut,,400,69.0,287.0,144.0,7.04,Steel
sheetMetalNestingCutRate,lookupTables/Component/sheetMetalNestingCutRate.csv,USA reference export,"PARTIAL - Family 15 (Stainless Steel) OxyFuel/Plasma Cut/Plasma Punch complete; Family 2 (Steel) Fiber Laser Cut in progress, stopped at Oxygen/1500W/5.00mm confirmed (6.00mm row flagged low-confidence, pierce time cut off).",2079,1,Plasma Cut,,400,70.0,284.0,142.0,7.04,Steel
sheetMetalNestingCutRate,lookupTables/Component/sheetMetalNestingCutRate.csv,USA reference export,"PARTIAL - Family 15 (Stainless Steel) OxyFuel/Plasma Cut/Plasma Punch complete; Family 2 (Steel) Fiber Laser Cut in progress, stopped at Oxygen/1500W/5.00mm confirmed (6.00mm row flagged low-confidence, pierce time cut off).",2079,1,Plasma Cut,,400,71.0,281.0,140.0,7.04,Steel
sheetMetalNestingCutRate,lookupTables/Component/sheetMetalNestingCutRate.csv,USA reference export,"PARTIAL - Family 15 (Stainless Steel) OxyFuel/Plasma Cut/Plasma Punch complete; Family 2 (Steel) Fiber Laser Cut in progress, stopped at Oxygen/1500W/5.00mm confirmed (6.00mm row flagged low-confidence, pierce time cut off).",2079,1,Plasma Cut,,400,72.0,278.0,139.0,7.04,Steel
sheetMetalNestingCutRate,lookupTables/Component/sheetMetalNestingCutRate.csv,USA reference export,"PARTIAL - Family 15 (Stainless Steel) OxyFuel/Plasma Cut/Plasma Punch complete; Family 2 (Steel) Fiber Laser Cut in progress, stopped at Oxygen/1500W/5.00mm confirmed (6.00mm row flagged low-confidence, pierce time cut off).",2079,1,Plasma Cut,,400,73.0,275.0,137.0,7.04,Steel
sheetMetalNestingCutRate,lookupTables/Component/sheetMetalNestingCutRate.csv,USA reference export,"PARTIAL - Family 15 (Stainless Steel) OxyFuel/Plasma Cut/Plasma Punch complete; Family 2 (Steel) Fiber Laser Cut in progress, stopped at Oxygen/1500W/5.00mm confirmed (6.00mm row flagged low-confidence, pierce time cut off).",2079,1,Plasma Cut,,400,74.0,272.0,136.0,7.04,Steel
sheetMetalNestingCutRate,lookupTables/Component/sheetMetalNestingCutRate.csv,USA reference export,"PARTIAL - Family 15 (Stainless Steel) OxyFuel/Plasma Cut/Plasma Punch complete; Family 2 (Steel) Fiber Laser Cut in progress, stopped at Oxygen/1500W/5.00mm confirmed (6.00mm row flagged low-confidence, pierce time cut off).",2079,1,Plasma Cut,,400,75.0,269.0,135.0,7.04,Steel
sheetMetalNestingCutRate,lookupTables/Component/sheetMetalNestingCutRate.csv,USA reference export,"PARTIAL - Family 15 (Stainless Steel) OxyFuel/Plasma Cut/Plasma Punch complete; Family 2 (Steel) Fiber Laser Cut in progress, stopped at Oxygen/1500W/5.00mm confirmed (6.00mm row flagged low-confidence, pierce time cut off).",2079,1,Plasma Cut,,400,76.0,266.0,133.0,7.04,Steel
sheetMetalNestingCutRate,lookupTables/Component/sheetMetalNestingCutRate.csv,USA reference export,"PARTIAL - Family 15 (Stainless Steel) OxyFuel/Plasma Cut/Plasma Punch complete; Family 2 (Steel) Fiber Laser Cut in progress, stopped at Oxygen/1500W/5.00mm confirmed (6.00mm row flagged low-confidence, pierce time cut off).",2079,1,Plasma Cut,,400,77.0,264.0,132.0,7.04,Steel
sheetMetalNestingCutRate,lookupTables/Component/sheetMetalNestingCutRate.csv,USA reference export,"PARTIAL - Family 15 (Stainless Steel) OxyFuel/Plasma Cut/Plasma Punch complete; Family 2 (Steel) Fiber Laser Cut in progress, stopped at Oxygen/1500W/5.00mm confirmed (6.00mm row flagged low-confidence, pierce time cut off).",2079,1,Plasma Cut,,1000,12.7,3068.0,1534.0,7.04,Steel
sheetMetalNestingCutRate,lookupTables/Component/sheetMetalNestingCutRate.csv,USA reference export,"PARTIAL - Family 15 (Stainless Steel) OxyFuel/Plasma Cut/Plasma Punch complete; Family 2 (Steel) Fiber Laser Cut in progress, stopped at Oxygen/1500W/5.00mm confirmed (6.00mm row flagged low-confidence, pierce time cut off).",2079,10,Laser Cut,,2000,1.02,7748.0,6199.0,1.18,Cast Iron
sheetMetalNestingCutRate,lookupTables/Component/sheetMetalNestingCutRate.csv,USA reference export,"PARTIAL - Family 15 (Stainless Steel) OxyFuel/Plasma Cut/Plasma Punch complete; Family 2 (Steel) Fiber Laser Cut in progress, stopped at Oxygen/1500W/5.00mm confirmed (6.00mm row flagged low-confidence, pierce time cut off).",2079,10,Laser Cut,,2000,1.52,5977.0,4649.0,1.18,Cast Iron
sheetMetalNestingCutRate,lookupTables/Component/sheetMetalNestingCutRate.csv,USA reference export,"PARTIAL - Family 15 (Stainless Steel) OxyFuel/Plasma Cut/Plasma Punch complete; Family 2 (Steel) Fiber Laser Cut in progress, stopped at Oxygen/1500W/5.00mm confirmed (6.00mm row flagged low-confidence, pierce time cut off).",2079,10,Laser Cut,,2000,2.03,5092.0,3763.0,1.18,Cast Iron
sheetMetalNestingCutRate,lookupTables/Component/sheetMetalNestingCutRate.csv,USA reference export,"PARTIAL - Family 15 (Stainless Steel) OxyFuel/Plasma Cut/Plasma Punch complete; Family 2 (Steel) Fiber Laser Cut in progress, stopped at Oxygen/1500W/5.00mm confirmed (6.00mm row flagged low-confidence, pierce time cut off).",2079,10,Laser Cut,,2000,2.54,4206.0,3505.0,1.18,Cast Iron
sheetMetalNestingCutRate,lookupTables/Component/sheetMetalNestingCutRate.csv,USA reference export,"PARTIAL - Family 15 (Stainless Steel) OxyFuel/Plasma Cut/Plasma Punch complete; Family 2 (Steel) Fiber Laser Cut in progress, stopped at Oxygen/1500W/5.00mm confirmed (6.00mm row flagged low-confidence, pierce time cut off).",2079,10,Laser Cut,,2000,3.05,3985.0,3320.83,1.18,Cast Iron
sheetMetalNestingCutRate,lookupTables/Component/sheetMetalNestingCutRate.csv,USA reference export,"PARTIAL - Family 15 (Stainless Steel) OxyFuel/Plasma Cut/Plasma Punch complete; Family 2 (Steel) Fiber Laser Cut in progress, stopped at Oxygen/1500W/5.00mm confirmed (6.00mm row flagged low-confidence, pierce time cut off).",2079,10,Laser Cut,,2000,4.57,2346.0,1682.0,2.02,Cast Iron
sheetMetalNestingCutRate,lookupTables/Component/sheetMetalNestingCutRate.csv,USA reference export,"PARTIAL - Family 15 (Stainless Steel) OxyFuel/Plasma Cut/Plasma Punch complete; Family 2 (Steel) Fiber Laser Cut in progress, stopped at Oxygen/1500W/5.00mm confirmed (6.00mm row flagged low-confidence, pierce time cut off).",2079,10,Laser Cut,,2000,6.35,1373.0,930.0,3.41,Cast Iron
sheetMetalNestingCutRate,lookupTables/Component/sheetMetalNestingCutRate.csv,USA reference export,"PARTIAL - Family 15 (Stainless Steel) OxyFuel/Plasma Cut/Plasma Punch complete; Family 2 (Steel) Fiber Laser Cut in progress, stopped at Oxygen/1500W/5.00mm confirmed (6.00mm row flagged low-confidence, pierce time cut off).",2079,10,Laser Cut,,2000,9.53,638.0,460.0,7.39,Cast Iron
sheetMetalNestingCutRate,lookupTables/Component/sheetMetalNestingCutRate.csv,USA reference export,"PARTIAL - Family 15 (Stainless Steel) OxyFuel/Plasma Cut/Plasma Punch complete; Family 2 (Steel) Fiber Laser Cut in progress, stopped at Oxygen/1500W/5.00mm confirmed (6.00mm row flagged low-confidence, pierce time cut off).",2079,10,Laser Cut,,2000,12.7,611.0,390.0,11.23,Cast Iron
sheetMetalNestingCutRate,lookupTables/Component/sheetMetalNestingCutRate.csv,USA reference export,"PARTIAL - Family 15 (Stainless Steel) OxyFuel/Plasma Cut/Plasma Punch complete; Family 2 (Steel) Fiber Laser Cut in progress, stopped at Oxygen/1500W/5.00mm confirmed (6.00mm row flagged low-confidence, pierce time cut off).",2079,10,Laser Cut,,2000,15.88,434.0,345.0,13.26,Cast Iron
sheetMetalNestingCutRate,lookupTables/Component/sheetMetalNestingCutRate.csv,USA reference export,"PARTIAL - Family 15 (Stainless Steel) OxyFuel/Plasma Cut/Plasma Punch complete; Family 2 (Steel) Fiber Laser Cut in progress, stopped at Oxygen/1500W/5.00mm confirmed (6.00mm row flagged low-confidence, pierce time cut off).",2079,10,Laser Cut,,2700,1.02,7748.0,6199.0,1.16,Cast Iron
sheetMetalNestingCutRate,lookupTables/Component/sheetMetalNestingCutRate.csv,USA reference export,"PARTIAL - Family 15 (Stainless Steel) OxyFuel/Plasma Cut/Plasma Punch complete; Family 2 (Steel) Fiber Laser Cut in progress, stopped at Oxygen/1500W/5.00mm confirmed (6.00mm row flagged low-confidence, pierce time cut off).",2079,10,Laser Cut,,2700,1.52,5977.0,4649.0,1.16,Cast Iron
sheetMetalNestingCutRate,lookupTables/Component/sheetMetalNestingCutRate.csv,USA reference export,"PARTIAL - Family 15 (Stainless Steel) OxyFuel/Plasma Cut/Plasma Punch complete; Family 2 (Steel) Fiber Laser Cut in progress, stopped at Oxygen/1500W/5.00mm confirmed (6.00mm row flagged low-confidence, pierce time cut off).",2079,10,Laser Cut,,2700,2.03,5092.0,3763.0,1.16,Cast Iron
sheetMetalNestingCutRate,lookupTables/Component/sheetMetalNestingCutRate.csv,USA reference export,"PARTIAL - Family 15 (Stainless Steel) OxyFuel/Plasma Cut/Plasma Punch complete; Family 2 (Steel) Fiber Laser Cut in progress, stopped at Oxygen/1500W/5.00mm confirmed (6.00mm row flagged low-confidence, pierce time cut off).",2079,10,Laser Cut,,2700,2.54,4206.0,3505.0,1.16,Cast Iron
sheetMetalNestingCutRate,lookupTables/Component/sheetMetalNestingCutRate.csv,USA reference export,"PARTIAL - Family 15 (Stainless Steel) OxyFuel/Plasma Cut/Plasma Punch complete; Family 2 (Steel) Fiber Laser Cut in progress, stopped at Oxygen/1500W/5.00mm confirmed (6.00mm row flagged low-confidence, pierce time cut off).",2079,10,Laser Cut,,2700,3.05,3985.0,3320.83,1.16,Cast Iron
sheetMetalNestingCutRate,lookupTables/Component/sheetMetalNestingCutRate.csv,USA reference export,"PARTIAL - Family 15 (Stainless Steel) OxyFuel/Plasma Cut/Plasma Punch complete; Family 2 (Steel) Fiber Laser Cut in progress, stopped at Oxygen/1500W/5.00mm confirmed (6.00mm row flagged low-confidence, pierce time cut off).",2079,10,Laser Cut,,2700,4.57,2657.0,1992.0,1.97,Cast Iron
sheetMetalNestingCutRate,lookupTables/Component/sheetMetalNestingCutRate.csv,USA reference export,"PARTIAL - Family 15 (Stainless Steel) OxyFuel/Plasma Cut/Plasma Punch complete; Family 2 (Steel) Fiber Laser Cut in progress, stopped at Oxygen/1500W/5.00mm confirmed (6.00mm row flagged low-confidence, pierce time cut off).",2079,10,Laser Cut,,2700,6.35,1992.0,1550.0,3.33,Cast Iron
sheetMetalNestingCutRate,lookupTables/Component/sheetMetalNestingCutRate.csv,USA reference export,"PARTIAL - Family 15 (Stainless Steel) OxyFuel/Plasma Cut/Plasma Punch complete; Family 2 (Steel) Fiber Laser Cut in progress, stopped at Oxygen/1500W/5.00mm confirmed (6.00mm row flagged low-confidence, pierce time cut off).",2079,10,Laser Cut,,2700,9.53,1107.0,886.0,7.22,Cast Iron
sheetMetalNestingCutRate,lookupTables/Component/sheetMetalNestingCutRate.csv,USA reference export,"PARTIAL - Family 15 (Stainless Steel) OxyFuel/Plasma Cut/Plasma Punch complete; Family 2 (Steel) Fiber Laser Cut in progress, stopped at Oxygen/1500W/5.00mm confirmed (6.00mm row flagged low-confidence, pierce time cut off).",2079,10,Laser Cut,,2700,12.7,886.0,709.0,10.98,Cast Iron
sheetMetalNestingCutRate,lookupTables/Component/sheetMetalNestingCutRate.csv,USA reference export,"PARTIAL - Family 15 (Stainless Steel) OxyFuel/Plasma Cut/Plasma Punch complete; Family 2 (Steel) Fiber Laser Cut in progress, stopped at Oxygen/1500W/5.00mm confirmed (6.00mm row flagged low-confidence, pierce time cut off).",2079,10,Laser Cut,,2700,15.88,620.0,532.0,12.95,Cast Iron
sheetMetalNestingCutRate,lookupTables/Component/sheetMetalNestingCutRate.csv,USA reference export,"PARTIAL - Family 15 (Stainless Steel) OxyFuel/Plasma Cut/Plasma Punch complete; Family 2 (Steel) Fiber Laser Cut in progress, stopped at Oxygen/1500W/5.00mm confirmed (6.00mm row flagged low-confidence, pierce time cut off).",2079,10,Laser Cut,,3000,1.02,7748.0,6199.0,1.15,Cast Iron
sheetMetalNestingCutRate,lookupTables/Component/sheetMetalNestingCutRate.csv,USA reference export,"PARTIAL - Family 15 (Stainless Steel) OxyFuel/Plasma Cut/Plasma Punch complete; Family 2 (Steel) Fiber Laser Cut in progress, stopped at Oxygen/1500W/5.00mm confirmed (6.00mm row flagged low-confidence, pierce time cut off).",2079,10,Laser Cut,,3000,1.52,5977.0,4649.0,1.15,Cast Iron
sheetMetalNestingCutRate,lookupTables/Component/sheetMetalNestingCutRate.csv,USA reference export,"PARTIAL - Family 15 (Stainless Steel) OxyFuel/Plasma Cut/Plasma Punch complete; Family 2 (Steel) Fiber Laser Cut in progress, stopped at Oxygen/1500W/5.00mm confirmed (6.00mm row flagged low-confidence, pierce time cut off).",2079,10,Laser Cut,,3000,2.03,5092.0,3763.0,1.15,Cast Iron
sheetMetalNestingCutRate,lookupTables/Component/sheetMetalNestingCutRate.csv,USA reference export,"PARTIAL - Family 15 (Stainless Steel) OxyFuel/Plasma Cut/Plasma Punch complete; Family 2 (Steel) Fiber Laser Cut in progress, stopped at Oxygen/1500W/5.00mm confirmed (6.00mm row flagged low-confidence, pierce time cut off).",2079,10,Laser Cut,,3000,2.54,4206.0,3505.0,1.15,Cast Iron
sheetMetalNestingCutRate,lookupTables/Component/sheetMetalNestingCutRate.csv,USA reference export,"PARTIAL - Family 15 (Stainless Steel) OxyFuel/Plasma Cut/Plasma Punch complete; Family 2 (Steel) Fiber Laser Cut in progress, stopped at Oxygen/1500W/5.00mm confirmed (6.00mm row flagged low-confidence, pierce time cut off).",2079,10,Laser Cut,,3000,3.05,3985.0,3320.83,1.15,Cast Iron
sheetMetalNestingCutRate,lookupTables/Component/sheetMetalNestingCutRate.csv,USA reference export,"PARTIAL - Family 15 (Stainless Steel) OxyFuel/Plasma Cut/Plasma Punch complete; Family 2 (Steel) Fiber Laser Cut in progress, stopped at Oxygen/1500W/5.00mm confirmed (6.00mm row flagged low-confidence, pierce time cut off).",2079,10,Laser Cut,,3000,4.57,2789.0,2125.0,1.95,Cast Iron
sheetMetalNestingCutRate,lookupTables/Component/sheetMetalNestingCutRate.csv,USA reference export,"PARTIAL - Family 15 (Stainless Steel) OxyFuel/Plasma Cut/Plasma Punch complete; Family 2 (Steel) Fiber Laser Cut in progress, stopped at Oxygen/1500W/5.00mm confirmed (6.00mm row flagged low-confidence, pierce time cut off).",2079,10,Laser Cut,,3000,6.35,2258.0,1815.0,3.29,Cast Iron
sheetMetalNestingCutRate,lookupTables/Component/sheetMetalNestingCutRate.csv,USA reference export,"PARTIAL - Family 15 (Stainless Steel) OxyFuel/Plasma Cut/Plasma Punch complete; Family 2 (Steel) Fiber Laser Cut in progress, stopped at Oxygen/1500W/5.00mm confirmed (6.00mm row flagged low-confidence, pierce time cut off).",2079,10,Laser Cut,,3000,9.53,1319.0,1098.0,7.15,Cast Iron
sheetMetalNestingCutRate,lookupTables/Component/sheetMetalNestingCutRate.csv,USA reference export,"PARTIAL - Family 15 (Stainless Steel) OxyFuel/Plasma Cut/Plasma Punch complete; Family 2 (Steel) Fiber Laser Cut in progress, stopped at Oxygen/1500W/5.00mm confirmed (6.00mm row flagged low-confidence, pierce time cut off).",2079,10,Laser Cut,,3000,12.7,992.0,815.0,10.87,Cast Iron
sheetMetalNestingCutRate,lookupTables/Component/sheetMetalNestingCutRate.csv,USA reference export,"PARTIAL - Family 15 (Stainless Steel) OxyFuel/Plasma Cut/Plasma Punch complete; Family 2 (Steel) Fiber Laser Cut in progress, stopped at Oxygen/1500W/5.00mm confirmed (6.00mm row flagged low-confidence, pierce time cut off).",2079,10,Laser Cut,,3000,15.88,700.0,611.0,12.82,Cast Iron
sheetMetalNestingCutRate,lookupTables/Component/sheetMetalNestingCutRate.csv,USA reference export,"PARTIAL - Family 15 (Stainless Steel) OxyFuel/Plasma Cut/Plasma Punch complete; Family 2 (Steel) Fiber Laser Cut in progress, stopped at Oxygen/1500W/5.00mm confirmed (6.00mm row flagged low-confidence, pierce time cut off).",2079,10,Laser Cut,,3200,1.02,7748.0,6199.0,1.14,Cast Iron
sheetMetalNestingCutRate,lookupTables/Component/sheetMetalNestingCutRate.csv,USA reference export,"PARTIAL - Family 15 (Stainless Steel) OxyFuel/Plasma Cut/Plasma Punch complete; Family 2 (Steel) Fiber Laser Cut in progress, stopped at Oxygen/1500W/5.00mm confirmed (6.00mm row flagged low-confidence, pierce time cut off).",2079,10,Laser Cut,,3200,1.52,5977.0,4649.0,1.14,Cast Iron
sheetMetalNestingCutRate,lookupTables/Component/sheetMetalNestingCutRate.csv,USA reference export,"PARTIAL - Family 15 (Stainless Steel) OxyFuel/Plasma Cut/Plasma Punch complete; Family 2 (Steel) Fiber Laser Cut in progress, stopped at Oxygen/1500W/5.00mm confirmed (6.00mm row flagged low-confidence, pierce time cut off).",2079,10,Laser Cut,,3200,2.03,5092.0,3763.0,1.14,Cast Iron
sheetMetalNestingCutRate,lookupTables/Component/sheetMetalNestingCutRate.csv,USA reference export,"PARTIAL - Family 15 (Stainless Steel) OxyFuel/Plasma Cut/Plasma Punch complete; Family 2 (Steel) Fiber Laser Cut in progress, stopped at Oxygen/1500W/5.00mm confirmed (6.00mm row flagged low-confidence, pierce time cut off).",2079,10,Laser Cut,,3200,2.54,4206.0,3505.0,1.14,Cast Iron
sheetMetalNestingCutRate,lookupTables/Component/sheetMetalNestingCutRate.csv,USA reference export,"PARTIAL - Family 15 (Stainless Steel) OxyFuel/Plasma Cut/Plasma Punch complete; Family 2 (Steel) Fiber Laser Cut in progress, stopped at Oxygen/1500W/5.00mm confirmed (6.00mm row flagged low-confidence, pierce time cut off).",2079,10,Laser Cut,,3200,3.05,3985.0,3320.83,1.14,Cast Iron
sheetMetalNestingCutRate,lookupTables/Component/sheetMetalNestingCutRate.csv,USA reference export,"PARTIAL - Family 15 (Stainless Steel) OxyFuel/Plasma Cut/Plasma Punch complete; Family 2 (Steel) Fiber Laser Cut in progress, stopped at Oxygen/1500W/5.00mm confirmed (6.00mm row flagged low-confidence, pierce time cut off).",2079,10,Laser Cut,,3200,4.57,2878.0,2214.0,1.94,Cast Iron
sheetMetalNestingCutRate,lookupTables/Component/sheetMetalNestingCutRate.csv,USA reference export,"PARTIAL - Family 15 (Stainless Steel) OxyFuel/Plasma Cut/Plasma Punch complete; Family 2 (Steel) Fiber Laser Cut in progress, stopped at Oxygen/1500W/5.00mm confirmed (6.00mm row flagged low-confidence, pierce time cut off).",2079,10,Laser Cut,,3200,6.35,2378.0,1935.0,3.27,Cast Iron
sheetMetalNestingCutRate,lookupTables/Component/sheetMetalNestingCutRate.csv,USA reference export,"PARTIAL - Family 15 (Stainless Steel) OxyFuel/Plasma Cut/Plasma Punch complete; Family 2 (Steel) Fiber Laser Cut in progress, stopped at Oxygen/1500W/5.00mm confirmed (6.00mm row flagged low-confidence, pierce time cut off).",2079,10,Laser Cut,,3200,9.53,1461.0,1239.0,7.1,Cast Iron
sheetMetalNestingCutRate,lookupTables/Component/sheetMetalNestingCutRate.csv,USA reference export,"PARTIAL - Family 15 (Stainless Steel) OxyFuel/Plasma Cut/Plasma Punch complete; Family 2 (Steel) Fiber Laser Cut in progress, stopped at Oxygen/1500W/5.00mm confirmed (6.00mm row flagged low-confidence, pierce time cut off).",2079,10,Laser Cut,,3200,12.7,1062.0,886.0,10.79,Cast Iron
sheetMetalNestingCutRate,lookupTables/Component/sheetMetalNestingCutRate.csv,USA reference export,"PARTIAL - Family 15 (Stainless Steel) OxyFuel/Plasma Cut/Plasma Punch complete; Family 2 (Steel) Fiber Laser Cut in progress, stopped at Oxygen/1500W/5.00mm confirmed (6.00mm row flagged low-confidence, pierce time cut off).",2079,10,Laser Cut,,3200,15.88,753.0,664.0,12.73,Cast Iron
sheetMetalNestingCutRate,lookupTables/Component/sheetMetalNestingCutRate.csv,USA reference export,"PARTIAL - Family 15 (Stainless Steel) OxyFuel/Plasma Cut/Plasma Punch complete; Family 2 (Steel) Fiber Laser Cut in progress, stopped at Oxygen/1500W/5.00mm confirmed (6.00mm row flagged low-confidence, pierce time cut off).",2079,10,Laser Cut,,3200,19.05,708.0,620.0,13.54,Cast Iron
sheetMetalNestingCutRate,lookupTables/Component/sheetMetalNestingCutRate.csv,USA reference export,"PARTIAL - Family 15 (Stainless Steel) OxyFuel/Plasma Cut/Plasma Punch complete; Family 2 (Steel) Fiber Laser Cut in progress, stopped at Oxygen/1500W/5.00mm confirmed (6.00mm row flagged low-confidence, pierce time cut off).",2079,10,Laser Cut,,3300,1.02,7748.0,6199.0,1.13,Cast Iron
sheetMetalNestingCutRate,lookupTables/Component/sheetMetalNestingCutRate.csv,USA reference export,"PARTIAL - Family 15 (Stainless Steel) OxyFuel/Plasma Cut/Plasma Punch complete; Family 2 (Steel) Fiber Laser Cut in progress, stopped at Oxygen/1500W/5.00mm confirmed (6.00mm row flagged low-confidence, pierce time cut off).",2079,10,Laser Cut,,3300,1.52,5977.0,4649.0,1.13,Cast Iron
sheetMetalNestingCutRate,lookupTables/Component/sheetMetalNestingCutRate.csv,USA reference export,"PARTIAL - Family 15 (Stainless Steel) OxyFuel/Plasma Cut/Plasma Punch complete; Family 2 (Steel) Fiber Laser Cut in progress, stopped at Oxygen/1500W/5.00mm confirmed (6.00mm row flagged low-confidence, pierce time cut off).",2079,10,Laser Cut,,3300,2.03,5092.0,3763.0,1.13,Cast Iron
sheetMetalNestingCutRate,lookupTables/Component/sheetMetalNestingCutRate.csv,USA reference export,"PARTIAL - Family 15 (Stainless Steel) OxyFuel/Plasma Cut/Plasma Punch complete; Family 2 (Steel) Fiber Laser Cut in progress, stopped at Oxygen/1500W/5.00mm confirmed (6.00mm row flagged low-confidence, pierce time cut off).",2079,10,Laser Cut,,3300,2.54,4206.0,3505.0,1.13,Cast Iron
sheetMetalNestingCutRate,lookupTables/Component/sheetMetalNestingCutRate.csv,USA reference export,"PARTIAL - Family 15 (Stainless Steel) OxyFuel/Plasma Cut/Plasma Punch complete; Family 2 (Steel) Fiber Laser Cut in progress, stopped at Oxygen/1500W/5.00mm confirmed (6.00mm row flagged low-confidence, pierce time cut off).",2079,10,Laser Cut,,3300,3.05,3985.0,3320.83,1.13,Cast Iron
sheetMetalNestingCutRate,lookupTables/Component/sheetMetalNestingCutRate.csv,USA reference export,"PARTIAL - Family 15 (Stainless Steel) OxyFuel/Plasma Cut/Plasma Punch complete; Family 2 (Steel) Fiber Laser Cut in progress, stopped at Oxygen/1500W/5.00mm confirmed (6.00mm row flagged low-confidence, pierce time cut off).",2079,10,Laser Cut,,3300,4.57,2882.0,2218.0,1.94,Cast Iron
sheetMetalNestingCutRate,lookupTables/Component/sheetMetalNestingCutRate.csv,USA reference export,"PARTIAL - Family 15 (Stainless Steel) OxyFuel/Plasma Cut/Plasma Punch complete; Family 2 (Steel) Fiber Laser Cut in progress, stopped at Oxygen/1500W/5.00mm confirmed (6.00mm row flagged low-confidence, pierce time cut off).",2079,10,Laser Cut,,3300,6.35,2435.0,1992.0,3.24,Cast Iron
sheetMetalNestingCutRate,lookupTables/Component/sheetMetalNestingCutRate.csv,USA reference export,"PARTIAL - Family 15 (Stainless Steel) OxyFuel/Plasma Cut/Plasma Punch complete; Family 2 (Steel) Fiber Laser Cut in progress, stopped at Oxygen/1500W/5.00mm confirmed (6.00mm row flagged low-confidence, pierce time cut off).",2079,10,Laser Cut,,3300,9.53,1455.0,1234.0,7.09,Cast Iron
sheetMetalNestingCutRate,lookupTables/Component/sheetMetalNestingCutRate.csv,USA reference export,"PARTIAL - Family 15 (Stainless Steel) OxyFuel/Plasma Cut/Plasma Punch complete; Family 2 (Steel) Fiber Laser Cut in progress, stopped at Oxygen/1500W/5.00mm confirmed (6.00mm row flagged low-confidence, pierce time cut off).",2079,10,Laser Cut,,3300,12.7,1119.0,942.0,10.76,Cast Iron
sheetMetalNestingCutRate,lookupTables/Component/sheetMetalNestingCutRate.csv,USA reference export,"PARTIAL - Family 15 (Stainless Steel) OxyFuel/Plasma Cut/Plasma Punch complete; Family 2 (Steel) Fiber Laser Cut in progress, stopped at Oxygen/1500W/5.00mm confirmed (6.00mm row flagged low-confidence, pierce time cut off).",2079,10,Laser Cut,,3300,15.88,795.0,691.0,12.68,Cast Iron
sheetMetalNestingCutRate,lookupTables/Component/sheetMetalNestingCutRate.csv,USA reference export,"PARTIAL - Family 15 (Stainless Steel) OxyFuel/Plasma Cut/Plasma Punch complete; Family 2 (Steel) Fiber Laser Cut in progress, stopped at Oxygen/1500W/5.00mm confirmed (6.00mm row flagged low-confidence, pierce time cut off).",2079,10,Laser Cut,,3300,19.05,779.0,680.0,13.01,Cast Iron
sheetMetalNestingCutRate,lookupTables/Component/sheetMetalNestingCutRate.csv,USA reference export,"PARTIAL - Family 15 (Stainless Steel) OxyFuel/Plasma Cut/Plasma Punch complete; Family 2 (Steel) Fiber Laser Cut in progress, stopped at Oxygen/1500W/5.00mm confirmed (6.00mm row flagged low-confidence, pierce time cut off).",2079,10,Laser Cut,,4000,1.02,7748.0,6199.0,1.11,Cast Iron
sheetMetalNestingCutRate,lookupTables/Component/sheetMetalNestingCutRate.csv,USA reference export,"PARTIAL - Family 15 (Stainless Steel) OxyFuel/Plasma Cut/Plasma Punch complete; Family 2 (Steel) Fiber Laser Cut in progress, stopped at Oxygen/1500W/5.00mm confirmed (6.00mm row flagged low-confidence, pierce time cut off).",2079,10,Laser Cut,,4000,1.52,5977.0,4649.0,1.11,Cast Iron
sheetMetalNestingCutRate,lookupTables/Component/sheetMetalNestingCutRate.csv,USA reference export,"PARTIAL - Family 15 (Stainless Steel) OxyFuel/Plasma Cut/Plasma Punch complete; Family 2 (Steel) Fiber Laser Cut in progress, stopped at Oxygen/1500W/5.00mm confirmed (6.00mm row flagged low-confidence, pierce time cut off).",2079,10,Laser Cut,,4000,2.03,5092.0,3763.0,1.11,Cast Iron
sheetMetalNestingCutRate,lookupTables/Component/sheetMetalNestingCutRate.csv,USA reference export,"PARTIAL - Family 15 (Stainless Steel) OxyFuel/Plasma Cut/Plasma Punch complete; Family 2 (Steel) Fiber Laser Cut in progress, stopped at Oxygen/1500W/5.00mm confirmed (6.00mm row flagged low-confidence, pierce time cut off).",2079,10,Laser Cut,,4000,2.54,4206.0,3505.0,1.11,Cast Iron
sheetMetalNestingCutRate,lookupTables/Component/sheetMetalNestingCutRate.csv,USA reference export,"PARTIAL - Family 15 (Stainless Steel) OxyFuel/Plasma Cut/Plasma Punch complete; Family 2 (Steel) Fiber Laser Cut in progress, stopped at Oxygen/1500W/5.00mm confirmed (6.00mm row flagged low-confidence, pierce time cut off).",2079,10,Laser Cut,,4000,3.05,3985.0,3320.83,1.11,Cast Iron
sheetMetalNestingCutRate,lookupTables/Component/sheetMetalNestingCutRate.csv,USA reference export,"PARTIAL - Family 15 (Stainless Steel) OxyFuel/Plasma Cut/Plasma Punch complete; Family 2 (Steel) Fiber Laser Cut in progress, stopped at Oxygen/1500W/5.00mm confirmed (6.00mm row flagged low-confidence, pierce time cut off).",2079,10,Laser Cut,,4000,4.57,3099.0,2435.0,1.88,Cast Iron
sheetMetalNestingCutRate,lookupTables/Component/sheetMetalNestingCutRate.csv,USA reference export,"PARTIAL - Family 15 (Stainless Steel) OxyFuel/Plasma Cut/Plasma Punch complete; Family 2 (Steel) Fiber Laser Cut in progress, stopped at Oxygen/1500W/5.00mm confirmed (6.00mm row flagged low-confidence, pierce time cut off).",2079,10,Laser Cut,,4000,6.35,2657.0,2214.0,3.18,Cast Iron
sheetMetalNestingCutRate,lookupTables/Component/sheetMetalNestingCutRate.csv,USA reference export,"PARTIAL - Family 15 (Stainless Steel) OxyFuel/Plasma Cut/Plasma Punch complete; Family 2 (Steel) Fiber Laser Cut in progress, stopped at Oxygen/1500W/5.00mm confirmed (6.00mm row flagged low-confidence, pierce time cut off).",2079,10,Laser Cut,,4000,9.53,1771.0,1550.0,6.91,Cast Iron
sheetMetalNestingCutRate,lookupTables/Component/sheetMetalNestingCutRate.csv,USA reference export,"PARTIAL - Family 15 (Stainless Steel) OxyFuel/Plasma Cut/Plasma Punch complete; Family 2 (Steel) Fiber Laser Cut in progress, stopped at Oxygen/1500W/5.00mm confirmed (6.00mm row flagged low-confidence, pierce time cut off).",2079,10,Laser Cut,,4000,12.7,1417.0,1239.0,10.5,Cast Iron
sheetMetalNestingCutRate,lookupTables/Component/sheetMetalNestingCutRate.csv,USA reference export,"PARTIAL - Family 15 (Stainless Steel) OxyFuel/Plasma Cut/Plasma Punch complete; Family 2 (Steel) Fiber Laser Cut in progress, stopped at Oxygen/1500W/5.00mm confirmed (6.00mm row flagged low-confidence, pierce time cut off).",2079,10,Laser Cut,,4000,15.88,1018.0,841.0,12.37,Cast Iron
sheetMetalNestingCutRate,lookupTables/Component/sheetMetalNestingCutRate.csv,USA reference export,"PARTIAL - Family 15 (Stainless Steel) OxyFuel/Plasma Cut/Plasma Punch complete; Family 2 (Steel) Fiber Laser Cut in progress, stopped at Oxygen/1500W/5.00mm confirmed (6.00mm row flagged low-confidence, pierce time cut off).",2079,10,Laser Cut,,4000,19.05,797.0,708.0,12.62,Cast Iron
sheetMetalNestingCutRate,lookupTables/Component/sheetMetalNestingCutRate.csv,USA reference export,"PARTIAL - Family 15 (Stainless Steel) OxyFuel/Plasma Cut/Plasma Punch complete; Family 2 (Steel) Fiber Laser Cut in progress, stopped at Oxygen/1500W/5.00mm confirmed (6.00mm row flagged low-confidence, pierce time cut off).",2079,10,Laser Cut,,5000,1.02,7748.0,6199.0,1.07,Cast Iron
sheetMetalNestingCutRate,lookupTables/Component/sheetMetalNestingCutRate.csv,USA reference export,"PARTIAL - Family 15 (Stainless Steel) OxyFuel/Plasma Cut/Plasma Punch complete; Family 2 (Steel) Fiber Laser Cut in progress, stopped at Oxygen/1500W/5.00mm confirmed (6.00mm row flagged low-confidence, pierce time cut off).",2079,10,Laser Cut,,5000,1.52,5977.0,4649.0,1.07,Cast Iron
sheetMetalNestingCutRate,lookupTables/Component/sheetMetalNestingCutRate.csv,USA reference export,"PARTIAL - Family 15 (Stainless Steel) OxyFuel/Plasma Cut/Plasma Punch complete; Family 2 (Steel) Fiber Laser Cut in progress, stopped at Oxygen/1500W/5.00mm confirmed (6.00mm row flagged low-confidence, pierce time cut off).",2079,10,Laser Cut,,5000,2.03,5092.0,3763.0,1.07,Cast Iron
sheetMetalNestingCutRate,lookupTables/Component/sheetMetalNestingCutRate.csv,USA reference export,"PARTIAL - Family 15 (Stainless Steel) OxyFuel/Plasma Cut/Plasma Punch complete; Family 2 (Steel) Fiber Laser Cut in progress, stopped at Oxygen/1500W/5.00mm confirmed (6.00mm row flagged low-confidence, pierce time cut off).",2079,10,Laser Cut,,5000,2.54,4206.0,3505.0,1.07,Cast Iron
sheetMetalNestingCutRate,lookupTables/Component/sheetMetalNestingCutRate.csv,USA reference export,"PARTIAL - Family 15 (Stainless Steel) OxyFuel/Plasma Cut/Plasma Punch complete; Family 2 (Steel) Fiber Laser Cut in progress, stopped at Oxygen/1500W/5.00mm confirmed (6.00mm row flagged low-confidence, pierce time cut off).",2079,10,Laser Cut,,5000,3.05,3985.0,3320.83,1.07,Cast Iron
sheetMetalNestingCutRate,lookupTables/Component/sheetMetalNestingCutRate.csv,USA reference export,"PARTIAL - Family 15 (Stainless Steel) OxyFuel/Plasma Cut/Plasma Punch complete; Family 2 (Steel) Fiber Laser Cut in progress, stopped at Oxygen/1500W/5.00mm confirmed (6.00mm row flagged low-confidence, pierce time cut off).",2079,10,Laser Cut,,5000,4.57,3542.0,3099.0,1.82,Cast Iron
sheetMetalNestingCutRate,lookupTables/Component/sheetMetalNestingCutRate.csv,USA reference export,"PARTIAL - Family 15 (Stainless Steel) OxyFuel/Plasma Cut/Plasma Punch complete; Family 2 (Steel) Fiber Laser Cut in progress, stopped at Oxygen/1500W/5.00mm confirmed (6.00mm row flagged low-confidence, pierce time cut off).",2079,10,Laser Cut,,5000,6.35,2878.0,2657.0,3.06,Cast Iron
sheetMetalNestingCutRate,lookupTables/Component/sheetMetalNestingCutRate.csv,USA reference export,"PARTIAL - Family 15 (Stainless Steel) OxyFuel/Plasma Cut/Plasma Punch complete; Family 2 (Steel) Fiber Laser Cut in progress, stopped at Oxygen/1500W/5.00mm confirmed (6.00mm row flagged low-confidence, pierce time cut off).",2079,10,Laser Cut,,5000,9.53,1992.0,1882.0,6.68,Cast Iron
sheetMetalNestingCutRate,lookupTables/Component/sheetMetalNestingCutRate.csv,USA reference export,"PARTIAL - Family 15 (Stainless Steel) OxyFuel/Plasma Cut/Plasma Punch complete; Family 2 (Steel) Fiber Laser Cut in progress, stopped at Oxygen/1500W/5.00mm confirmed (6.00mm row flagged low-confidence, pierce time cut off).",2079,10,Laser Cut,,5000,12.7,1771.0,1550.0,10.14,Cast Iron
sheetMetalNestingCutRate,lookupTables/Component/sheetMetalNestingCutRate.csv,USA reference export,"PARTIAL - Family 15 (Stainless Steel) OxyFuel/Plasma Cut/Plasma Punch complete; Family 2 (Steel) Fiber Laser Cut in progress, stopped at Oxygen/1500W/5.00mm confirmed (6.00mm row flagged low-confidence, pierce time cut off).",2079,10,Laser Cut,,5000,15.88,1328.0,1218.0,11.96,Cast Iron
sheetMetalNestingCutRate,lookupTables/Component/sheetMetalNestingCutRate.csv,USA reference export,"PARTIAL - Family 15 (Stainless Steel) OxyFuel/Plasma Cut/Plasma Punch complete; Family 2 (Steel) Fiber Laser Cut in progress, stopped at Oxygen/1500W/5.00mm confirmed (6.00mm row flagged low-confidence, pierce time cut off).",2079,10,Laser Cut,,5000,19.05,930.0,841.0,12.62,Cast Iron
sheetMetalNestingCutRate,lookupTables/Component/sheetMetalNestingCutRate.csv,USA reference export,"PARTIAL - Family 15 (Stainless Steel) OxyFuel/Plasma Cut/Plasma Punch complete; Family 2 (Steel) Fiber Laser Cut in progress, stopped at Oxygen/1500W/5.00mm confirmed (6.00mm row flagged low-confidence, pierce time cut off).",2079,10,Laser Cut,,6000,1.02,7748.0,6199.0,1.03,Cast Iron
sheetMetalNestingCutRate,lookupTables/Component/sheetMetalNestingCutRate.csv,USA reference export,"PARTIAL - Family 15 (Stainless Steel) OxyFuel/Plasma Cut/Plasma Punch complete; Family 2 (Steel) Fiber Laser Cut in progress, stopped at Oxygen/1500W/5.00mm confirmed (6.00mm row flagged low-confidence, pierce time cut off).",2079,10,Laser Cut,,6000,1.52,5977.0,4649.0,1.03,Cast Iron
sheetMetalNestingCutRate,lookupTables/Component/sheetMetalNestingCutRate.csv,USA reference export,"PARTIAL - Family 15 (Stainless Steel) OxyFuel/Plasma Cut/Plasma Punch complete; Family 2 (Steel) Fiber Laser Cut in progress, stopped at Oxygen/1500W/5.00mm confirmed (6.00mm row flagged low-confidence, pierce time cut off).",2079,10,Laser Cut,,6000,2.03,5092.0,3763.0,1.03,Cast Iron
sheetMetalNestingCutRate,lookupTables/Component/sheetMetalNestingCutRate.csv,USA reference export,"PARTIAL - Family 15 (Stainless Steel) OxyFuel/Plasma Cut/Plasma Punch complete; Family 2 (Steel) Fiber Laser Cut in progress, stopped at Oxygen/1500W/5.00mm confirmed (6.00mm row flagged low-confidence, pierce time cut off).",2079,10,Laser Cut,,6000,2.54,4206.0,3505.0,1.03,Cast Iron
sheetMetalNestingCutRate,lookupTables/Component/sheetMetalNestingCutRate.csv,USA reference export,"PARTIAL - Family 15 (Stainless Steel) OxyFuel/Plasma Cut/Plasma Punch complete; Family 2 (Steel) Fiber Laser Cut in progress, stopped at Oxygen/1500W/5.00mm confirmed (6.00mm row flagged low-confidence, pierce time cut off).",2079,10,Laser Cut,,6000,3.05,3985.0,3320.83,1.03,Cast Iron
sheetMetalNestingCutRate,lookupTables/Component/sheetMetalNestingCutRate.csv,USA reference export,"PARTIAL - Family 15 (Stainless Steel) OxyFuel/Plasma Cut/Plasma Punch complete; Family 2 (Steel) Fiber Laser Cut in progress, stopped at Oxygen/1500W/5.00mm confirmed (6.00mm row flagged low-confidence, pierce time cut off).",2079,10,Laser Cut,,6000,4.57,3542.0,3099.0,1.76,Cast Iron
sheetMetalNestingCutRate,lookupTables/Component/sheetMetalNestingCutRate.csv,USA reference export,"PARTIAL - Family 15 (Stainless Steel) OxyFuel/Plasma Cut/Plasma Punch complete; Family 2 (Steel) Fiber Laser Cut in progress, stopped at Oxygen/1500W/5.00mm confirmed (6.00mm row flagged low-confidence, pierce time cut off).",2079,10,Laser Cut,,6000,6.35,3099.0,2878.0,2.96,Cast Iron
sheetMetalNestingCutRate,lookupTables/Component/sheetMetalNestingCutRate.csv,USA reference export,"PARTIAL - Family 15 (Stainless Steel) OxyFuel/Plasma Cut/Plasma Punch complete; Family 2 (Steel) Fiber Laser Cut in progress, stopped at Oxygen/1500W/5.00mm confirmed (6.00mm row flagged low-confidence, pierce time cut off).",2079,10,Laser Cut,,6000,9.53,2214.0,2103.0,6.44,Cast Iron
sheetMetalNestingCutRate,lookupTables/Component/sheetMetalNestingCutRate.csv,USA reference export,"PARTIAL - Family 15 (Stainless Steel) OxyFuel/Plasma Cut/Plasma Punch complete; Family 2 (Steel) Fiber Laser Cut in progress, stopped at Oxygen/1500W/5.00mm confirmed (6.00mm row flagged low-confidence, pierce time cut off).",2079,10,Laser Cut,,6000,12.7,1882.0,1660.0,9.78,Cast Iron
sheetMetalNestingCutRate,lookupTables/Component/sheetMetalNestingCutRate.csv,USA reference export,"PARTIAL - Family 15 (Stainless Steel) OxyFuel/Plasma Cut/Plasma Punch complete; Family 2 (Steel) Fiber Laser Cut in progress, stopped at Oxygen/1500W/5.00mm confirmed (6.00mm row flagged low-confidence, pierce time cut off).",2079,10,Laser Cut,,6000,15.88,1550.0,1439.0,11.53,Cast Iron
sheetMetalNestingCutRate,lookupTables/Component/sheetMetalNestingCutRate.csv,USA reference export,"PARTIAL - Family 15 (Stainless Steel) OxyFuel/Plasma Cut/Plasma Punch complete; Family 2 (Steel) Fiber Laser Cut in progress, stopped at Oxygen/1500W/5.00mm confirmed (6.00mm row flagged low-confidence, pierce time cut off).",2079,10,Laser Cut,,6000,19.05,1018.0,930.0,12.39,Cast Iron
sheetMetalNestingCutRate,lookupTables/Component/sheetMetalNestingCutRate.csv,USA reference export,"PARTIAL - Family 15 (Stainless Steel) OxyFuel/Plasma Cut/Plasma Punch complete; Family 2 (Steel) Fiber Laser Cut in progress, stopped at Oxygen/1500W/5.00mm confirmed (6.00mm row flagged low-confidence, pierce time cut off).",2079,1,Plasma Cut,,1000,13.0,2997.0,1499.0,7.04,Steel
sheetMetalNestingCutRate,lookupTables/Component/sheetMetalNestingCutRate.csv,USA reference export,"PARTIAL - Family 15 (Stainless Steel) OxyFuel/Plasma Cut/Plasma Punch complete; Family 2 (Steel) Fiber Laser Cut in progress, stopped at Oxygen/1500W/5.00mm confirmed (6.00mm row flagged low-confidence, pierce time cut off).",2079,1,Plasma Cut,,1000,14.0,2783.0,1392.0,7.04,Steel
sheetMetalNestingCutRate,lookupTables/Component/sheetMetalNestingCutRate.csv,USA reference export,"PARTIAL - Family 15 (Stainless Steel) OxyFuel/Plasma Cut/Plasma Punch complete; Family 2 (Steel) Fiber Laser Cut in progress, stopped at Oxygen/1500W/5.00mm confirmed (6.00mm row flagged low-confidence, pierce time cut off).",2079,1,Plasma Cut,,1000,15.0,2598.0,1299.0,7.04,Steel
sheetMetalNestingCutRate,lookupTables/Component/sheetMetalNestingCutRate.csv,USA reference export,"PARTIAL - Family 15 (Stainless Steel) OxyFuel/Plasma Cut/Plasma Punch complete; Family 2 (Steel) Fiber Laser Cut in progress, stopped at Oxygen/1500W/5.00mm confirmed (6.00mm row flagged low-confidence, pierce time cut off).",2079,1,Plasma Cut,,1000,16.0,2435.0,1218.0,7.04,Steel
sheetMetalNestingCutRate,lookupTables/Component/sheetMetalNestingCutRate.csv,USA reference export,"PARTIAL - Family 15 (Stainless Steel) OxyFuel/Plasma Cut/Plasma Punch complete; Family 2 (Steel) Fiber Laser Cut in progress, stopped at Oxygen/1500W/5.00mm confirmed (6.00mm row flagged low-confidence, pierce time cut off).",2079,1,Plasma Cut,,1000,17.0,2292.0,1146.0,7.04,Steel
sheetMetalNestingCutRate,lookupTables/Component/sheetMetalNestingCutRate.csv,USA reference export,"PARTIAL - Family 15 (Stainless Steel) OxyFuel/Plasma Cut/Plasma Punch complete; Family 2 (Steel) Fiber Laser Cut in progress, stopped at Oxygen/1500W/5.00mm confirmed (6.00mm row flagged low-confidence, pierce time cut off).",2079,1,Plasma Cut,,1000,18.0,2165.0,1082.0,7.04,Steel
sheetMetalNestingCutRate,lookupTables/Component/sheetMetalNestingCutRate.csv,USA reference export,"PARTIAL - Family 15 (Stainless Steel) OxyFuel/Plasma Cut/Plasma Punch complete; Family 2 (Steel) Fiber Laser Cut in progress, stopped at Oxygen/1500W/5.00mm confirmed (6.00mm row flagged low-confidence, pierce time cut off).",2079,1,Plasma Cut,,1000,19.0,2051.0,1025.0,7.04,Steel
sheetMetalNestingCutRate,lookupTables/Component/sheetMetalNestingCutRate.csv,USA reference export,"PARTIAL - Family 15 (Stainless Steel) OxyFuel/Plasma Cut/Plasma Punch complete; Family 2 (Steel) Fiber Laser Cut in progress, stopped at Oxygen/1500W/5.00mm confirmed (6.00mm row flagged low-confidence, pierce time cut off).",2079,1,Plasma Cut,,1000,20.0,1948.0,974.0,7.04,Steel
sheetMetalNestingCutRate,lookupTables/Component/sheetMetalNestingCutRate.csv,USA reference export,"PARTIAL - Family 15 (Stainless Steel) OxyFuel/Plasma Cut/Plasma Punch complete; Family 2 (Steel) Fiber Laser Cut in progress, stopped at Oxygen/1500W/5.00mm confirmed (6.00mm row flagged low-confidence, pierce time cut off).",2079,1,Plasma Cut,,1000,21.0,1855.0,928.0,7.04,Steel
sheetMetalNestingCutRate,lookupTables/Component/sheetMetalNestingCutRate.csv,USA reference export,"PARTIAL - Family 15 (Stainless Steel) OxyFuel/Plasma Cut/Plasma Punch complete; Family 2 (Steel) Fiber Laser Cut in progress, stopped at Oxygen/1500W/5.00mm confirmed (6.00mm row flagged low-confidence, pierce time cut off).",2079,1,Plasma Cut,,1000,22.0,1771.0,886.0,7.04,Steel
sheetMetalNestingCutRate,lookupTables/Component/sheetMetalNestingCutRate.csv,USA reference export,"PARTIAL - Family 15 (Stainless Steel) OxyFuel/Plasma Cut/Plasma Punch complete; Family 2 (Steel) Fiber Laser Cut in progress, stopped at Oxygen/1500W/5.00mm confirmed (6.00mm row flagged low-confidence, pierce time cut off).",2079,1,Plasma Cut,,1000,23.0,1694.0,847.0,7.04,Steel
sheetMetalNestingCutRate,lookupTables/Component/sheetMetalNestingCutRate.csv,USA reference export,"PARTIAL - Family 15 (Stainless Steel) OxyFuel/Plasma Cut/Plasma Punch complete; Family 2 (Steel) Fiber Laser Cut in progress, stopped at Oxygen/1500W/5.00mm confirmed (6.00mm row flagged low-confidence, pierce time cut off).",2079,1,Plasma Cut,,1000,24.0,1624.0,812.0,7.04,Steel
sheetMetalNestingCutRate,lookupTables/Component/sheetMetalNestingCutRate.csv,USA reference export,"PARTIAL - Family 15 (Stainless Steel) OxyFuel/Plasma Cut/Plasma Punch complete; Family 2 (Steel) Fiber Laser Cut in progress, stopped at Oxygen/1500W/5.00mm confirmed (6.00mm row flagged low-confidence, pierce time cut off).",2079,1,Plasma Cut,,1000,25.0,1559.0,779.0,7.04,Steel
sheetMetalNestingCutRate,lookupTables/Component/sheetMetalNestingCutRate.csv,USA reference export,"PARTIAL - Family 15 (Stainless Steel) OxyFuel/Plasma Cut/Plasma Punch complete; Family 2 (Steel) Fiber Laser Cut in progress, stopped at Oxygen/1500W/5.00mm confirmed (6.00mm row flagged low-confidence, pierce time cut off).",2079,1,Plasma Cut,,1000,26.0,1499.0,749.0,7.04,Steel
sheetMetalNestingCutRate,lookupTables/Component/sheetMetalNestingCutRate.csv,USA reference export,"PARTIAL - Family 15 (Stainless Steel) OxyFuel/Plasma Cut/Plasma Punch complete; Family 2 (Steel) Fiber Laser Cut in progress, stopped at Oxygen/1500W/5.00mm confirmed (6.00mm row flagged low-confidence, pierce time cut off).",2079,1,Plasma Cut,,1000,27.0,1443.0,722.0,7.04,Steel
sheetMetalNestingCutRate,lookupTables/Component/sheetMetalNestingCutRate.csv,USA reference export,"PARTIAL - Family 15 (Stainless Steel) OxyFuel/Plasma Cut/Plasma Punch complete; Family 2 (Steel) Fiber Laser Cut in progress, stopped at Oxygen/1500W/5.00mm confirmed (6.00mm row flagged low-confidence, pierce time cut off).",2079,1,Plasma Cut,,1000,28.0,1392.0,696.0,7.04,Steel
sheetMetalNestingCutRate,lookupTables/Component/sheetMetalNestingCutRate.csv,USA reference export,"PARTIAL - Family 15 (Stainless Steel) OxyFuel/Plasma Cut/Plasma Punch complete; Family 2 (Steel) Fiber Laser Cut in progress, stopped at Oxygen/1500W/5.00mm confirmed (6.00mm row flagged low-confidence, pierce time cut off).",2079,1,Plasma Cut,,1000,29.0,1344.0,672.0,7.04,Steel
sheetMetalNestingCutRate,lookupTables/Component/sheetMetalNestingCutRate.csv,USA reference export,"PARTIAL - Family 15 (Stainless Steel) OxyFuel/Plasma Cut/Plasma Punch complete; Family 2 (Steel) Fiber Laser Cut in progress, stopped at Oxygen/1500W/5.00mm confirmed (6.00mm row flagged low-confidence, pierce time cut off).",2079,1,Plasma Cut,,1000,30.0,1299.0,649.0,7.04,Steel
sheetMetalNestingCutRate,lookupTables/Component/sheetMetalNestingCutRate.csv,USA reference export,"PARTIAL - Family 15 (Stainless Steel) OxyFuel/Plasma Cut/Plasma Punch complete; Family 2 (Steel) Fiber Laser Cut in progress, stopped at Oxygen/1500W/5.00mm confirmed (6.00mm row flagged low-confidence, pierce time cut off).",2079,1,Plasma Cut,,1000,31.0,1257.0,628.0,7.04,Steel
sheetMetalNestingCutRate,lookupTables/Component/sheetMetalNestingCutRate.csv,USA reference export,"PARTIAL - Family 15 (Stainless Steel) OxyFuel/Plasma Cut/Plasma Punch complete; Family 2 (Steel) Fiber Laser Cut in progress, stopped at Oxygen/1500W/5.00mm confirmed (6.00mm row flagged low-confidence, pierce time cut off).",2079,1,Plasma Cut,,1000,32.0,1218.0,609.0,7.04,Steel
sheetMetalNestingCutRate,lookupTables/Component/sheetMetalNestingCutRate.csv,USA reference export,"PARTIAL - Family 15 (Stainless Steel) OxyFuel/Plasma Cut/Plasma Punch complete; Family 2 (Steel) Fiber Laser Cut in progress, stopped at Oxygen/1500W/5.00mm confirmed (6.00mm row flagged low-confidence, pierce time cut off).",2079,1,Plasma Cut,,1000,33.0,1181.0,590.0,7.04,Steel
sheetMetalNestingCutRate,lookupTables/Component/sheetMetalNestingCutRate.csv,USA reference export,"PARTIAL - Family 15 (Stainless Steel) OxyFuel/Plasma Cut/Plasma Punch complete; Family 2 (Steel) Fiber Laser Cut in progress, stopped at Oxygen/1500W/5.00mm confirmed (6.00mm row flagged low-confidence, pierce time cut off).",2079,1,Plasma Cut,,1000,34.0,1146.0,573.0,7.04,Steel
sheetMetalNestingCutRate,lookupTables/Component/sheetMetalNestingCutRate.csv,USA reference export,"PARTIAL - Family 15 (Stainless Steel) OxyFuel/Plasma Cut/Plasma Punch complete; Family 2 (Steel) Fiber Laser Cut in progress, stopped at Oxygen/1500W/5.00mm confirmed (6.00mm row flagged low-confidence, pierce time cut off).",2079,1,Plasma Cut,,1000,35.0,1113.0,557.0,7.04,Steel
sheetMetalNestingCutRate,lookupTables/Component/sheetMetalNestingCutRate.csv,USA reference export,"PARTIAL - Family 15 (Stainless Steel) OxyFuel/Plasma Cut/Plasma Punch complete; Family 2 (Steel) Fiber Laser Cut in progress, stopped at Oxygen/1500W/5.00mm confirmed (6.00mm row flagged low-confidence, pierce time cut off).",2079,1,Plasma Cut,,1000,36.0,1082.0,541.0,7.04,Steel
sheetMetalNestingCutRate,lookupTables/Component/sheetMetalNestingCutRate.csv,USA reference export,"PARTIAL - Family 15 (Stainless Steel) OxyFuel/Plasma Cut/Plasma Punch complete; Family 2 (Steel) Fiber Laser Cut in progress, stopped at Oxygen/1500W/5.00mm confirmed (6.00mm row flagged low-confidence, pierce time cut off).",2079,1,Plasma Cut,,1000,37.0,1053.0,527.0,7.04,Steel
sheetMetalNestingCutRate,lookupTables/Component/sheetMetalNestingCutRate.csv,USA reference export,"PARTIAL - Family 15 (Stainless Steel) OxyFuel/Plasma Cut/Plasma Punch complete; Family 2 (Steel) Fiber Laser Cut in progress, stopped at Oxygen/1500W/5.00mm confirmed (6.00mm row flagged low-confidence, pierce time cut off).",2079,1,Plasma Cut,,1000,38.0,1025.0,513.0,7.04,Steel
sheetMetalNestingCutRate,lookupTables/Component/sheetMetalNestingCutRate.csv,USA reference export,"PARTIAL - Family 15 (Stainless Steel) OxyFuel/Plasma Cut/Plasma Punch complete; Family 2 (Steel) Fiber Laser Cut in progress, stopped at Oxygen/1500W/5.00mm confirmed (6.00mm row flagged low-confidence, pierce time cut off).",2079,1,Plasma Cut,,1000,39.0,999.0,500.0,7.04,Steel
sheetMetalNestingCutRate,lookupTables/Component/sheetMetalNestingCutRate.csv,USA reference export,"PARTIAL - Family 15 (Stainless Steel) OxyFuel/Plasma Cut/Plasma Punch complete; Family 2 (Steel) Fiber Laser Cut in progress, stopped at Oxygen/1500W/5.00mm confirmed (6.00mm row flagged low-confidence, pierce time cut off).",2079,1,Plasma Cut,,1000,40.0,974.0,487.0,7.04,Steel
sheetMetalNestingCutRate,lookupTables/Component/sheetMetalNestingCutRate.csv,USA reference export,"PARTIAL - Family 15 (Stainless Steel) OxyFuel/Plasma Cut/Plasma Punch complete; Family 2 (Steel) Fiber Laser Cut in progress, stopped at Oxygen/1500W/5.00mm confirmed (6.00mm row flagged low-confidence, pierce time cut off).",2079,1,Plasma Cut,,1000,41.0,950.0,475.0,7.04,Steel
sheetMetalNestingCutRate,lookupTables/Component/sheetMetalNestingCutRate.csv,USA reference export,"PARTIAL - Family 15 (Stainless Steel) OxyFuel/Plasma Cut/Plasma Punch complete; Family 2 (Steel) Fiber Laser Cut in progress, stopped at Oxygen/1500W/5.00mm confirmed (6.00mm row flagged low-confidence, pierce time cut off).",2079,1,Plasma Cut,,1000,42.0,928.0,464.0,7.04,Steel
sheetMetalNestingCutRate,lookupTables/Component/sheetMetalNestingCutRate.csv,USA reference export,"PARTIAL - Family 15 (Stainless Steel) OxyFuel/Plasma Cut/Plasma Punch complete; Family 2 (Steel) Fiber Laser Cut in progress, stopped at Oxygen/1500W/5.00mm confirmed (6.00mm row flagged low-confidence, pierce time cut off).",2079,1,Plasma Cut,,1000,43.0,906.0,453.0,7.04,Steel
sheetMetalNestingCutRate,lookupTables/Component/sheetMetalNestingCutRate.csv,USA reference export,"PARTIAL - Family 15 (Stainless Steel) OxyFuel/Plasma Cut/Plasma Punch complete; Family 2 (Steel) Fiber Laser Cut in progress, stopped at Oxygen/1500W/5.00mm confirmed (6.00mm row flagged low-confidence, pierce time cut off).",2079,1,Plasma Cut,,1000,44.0,886.0,443.0,7.04,Steel
sheetMetalNestingCutRate,lookupTables/Component/sheetMetalNestingCutRate.csv,USA reference export,"PARTIAL - Family 15 (Stainless Steel) OxyFuel/Plasma Cut/Plasma Punch complete; Family 2 (Steel) Fiber Laser Cut in progress, stopped at Oxygen/1500W/5.00mm confirmed (6.00mm row flagged low-confidence, pierce time cut off).",2079,1,Plasma Cut,,1000,45.0,866.0,433.0,7.04,Steel
sheetMetalNestingCutRate,lookupTables/Component/sheetMetalNestingCutRate.csv,USA reference export,"PARTIAL - Family 15 (Stainless Steel) OxyFuel/Plasma Cut/Plasma Punch complete; Family 2 (Steel) Fiber Laser Cut in progress, stopped at Oxygen/1500W/5.00mm confirmed (6.00mm row flagged low-confidence, pierce time cut off).",2079,1,Plasma Cut,,1000,46.0,847.0,424.0,7.04,Steel
sheetMetalNestingCutRate,lookupTables/Component/sheetMetalNestingCutRate.csv,USA reference export,"PARTIAL - Family 15 (Stainless Steel) OxyFuel/Plasma Cut/Plasma Punch complete; Family 2 (Steel) Fiber Laser Cut in progress, stopped at Oxygen/1500W/5.00mm confirmed (6.00mm row flagged low-confidence, pierce time cut off).",2079,1,Plasma Cut,,1000,47.0,829.0,415.0,7.04,Steel
sheetMetalNestingCutRate,lookupTables/Component/sheetMetalNestingCutRate.csv,USA reference export,"PARTIAL - Family 15 (Stainless Steel) OxyFuel/Plasma Cut/Plasma Punch complete; Family 2 (Steel) Fiber Laser Cut in progress, stopped at Oxygen/1500W/5.00mm confirmed (6.00mm row flagged low-confidence, pierce time cut off).",2079,1,Plasma Cut,,1000,48.0,812.0,406.0,7.04,Steel
sheetMetalNestingCutRate,lookupTables/Component/sheetMetalNestingCutRate.csv,USA reference export,"PARTIAL - Family 15 (Stainless Steel) OxyFuel/Plasma Cut/Plasma Punch complete; Family 2 (Steel) Fiber Laser Cut in progress, stopped at Oxygen/1500W/5.00mm confirmed (6.00mm row flagged low-confidence, pierce time cut off).",2079,1,Plasma Cut,,1000,49.0,795.0,398.0,7.04,Steel
sheetMetalNestingCutRate,lookupTables/Component/sheetMetalNestingCutRate.csv,USA reference export,"PARTIAL - Family 15 (Stainless Steel) OxyFuel/Plasma Cut/Plasma Punch complete; Family 2 (Steel) Fiber Laser Cut in progress, stopped at Oxygen/1500W/5.00mm confirmed (6.00mm row flagged low-confidence, pierce time cut off).",2079,1,Plasma Cut,,1000,50.0,779.0,390.0,7.04,Steel
sheetMetalNestingCutRate,lookupTables/Component/sheetMetalNestingCutRate.csv,USA reference export,"PARTIAL - Family 15 (Stainless Steel) OxyFuel/Plasma Cut/Plasma Punch complete; Family 2 (Steel) Fiber Laser Cut in progress, stopped at Oxygen/1500W/5.00mm confirmed (6.00mm row flagged low-confidence, pierce time cut off).",2079,1,Plasma Cut,,1000,51.0,764.0,382.0,7.04,Steel
sheetMetalNestingCutRate,lookupTables/Component/sheetMetalNestingCutRate.csv,USA reference export,"PARTIAL - Family 15 (Stainless Steel) OxyFuel/Plasma Cut/Plasma Punch complete; Family 2 (Steel) Fiber Laser Cut in progress, stopped at Oxygen/1500W/5.00mm confirmed (6.00mm row flagged low-confidence, pierce time cut off).",2079,1,Plasma Cut,,1000,52.0,749.0,375.0,7.04,Steel
sheetMetalNestingCutRate,lookupTables/Component/sheetMetalNestingCutRate.csv,USA reference export,"PARTIAL - Family 15 (Stainless Steel) OxyFuel/Plasma Cut/Plasma Punch complete; Family 2 (Steel) Fiber Laser Cut in progress, stopped at Oxygen/1500W/5.00mm confirmed (6.00mm row flagged low-confidence, pierce time cut off).",2079,1,Plasma Cut,,1000,53.0,735.0,368.0,7.04,Steel
sheetMetalNestingCutRate,lookupTables/Component/sheetMetalNestingCutRate.csv,USA reference export,"PARTIAL - Family 15 (Stainless Steel) OxyFuel/Plasma Cut/Plasma Punch complete; Family 2 (Steel) Fiber Laser Cut in progress, stopped at Oxygen/1500W/5.00mm confirmed (6.00mm row flagged low-confidence, pierce time cut off).",2079,1,Plasma Cut,,1000,54.0,722.0,361.0,7.04,Steel
sheetMetalNestingCutRate,lookupTables/Component/sheetMetalNestingCutRate.csv,USA reference export,"PARTIAL - Family 15 (Stainless Steel) OxyFuel/Plasma Cut/Plasma Punch complete; Family 2 (Steel) Fiber Laser Cut in progress, stopped at Oxygen/1500W/5.00mm confirmed (6.00mm row flagged low-confidence, pierce time cut off).",2079,1,Plasma Cut,,1000,55.0,709.0,354.0,7.04,Steel
sheetMetalNestingCutRate,lookupTables/Component/sheetMetalNestingCutRate.csv,USA reference export,"PARTIAL - Family 15 (Stainless Steel) OxyFuel/Plasma Cut/Plasma Punch complete; Family 2 (Steel) Fiber Laser Cut in progress, stopped at Oxygen/1500W/5.00mm confirmed (6.00mm row flagged low-confidence, pierce time cut off).",2079,1,Plasma Cut,,1000,56.0,696.0,348.0,7.04,Steel
sheetMetalNestingCutRate,lookupTables/Component/sheetMetalNestingCutRate.csv,USA reference export,"PARTIAL - Family 15 (Stainless Steel) OxyFuel/Plasma Cut/Plasma Punch complete; Family 2 (Steel) Fiber Laser Cut in progress, stopped at Oxygen/1500W/5.00mm confirmed (6.00mm row flagged low-confidence, pierce time cut off).",2079,1,Plasma Cut,,1000,57.0,684.0,342.0,7.04,Steel
sheetMetalNestingCutRate,lookupTables/Component/sheetMetalNestingCutRate.csv,USA reference export,"PARTIAL - Family 15 (Stainless Steel) OxyFuel/Plasma Cut/Plasma Punch complete; Family 2 (Steel) Fiber Laser Cut in progress, stopped at Oxygen/1500W/5.00mm confirmed (6.00mm row flagged low-confidence, pierce time cut off).",2079,1,Plasma Cut,,1000,58.0,672.0,336.0,7.04,Steel
sheetMetalNestingCutRate,lookupTables/Component/sheetMetalNestingCutRate.csv,USA reference export,"PARTIAL - Family 15 (Stainless Steel) OxyFuel/Plasma Cut/Plasma Punch complete; Family 2 (Steel) Fiber Laser Cut in progress, stopped at Oxygen/1500W/5.00mm confirmed (6.00mm row flagged low-confidence, pierce time cut off).",2079,1,Plasma Cut,,1000,59.0,660.0,330.0,7.04,Steel
sheetMetalNestingCutRate,lookupTables/Component/sheetMetalNestingCutRate.csv,USA reference export,"PARTIAL - Family 15 (Stainless Steel) OxyFuel/Plasma Cut/Plasma Punch complete; Family 2 (Steel) Fiber Laser Cut in progress, stopped at Oxygen/1500W/5.00mm confirmed (6.00mm row flagged low-confidence, pierce time cut off).",2079,1,Plasma Cut,,1000,60.0,649.0,325.0,7.04,Steel
sheetMetalNestingCutRate,lookupTables/Component/sheetMetalNestingCutRate.csv,USA reference export,"PARTIAL - Family 15 (Stainless Steel) OxyFuel/Plasma Cut/Plasma Punch complete; Family 2 (Steel) Fiber Laser Cut in progress, stopped at Oxygen/1500W/5.00mm confirmed (6.00mm row flagged low-confidence, pierce time cut off).",2079,1,Plasma Cut,,1000,61.0,639.0,319.0,7.04,Steel
sheetMetalNestingCutRate,lookupTables/Component/sheetMetalNestingCutRate.csv,USA reference export,"PARTIAL - Family 15 (Stainless Steel) OxyFuel/Plasma Cut/Plasma Punch complete; Family 2 (Steel) Fiber Laser Cut in progress, stopped at Oxygen/1500W/5.00mm confirmed (6.00mm row flagged low-confidence, pierce time cut off).",2079,1,Plasma Cut,,1000,62.0,629.0,314.0,7.04,Steel
sheetMetalNestingCutRate,lookupTables/Component/sheetMetalNestingCutRate.csv,USA reference export,"PARTIAL - Family 15 (Stainless Steel) OxyFuel/Plasma Cut/Plasma Punch complete; Family 2 (Steel) Fiber Laser Cut in progress, stopped at Oxygen/1500W/5.00mm confirmed (6.00mm row flagged low-confidence, pierce time cut off).",2079,1,Plasma Cut,,1000,63.0,619.0,309.0,7.04,Steel
sheetMetalNestingCutRate,lookupTables/Component/sheetMetalNestingCutRate.csv,USA reference export,"PARTIAL - Family 15 (Stainless Steel) OxyFuel/Plasma Cut/Plasma Punch complete; Family 2 (Steel) Fiber Laser Cut in progress, stopped at Oxygen/1500W/5.00mm confirmed (6.00mm row flagged low-confidence, pierce time cut off).",2079,1,Plasma Cut,,1000,64.0,609.0,304.0,7.04,Steel
sheetMetalNestingCutRate,lookupTables/Component/sheetMetalNestingCutRate.csv,USA reference export,"PARTIAL - Family 15 (Stainless Steel) OxyFuel/Plasma Cut/Plasma Punch complete; Family 2 (Steel) Fiber Laser Cut in progress, stopped at Oxygen/1500W/5.00mm confirmed (6.00mm row flagged low-confidence, pierce time cut off).",2079,1,Plasma Cut,,1000,65.0,600.0,300.0,7.04,Steel
sheetMetalNestingCutRate,lookupTables/Component/sheetMetalNestingCutRate.csv,USA reference export,"PARTIAL - Family 15 (Stainless Steel) OxyFuel/Plasma Cut/Plasma Punch complete; Family 2 (Steel) Fiber Laser Cut in progress, stopped at Oxygen/1500W/5.00mm confirmed (6.00mm row flagged low-confidence, pierce time cut off).",2079,1,Plasma Cut,,1000,66.0,590.0,295.0,7.04,Steel
sheetMetalNestingCutRate,lookupTables/Component/sheetMetalNestingCutRate.csv,USA reference export,"PARTIAL - Family 15 (Stainless Steel) OxyFuel/Plasma Cut/Plasma Punch complete; Family 2 (Steel) Fiber Laser Cut in progress, stopped at Oxygen/1500W/5.00mm confirmed (6.00mm row flagged low-confidence, pierce time cut off).",2079,1,Plasma Cut,,1000,67.0,582.0,291.0,7.04,Steel
sheetMetalNestingCutRate,lookupTables/Component/sheetMetalNestingCutRate.csv,USA reference export,"PARTIAL - Family 15 (Stainless Steel) OxyFuel/Plasma Cut/Plasma Punch complete; Family 2 (Steel) Fiber Laser Cut in progress, stopped at Oxygen/1500W/5.00mm confirmed (6.00mm row flagged low-confidence, pierce time cut off).",2079,1,Plasma Cut,,1000,68.0,573.0,287.0,7.04,Steel
sheetMetalNestingCutRate,lookupTables/Component/sheetMetalNestingCutRate.csv,USA reference export,"PARTIAL - Family 15 (Stainless Steel) OxyFuel/Plasma Cut/Plasma Punch complete; Family 2 (Steel) Fiber Laser Cut in progress, stopped at Oxygen/1500W/5.00mm confirmed (6.00mm row flagged low-confidence, pierce time cut off).",2079,1,Plasma Cut,,1000,69.0,565.0,282.0,7.04,Steel
sheetMetalNestingCutRate,lookupTables/Component/sheetMetalNestingCutRate.csv,USA reference export,"PARTIAL - Family 15 (Stainless Steel) OxyFuel/Plasma Cut/Plasma Punch complete; Family 2 (Steel) Fiber Laser Cut in progress, stopped at Oxygen/1500W/5.00mm confirmed (6.00mm row flagged low-confidence, pierce time cut off).",2079,1,Plasma Cut,,1000,70.0,557.0,278.0,7.04,Steel
sheetMetalNestingCutRate,lookupTables/Component/sheetMetalNestingCutRate.csv,USA reference export,"PARTIAL - Family 15 (Stainless Steel) OxyFuel/Plasma Cut/Plasma Punch complete; Family 2 (Steel) Fiber Laser Cut in progress, stopped at Oxygen/1500W/5.00mm confirmed (6.00mm row flagged low-confidence, pierce time cut off).",2079,1,Plasma Cut,,1000,71.0,549.0,274.0,7.04,Steel
sheetMetalNestingCutRate,lookupTables/Component/sheetMetalNestingCutRate.csv,USA reference export,"PARTIAL - Family 15 (Stainless Steel) OxyFuel/Plasma Cut/Plasma Punch complete; Family 2 (Steel) Fiber Laser Cut in progress, stopped at Oxygen/1500W/5.00mm confirmed (6.00mm row flagged low-confidence, pierce time cut off).",2079,1,Plasma Cut,,1000,72.0,541.0,271.0,7.04,Steel
sheetMetalNestingCutRate,lookupTables/Component/sheetMetalNestingCutRate.csv,USA reference export,"PARTIAL - Family 15 (Stainless Steel) OxyFuel/Plasma Cut/Plasma Punch complete; Family 2 (Steel) Fiber Laser Cut in progress, stopped at Oxygen/1500W/5.00mm confirmed (6.00mm row flagged low-confidence, pierce time cut off).",2079,1,Plasma Cut,,1000,73.0,534.0,267.0,7.04,Steel
sheetMetalNestingCutRate,lookupTables/Component/sheetMetalNestingCutRate.csv,USA reference export,"PARTIAL - Family 15 (Stainless Steel) OxyFuel/Plasma Cut/Plasma Punch complete; Family 2 (Steel) Fiber Laser Cut in progress, stopped at Oxygen/1500W/5.00mm confirmed (6.00mm row flagged low-confidence, pierce time cut off).",2079,1,Plasma Cut,,1000,74.0,527.0,263.0,7.04,Steel
sheetMetalNestingCutRate,lookupTables/Component/sheetMetalNestingCutRate.csv,USA reference export,"PARTIAL - Family 15 (Stainless Steel) OxyFuel/Plasma Cut/Plasma Punch complete; Family 2 (Steel) Fiber Laser Cut in progress, stopped at Oxygen/1500W/5.00mm confirmed (6.00mm row flagged low-confidence, pierce time cut off).",2079,1,Plasma Cut,,1000,75.0,520.0,260.0,7.04,Steel
sheetMetalNestingCutRate,lookupTables/Component/sheetMetalNestingCutRate.csv,USA reference export,"PARTIAL - Family 15 (Stainless Steel) OxyFuel/Plasma Cut/Plasma Punch complete; Family 2 (Steel) Fiber Laser Cut in progress, stopped at Oxygen/1500W/5.00mm confirmed (6.00mm row flagged low-confidence, pierce time cut off).",2079,1,Plasma Cut,,1000,76.0,513.0,256.0,7.04,Steel
sheetMetalNestingCutRate,lookupTables/Component/sheetMetalNestingCutRate.csv,USA reference export,"PARTIAL - Family 15 (Stainless Steel) OxyFuel/Plasma Cut/Plasma Punch complete; Family 2 (Steel) Fiber Laser Cut in progress, stopped at Oxygen/1500W/5.00mm confirmed (6.00mm row flagged low-confidence, pierce time cut off).",2079,1,Plasma Cut,,1000,77.0,506.0,253.0,7.04,Steel
sheetMetalNestingCutRate,lookupTables/Component/sheetMetalNestingCutRate.csv,USA reference export,"PARTIAL - Family 15 (Stainless Steel) OxyFuel/Plasma Cut/Plasma Punch complete; Family 2 (Steel) Fiber Laser Cut in progress, stopped at Oxygen/1500W/5.00mm confirmed (6.00mm row flagged low-confidence, pierce time cut off).",2079,1,Plasma Cut,,30000,6.4,81160.67,40580.67,7.0,Steel
sheetMetalNestingCutRate,lookupTables/Component/sheetMetalNestingCutRate.csv,USA reference export,"PARTIAL - Family 15 (Stainless Steel) OxyFuel/Plasma Cut/Plasma Punch complete; Family 2 (Steel) Fiber Laser Cut in progress, stopped at Oxygen/1500W/5.00mm confirmed (6.00mm row flagged low-confidence, pierce time cut off).",2079,1,Plasma Cut,,30000,7.0,80165.33,40082.67,7.0,Steel
sheetMetalNestingCutRate,lookupTables/Component/sheetMetalNestingCutRate.csv,USA reference export,"PARTIAL - Family 15 (Stainless Steel) OxyFuel/Plasma Cut/Plasma Punch complete; Family 2 (Steel) Fiber Laser Cut in progress, stopped at Oxygen/1500W/5.00mm confirmed (6.00mm row flagged low-confidence, pierce time cut off).",2079,1,Plasma Cut,,30000,8.0,77942.33,38971.0,7.0,Steel
sheetMetalNestingCutRate,lookupTables/Component/sheetMetalNestingCutRate.csv,USA reference export,"PARTIAL - Family 15 (Stainless Steel) OxyFuel/Plasma Cut/Plasma Punch complete; Family 2 (Steel) Fiber Laser Cut in progress, stopped at Oxygen/1500W/5.00mm confirmed (6.00mm row flagged low-confidence, pierce time cut off).",2079,1,Plasma Cut,,30000,9.0,75451.0,37726.0,7.0,Steel
sheetMetalNestingCutRate,lookupTables/Component/sheetMetalNestingCutRate.csv,USA reference export,"PARTIAL - Family 15 (Stainless Steel) OxyFuel/Plasma Cut/Plasma Punch complete; Family 2 (Steel) Fiber Laser Cut in progress, stopped at Oxygen/1500W/5.00mm confirmed (6.00mm row flagged low-confidence, pierce time cut off).",2079,1,Plasma Cut,,30000,10.0,72980.67,36490.33,7.0,Steel
sheetMetalNestingCutRate,lookupTables/Component/sheetMetalNestingCutRate.csv,USA reference export,"PARTIAL - Family 15 (Stainless Steel) OxyFuel/Plasma Cut/Plasma Punch complete; Family 2 (Steel) Fiber Laser Cut in progress, stopped at Oxygen/1500W/5.00mm confirmed (6.00mm row flagged low-confidence, pierce time cut off).",2079,1,Plasma Cut,,30000,11.0,70525.67,35114.0,7.0,Steel
sheetMetalNestingCutRate,lookupTables/Component/sheetMetalNestingCutRate.csv,USA reference export,"PARTIAL - Family 15 (Stainless Steel) OxyFuel/Plasma Cut/Plasma Punch complete; Family 2 (Steel) Fiber Laser Cut in progress, stopped at Oxygen/1500W/5.00mm confirmed (6.00mm row flagged low-confidence, pierce time cut off).",2079,1,Plasma Cut,,30000,12.0,68082.0,34041.0,7.0,Steel
sheetMetalNestingCutRate,lookupTables/Component/sheetMetalNestingCutRate.csv,USA reference export,"PARTIAL - Family 15 (Stainless Steel) OxyFuel/Plasma Cut/Plasma Punch complete; Family 2 (Steel) Fiber Laser Cut in progress, stopped at Oxygen/1500W/5.00mm confirmed (6.00mm row flagged low-confidence, pierce time cut off).",2079,1,Plasma Cut,,30000,12.7,99396.33,49722.33,7.0,Steel
sheetMetalNestingCutRate,lookupTables/Component/sheetMetalNestingCutRate.csv,USA reference export,"PARTIAL - Family 15 (Stainless Steel) OxyFuel/Plasma Cut/Plasma Punch complete; Family 2 (Steel) Fiber Laser Cut in progress, stopped at Oxygen/1500W/5.00mm confirmed (6.00mm row flagged low-confidence, pierce time cut off).",2079,1,Plasma Cut,,30000,13.0,85988.88,43009.44,7.0,Steel
sheetMetalNestingCutRate,lookupTables/Component/sheetMetalNestingCutRate.csv,USA reference export,"PARTIAL - Family 15 (Stainless Steel) OxyFuel/Plasma Cut/Plasma Punch complete; Family 2 (Steel) Fiber Laser Cut in progress, stopped at Oxygen/1500W/5.00mm confirmed (6.00mm row flagged low-confidence, pierce time cut off).",2079,1,Plasma Cut,,30000,14.0,81817.33,40932.6,7.0,Steel
sheetMetalNestingCutRate,lookupTables/Component/sheetMetalNestingCutRate.csv,USA reference export,"PARTIAL - Family 15 (Stainless Steel) OxyFuel/Plasma Cut/Plasma Punch complete; Family 2 (Steel) Fiber Laser Cut in progress, stopped at Oxygen/1500W/5.00mm confirmed (6.00mm row flagged low-confidence, pierce time cut off).",2079,1,Plasma Cut,,30000,15.0,76030.43,38004.86,7.0,Steel
sheetMetalNestingCutRate,lookupTables/Component/sheetMetalNestingCutRate.csv,USA reference export,"PARTIAL - Family 15 (Stainless Steel) OxyFuel/Plasma Cut/Plasma Punch complete; Family 2 (Steel) Fiber Laser Cut in progress, stopped at Oxygen/1500W/5.00mm confirmed (6.00mm row flagged low-confidence, pierce time cut off).",2079,1,Plasma Cut,,30000,16.0,70927.35,35483.8,7.0,Steel
sheetMetalNestingCutRate,lookupTables/Component/sheetMetalNestingCutRate.csv,USA reference export,"PARTIAL - Family 15 (Stainless Steel) OxyFuel/Plasma Cut/Plasma Punch complete; Family 2 (Steel) Fiber Laser Cut in progress, stopped at Oxygen/1500W/5.00mm confirmed (6.00mm row flagged low-confidence, pierce time cut off).",2079,1,Plasma Cut,,30000,17.0,66472.29,33225.79,7.0,Steel
sheetMetalNestingCutRate,lookupTables/Component/sheetMetalNestingCutRate.csv,USA reference export,"PARTIAL - Family 15 (Stainless Steel) OxyFuel/Plasma Cut/Plasma Punch complete; Family 2 (Steel) Fiber Laser Cut in progress, stopped at Oxygen/1500W/5.00mm confirmed (6.00mm row flagged low-confidence, pierce time cut off).",2079,1,Plasma Cut,,30000,18.0,62519.49,31252.7,7.0,Steel
sheetMetalNestingCutRate,lookupTables/Component/sheetMetalNestingCutRate.csv,USA reference export,"PARTIAL - Family 15 (Stainless Steel) OxyFuel/Plasma Cut/Plasma Punch complete; Family 2 (Steel) Fiber Laser Cut in progress, stopped at Oxygen/1500W/5.00mm confirmed (6.00mm row flagged low-confidence, pierce time cut off).",2079,1,Plasma Cut,,30000,19.0,59005.99,29495.95,7.0,Steel
sheetMetalNestingCutRate,lookupTables/Component/sheetMetalNestingCutRate.csv,USA reference export,"PARTIAL - Family 15 (Stainless Steel) OxyFuel/Plasma Cut/Plasma Punch complete; Family 2 (Steel) Fiber Laser Cut in progress, stopped at Oxygen/1500W/5.00mm confirmed (6.00mm row flagged low-confidence, pierce time cut off).",2079,1,Plasma Cut,,30000,20.0,55825.13,27902.21,7.0,Steel
sheetMetalNestingCutRate,lookupTables/Component/sheetMetalNestingCutRate.csv,USA reference export,"PARTIAL - Family 15 (Stainless Steel) OxyFuel/Plasma Cut/Plasma Punch complete; Family 2 (Steel) Fiber Laser Cut in progress, stopped at Oxygen/1500W/5.00mm confirmed (6.00mm row flagged low-confidence, pierce time cut off).",2079,1,Plasma Cut,,30000,21.0,52942.11,26491.18,7.0,Steel
sheetMetalNestingCutRate,lookupTables/Component/sheetMetalNestingCutRate.csv,USA reference export,"PARTIAL - Family 15 (Stainless Steel) OxyFuel/Plasma Cut/Plasma Punch complete; Family 2 (Steel) Fiber Laser Cut in progress, stopped at Oxygen/1500W/5.00mm confirmed (6.00mm row flagged low-confidence, pierce time cut off).",2079,1,Plasma Cut,,30000,22.0,50384.26,25201.9,7.0,Steel
sheetMetalNestingCutRate,lookupTables/Component/sheetMetalNestingCutRate.csv,USA reference export,"PARTIAL - Family 15 (Stainless Steel) OxyFuel/Plasma Cut/Plasma Punch complete; Family 2 (Steel) Fiber Laser Cut in progress, stopped at Oxygen/1500W/5.00mm confirmed (6.00mm row flagged low-confidence, pierce time cut off).",2079,1,Plasma Cut,,30000,23.0,48022.05,24014.83,7.0,Steel
sheetMetalNestingCutRate,lookupTables/Component/sheetMetalNestingCutRate.csv,USA reference export,"PARTIAL - Family 15 (Stainless Steel) OxyFuel/Plasma Cut/Plasma Punch complete; Family 2 (Steel) Fiber Laser Cut in progress, stopped at Oxygen/1500W/5.00mm confirmed (6.00mm row flagged low-confidence, pierce time cut off).",2079,1,Plasma Cut,,30000,24.0,45904.5,22941.9,7.0,Steel
sheetMetalNestingCutRate,lookupTables/Component/sheetMetalNestingCutRate.csv,USA reference export,"PARTIAL - Family 15 (Stainless Steel) OxyFuel/Plasma Cut/Plasma Punch complete; Family 2 (Steel) Fiber Laser Cut in progress, stopped at Oxygen/1500W/5.00mm confirmed (6.00mm row flagged low-confidence, pierce time cut off).",2079,1,Plasma Cut,,30000,25.0,43909.7,21930.92,7.0,Steel
sheetMetalNestingCutRate,lookupTables/Component/sheetMetalNestingCutRate.csv,USA reference export,"PARTIAL - Family 15 (Stainless Steel) OxyFuel/Plasma Cut/Plasma Punch complete; Family 2 (Steel) Fiber Laser Cut in progress, stopped at Oxygen/1500W/5.00mm confirmed (6.00mm row flagged low-confidence, pierce time cut off).",2079,1,Plasma Cut,,30000,26.0,42090.0,21027.61,7.0,Steel
sheetMetalNestingCutRate,lookupTables/Component/sheetMetalNestingCutRate.csv,USA reference export,"PARTIAL - Family 15 (Stainless Steel) OxyFuel/Plasma Cut/Plasma Punch complete; Family 2 (Steel) Fiber Laser Cut in progress, stopped at Oxygen/1500W/5.00mm confirmed (6.00mm row flagged low-confidence, pierce time cut off).",2079,1,Plasma Cut,,30000,27.0,41332.28,20683.42,7.0,Steel
sheetMetalNestingCutRate,lookupTables/Component/sheetMetalNestingCutRate.csv,USA reference export,"PARTIAL - Family 15 (Stainless Steel) OxyFuel/Plasma Cut/Plasma Punch complete; Family 2 (Steel) Fiber Laser Cut in progress, stopped at Oxygen/1500W/5.00mm confirmed (6.00mm row flagged low-confidence, pierce time cut off).",2079,1,Plasma Cut,,30000,28.0,39710.07,19868.56,7.0,Steel
sheetMetalNestingCutRate,lookupTables/Component/sheetMetalNestingCutRate.csv,USA reference export,"PARTIAL - Family 15 (Stainless Steel) OxyFuel/Plasma Cut/Plasma Punch complete; Family 2 (Steel) Fiber Laser Cut in progress, stopped at Oxygen/1500W/5.00mm confirmed (6.00mm row flagged low-confidence, pierce time cut off).",2079,1,Plasma Cut,,30000,29.0,38205.56,19089.26,7.0,Steel
sheetMetalNestingCutRate,lookupTables/Component/sheetMetalNestingCutRate.csv,USA reference export,"PARTIAL - Family 15 (Stainless Steel) OxyFuel/Plasma Cut/Plasma Punch complete; Family 2 (Steel) Fiber Laser Cut in progress, stopped at Oxygen/1500W/5.00mm confirmed (6.00mm row flagged low-confidence, pierce time cut off).",2079,1,Plasma Cut,,30000,30.0,36747.87,18365.05,7.0,Steel
sheetMetalNestingCutRate,lookupTables/Component/sheetMetalNestingCutRate.csv,USA reference export,"PARTIAL - Family 15 (Stainless Steel) OxyFuel/Plasma Cut/Plasma Punch complete; Family 2 (Steel) Fiber Laser Cut in progress, stopped at Oxygen/1500W/5.00mm confirmed (6.00mm row flagged low-confidence, pierce time cut off).",2079,1,Plasma Cut,,30000,31.0,35424.66,17676.4,7.0,Steel
sheetMetalNestingCutRate,lookupTables/Component/sheetMetalNestingCutRate.csv,USA reference export,"PARTIAL - Family 15 (Stainless Steel) OxyFuel/Plasma Cut/Plasma Punch complete; Family 2 (Steel) Fiber Laser Cut in progress, stopped at Oxygen/1500W/5.00mm confirmed (6.00mm row flagged low-confidence, pierce time cut off).",2079,1,Plasma Cut,,30000,32.0,34192.1,17104.44,7.0,Steel
sheetMetalNestingCutRate,lookupTables/Component/sheetMetalNestingCutRate.csv,USA reference export,"PARTIAL - Family 15 (Stainless Steel) OxyFuel/Plasma Cut/Plasma Punch complete; Family 2 (Steel) Fiber Laser Cut in progress, stopped at Oxygen/1500W/5.00mm confirmed (6.00mm row flagged low-confidence, pierce time cut off).",2079,1,Plasma Cut,,30000,33.0,33049.2,16488.66,7.0,Steel
sheetMetalNestingCutRate,lookupTables/Component/sheetMetalNestingCutRate.csv,USA reference export,"PARTIAL - Family 15 (Stainless Steel) OxyFuel/Plasma Cut/Plasma Punch complete; Family 2 (Steel) Fiber Laser Cut in progress, stopped at Oxygen/1500W/5.00mm confirmed (6.00mm row flagged low-confidence, pierce time cut off).",2079,1,Plasma Cut,,30000,34.0,31935.34,15962.53,7.0,Steel
sheetMetalNestingCutRate,lookupTables/Component/sheetMetalNestingCutRate.csv,USA reference export,"PARTIAL - Family 15 (Stainless Steel) OxyFuel/Plasma Cut/Plasma Punch complete; Family 2 (Steel) Fiber Laser Cut in progress, stopped at Oxygen/1500W/5.00mm confirmed (6.00mm row flagged low-confidence, pierce time cut off).",2079,1,Plasma Cut,,30000,35.0,30900.86,15464.45,7.0,Steel
sheetMetalNestingCutRate,lookupTables/Component/sheetMetalNestingCutRate.csv,USA reference export,"PARTIAL - Family 15 (Stainless Steel) OxyFuel/Plasma Cut/Plasma Punch complete; Family 2 (Steel) Fiber Laser Cut in progress, stopped at Oxygen/1500W/5.00mm confirmed (6.00mm row flagged low-confidence, pierce time cut off).",2079,1,Plasma Cut,,30000,36.0,29922.48,14983.15,7.0,Steel
sheetMetalNestingCutRate,lookupTables/Component/sheetMetalNestingCutRate.csv,USA reference export,"PARTIAL - Family 15 (Stainless Steel) OxyFuel/Plasma Cut/Plasma Punch complete; Family 2 (Steel) Fiber Laser Cut in progress, stopped at Oxygen/1500W/5.00mm confirmed (6.00mm row flagged low-confidence, pierce time cut off).",2079,1,Plasma Cut,,30000,37.0,29033.74,14547.67,7.0,Steel
sheetMetalNestingCutRate,lookupTables/Component/sheetMetalNestingCutRate.csv,USA reference export,"PARTIAL - Family 15 (Stainless Steel) OxyFuel/Plasma Cut/Plasma Punch complete; Family 2 (Steel) Fiber Laser Cut in progress, stopped at Oxygen/1500W/5.00mm confirmed (6.00mm row flagged low-confidence, pierce time cut off).",2079,1,Plasma Cut,,30000,38.0,28162.79,14095.42,7.0,Steel
sheetMetalNestingCutRate,lookupTables/Component/sheetMetalNestingCutRate.csv,USA reference export,"PARTIAL - Family 15 (Stainless Steel) OxyFuel/Plasma Cut/Plasma Punch complete; Family 2 (Steel) Fiber Laser Cut in progress, stopped at Oxygen/1500W/5.00mm confirmed (6.00mm row flagged low-confidence, pierce time cut off).",2079,1,Plasma Cut,,30000,39.0,27337.66,13704.77,7.0,Steel
sheetMetalNestingCutRate,lookupTables/Component/sheetMetalNestingCutRate.csv,USA reference export,"PARTIAL - Family 15 (Stainless Steel) OxyFuel/Plasma Cut/Plasma Punch complete; Family 2 (Steel) Fiber Laser Cut in progress, stopped at Oxygen/1500W/5.00mm confirmed (6.00mm row flagged low-confidence, pierce time cut off).",2079,1,Plasma Cut,,30000,40.0,26832.33,13392.0,7.0,Steel
sheetMetalNestingCutRate,lookupTables/Component/sheetMetalNestingCutRate.csv,USA reference export,"PARTIAL - Family 15 (Stainless Steel) OxyFuel/Plasma Cut/Plasma Punch complete; Family 2 (Steel) Fiber Laser Cut in progress, stopped at Oxygen/1500W/5.00mm confirmed (6.00mm row flagged low-confidence, pierce time cut off).",2079,1,Plasma Cut,,30000,41.0,26035.0,13041.67,7.0,Steel
sheetMetalNestingCutRate,lookupTables/Component/sheetMetalNestingCutRate.csv,USA reference export,"PARTIAL - Family 15 (Stainless Steel) OxyFuel/Plasma Cut/Plasma Punch complete; Family 2 (Steel) Fiber Laser Cut in progress, stopped at Oxygen/1500W/5.00mm confirmed (6.00mm row flagged low-confidence, pierce time cut off).",2079,1,Plasma Cut,,30000,42.0,25336.33,12692.33,7.0,Steel
sheetMetalNestingCutRate,lookupTables/Component/sheetMetalNestingCutRate.csv,USA reference export,"PARTIAL - Family 15 (Stainless Steel) OxyFuel/Plasma Cut/Plasma Punch complete; Family 2 (Steel) Fiber Laser Cut in progress, stopped at Oxygen/1500W/5.00mm confirmed (6.00mm row flagged low-confidence, pierce time cut off).",2079,1,Plasma Cut,,30000,43.0,24637.67,12294.67,7.0,Steel
sheetMetalNestingCutRate,lookupTables/Component/sheetMetalNestingCutRate.csv,USA reference export,"PARTIAL - Family 15 (Stainless Steel) OxyFuel/Plasma Cut/Plasma Punch complete; Family 2 (Steel) Fiber Laser Cut in progress, stopped at Oxygen/1500W/5.00mm confirmed (6.00mm row flagged low-confidence, pierce time cut off).",2079,1,Plasma Cut,,30000,44.0,23989.33,11994.67,7.0,Steel
sheetMetalNestingCutRate,lookupTables/Component/sheetMetalNestingCutRate.csv,USA reference export,"PARTIAL - Family 15 (Stainless Steel) OxyFuel/Plasma Cut/Plasma Punch complete; Family 2 (Steel) Fiber Laser Cut in progress, stopped at Oxygen/1500W/5.00mm confirmed (6.00mm row flagged low-confidence, pierce time cut off).",2079,1,Plasma Cut,,30000,45.0,23341.0,11694.67,7.0,Steel
sheetMetalNestingCutRate,lookupTables/Component/sheetMetalNestingCutRate.csv,USA reference export,"PARTIAL - Family 15 (Stainless Steel) OxyFuel/Plasma Cut/Plasma Punch complete; Family 2 (Steel) Fiber Laser Cut in progress, stopped at Oxygen/1500W/5.00mm confirmed (6.00mm row flagged low-confidence, pierce time cut off).",2079,1,Plasma Cut,,30000,46.0,22742.0,11395.67,7.0,Steel
sheetMetalNestingCutRate,lookupTables/Component/sheetMetalNestingCutRate.csv,USA reference export,"PARTIAL - Family 15 (Stainless Steel) OxyFuel/Plasma Cut/Plasma Punch complete; Family 2 (Steel) Fiber Laser Cut in progress, stopped at Oxygen/1500W/5.00mm confirmed (6.00mm row flagged low-confidence, pierce time cut off).",2079,1,Plasma Cut,,30000,47.0,22192.33,11096.67,7.0,Steel
sheetMetalNestingCutRate,lookupTables/Component/sheetMetalNestingCutRate.csv,USA reference export,"PARTIAL - Family 15 (Stainless Steel) OxyFuel/Plasma Cut/Plasma Punch complete; Family 2 (Steel) Fiber Laser Cut in progress, stopped at Oxygen/1500W/5.00mm confirmed (6.00mm row flagged low-confidence, pierce time cut off).",2079,1,Plasma Cut,,30000,48.0,21643.67,10797.67,7.0,Steel
sheetMetalNestingCutRate,lookupTables/Component/sheetMetalNestingCutRate.csv,USA reference export,"PARTIAL - Family 15 (Stainless Steel) OxyFuel/Plasma Cut/Plasma Punch complete; Family 2 (Steel) Fiber Laser Cut in progress, stopped at Oxygen/1500W/5.00mm confirmed (6.00mm row flagged low-confidence, pierce time cut off).",2079,1,Plasma Cut,,30000,49.0,21095.0,10596.33,7.0,Steel
sheetMetalNestingCutRate,lookupTables/Component/sheetMetalNestingCutRate.csv,USA reference export,"PARTIAL - Family 15 (Stainless Steel) OxyFuel/Plasma Cut/Plasma Punch complete; Family 2 (Steel) Fiber Laser Cut in progress, stopped at Oxygen/1500W/5.00mm confirmed (6.00mm row flagged low-confidence, pierce time cut off).",2079,1,Plasma Cut,,30000,50.0,20595.67,10298.33,7.0,Steel
sheetMetalNestingCutRate,lookupTables/Component/sheetMetalNestingCutRate.csv,USA reference export,"PARTIAL - Family 15 (Stainless Steel) OxyFuel/Plasma Cut/Plasma Punch complete; Family 2 (Steel) Fiber Laser Cut in progress, stopped at Oxygen/1500W/5.00mm confirmed (6.00mm row flagged low-confidence, pierce time cut off).",2079,1,Plasma Cut,,30000,51.0,20145.67,10048.67,7.04,Steel
sheetMetalNestingCutRate,lookupTables/Component/sheetMetalNestingCutRate.csv,USA reference export,"PARTIAL - Family 15 (Stainless Steel) OxyFuel/Plasma Cut/Plasma Punch complete; Family 2 (Steel) Fiber Laser Cut in progress, stopped at Oxygen/1500W/5.00mm confirmed (6.00mm row flagged low-confidence, pierce time cut off).",2079,1,Plasma Cut,,30000,52.0,19647.33,9848.33,7.04,Steel
sheetMetalNestingCutRate,lookupTables/Component/sheetMetalNestingCutRate.csv,USA reference export,"PARTIAL - Family 15 (Stainless Steel) OxyFuel/Plasma Cut/Plasma Punch complete; Family 2 (Steel) Fiber Laser Cut in progress, stopped at Oxygen/1500W/5.00mm confirmed (6.00mm row flagged low-confidence, pierce time cut off).",2079,1,Plasma Cut,,30000,53.0,19198.33,9648.0,7.04,Steel
sheetMetalNestingCutRate,lookupTables/Component/sheetMetalNestingCutRate.csv,USA reference export,"PARTIAL - Family 15 (Stainless Steel) OxyFuel/Plasma Cut/Plasma Punch complete; Family 2 (Steel) Fiber Laser Cut in progress, stopped at Oxygen/1500W/5.00mm confirmed (6.00mm row flagged low-confidence, pierce time cut off).",2079,1,Plasma Cut,,30000,54.0,18798.67,9399.33,7.04,Steel
sheetMetalNestingCutRate,lookupTables/Component/sheetMetalNestingCutRate.csv,USA reference export,"PARTIAL - Family 15 (Stainless Steel) OxyFuel/Plasma Cut/Plasma Punch complete; Family 2 (Steel) Fiber Laser Cut in progress, stopped at Oxygen/1500W/5.00mm confirmed (6.00mm row flagged low-confidence, pierce time cut off).",2079,1,Plasma Cut,,30000,55.0,18399.0,9199.0,7.04,Steel
sheetMetalNestingCutRate,lookupTables/Component/sheetMetalNestingCutRate.csv,USA reference export,"PARTIAL - Family 15 (Stainless Steel) OxyFuel/Plasma Cut/Plasma Punch complete; Family 2 (Steel) Fiber Laser Cut in progress, stopped at Oxygen/1500W/5.00mm confirmed (6.00mm row flagged low-confidence, pierce time cut off).",2079,1,Plasma Cut,,30000,56.0,17999.33,8999.67,7.04,Steel
sheetMetalNestingCutRate,lookupTables/Component/sheetMetalNestingCutRate.csv,USA reference export,"PARTIAL - Family 15 (Stainless Steel) OxyFuel/Plasma Cut/Plasma Punch complete; Family 2 (Steel) Fiber Laser Cut in progress, stopped at Oxygen/1500W/5.00mm confirmed (6.00mm row flagged low-confidence, pierce time cut off).",2079,1,Plasma Cut,,30000,57.0,17649.0,8800.33,7.04,Steel
sheetMetalNestingCutRate,lookupTables/Component/sheetMetalNestingCutRate.csv,USA reference export,"PARTIAL - Family 15 (Stainless Steel) OxyFuel/Plasma Cut/Plasma Punch complete; Family 2 (Steel) Fiber Laser Cut in progress, stopped at Oxygen/1500W/5.00mm confirmed (6.00mm row flagged low-confidence, pierce time cut off).",2079,1,Plasma Cut,,30000,58.0,17250.33,8649.33,7.04,Steel
sheetMetalNestingCutRate,lookupTables/Component/sheetMetalNestingCutRate.csv,USA reference export,"PARTIAL - Family 15 (Stainless Steel) OxyFuel/Plasma Cut/Plasma Punch complete; Family 2 (Steel) Fiber Laser Cut in progress, stopped at Oxygen/1500W/5.00mm confirmed (6.00mm row flagged low-confidence, pierce time cut off).",2079,1,Plasma Cut,,30000,59.0,16900.0,8450.0,7.04,Steel
sheetMetalNestingCutRate,lookupTables/Component/sheetMetalNestingCutRate.csv,USA reference export,"PARTIAL - Family 15 (Stainless Steel) OxyFuel/Plasma Cut/Plasma Punch complete; Family 2 (Steel) Fiber Laser Cut in progress, stopped at Oxygen/1500W/5.00mm confirmed (6.00mm row flagged low-confidence, pierce time cut off).",2079,1,Plasma Cut,,30000,60.0,16550.67,8300.0,7.04,Steel
sheetMetalNestingCutRate,lookupTables/Component/sheetMetalNestingCutRate.csv,USA reference export,"PARTIAL - Family 15 (Stainless Steel) OxyFuel/Plasma Cut/Plasma Punch complete; Family 2 (Steel) Fiber Laser Cut in progress, stopped at Oxygen/1500W/5.00mm confirmed (6.00mm row flagged low-confidence, pierce time cut off).",2079,1,Plasma Cut,,30000,61.0,16250.67,8100.67,7.04,Steel
sheetMetalNestingCutRate,lookupTables/Component/sheetMetalNestingCutRate.csv,USA reference export,"PARTIAL - Family 15 (Stainless Steel) OxyFuel/Plasma Cut/Plasma Punch complete; Family 2 (Steel) Fiber Laser Cut in progress, stopped at Oxygen/1500W/5.00mm confirmed (6.00mm row flagged low-confidence, pierce time cut off).",2079,1,Plasma Cut,,30000,62.0,15950.67,7950.67,7.04,Steel
sheetMetalNestingCutRate,lookupTables/Component/sheetMetalNestingCutRate.csv,USA reference export,"PARTIAL - Family 15 (Stainless Steel) OxyFuel/Plasma Cut/Plasma Punch complete; Family 2 (Steel) Fiber Laser Cut in progress, stopped at Oxygen/1500W/5.00mm confirmed (6.00mm row flagged low-confidence, pierce time cut off).",2079,1,Plasma Cut,,30000,63.0,15650.67,7800.67,7.04,Steel
sheetMetalNestingCutRate,lookupTables/Component/sheetMetalNestingCutRate.csv,USA reference export,"PARTIAL - Family 15 (Stainless Steel) OxyFuel/Plasma Cut/Plasma Punch complete; Family 2 (Steel) Fiber Laser Cut in progress, stopped at Oxygen/1500W/5.00mm confirmed (6.00mm row flagged low-confidence, pierce time cut off).",2079,1,Plasma Cut,,30000,64.0,15350.67,7650.67,7.04,Steel
sheetMetalNestingCutRate,lookupTables/Component/sheetMetalNestingCutRate.csv,USA reference export,"PARTIAL - Family 15 (Stainless Steel) OxyFuel/Plasma Cut/Plasma Punch complete; Family 2 (Steel) Fiber Laser Cut in progress, stopped at Oxygen/1500W/5.00mm confirmed (6.00mm row flagged low-confidence, pierce time cut off).",2079,1,Plasma Cut,,30000,65.0,15051.67,7550.0,7.04,Steel
sheetMetalNestingCutRate,lookupTables/Component/sheetMetalNestingCutRate.csv,USA reference export,"PARTIAL - Family 15 (Stainless Steel) OxyFuel/Plasma Cut/Plasma Punch complete; Family 2 (Steel) Fiber Laser Cut in progress, stopped at Oxygen/1500W/5.00mm confirmed (6.00mm row flagged low-confidence, pierce time cut off).",2079,1,Plasma Cut,,30000,66.0,14751.67,7351.67,7.04,Steel
sheetMetalNestingCutRate,lookupTables/Component/sheetMetalNestingCutRate.csv,USA reference export,"PARTIAL - Family 15 (Stainless Steel) OxyFuel/Plasma Cut/Plasma Punch complete; Family 2 (Steel) Fiber Laser Cut in progress, stopped at Oxygen/1500W/5.00mm confirmed (6.00mm row flagged low-confidence, pierce time cut off).",2079,1,Plasma Cut,,30000,67.0,14502.0,7251.67,7.04,Steel
sheetMetalNestingCutRate,lookupTables/Component/sheetMetalNestingCutRate.csv,USA reference export,"PARTIAL - Family 15 (Stainless Steel) OxyFuel/Plasma Cut/Plasma Punch complete; Family 2 (Steel) Fiber Laser Cut in progress, stopped at Oxygen/1500W/5.00mm confirmed (6.00mm row flagged low-confidence, pierce time cut off).",2079,1,Plasma Cut,,30000,68.0,14251.33,7150.33,7.04,Steel
sheetMetalNestingCutRate,lookupTables/Component/sheetMetalNestingCutRate.csv,USA reference export,"PARTIAL - Family 15 (Stainless Steel) OxyFuel/Plasma Cut/Plasma Punch complete; Family 2 (Steel) Fiber Laser Cut in progress, stopped at Oxygen/1500W/5.00mm confirmed (6.00mm row flagged low-confidence, pierce time cut off).",2079,1,Plasma Cut,,30000,69.0,14001.67,6952.0,7.04,Steel
sheetMetalNestingCutRate,lookupTables/Component/sheetMetalNestingCutRate.csv,USA reference export,"PARTIAL - Family 15 (Stainless Steel) OxyFuel/Plasma Cut/Plasma Punch complete; Family 2 (Steel) Fiber Laser Cut in progress, stopped at Oxygen/1500W/5.00mm confirmed (6.00mm row flagged low-confidence, pierce time cut off).",2079,1,Plasma Cut,,30000,70.0,13752.0,6851.33,7.04,Steel
sheetMetalNestingCutRate,lookupTables/Component/sheetMetalNestingCutRate.csv,USA reference export,"PARTIAL - Family 15 (Stainless Steel) OxyFuel/Plasma Cut/Plasma Punch complete; Family 2 (Steel) Fiber Laser Cut in progress, stopped at Oxygen/1500W/5.00mm confirmed (6.00mm row flagged low-confidence, pierce time cut off).",2079,1,Plasma Cut,,30000,71.0,13502.33,6750.67,7.04,Steel
sheetMetalNestingCutRate,lookupTables/Component/sheetMetalNestingCutRate.csv,USA reference export,"PARTIAL - Family 15 (Stainless Steel) OxyFuel/Plasma Cut/Plasma Punch complete; Family 2 (Steel) Fiber Laser Cut in progress, stopped at Oxygen/1500W/5.00mm confirmed (6.00mm row flagged low-confidence, pierce time cut off).",2079,1,Plasma Cut,,30000,72.0,13252.67,6651.0,7.04,Steel
sheetMetalNestingCutRate,lookupTables/Component/sheetMetalNestingCutRate.csv,USA reference export,"PARTIAL - Family 15 (Stainless Steel) OxyFuel/Plasma Cut/Plasma Punch complete; Family 2 (Steel) Fiber Laser Cut in progress, stopped at Oxygen/1500W/5.00mm confirmed (6.00mm row flagged low-confidence, pierce time cut off).",2079,1,Plasma Cut,,30000,73.0,13052.33,6550.33,7.04,Steel
sheetMetalNestingCutRate,lookupTables/Component/sheetMetalNestingCutRate.csv,USA reference export,"PARTIAL - Family 15 (Stainless Steel) OxyFuel/Plasma Cut/Plasma Punch complete; Family 2 (Steel) Fiber Laser Cut in progress, stopped at Oxygen/1500W/5.00mm confirmed (6.00mm row flagged low-confidence, pierce time cut off).",2079,1,Plasma Cut,,30000,74.0,12852.0,6401.33,7.04,Steel
sheetMetalNestingCutRate,lookupTables/Component/sheetMetalNestingCutRate.csv,USA reference export,"PARTIAL - Family 15 (Stainless Steel) OxyFuel/Plasma Cut/Plasma Punch complete; Family 2 (Steel) Fiber Laser Cut in progress, stopped at Oxygen/1500W/5.00mm confirmed (6.00mm row flagged low-confidence, pierce time cut off).",2079,1,Plasma Cut,,30000,75.0,12651.67,6301.67,7.04,Steel
sheetMetalNestingCutRate,lookupTables/Component/sheetMetalNestingCutRate.csv,USA reference export,"PARTIAL - Family 15 (Stainless Steel) OxyFuel/Plasma Cut/Plasma Punch complete; Family 2 (Steel) Fiber Laser Cut in progress, stopped at Oxygen/1500W/5.00mm confirmed (6.00mm row flagged low-confidence, pierce time cut off).",2079,1,Plasma Cut,,30000,76.0,12451.33,6201.0,7.04,Steel
sheetMetalNestingCutRate,lookupTables/Component/sheetMetalNestingCutRate.csv,USA reference export,"PARTIAL - Family 15 (Stainless Steel) OxyFuel/Plasma Cut/Plasma Punch complete; Family 2 (Steel) Fiber Laser Cut in progress, stopped at Oxygen/1500W/5.00mm confirmed (6.00mm row flagged low-confidence, pierce time cut off).",2079,1,Plasma Cut,,30000,77.0,12202.67,6101.33,7.04,Steel
sheetMetalNestingCutRate,lookupTables/Component/sheetMetalNestingCutRate.csv,USA reference export,"PARTIAL - Family 15 (Stainless Steel) OxyFuel/Plasma Cut/Plasma Punch complete; Family 2 (Steel) Fiber Laser Cut in progress, stopped at Oxygen/1500W/5.00mm confirmed (6.00mm row flagged low-confidence, pierce time cut off).",2079,1,Plasma Cut,,100000,6.4,268760.67,134380.67,7.0,Steel
sheetMetalNestingCutRate,lookupTables/Component/sheetMetalNestingCutRate.csv,USA reference export,"PARTIAL - Family 15 (Stainless Steel) OxyFuel/Plasma Cut/Plasma Punch complete; Family 2 (Steel) Fiber Laser Cut in progress, stopped at Oxygen/1500W/5.00mm confirmed (6.00mm row flagged low-confidence, pierce time cut off).",2079,1,Plasma Cut,,100000,7.0,265665.33,132832.67,7.0,Steel
sheetMetalNestingCutRate,lookupTables/Component/sheetMetalNestingCutRate.csv,USA reference export,"PARTIAL - Family 15 (Stainless Steel) OxyFuel/Plasma Cut/Plasma Punch complete; Family 2 (Steel) Fiber Laser Cut in progress, stopped at Oxygen/1500W/5.00mm confirmed (6.00mm row flagged low-confidence, pierce time cut off).",2079,1,Plasma Cut,,100000,8.0,258542.33,129271.0,7.0,Steel
sheetMetalNestingCutRate,lookupTables/Component/sheetMetalNestingCutRate.csv,USA reference export,"PARTIAL - Family 15 (Stainless Steel) OxyFuel/Plasma Cut/Plasma Punch complete; Family 2 (Steel) Fiber Laser Cut in progress, stopped at Oxygen/1500W/5.00mm confirmed (6.00mm row flagged low-confidence, pierce time cut off).",2079,1,Plasma Cut,,100000,9.0,250451.0,125226.0,7.0,Steel
sheetMetalNestingCutRate,lookupTables/Component/sheetMetalNestingCutRate.csv,USA reference export,"PARTIAL - Family 15 (Stainless Steel) OxyFuel/Plasma Cut/Plasma Punch complete; Family 2 (Steel) Fiber Laser Cut in progress, stopped at Oxygen/1500W/5.00mm confirmed (6.00mm row flagged low-confidence, pierce time cut off).",2079,1,Plasma Cut,,100000,10.0,242380.67,121190.33,7.0,Steel
sheetMetalNestingCutRate,lookupTables/Component/sheetMetalNestingCutRate.csv,USA reference export,"PARTIAL - Family 15 (Stainless Steel) OxyFuel/Plasma Cut/Plasma Punch complete; Family 2 (Steel) Fiber Laser Cut in progress, stopped at Oxygen/1500W/5.00mm confirmed (6.00mm row flagged low-confidence, pierce time cut off).",2079,1,Plasma Cut,,100000,11.0,234325.67,116664.0,7.0,Steel
sheetMetalNestingCutRate,lookupTables/Component/sheetMetalNestingCutRate.csv,USA reference export,"PARTIAL - Family 15 (Stainless Steel) OxyFuel/Plasma Cut/Plasma Punch complete; Family 2 (Steel) Fiber Laser Cut in progress, stopped at Oxygen/1500W/5.00mm confirmed (6.00mm row flagged low-confidence, pierce time cut off).",2079,1,Plasma Cut,,100000,12.0,226282.0,113141.0,7.0,Steel
sheetMetalNestingCutRate,lookupTables/Component/sheetMetalNestingCutRate.csv,USA reference export,"PARTIAL - Family 15 (Stainless Steel) OxyFuel/Plasma Cut/Plasma Punch complete; Family 2 (Steel) Fiber Laser Cut in progress, stopped at Oxygen/1500W/5.00mm confirmed (6.00mm row flagged low-confidence, pierce time cut off).",2079,1,Plasma Cut,,100000,12.7,331913.0,166039.0,7.0,Steel
sheetMetalNestingCutRate,lookupTables/Component/sheetMetalNestingCutRate.csv,USA reference export,"PARTIAL - Family 15 (Stainless Steel) OxyFuel/Plasma Cut/Plasma Punch complete; Family 2 (Steel) Fiber Laser Cut in progress, stopped at Oxygen/1500W/5.00mm confirmed (6.00mm row flagged low-confidence, pierce time cut off).",2079,1,Plasma Cut,,100000,13.0,286454.88,143277.44,7.0,Steel
sheetMetalNestingCutRate,lookupTables/Component/sheetMetalNestingCutRate.csv,USA reference export,"PARTIAL - Family 15 (Stainless Steel) OxyFuel/Plasma Cut/Plasma Punch complete; Family 2 (Steel) Fiber Laser Cut in progress, stopped at Oxygen/1500W/5.00mm confirmed (6.00mm row flagged low-confidence, pierce time cut off).",2079,1,Plasma Cut,,100000,14.0,272664.43,136412.6,7.0,Steel
sheetMetalNestingCutRate,lookupTables/Component/sheetMetalNestingCutRate.csv,USA reference export,"PARTIAL - Family 15 (Stainless Steel) OxyFuel/Plasma Cut/Plasma Punch complete; Family 2 (Steel) Fiber Laser Cut in progress, stopped at Oxygen/1500W/5.00mm confirmed (6.00mm row flagged low-confidence, pierce time cut off).",2079,1,Plasma Cut,,100000,15.0,253347.21,126638.41,7.0,Steel
sheetMetalNestingCutRate,lookupTables/Component/sheetMetalNestingCutRate.csv,USA reference export,"PARTIAL - Family 15 (Stainless Steel) OxyFuel/Plasma Cut/Plasma Punch complete; Family 2 (Steel) Fiber Laser Cut in progress, stopped at Oxygen/1500W/5.00mm confirmed (6.00mm row flagged low-confidence, pierce time cut off).",2079,1,Plasma Cut,,100000,16.0,236312.51,118223.8,7.0,Steel
sheetMetalNestingCutRate,lookupTables/Component/sheetMetalNestingCutRate.csv,USA reference export,"PARTIAL - Family 15 (Stainless Steel) OxyFuel/Plasma Cut/Plasma Punch complete; Family 2 (Steel) Fiber Laser Cut in progress, stopped at Oxygen/1500W/5.00mm confirmed (6.00mm row flagged low-confidence, pierce time cut off).",2079,1,Plasma Cut,,100000,17.0,221443.26,110686.44,7.0,Steel
sheetMetalNestingCutRate,lookupTables/Component/sheetMetalNestingCutRate.csv,USA reference export,"PARTIAL - Family 15 (Stainless Steel) OxyFuel/Plasma Cut/Plasma Punch complete; Family 2 (Steel) Fiber Laser Cut in progress, stopped at Oxygen/1500W/5.00mm confirmed (6.00mm row flagged low-confidence, pierce time cut off).",2079,1,Plasma Cut,,100000,18.0,208250.46,104102.38,7.0,Steel
sheetMetalNestingCutRate,lookupTables/Component/sheetMetalNestingCutRate.csv,USA reference export,"PARTIAL - Family 15 (Stainless Steel) OxyFuel/Plasma Cut/Plasma Punch complete; Family 2 (Steel) Fiber Laser Cut in progress, stopped at Oxygen/1500W/5.00mm confirmed (6.00mm row flagged low-confidence, pierce time cut off).",2079,1,Plasma Cut,,100000,19.0,196526.64,98240.47,7.0,Steel
sheetMetalNestingCutRate,lookupTables/Component/sheetMetalNestingCutRate.csv,USA reference export,"PARTIAL - Family 15 (Stainless Steel) OxyFuel/Plasma Cut/Plasma Punch complete; Family 2 (Steel) Fiber Laser Cut in progress, stopped at Oxygen/1500W/5.00mm confirmed (6.00mm row flagged low-confidence, pierce time cut off).",2079,1,Plasma Cut,,100000,20.0,185912.23,92920.92,7.0,Steel
sheetMetalNestingCutRate,lookupTables/Component/sheetMetalNestingCutRate.csv,USA reference export,"PARTIAL - Family 15 (Stainless Steel) OxyFuel/Plasma Cut/Plasma Punch complete; Family 2 (Steel) Fiber Laser Cut in progress, stopped at Oxygen/1500W/5.00mm confirmed (6.00mm row flagged low-confidence, pierce time cut off).",2079,1,Plasma Cut,,100000,21.0,176291.14,88213.12,7.0,Steel
sheetMetalNestingCutRate,lookupTables/Component/sheetMetalNestingCutRate.csv,USA reference export,"PARTIAL - Family 15 (Stainless Steel) OxyFuel/Plasma Cut/Plasma Punch complete; Family 2 (Steel) Fiber Laser Cut in progress, stopped at Oxygen/1500W/5.00mm confirmed (6.00mm row flagged low-confidence, pierce time cut off).",2079,1,Plasma Cut,,100000,22.0,167758.45,83911.58,7.0,Steel
sheetMetalNestingCutRate,lookupTables/Component/sheetMetalNestingCutRate.csv,USA reference export,"PARTIAL - Family 15 (Stainless Steel) OxyFuel/Plasma Cut/Plasma Punch complete; Family 2 (Steel) Fiber Laser Cut in progress, stopped at Oxygen/1500W/5.00mm confirmed (6.00mm row flagged low-confidence, pierce time cut off).",2079,1,Plasma Cut,,100000,23.0,159877.53,79951.61,7.0,Steel
sheetMetalNestingCutRate,lookupTables/Component/sheetMetalNestingCutRate.csv,USA reference export,"PARTIAL - Family 15 (Stainless Steel) OxyFuel/Plasma Cut/Plasma Punch complete; Family 2 (Steel) Fiber Laser Cut in progress, stopped at Oxygen/1500W/5.00mm confirmed (6.00mm row flagged low-confidence, pierce time cut off).",2079,1,Plasma Cut,,100000,24.0,152814.82,76372.22,7.0,Steel
sheetMetalNestingCutRate,lookupTables/Component/sheetMetalNestingCutRate.csv,USA reference export,"PARTIAL - Family 15 (Stainless Steel) OxyFuel/Plasma Cut/Plasma Punch complete; Family 2 (Steel) Fiber Laser Cut in progress, stopped at Oxygen/1500W/5.00mm confirmed (6.00mm row flagged low-confidence, pierce time cut off).",2079,1,Plasma Cut,,100000,25.0,146159.38,72999.3,7.0,Steel
sheetMetalNestingCutRate,lookupTables/Component/sheetMetalNestingCutRate.csv,USA reference export,"PARTIAL - Family 15 (Stainless Steel) OxyFuel/Plasma Cut/Plasma Punch complete; Family 2 (Steel) Fiber Laser Cut in progress, stopped at Oxygen/1500W/5.00mm confirmed (6.00mm row flagged low-confidence, pierce time cut off).",2079,1,Plasma Cut,,100000,26.0,140090.0,69986.96,7.0,Steel
sheetMetalNestingCutRate,lookupTables/Component/sheetMetalNestingCutRate.csv,USA reference export,"PARTIAL - Family 15 (Stainless Steel) OxyFuel/Plasma Cut/Plasma Punch complete; Family 2 (Steel) Fiber Laser Cut in progress, stopped at Oxygen/1500W/5.00mm confirmed (6.00mm row flagged low-confidence, pierce time cut off).",2079,1,Plasma Cut,,100000,27.0,137622.98,68869.47,7.0,Steel
sheetMetalNestingCutRate,lookupTables/Component/sheetMetalNestingCutRate.csv,USA reference export,"PARTIAL - Family 15 (Stainless Steel) OxyFuel/Plasma Cut/Plasma Punch complete; Family 2 (Steel) Fiber Laser Cut in progress, stopped at Oxygen/1500W/5.00mm confirmed (6.00mm row flagged low-confidence, pierce time cut off).",2079,1,Plasma Cut,,100000,28.0,132207.74,66149.95,7.0,Steel
sheetMetalNestingCutRate,lookupTables/Component/sheetMetalNestingCutRate.csv,USA reference export,"PARTIAL - Family 15 (Stainless Steel) OxyFuel/Plasma Cut/Plasma Punch complete; Family 2 (Steel) Fiber Laser Cut in progress, stopped at Oxygen/1500W/5.00mm confirmed (6.00mm row flagged low-confidence, pierce time cut off).",2079,1,Plasma Cut,,100000,29.0,127186.95,63547.4,7.0,Steel
sheetMetalNestingCutRate,lookupTables/Component/sheetMetalNestingCutRate.csv,USA reference export,"PARTIAL - Family 15 (Stainless Steel) OxyFuel/Plasma Cut/Plasma Punch complete; Family 2 (Steel) Fiber Laser Cut in progress, stopped at Oxygen/1500W/5.00mm confirmed (6.00mm row flagged low-confidence, pierce time cut off).",2079,1,Plasma Cut,,100000,30.0,122318.8,61130.16,7.0,Steel
sheetMetalNestingCutRate,lookupTables/Component/sheetMetalNestingCutRate.csv,USA reference export,"PARTIAL - Family 15 (Stainless Steel) OxyFuel/Plasma Cut/Plasma Punch complete; Family 2 (Steel) Fiber Laser Cut in progress, stopped at Oxygen/1500W/5.00mm confirmed (6.00mm row flagged low-confidence, pierce time cut off).",2079,1,Plasma Cut,,100000,31.0,117902.57,58829.88,7.0,Steel
sheetMetalNestingCutRate,lookupTables/Component/sheetMetalNestingCutRate.csv,USA reference export,"PARTIAL - Family 15 (Stainless Steel) OxyFuel/Plasma Cut/Plasma Punch complete; Family 2 (Steel) Fiber Laser Cut in progress, stopped at Oxygen/1500W/5.00mm confirmed (6.00mm row flagged low-confidence, pierce time cut off).",2079,1,Plasma Cut,,100000,32.0,113788.62,56923.05,7.0,Steel
sheetMetalNestingCutRate,lookupTables/Component/sheetMetalNestingCutRate.csv,USA reference export,"PARTIAL - Family 15 (Stainless Steel) OxyFuel/Plasma Cut/Plasma Punch complete; Family 2 (Steel) Fiber Laser Cut in progress, stopped at Oxygen/1500W/5.00mm confirmed (6.00mm row flagged low-confidence, pierce time cut off).",2079,1,Plasma Cut,,100000,33.0,109975.94,54866.57,7.0,Steel
sheetMetalNestingCutRate,lookupTables/Component/sheetMetalNestingCutRate.csv,USA reference export,"PARTIAL - Family 15 (Stainless Steel) OxyFuel/Plasma Cut/Plasma Punch complete; Family 2 (Steel) Fiber Laser Cut in progress, stopped at Oxygen/1500W/5.00mm confirmed (6.00mm row flagged low-confidence, pierce time cut off).",2079,1,Plasma Cut,,100000,34.0,106257.43,53111.37,7.0,Steel
sheetMetalNestingCutRate,lookupTables/Component/sheetMetalNestingCutRate.csv,USA reference export,"PARTIAL - Family 15 (Stainless Steel) OxyFuel/Plasma Cut/Plasma Punch complete; Family 2 (Steel) Fiber Laser Cut in progress, stopped at Oxygen/1500W/5.00mm confirmed (6.00mm row flagged low-confidence, pierce time cut off).",2079,1,Plasma Cut,,100000,35.0,102805.51,51449.34,7.0,Steel
sheetMetalNestingCutRate,lookupTables/Component/sheetMetalNestingCutRate.csv,USA reference export,"PARTIAL - Family 15 (Stainless Steel) OxyFuel/Plasma Cut/Plasma Punch complete; Family 2 (Steel) Fiber Laser Cut in progress, stopped at Oxygen/1500W/5.00mm confirmed (6.00mm row flagged low-confidence, pierce time cut off).",2079,1,Plasma Cut,,100000,36.0,99539.92,49844.78,7.0,Steel
sheetMetalNestingCutRate,lookupTables/Component/sheetMetalNestingCutRate.csv,USA reference export,"PARTIAL - Family 15 (Stainless Steel) OxyFuel/Plasma Cut/Plasma Punch complete; Family 2 (Steel) Fiber Laser Cut in progress, stopped at Oxygen/1500W/5.00mm confirmed (6.00mm row flagged low-confidence, pierce time cut off).",2079,1,Plasma Cut,,100000,37.0,96575.6,48391.86,7.0,Steel
sheetMetalNestingCutRate,lookupTables/Component/sheetMetalNestingCutRate.csv,USA reference export,"PARTIAL - Family 15 (Stainless Steel) OxyFuel/Plasma Cut/Plasma Punch complete; Family 2 (Steel) Fiber Laser Cut in progress, stopped at Oxygen/1500W/5.00mm confirmed (6.00mm row flagged low-confidence, pierce time cut off).",2079,1,Plasma Cut,,100000,38.0,93669.77,46881.47,7.0,Steel
sheetMetalNestingCutRate,lookupTables/Component/sheetMetalNestingCutRate.csv,USA reference export,"PARTIAL - Family 15 (Stainless Steel) OxyFuel/Plasma Cut/Plasma Punch complete; Family 2 (Steel) Fiber Laser Cut in progress, stopped at Oxygen/1500W/5.00mm confirmed (6.00mm row flagged low-confidence, pierce time cut off).",2079,1,Plasma Cut,,100000,39.0,90915.57,45579.19,7.0,Steel
sheetMetalNestingCutRate,lookupTables/Component/sheetMetalNestingCutRate.csv,USA reference export,"PARTIAL - Family 15 (Stainless Steel) OxyFuel/Plasma Cut/Plasma Punch complete; Family 2 (Steel) Fiber Laser Cut in progress, stopped at Oxygen/1500W/5.00mm confirmed (6.00mm row flagged low-confidence, pierce time cut off).",2079,1,Plasma Cut,,100000,40.0,89249.0,44542.0,7.0,Steel
sheetMetalNestingCutRate,lookupTables/Component/sheetMetalNestingCutRate.csv,USA reference export,"PARTIAL - Family 15 (Stainless Steel) OxyFuel/Plasma Cut/Plasma Punch complete; Family 2 (Steel) Fiber Laser Cut in progress, stopped at Oxygen/1500W/5.00mm confirmed (6.00mm row flagged low-confidence, pierce time cut off).",2079,1,Plasma Cut,,100000,41.0,86585.0,43375.0,7.0,Steel
sheetMetalNestingCutRate,lookupTables/Component/sheetMetalNestingCutRate.csv,USA reference export,"PARTIAL - Family 15 (Stainless Steel) OxyFuel/Plasma Cut/Plasma Punch complete; Family 2 (Steel) Fiber Laser Cut in progress, stopped at Oxygen/1500W/5.00mm confirmed (6.00mm row flagged low-confidence, pierce time cut off).",2079,1,Plasma Cut,,100000,42.0,84253.0,42209.0,7.0,Steel
sheetMetalNestingCutRate,lookupTables/Component/sheetMetalNestingCutRate.csv,USA reference export,"PARTIAL - Family 15 (Stainless Steel) OxyFuel/Plasma Cut/Plasma Punch complete; Family 2 (Steel) Fiber Laser Cut in progress, stopped at Oxygen/1500W/5.00mm confirmed (6.00mm row flagged low-confidence, pierce time cut off).",2079,1,Plasma Cut,,100000,43.0,81921.0,40878.0,7.0,Steel
sheetMetalNestingCutRate,lookupTables/Component/sheetMetalNestingCutRate.csv,USA reference export,"PARTIAL - Family 15 (Stainless Steel) OxyFuel/Plasma Cut/Plasma Punch complete; Family 2 (Steel) Fiber Laser Cut in progress, stopped at Oxygen/1500W/5.00mm confirmed (6.00mm row flagged low-confidence, pierce time cut off).",2079,1,Plasma Cut,,100000,44.0,79756.0,39878.0,7.0,Steel
sheetMetalNestingCutRate,lookupTables/Component/sheetMetalNestingCutRate.csv,USA reference export,"PARTIAL - Family 15 (Stainless Steel) OxyFuel/Plasma Cut/Plasma Punch complete; Family 2 (Steel) Fiber Laser Cut in progress, stopped at Oxygen/1500W/5.00mm confirmed (6.00mm row flagged low-confidence, pierce time cut off).",2079,1,Plasma Cut,,100000,45.0,77591.0,38878.0,7.0,Steel
sheetMetalNestingCutRate,lookupTables/Component/sheetMetalNestingCutRate.csv,USA reference export,"PARTIAL - Family 15 (Stainless Steel) OxyFuel/Plasma Cut/Plasma Punch complete; Family 2 (Steel) Fiber Laser Cut in progress, stopped at Oxygen/1500W/5.00mm confirmed (6.00mm row flagged low-confidence, pierce time cut off).",2079,1,Plasma Cut,,100000,46.0,75592.0,37879.0,7.0,Steel
sheetMetalNestingCutRate,lookupTables/Component/sheetMetalNestingCutRate.csv,USA reference export,"PARTIAL - Family 15 (Stainless Steel) OxyFuel/Plasma Cut/Plasma Punch complete; Family 2 (Steel) Fiber Laser Cut in progress, stopped at Oxygen/1500W/5.00mm confirmed (6.00mm row flagged low-confidence, pierce time cut off).",2079,1,Plasma Cut,,100000,47.0,73759.0,36880.0,7.0,Steel
sheetMetalNestingCutRate,lookupTables/Component/sheetMetalNestingCutRate.csv,USA reference export,"PARTIAL - Family 15 (Stainless Steel) OxyFuel/Plasma Cut/Plasma Punch complete; Family 2 (Steel) Fiber Laser Cut in progress, stopped at Oxygen/1500W/5.00mm confirmed (6.00mm row flagged low-confidence, pierce time cut off).",2079,1,Plasma Cut,,100000,48.0,71927.0,35881.0,7.0,Steel
sheetMetalNestingCutRate,lookupTables/Component/sheetMetalNestingCutRate.csv,USA reference export,"PARTIAL - Family 15 (Stainless Steel) OxyFuel/Plasma Cut/Plasma Punch complete; Family 2 (Steel) Fiber Laser Cut in progress, stopped at Oxygen/1500W/5.00mm confirmed (6.00mm row flagged low-confidence, pierce time cut off).",2079,1,Plasma Cut,,100000,49.0,70095.0,35213.0,7.0,Steel
sheetMetalNestingCutRate,lookupTables/Component/sheetMetalNestingCutRate.csv,USA reference export,"PARTIAL - Family 15 (Stainless Steel) OxyFuel/Plasma Cut/Plasma Punch complete; Family 2 (Steel) Fiber Laser Cut in progress, stopped at Oxygen/1500W/5.00mm confirmed (6.00mm row flagged low-confidence, pierce time cut off).",2079,1,Plasma Cut,,100000,50.0,68429.0,34215.0,7.0,Steel
sheetMetalNestingCutRate,lookupTables/Component/sheetMetalNestingCutRate.csv,USA reference export,"PARTIAL - Family 15 (Stainless Steel) OxyFuel/Plasma Cut/Plasma Punch complete; Family 2 (Steel) Fiber Laser Cut in progress, stopped at Oxygen/1500W/5.00mm confirmed (6.00mm row flagged low-confidence, pierce time cut off).",2079,1,Plasma Cut,,100000,51.0,66929.0,33382.0,7.04,Steel
sheetMetalNestingCutRate,lookupTables/Component/sheetMetalNestingCutRate.csv,USA reference export,"PARTIAL - Family 15 (Stainless Steel) OxyFuel/Plasma Cut/Plasma Punch complete; Family 2 (Steel) Fiber Laser Cut in progress, stopped at Oxygen/1500W/5.00mm confirmed (6.00mm row flagged low-confidence, pierce time cut off).",2079,1,Plasma Cut,,100000,52.0,65264.0,32715.0,7.04,Steel
sheetMetalNestingCutRate,lookupTables/Component/sheetMetalNestingCutRate.csv,USA reference export,"PARTIAL - Family 15 (Stainless Steel) OxyFuel/Plasma Cut/Plasma Punch complete; Family 2 (Steel) Fiber Laser Cut in progress, stopped at Oxygen/1500W/5.00mm confirmed (6.00mm row flagged low-confidence, pierce time cut off).",2079,1,Plasma Cut,,100000,53.0,63765.0,32048.0,7.04,Steel
sheetMetalNestingCutRate,lookupTables/Component/sheetMetalNestingCutRate.csv,USA reference export,"PARTIAL - Family 15 (Stainless Steel) OxyFuel/Plasma Cut/Plasma Punch complete; Family 2 (Steel) Fiber Laser Cut in progress, stopped at Oxygen/1500W/5.00mm confirmed (6.00mm row flagged low-confidence, pierce time cut off).",2079,1,Plasma Cut,,100000,54.0,62432.0,31216.0,7.04,Steel
sheetMetalNestingCutRate,lookupTables/Component/sheetMetalNestingCutRate.csv,USA reference export,"PARTIAL - Family 15 (Stainless Steel) OxyFuel/Plasma Cut/Plasma Punch complete; Family 2 (Steel) Fiber Laser Cut in progress, stopped at Oxygen/1500W/5.00mm confirmed (6.00mm row flagged low-confidence, pierce time cut off).",2079,1,Plasma Cut,,100000,55.0,61099.0,30549.0,7.04,Steel
sheetMetalNestingCutRate,lookupTables/Component/sheetMetalNestingCutRate.csv,USA reference export,"PARTIAL - Family 15 (Stainless Steel) OxyFuel/Plasma Cut/Plasma Punch complete; Family 2 (Steel) Fiber Laser Cut in progress, stopped at Oxygen/1500W/5.00mm confirmed (6.00mm row flagged low-confidence, pierce time cut off).",2079,1,Plasma Cut,,100000,56.0,59766.0,29883.0,7.04,Steel
sheetMetalNestingCutRate,lookupTables/Component/sheetMetalNestingCutRate.csv,USA reference export,"PARTIAL - Family 15 (Stainless Steel) OxyFuel/Plasma Cut/Plasma Punch complete; Family 2 (Steel) Fiber Laser Cut in progress, stopped at Oxygen/1500W/5.00mm confirmed (6.00mm row flagged low-confidence, pierce time cut off).",2079,1,Plasma Cut,,100000,57.0,58599.0,29217.0,7.04,Steel
sheetMetalNestingCutRate,lookupTables/Component/sheetMetalNestingCutRate.csv,USA reference export,"PARTIAL - Family 15 (Stainless Steel) OxyFuel/Plasma Cut/Plasma Punch complete; Family 2 (Steel) Fiber Laser Cut in progress, stopped at Oxygen/1500W/5.00mm confirmed (6.00mm row flagged low-confidence, pierce time cut off).",2079,1,Plasma Cut,,100000,58.0,57267.0,28716.0,7.04,Steel
sheetMetalNestingCutRate,lookupTables/Component/sheetMetalNestingCutRate.csv,USA reference export,"PARTIAL - Family 15 (Stainless Steel) OxyFuel/Plasma Cut/Plasma Punch complete; Family 2 (Steel) Fiber Laser Cut in progress, stopped at Oxygen/1500W/5.00mm confirmed (6.00mm row flagged low-confidence, pierce time cut off).",2079,1,Plasma Cut,,100000,59.0,56100.0,28050.0,7.04,Steel
sheetMetalNestingCutRate,lookupTables/Component/sheetMetalNestingCutRate.csv,USA reference export,"PARTIAL - Family 15 (Stainless Steel) OxyFuel/Plasma Cut/Plasma Punch complete; Family 2 (Steel) Fiber Laser Cut in progress, stopped at Oxygen/1500W/5.00mm confirmed (6.00mm row flagged low-confidence, pierce time cut off).",2079,1,Plasma Cut,,100000,60.0,54934.0,27550.0,7.04,Steel
sheetMetalNestingCutRate,lookupTables/Component/sheetMetalNestingCutRate.csv,USA reference export,"PARTIAL - Family 15 (Stainless Steel) OxyFuel/Plasma Cut/Plasma Punch complete; Family 2 (Steel) Fiber Laser Cut in progress, stopped at Oxygen/1500W/5.00mm confirmed (6.00mm row flagged low-confidence, pierce time cut off).",2079,1,Plasma Cut,,100000,61.0,53934.0,26884.0,7.04,Steel
sheetMetalNestingCutRate,lookupTables/Component/sheetMetalNestingCutRate.csv,USA reference export,"PARTIAL - Family 15 (Stainless Steel) OxyFuel/Plasma Cut/Plasma Punch complete; Family 2 (Steel) Fiber Laser Cut in progress, stopped at Oxygen/1500W/5.00mm confirmed (6.00mm row flagged low-confidence, pierce time cut off).",2079,1,Plasma Cut,,100000,62.0,52934.0,26384.0,7.04,Steel
sheetMetalNestingCutRate,lookupTables/Component/sheetMetalNestingCutRate.csv,USA reference export,"PARTIAL - Family 15 (Stainless Steel) OxyFuel/Plasma Cut/Plasma Punch complete; Family 2 (Steel) Fiber Laser Cut in progress, stopped at Oxygen/1500W/5.00mm confirmed (6.00mm row flagged low-confidence, pierce time cut off).",2079,1,Plasma Cut,,100000,63.0,51934.0,25884.0,7.04,Steel
sheetMetalNestingCutRate,lookupTables/Component/sheetMetalNestingCutRate.csv,USA reference export,"PARTIAL - Family 15 (Stainless Steel) OxyFuel/Plasma Cut/Plasma Punch complete; Family 2 (Steel) Fiber Laser Cut in progress, stopped at Oxygen/1500W/5.00mm confirmed (6.00mm row flagged low-confidence, pierce time cut off).",2079,1,Plasma Cut,,100000,64.0,50934.0,25384.0,7.04,Steel
sheetMetalNestingCutRate,lookupTables/Component/sheetMetalNestingCutRate.csv,USA reference export,"PARTIAL - Family 15 (Stainless Steel) OxyFuel/Plasma Cut/Plasma Punch complete; Family 2 (Steel) Fiber Laser Cut in progress, stopped at Oxygen/1500W/5.00mm confirmed (6.00mm row flagged low-confidence, pierce time cut off).",2079,1,Plasma Cut,,100000,65.0,49935.0,25050.0,7.04,Steel
sheetMetalNestingCutRate,lookupTables/Component/sheetMetalNestingCutRate.csv,USA reference export,"PARTIAL - Family 15 (Stainless Steel) OxyFuel/Plasma Cut/Plasma Punch complete; Family 2 (Steel) Fiber Laser Cut in progress, stopped at Oxygen/1500W/5.00mm confirmed (6.00mm row flagged low-confidence, pierce time cut off).",2079,1,Plasma Cut,,100000,66.0,48935.0,24385.0,7.04,Steel
sheetMetalNestingCutRate,lookupTables/Component/sheetMetalNestingCutRate.csv,USA reference export,"PARTIAL - Family 15 (Stainless Steel) OxyFuel/Plasma Cut/Plasma Punch complete; Family 2 (Steel) Fiber Laser Cut in progress, stopped at Oxygen/1500W/5.00mm confirmed (6.00mm row flagged low-confidence, pierce time cut off).",2079,1,Plasma Cut,,100000,67.0,48102.0,24051.0,7.04,Steel
sheetMetalNestingCutRate,lookupTables/Component/sheetMetalNestingCutRate.csv,USA reference export,"PARTIAL - Family 15 (Stainless Steel) OxyFuel/Plasma Cut/Plasma Punch complete; Family 2 (Steel) Fiber Laser Cut in progress, stopped at Oxygen/1500W/5.00mm confirmed (6.00mm row flagged low-confidence, pierce time cut off).",2079,1,Plasma Cut,,100000,68.0,47268.0,23717.0,7.04,Steel
sheetMetalNestingCutRate,lookupTables/Component/sheetMetalNestingCutRate.csv,USA reference export,"PARTIAL - Family 15 (Stainless Steel) OxyFuel/Plasma Cut/Plasma Punch complete; Family 2 (Steel) Fiber Laser Cut in progress, stopped at Oxygen/1500W/5.00mm confirmed (6.00mm row flagged low-confidence, pierce time cut off).",2079,1,Plasma Cut,,100000,69.0,46435.0,23052.0,7.04,Steel
sheetMetalNestingCutRate,lookupTables/Component/sheetMetalNestingCutRate.csv,USA reference export,"PARTIAL - Family 15 (Stainless Steel) OxyFuel/Plasma Cut/Plasma Punch complete; Family 2 (Steel) Fiber Laser Cut in progress, stopped at Oxygen/1500W/5.00mm confirmed (6.00mm row flagged low-confidence, pierce time cut off).",2079,1,Plasma Cut,,100000,70.0,45602.0,22718.0,7.04,Steel
sheetMetalNestingCutRate,lookupTables/Component/sheetMetalNestingCutRate.csv,USA reference export,"PARTIAL - Family 15 (Stainless Steel) OxyFuel/Plasma Cut/Plasma Punch complete; Family 2 (Steel) Fiber Laser Cut in progress, stopped at Oxygen/1500W/5.00mm confirmed (6.00mm row flagged low-confidence, pierce time cut off).",2079,1,Plasma Cut,,100000,71.0,44769.0,22384.0,7.04,Steel
sheetMetalNestingCutRate,lookupTables/Component/sheetMetalNestingCutRate.csv,USA reference export,"PARTIAL - Family 15 (Stainless Steel) OxyFuel/Plasma Cut/Plasma Punch complete; Family 2 (Steel) Fiber Laser Cut in progress, stopped at Oxygen/1500W/5.00mm confirmed (6.00mm row flagged low-confidence, pierce time cut off).",2079,1,Plasma Cut,,100000,72.0,43936.0,22051.0,7.04,Steel
sheetMetalNestingCutRate,lookupTables/Component/sheetMetalNestingCutRate.csv,USA reference export,"PARTIAL - Family 15 (Stainless Steel) OxyFuel/Plasma Cut/Plasma Punch complete; Family 2 (Steel) Fiber Laser Cut in progress, stopped at Oxygen/1500W/5.00mm confirmed (6.00mm row flagged low-confidence, pierce time cut off).",2079,1,Plasma Cut,,100000,73.0,43269.0,21717.0,7.04,Steel
sheetMetalNestingCutRate,lookupTables/Component/sheetMetalNestingCutRate.csv,USA reference export,"PARTIAL - Family 15 (Stainless Steel) OxyFuel/Plasma Cut/Plasma Punch complete; Family 2 (Steel) Fiber Laser Cut in progress, stopped at Oxygen/1500W/5.00mm confirmed (6.00mm row flagged low-confidence, pierce time cut off).",2079,1,Plasma Cut,,100000,74.0,42602.0,21218.0,7.04,Steel
sheetMetalNestingCutRate,lookupTables/Component/sheetMetalNestingCutRate.csv,USA reference export,"PARTIAL - Family 15 (Stainless Steel) OxyFuel/Plasma Cut/Plasma Punch complete; Family 2 (Steel) Fiber Laser Cut in progress, stopped at Oxygen/1500W/5.00mm confirmed (6.00mm row flagged low-confidence, pierce time cut off).",2079,1,Plasma Cut,,100000,75.0,41935.0,20885.0,7.04,Steel
sheetMetalNestingCutRate,lookupTables/Component/sheetMetalNestingCutRate.csv,USA reference export,"PARTIAL - Family 15 (Stainless Steel) OxyFuel/Plasma Cut/Plasma Punch complete; Family 2 (Steel) Fiber Laser Cut in progress, stopped at Oxygen/1500W/5.00mm confirmed (6.00mm row flagged low-confidence, pierce time cut off).",2079,1,Plasma Cut,,100000,76.0,41268.0,20551.0,7.04,Steel
sheetMetalNestingCutRate,lookupTables/Component/sheetMetalNestingCutRate.csv,USA reference export,"PARTIAL - Family 15 (Stainless Steel) OxyFuel/Plasma Cut/Plasma Punch complete; Family 2 (Steel) Fiber Laser Cut in progress, stopped at Oxygen/1500W/5.00mm confirmed (6.00mm row flagged low-confidence, pierce time cut off).",2079,1,Plasma Cut,,100000,77.0,40436.0,20218.0,7.04,Steel
sheetMetalNestingCutRate,lookupTables/Component/sheetMetalNestingCutRate.csv,USA reference export,"PARTIAL - Family 15 (Stainless Steel) OxyFuel/Plasma Cut/Plasma Punch complete; Family 2 (Steel) Fiber Laser Cut in progress, stopped at Oxygen/1500W/5.00mm confirmed (6.00mm row flagged low-confidence, pierce time cut off).",2079,1,Plasma Punch,,30.0,6.0,665.0,532.0,0.0,Steel
sheetMetalNestingCutRate,lookupTables/Component/sheetMetalNestingCutRate.csv,USA reference export,"PARTIAL - Family 15 (Stainless Steel) OxyFuel/Plasma Cut/Plasma Punch complete; Family 2 (Steel) Fiber Laser Cut in progress, stopped at Oxygen/1500W/5.00mm confirmed (6.00mm row flagged low-confidence, pierce time cut off).",2079,1,Plasma Punch,,50.0,6.0,950.0,760.0,0.0,Steel
sheetMetalNestingCutRate,lookupTables/Component/sheetMetalNestingCutRate.csv,USA reference export,"PARTIAL - Family 15 (Stainless Steel) OxyFuel/Plasma Cut/Plasma Punch complete; Family 2 (Steel) Fiber Laser Cut in progress, stopped at Oxygen/1500W/5.00mm confirmed (6.00mm row flagged low-confidence, pierce time cut off).",2079,1,Plasma Punch,,50.0,7.0,780.0,624.0,0.0,Steel
sheetMetalNestingCutRate,lookupTables/Component/sheetMetalNestingCutRate.csv,USA reference export,"PARTIAL - Family 15 (Stainless Steel) OxyFuel/Plasma Cut/Plasma Punch complete; Family 2 (Steel) Fiber Laser Cut in progress, stopped at Oxygen/1500W/5.00mm confirmed (6.00mm row flagged low-confidence, pierce time cut off).",2079,1,Plasma Punch,,50.0,8.0,630.0,504.0,0.0,Steel
sheetMetalNestingCutRate,lookupTables/Component/sheetMetalNestingCutRate.csv,USA reference export,"PARTIAL - Family 15 (Stainless Steel) OxyFuel/Plasma Cut/Plasma Punch complete; Family 2 (Steel) Fiber Laser Cut in progress, stopped at Oxygen/1500W/5.00mm confirmed (6.00mm row flagged low-confidence, pierce time cut off).",2079,1,Plasma Punch,,80.0,6.0,3045.0,2436.0,0.0,Steel
sheetMetalNestingCutRate,lookupTables/Component/sheetMetalNestingCutRate.csv,USA reference export,"PARTIAL - Family 15 (Stainless Steel) OxyFuel/Plasma Cut/Plasma Punch complete; Family 2 (Steel) Fiber Laser Cut in progress, stopped at Oxygen/1500W/5.00mm confirmed (6.00mm row flagged low-confidence, pierce time cut off).",2079,1,Plasma Punch,,80.0,10.0,1810.0,1448.0,0.0,Steel
sheetMetalNestingCutRate,lookupTables/Component/sheetMetalNestingCutRate.csv,USA reference export,"PARTIAL - Family 15 (Stainless Steel) OxyFuel/Plasma Cut/Plasma Punch complete; Family 2 (Steel) Fiber Laser Cut in progress, stopped at Oxygen/1500W/5.00mm confirmed (6.00mm row flagged low-confidence, pierce time cut off).",2079,1,Plasma Punch,,80.0,12.0,1410.0,1128.0,0.0,Steel
sheetMetalNestingCutRate,lookupTables/Component/sheetMetalNestingCutRate.csv,USA reference export,"PARTIAL - Family 15 (Stainless Steel) OxyFuel/Plasma Cut/Plasma Punch complete; Family 2 (Steel) Fiber Laser Cut in progress, stopped at Oxygen/1500W/5.00mm confirmed (6.00mm row flagged low-confidence, pierce time cut off).",2079,1,Plasma Punch,,80.0,15.0,1030.0,824.0,0.0,Steel
sheetMetalNestingCutRate,lookupTables/Component/sheetMetalNestingCutRate.csv,USA reference export,"PARTIAL - Family 15 (Stainless Steel) OxyFuel/Plasma Cut/Plasma Punch complete; Family 2 (Steel) Fiber Laser Cut in progress, stopped at Oxygen/1500W/5.00mm confirmed (6.00mm row flagged low-confidence, pierce time cut off).",2079,1,Plasma Punch,,80.0,20.0,545.0,436.0,0.0,Steel
sheetMetalNestingCutRate,lookupTables/Component/sheetMetalNestingCutRate.csv,USA reference export,"PARTIAL - Family 15 (Stainless Steel) OxyFuel/Plasma Cut/Plasma Punch complete; Family 2 (Steel) Fiber Laser Cut in progress, stopped at Oxygen/1500W/5.00mm confirmed (6.00mm row flagged low-confidence, pierce time cut off).",2079,1,Plasma Punch,,130.0,6.0,4035.0,3228.0,0.0,Steel
sheetMetalNestingCutRate,lookupTables/Component/sheetMetalNestingCutRate.csv,USA reference export,"PARTIAL - Family 15 (Stainless Steel) OxyFuel/Plasma Cut/Plasma Punch complete; Family 2 (Steel) Fiber Laser Cut in progress, stopped at Oxygen/1500W/5.00mm confirmed (6.00mm row flagged low-confidence, pierce time cut off).",2079,1,Plasma Punch,,130.0,8.0,3360.0,2688.0,0.0,Steel
sheetMetalNestingCutRate,lookupTables/Component/sheetMetalNestingCutRate.csv,USA reference export,"PARTIAL - Family 15 (Stainless Steel) OxyFuel/Plasma Cut/Plasma Punch complete; Family 2 (Steel) Fiber Laser Cut in progress, stopped at Oxygen/1500W/5.00mm confirmed (6.00mm row flagged low-confidence, pierce time cut off).",2079,1,Plasma Punch,,130.0,10.0,2680.0,2144.0,0.0,Steel
sheetMetalNestingCutRate,lookupTables/Component/sheetMetalNestingCutRate.csv,USA reference export,"PARTIAL - Family 15 (Stainless Steel) OxyFuel/Plasma Cut/Plasma Punch complete; Family 2 (Steel) Fiber Laser Cut in progress, stopped at Oxygen/1500W/5.00mm confirmed (6.00mm row flagged low-confidence, pierce time cut off).",2079,1,Plasma Punch,,130.0,12.0,2200.0,1760.0,0.0,Steel
sheetMetalNestingCutRate,lookupTables/Component/sheetMetalNestingCutRate.csv,USA reference export,"PARTIAL - Family 15 (Stainless Steel) OxyFuel/Plasma Cut/Plasma Punch complete; Family 2 (Steel) Fiber Laser Cut in progress, stopped at Oxygen/1500W/5.00mm confirmed (6.00mm row flagged low-confidence, pierce time cut off).",2079,1,Plasma Punch,,130.0,15.0,1665.0,1332.0,0.0,Steel
sheetMetalNestingCutRate,lookupTables/Component/sheetMetalNestingCutRate.csv,USA reference export,"PARTIAL - Family 15 (Stainless Steel) OxyFuel/Plasma Cut/Plasma Punch complete; Family 2 (Steel) Fiber Laser Cut in progress, stopped at Oxygen/1500W/5.00mm confirmed (6.00mm row flagged low-confidence, pierce time cut off).",2079,1,Plasma Punch,,130.0,20.0,1050.0,840.0,0.0,Steel
sheetMetalNestingCutRate,lookupTables/Component/sheetMetalNestingCutRate.csv,USA reference export,"PARTIAL - Family 15 (Stainless Steel) OxyFuel/Plasma Cut/Plasma Punch complete; Family 2 (Steel) Fiber Laser Cut in progress, stopped at Oxygen/1500W/5.00mm confirmed (6.00mm row flagged low-confidence, pierce time cut off).",2079,1,Plasma Punch,,130.0,25.0,550.0,440.0,0.0,Steel
sheetMetalNestingCutRate,lookupTables/Component/sheetMetalNestingCutRate.csv,USA reference export,"PARTIAL - Family 15 (Stainless Steel) OxyFuel/Plasma Cut/Plasma Punch complete; Family 2 (Steel) Fiber Laser Cut in progress, stopped at Oxygen/1500W/5.00mm confirmed (6.00mm row flagged low-confidence, pierce time cut off).",2079,1,Plasma Punch,,130.0,32.0,375.0,300.0,0.0,Steel
sheetMetalNestingCutRate,lookupTables/Component/sheetMetalNestingCutRate.csv,USA reference export,"PARTIAL - Family 15 (Stainless Steel) OxyFuel/Plasma Cut/Plasma Punch complete; Family 2 (Steel) Fiber Laser Cut in progress, stopped at Oxygen/1500W/5.00mm confirmed (6.00mm row flagged low-confidence, pierce time cut off).",2079,1,Plasma Punch,,130.0,38.0,255.0,204.0,0.0,Steel
sheetMetalNestingCutRate,lookupTables/Component/sheetMetalNestingCutRate.csv,USA reference export,"PARTIAL - Family 15 (Stainless Steel) OxyFuel/Plasma Cut/Plasma Punch complete; Family 2 (Steel) Fiber Laser Cut in progress, stopped at Oxygen/1500W/5.00mm confirmed (6.00mm row flagged low-confidence, pierce time cut off).",2079,1,Plasma Punch,,200.0,6.0,5250.0,4200.0,0.0,Steel
sheetMetalNestingCutRate,lookupTables/Component/sheetMetalNestingCutRate.csv,USA reference export,"PARTIAL - Family 15 (Stainless Steel) OxyFuel/Plasma Cut/Plasma Punch complete; Family 2 (Steel) Fiber Laser Cut in progress, stopped at Oxygen/1500W/5.00mm confirmed (6.00mm row flagged low-confidence, pierce time cut off).",2079,1,Plasma Punch,,200.0,8.0,4355.0,3484.0,0.0,Steel
sheetMetalNestingCutRate,lookupTables/Component/sheetMetalNestingCutRate.csv,USA reference export,"PARTIAL - Family 15 (Stainless Steel) OxyFuel/Plasma Cut/Plasma Punch complete; Family 2 (Steel) Fiber Laser Cut in progress, stopped at Oxygen/1500W/5.00mm confirmed (6.00mm row flagged low-confidence, pierce time cut off).",2079,1,Plasma Punch,,200.0,10.0,3460.0,2768.0,0.0,Steel
sheetMetalNestingCutRate,lookupTables/Component/sheetMetalNestingCutRate.csv,USA reference export,"PARTIAL - Family 15 (Stainless Steel) OxyFuel/Plasma Cut/Plasma Punch complete; Family 2 (Steel) Fiber Laser Cut in progress, stopped at Oxygen/1500W/5.00mm confirmed (6.00mm row flagged low-confidence, pierce time cut off).",2079,1,Plasma Punch,,200.0,12.0,3060.0,2448.0,0.0,Steel
sheetMetalNestingCutRate,lookupTables/Component/sheetMetalNestingCutRate.csv,USA reference export,"PARTIAL - Family 15 (Stainless Steel) OxyFuel/Plasma Cut/Plasma Punch complete; Family 2 (Steel) Fiber Laser Cut in progress, stopped at Oxygen/1500W/5.00mm confirmed (6.00mm row flagged low-confidence, pierce time cut off).",2079,1,Plasma Punch,,200.0,15.0,2275.0,1820.0,0.0,Steel
sheetMetalNestingCutRate,lookupTables/Component/sheetMetalNestingCutRate.csv,USA reference export,"PARTIAL - Family 15 (Stainless Steel) OxyFuel/Plasma Cut/Plasma Punch complete; Family 2 (Steel) Fiber Laser Cut in progress, stopped at Oxygen/1500W/5.00mm confirmed (6.00mm row flagged low-confidence, pierce time cut off).",2079,1,Plasma Punch,,200.0,20.0,1575.0,1260.0,0.0,Steel
sheetMetalNestingCutRate,lookupTables/Component/sheetMetalNestingCutRate.csv,USA reference export,"PARTIAL - Family 15 (Stainless Steel) OxyFuel/Plasma Cut/Plasma Punch complete; Family 2 (Steel) Fiber Laser Cut in progress, stopped at Oxygen/1500W/5.00mm confirmed (6.00mm row flagged low-confidence, pierce time cut off).",2079,1,Plasma Punch,,200.0,25.0,1165.0,932.0,0.0,Steel
sheetMetalNestingCutRate,lookupTables/Component/sheetMetalNestingCutRate.csv,USA reference export,"PARTIAL - Family 15 (Stainless Steel) OxyFuel/Plasma Cut/Plasma Punch complete; Family 2 (Steel) Fiber Laser Cut in progress, stopped at Oxygen/1500W/5.00mm confirmed (6.00mm row flagged low-confidence, pierce time cut off).",2079,1,Plasma Punch,,200.0,32.0,750.0,600.0,0.0,Steel
sheetMetalNestingCutRate,lookupTables/Component/sheetMetalNestingCutRate.csv,USA reference export,"PARTIAL - Family 15 (Stainless Steel) OxyFuel/Plasma Cut/Plasma Punch complete; Family 2 (Steel) Fiber Laser Cut in progress, stopped at Oxygen/1500W/5.00mm confirmed (6.00mm row flagged low-confidence, pierce time cut off).",2079,1,Plasma Punch,,200.0,38.0,510.0,408.0,0.0,Steel
sheetMetalNestingCutRate,lookupTables/Component/sheetMetalNestingCutRate.csv,USA reference export,"PARTIAL - Family 15 (Stainless Steel) OxyFuel/Plasma Cut/Plasma Punch complete; Family 2 (Steel) Fiber Laser Cut in progress, stopped at Oxygen/1500W/5.00mm confirmed (6.00mm row flagged low-confidence, pierce time cut off).",2079,1,Plasma Punch,,200.0,50.0,255.0,204.0,0.0,Steel
sheetMetalNestingCutRate,lookupTables/Component/sheetMetalNestingCutRate.csv,USA reference export,"PARTIAL - Family 15 (Stainless Steel) OxyFuel/Plasma Cut/Plasma Punch complete; Family 2 (Steel) Fiber Laser Cut in progress, stopped at Oxygen/1500W/5.00mm confirmed (6.00mm row flagged low-confidence, pierce time cut off).",2079,1,Plasma Punch,,260.0,6.0,6500.0,5200.0,0.0,Steel
sheetMetalNestingCutRate,lookupTables/Component/sheetMetalNestingCutRate.csv,USA reference export,"PARTIAL - Family 15 (Stainless Steel) OxyFuel/Plasma Cut/Plasma Punch complete; Family 2 (Steel) Fiber Laser Cut in progress, stopped at Oxygen/1500W/5.00mm confirmed (6.00mm row flagged low-confidence, pierce time cut off).",2079,1,Plasma Punch,,260.0,8.0,5470.0,4376.0,0.0,Steel
sheetMetalNestingCutRate,lookupTables/Component/sheetMetalNestingCutRate.csv,USA reference export,"PARTIAL - Family 15 (Stainless Steel) OxyFuel/Plasma Cut/Plasma Punch complete; Family 2 (Steel) Fiber Laser Cut in progress, stopped at Oxygen/1500W/5.00mm confirmed (6.00mm row flagged low-confidence, pierce time cut off).",2079,1,Plasma Punch,,260.0,10.0,4440.0,3552.0,0.0,Steel
sheetMetalNestingCutRate,lookupTables/Component/sheetMetalNestingCutRate.csv,USA reference export,"PARTIAL - Family 15 (Stainless Steel) OxyFuel/Plasma Cut/Plasma Punch complete; Family 2 (Steel) Fiber Laser Cut in progress, stopped at Oxygen/1500W/5.00mm confirmed (6.00mm row flagged low-confidence, pierce time cut off).",2079,1,Plasma Punch,,260.0,12.0,3850.0,3080.0,0.0,Steel
sheetMetalNestingCutRate,lookupTables/Component/sheetMetalNestingCutRate.csv,USA reference export,"PARTIAL - Family 15 (Stainless Steel) OxyFuel/Plasma Cut/Plasma Punch complete; Family 2 (Steel) Fiber Laser Cut in progress, stopped at Oxygen/1500W/5.00mm confirmed (6.00mm row flagged low-confidence, pierce time cut off).",2079,1,Plasma Punch,,260.0,15.0,3130.0,2504.0,0.0,Steel
sheetMetalNestingCutRate,lookupTables/Component/sheetMetalNestingCutRate.csv,USA reference export,"PARTIAL - Family 15 (Stainless Steel) OxyFuel/Plasma Cut/Plasma Punch complete; Family 2 (Steel) Fiber Laser Cut in progress, stopped at Oxygen/1500W/5.00mm confirmed (6.00mm row flagged low-confidence, pierce time cut off).",2079,1,Plasma Punch,,260.0,20.0,2170.0,1736.0,0.0,Steel
sheetMetalNestingCutRate,lookupTables/Component/sheetMetalNestingCutRate.csv,USA reference export,"PARTIAL - Family 15 (Stainless Steel) OxyFuel/Plasma Cut/Plasma Punch complete; Family 2 (Steel) Fiber Laser Cut in progress, stopped at Oxygen/1500W/5.00mm confirmed (6.00mm row flagged low-confidence, pierce time cut off).",2079,1,Plasma Punch,,260.0,22.0,1930.0,1544.0,0.0,Steel
sheetMetalNestingCutRate,lookupTables/Component/sheetMetalNestingCutRate.csv,USA reference export,"PARTIAL - Family 15 (Stainless Steel) OxyFuel/Plasma Cut/Plasma Punch complete; Family 2 (Steel) Fiber Laser Cut in progress, stopped at Oxygen/1500W/5.00mm confirmed (6.00mm row flagged low-confidence, pierce time cut off).",2079,1,Plasma Punch,,260.0,25.0,1685.0,1348.0,0.0,Steel
sheetMetalNestingCutRate,lookupTables/Component/sheetMetalNestingCutRate.csv,USA reference export,"PARTIAL - Family 15 (Stainless Steel) OxyFuel/Plasma Cut/Plasma Punch complete; Family 2 (Steel) Fiber Laser Cut in progress, stopped at Oxygen/1500W/5.00mm confirmed (6.00mm row flagged low-confidence, pierce time cut off).",2079,1,Plasma Punch,,260.0,28.0,1445.0,1156.0,0.0,Steel
sheetMetalNestingCutRate,lookupTables/Component/sheetMetalNestingCutRate.csv,USA reference export,"PARTIAL - Family 15 (Stainless Steel) OxyFuel/Plasma Cut/Plasma Punch complete; Family 2 (Steel) Fiber Laser Cut in progress, stopped at Oxygen/1500W/5.00mm confirmed (6.00mm row flagged low-confidence, pierce time cut off).",2079,1,Plasma Punch,,260.0,32.0,1135.0,908.0,0.0,Steel
sheetMetalNestingCutRate,lookupTables/Component/sheetMetalNestingCutRate.csv,USA reference export,"PARTIAL - Family 15 (Stainless Steel) OxyFuel/Plasma Cut/Plasma Punch complete; Family 2 (Steel) Fiber Laser Cut in progress, stopped at Oxygen/1500W/5.00mm confirmed (6.00mm row flagged low-confidence, pierce time cut off).",2079,1,Plasma Punch,,260.0,38.0,895.0,716.0,0.0,Steel
sheetMetalNestingCutRate,lookupTables/Component/sheetMetalNestingCutRate.csv,USA reference export,"PARTIAL - Family 15 (Stainless Steel) OxyFuel/Plasma Cut/Plasma Punch complete; Family 2 (Steel) Fiber Laser Cut in progress, stopped at Oxygen/1500W/5.00mm confirmed (6.00mm row flagged low-confidence, pierce time cut off).",2079,1,Plasma Punch,,260.0,44.0,580.0,464.0,0.0,Steel
sheetMetalNestingCutRate,lookupTables/Component/sheetMetalNestingCutRate.csv,USA reference export,"PARTIAL - Family 15 (Stainless Steel) OxyFuel/Plasma Cut/Plasma Punch complete; Family 2 (Steel) Fiber Laser Cut in progress, stopped at Oxygen/1500W/5.00mm confirmed (6.00mm row flagged low-confidence, pierce time cut off).",2079,1,Plasma Punch,,260.0,50.0,405.0,324.0,0.0,Steel
sheetMetalNestingCutRate,lookupTables/Component/sheetMetalNestingCutRate.csv,USA reference export,"PARTIAL - Family 15 (Stainless Steel) OxyFuel/Plasma Cut/Plasma Punch complete; Family 2 (Steel) Fiber Laser Cut in progress, stopped at Oxygen/1500W/5.00mm confirmed (6.00mm row flagged low-confidence, pierce time cut off).",2079,1,Plasma Punch,,260.0,58.0,290.0,232.0,0.0,Steel
sheetMetalNestingCutRate,lookupTables/Component/sheetMetalNestingCutRate.csv,USA reference export,"PARTIAL - Family 15 (Stainless Steel) OxyFuel/Plasma Cut/Plasma Punch complete; Family 2 (Steel) Fiber Laser Cut in progress, stopped at Oxygen/1500W/5.00mm confirmed (6.00mm row flagged low-confidence, pierce time cut off).",2079,1,Plasma Punch,,260.0,64.0,195.0,156.0,0.0,Steel
sheetMetalNestingCutRate,lookupTables/Component/sheetMetalNestingCutRate.csv,USA reference export,"PARTIAL - Family 15 (Stainless Steel) OxyFuel/Plasma Cut/Plasma Punch complete; Family 2 (Steel) Fiber Laser Cut in progress, stopped at Oxygen/1500W/5.00mm confirmed (6.00mm row flagged low-confidence, pierce time cut off).",2079,1,Plasma Punch,,400.0,12.0,4430.0,3544.0,0.0,Steel
sheetMetalNestingCutRate,lookupTables/Component/sheetMetalNestingCutRate.csv,USA reference export,"PARTIAL - Family 15 (Stainless Steel) OxyFuel/Plasma Cut/Plasma Punch complete; Family 2 (Steel) Fiber Laser Cut in progress, stopped at Oxygen/1500W/5.00mm confirmed (6.00mm row flagged low-confidence, pierce time cut off).",2079,1,Plasma Punch,,400.0,15.0,3950.0,3160.0,0.0,Steel
sheetMetalNestingCutRate,lookupTables/Component/sheetMetalNestingCutRate.csv,USA reference export,"PARTIAL - Family 15 (Stainless Steel) OxyFuel/Plasma Cut/Plasma Punch complete; Family 2 (Steel) Fiber Laser Cut in progress, stopped at Oxygen/1500W/5.00mm confirmed (6.00mm row flagged low-confidence, pierce time cut off).",2079,1,Plasma Punch,,400.0,20.0,2805.0,2244.0,0.0,Steel
sheetMetalNestingCutRate,lookupTables/Component/sheetMetalNestingCutRate.csv,USA reference export,"PARTIAL - Family 15 (Stainless Steel) OxyFuel/Plasma Cut/Plasma Punch complete; Family 2 (Steel) Fiber Laser Cut in progress, stopped at Oxygen/1500W/5.00mm confirmed (6.00mm row flagged low-confidence, pierce time cut off).",2079,1,Plasma Punch,,400.0,22.0,2540.0,2032.0,0.0,Steel
sheetMetalNestingCutRate,lookupTables/Component/sheetMetalNestingCutRate.csv,USA reference export,"PARTIAL - Family 15 (Stainless Steel) OxyFuel/Plasma Cut/Plasma Punch complete; Family 2 (Steel) Fiber Laser Cut in progress, stopped at Oxygen/1500W/5.00mm confirmed (6.00mm row flagged low-confidence, pierce time cut off).",2079,1,Plasma Punch,,400.0,25.0,2210.0,1768.0,0.0,Steel
sheetMetalNestingCutRate,lookupTables/Component/sheetMetalNestingCutRate.csv,USA reference export,"PARTIAL - Family 15 (Stainless Steel) OxyFuel/Plasma Cut/Plasma Punch complete; Family 2 (Steel) Fiber Laser Cut in progress, stopped at Oxygen/1500W/5.00mm confirmed (6.00mm row flagged low-confidence, pierce time cut off).",2079,1,Plasma Punch,,400.0,30.0,1790.0,1432.0,0.0,Steel
sheetMetalNestingCutRate,lookupTables/Component/sheetMetalNestingCutRate.csv,USA reference export,"PARTIAL - Family 15 (Stainless Steel) OxyFuel/Plasma Cut/Plasma Punch complete; Family 2 (Steel) Fiber Laser Cut in progress, stopped at Oxygen/1500W/5.00mm confirmed (6.00mm row flagged low-confidence, pierce time cut off).",2079,1,Plasma Punch,,400.0,40.0,1160.0,928.0,0.0,Steel
sheetMetalNestingCutRate,lookupTables/Component/sheetMetalNestingCutRate.csv,USA reference export,"PARTIAL - Family 15 (Stainless Steel) OxyFuel/Plasma Cut/Plasma Punch complete; Family 2 (Steel) Fiber Laser Cut in progress, stopped at Oxygen/1500W/5.00mm confirmed (6.00mm row flagged low-confidence, pierce time cut off).",2079,1,Plasma Punch,,400.0,50.0,795.0,636.0,0.0,Steel
sheetMetalNestingCutRate,lookupTables/Component/sheetMetalNestingCutRate.csv,USA reference export,"PARTIAL - Family 15 (Stainless Steel) OxyFuel/Plasma Cut/Plasma Punch complete; Family 2 (Steel) Fiber Laser Cut in progress, stopped at Oxygen/1500W/5.00mm confirmed (6.00mm row flagged low-confidence, pierce time cut off).",2079,1,Plasma Punch,,400.0,60.0,580.0,464.0,0.0,Steel
sheetMetalNestingCutRate,lookupTables/Component/sheetMetalNestingCutRate.csv,USA reference export,"PARTIAL - Family 15 (Stainless Steel) OxyFuel/Plasma Cut/Plasma Punch complete; Family 2 (Steel) Fiber Laser Cut in progress, stopped at Oxygen/1500W/5.00mm confirmed (6.00mm row flagged low-confidence, pierce time cut off).",2079,1,Plasma Punch,,400.0,70.0,380.0,304.0,0.0,Steel
sheetMetalNestingCutRate,lookupTables/Component/sheetMetalNestingCutRate.csv,USA reference export,"PARTIAL - Family 15 (Stainless Steel) OxyFuel/Plasma Cut/Plasma Punch complete; Family 2 (Steel) Fiber Laser Cut in progress, stopped at Oxygen/1500W/5.00mm confirmed (6.00mm row flagged low-confidence, pierce time cut off).",2079,1,Plasma Punch,,400.0,80.0,180.0,144.0,0.0,Steel
sheetMetalNestingCutRate,lookupTables/Component/sheetMetalNestingCutRate.csv,USA reference export,"PARTIAL - Family 15 (Stainless Steel) OxyFuel/Plasma Cut/Plasma Punch complete; Family 2 (Steel) Fiber Laser Cut in progress, stopped at Oxygen/1500W/5.00mm confirmed (6.00mm row flagged low-confidence, pierce time cut off).",2079,10,Laser Cut,,2000,0.25,8523.0,6818.0,1.18,Cast Iron
sheetMetalNestingCutRate,lookupTables/Component/sheetMetalNestingCutRate.csv,USA reference export,"PARTIAL - Family 15 (Stainless Steel) OxyFuel/Plasma Cut/Plasma Punch complete; Family 2 (Steel) Fiber Laser Cut in progress, stopped at Oxygen/1500W/5.00mm confirmed (6.00mm row flagged low-confidence, pierce time cut off).",2079,10,Laser Cut,,5000,25.4,709.0,709.0,13.19,Cast Iron
sheetMetalNestingCutRate,lookupTables/Component/sheetMetalNestingCutRate.csv,USA reference export,"PARTIAL - Family 15 (Stainless Steel) OxyFuel/Plasma Cut/Plasma Punch complete; Family 2 (Steel) Fiber Laser Cut in progress, stopped at Oxygen/1500W/5.00mm confirmed (6.00mm row flagged low-confidence, pierce time cut off).",2079,10,Laser Cut,,6000,25.4,775.0,775.0,12.85,Cast Iron
sheetMetalNestingCutRate,lookupTables/Component/sheetMetalNestingCutRate.csv,USA reference export,"PARTIAL - Family 15 (Stainless Steel) OxyFuel/Plasma Cut/Plasma Punch complete; Family 2 (Steel) Fiber Laser Cut in progress, stopped at Oxygen/1500W/5.00mm confirmed (6.00mm row flagged low-confidence, pierce time cut off).",2079,10,Laser Cut,,8000,1.02,7748.0,6199.0,1.03,Cast Iron
sheetMetalNestingCutRate,lookupTables/Component/sheetMetalNestingCutRate.csv,USA reference export,"PARTIAL - Family 15 (Stainless Steel) OxyFuel/Plasma Cut/Plasma Punch complete; Family 2 (Steel) Fiber Laser Cut in progress, stopped at Oxygen/1500W/5.00mm confirmed (6.00mm row flagged low-confidence, pierce time cut off).",2079,10,Laser Cut,,8000,1.52,5977.0,4649.0,1.03,Cast Iron
sheetMetalNestingCutRate,lookupTables/Component/sheetMetalNestingCutRate.csv,USA reference export,"PARTIAL - Family 15 (Stainless Steel) OxyFuel/Plasma Cut/Plasma Punch complete; Family 2 (Steel) Fiber Laser Cut in progress, stopped at Oxygen/1500W/5.00mm confirmed (6.00mm row flagged low-confidence, pierce time cut off).",2079,10,Laser Cut,,8000,2.03,5092.0,3763.0,1.03,Cast Iron
sheetMetalNestingCutRate,lookupTables/Component/sheetMetalNestingCutRate.csv,USA reference export,"PARTIAL - Family 15 (Stainless Steel) OxyFuel/Plasma Cut/Plasma Punch complete; Family 2 (Steel) Fiber Laser Cut in progress, stopped at Oxygen/1500W/5.00mm confirmed (6.00mm row flagged low-confidence, pierce time cut off).",2079,10,Laser Cut,,8000,2.54,4206.0,3505.0,1.03,Cast Iron
sheetMetalNestingCutRate,lookupTables/Component/sheetMetalNestingCutRate.csv,USA reference export,"PARTIAL - Family 15 (Stainless Steel) OxyFuel/Plasma Cut/Plasma Punch complete; Family 2 (Steel) Fiber Laser Cut in progress, stopped at Oxygen/1500W/5.00mm confirmed (6.00mm row flagged low-confidence, pierce time cut off).",2079,10,Laser Cut,,8000,3.05,3985.0,3320.83,1.03,Cast Iron
sheetMetalNestingCutRate,lookupTables/Component/sheetMetalNestingCutRate.csv,USA reference export,"PARTIAL - Family 15 (Stainless Steel) OxyFuel/Plasma Cut/Plasma Punch complete; Family 2 (Steel) Fiber Laser Cut in progress, stopped at Oxygen/1500W/5.00mm confirmed (6.00mm row flagged low-confidence, pierce time cut off).",2079,10,Laser Cut,,8000,4.57,3542.0,3099.0,1.76,Cast Iron
sheetMetalNestingCutRate,lookupTables/Component/sheetMetalNestingCutRate.csv,USA reference export,"PARTIAL - Family 15 (Stainless Steel) OxyFuel/Plasma Cut/Plasma Punch complete; Family 2 (Steel) Fiber Laser Cut in progress, stopped at Oxygen/1500W/5.00mm confirmed (6.00mm row flagged low-confidence, pierce time cut off).",2079,10,Laser Cut,,8000,6.35,3099.0,2878.0,2.96,Cast Iron
sheetMetalNestingCutRate,lookupTables/Component/sheetMetalNestingCutRate.csv,USA reference export,"PARTIAL - Family 15 (Stainless Steel) OxyFuel/Plasma Cut/Plasma Punch complete; Family 2 (Steel) Fiber Laser Cut in progress, stopped at Oxygen/1500W/5.00mm confirmed (6.00mm row flagged low-confidence, pierce time cut off).",2079,10,Laser Cut,,8000,9.53,2214.0,2103.0,6.44,Cast Iron
sheetMetalNestingCutRate,lookupTables/Component/sheetMetalNestingCutRate.csv,USA reference export,"PARTIAL - Family 15 (Stainless Steel) OxyFuel/Plasma Cut/Plasma Punch complete; Family 2 (Steel) Fiber Laser Cut in progress, stopped at Oxygen/1500W/5.00mm confirmed (6.00mm row flagged low-confidence, pierce time cut off).",2079,10,Laser Cut,,8000,12.7,1929.0,1702.0,9.05,Cast Iron
sheetMetalNestingCutRate,lookupTables/Component/sheetMetalNestingCutRate.csv,USA reference export,"PARTIAL - Family 15 (Stainless Steel) OxyFuel/Plasma Cut/Plasma Punch complete; Family 2 (Steel) Fiber Laser Cut in progress, stopped at Oxygen/1500W/5.00mm confirmed (6.00mm row flagged low-confidence, pierce time cut off).",2079,10,Laser Cut,,8000,15.88,1589.0,1475.0,10.66,Cast Iron
sheetMetalNestingCutRate,lookupTables/Component/sheetMetalNestingCutRate.csv,USA reference export,"PARTIAL - Family 15 (Stainless Steel) OxyFuel/Plasma Cut/Plasma Punch complete; Family 2 (Steel) Fiber Laser Cut in progress, stopped at Oxygen/1500W/5.00mm confirmed (6.00mm row flagged low-confidence, pierce time cut off).",2079,10,Laser Cut,,8000,19.05,1043.0,953.0,11.67,Cast Iron
sheetMetalNestingCutRate,lookupTables/Component/sheetMetalNestingCutRate.csv,USA reference export,"PARTIAL - Family 15 (Stainless Steel) OxyFuel/Plasma Cut/Plasma Punch complete; Family 2 (Steel) Fiber Laser Cut in progress, stopped at Oxygen/1500W/5.00mm confirmed (6.00mm row flagged low-confidence, pierce time cut off).",2079,10,Laser Cut,,8000,25.4,794.0,794.0,12.17,Cast Iron
sheetMetalNestingCutRate,lookupTables/Component/sheetMetalNestingCutRate.csv,USA reference export,"PARTIAL - Family 15 (Stainless Steel) OxyFuel/Plasma Cut/Plasma Punch complete; Family 2 (Steel) Fiber Laser Cut in progress, stopped at Oxygen/1500W/5.00mm confirmed (6.00mm row flagged low-confidence, pierce time cut off).",2079,10,Laser Cut,,10000,1.02,7748.0,6199.0,1.03,Cast Iron
sheetMetalNestingCutRate,lookupTables/Component/sheetMetalNestingCutRate.csv,USA reference export,"PARTIAL - Family 15 (Stainless Steel) OxyFuel/Plasma Cut/Plasma Punch complete; Family 2 (Steel) Fiber Laser Cut in progress, stopped at Oxygen/1500W/5.00mm confirmed (6.00mm row flagged low-confidence, pierce time cut off).",2079,10,Laser Cut,,10000,1.52,5977.0,4649.0,1.03,Cast Iron
sheetMetalNestingCutRate,lookupTables/Component/sheetMetalNestingCutRate.csv,USA reference export,"PARTIAL - Family 15 (Stainless Steel) OxyFuel/Plasma Cut/Plasma Punch complete; Family 2 (Steel) Fiber Laser Cut in progress, stopped at Oxygen/1500W/5.00mm confirmed (6.00mm row flagged low-confidence, pierce time cut off).",2079,10,Laser Cut,,10000,2.03,5092.0,3763.0,1.03,Cast Iron
sheetMetalNestingCutRate,lookupTables/Component/sheetMetalNestingCutRate.csv,USA reference export,"PARTIAL - Family 15 (Stainless Steel) OxyFuel/Plasma Cut/Plasma Punch complete; Family 2 (Steel) Fiber Laser Cut in progress, stopped at Oxygen/1500W/5.00mm confirmed (6.00mm row flagged low-confidence, pierce time cut off).",2079,10,Laser Cut,,10000,2.54,4206.0,3505.0,1.03,Cast Iron
sheetMetalNestingCutRate,lookupTables/Component/sheetMetalNestingCutRate.csv,USA reference export,"PARTIAL - Family 15 (Stainless Steel) OxyFuel/Plasma Cut/Plasma Punch complete; Family 2 (Steel) Fiber Laser Cut in progress, stopped at Oxygen/1500W/5.00mm confirmed (6.00mm row flagged low-confidence, pierce time cut off).",2079,10,Laser Cut,,10000,3.05,3985.0,3320.83,1.03,Cast Iron
sheetMetalNestingCutRate,lookupTables/Component/sheetMetalNestingCutRate.csv,USA reference export,"PARTIAL - Family 15 (Stainless Steel) OxyFuel/Plasma Cut/Plasma Punch complete; Family 2 (Steel) Fiber Laser Cut in progress, stopped at Oxygen/1500W/5.00mm confirmed (6.00mm row flagged low-confidence, pierce time cut off).",2079,10,Laser Cut,,10000,4.57,3542.0,3099.0,1.76,Cast Iron
sheetMetalNestingCutRate,lookupTables/Component/sheetMetalNestingCutRate.csv,USA reference export,"PARTIAL - Family 15 (Stainless Steel) OxyFuel/Plasma Cut/Plasma Punch complete; Family 2 (Steel) Fiber Laser Cut in progress, stopped at Oxygen/1500W/5.00mm confirmed (6.00mm row flagged low-confidence, pierce time cut off).",2079,10,Laser Cut,,10000,6.35,3099.0,2878.0,2.96,Cast Iron
sheetMetalNestingCutRate,lookupTables/Component/sheetMetalNestingCutRate.csv,USA reference export,"PARTIAL - Family 15 (Stainless Steel) OxyFuel/Plasma Cut/Plasma Punch complete; Family 2 (Steel) Fiber Laser Cut in progress, stopped at Oxygen/1500W/5.00mm confirmed (6.00mm row flagged low-confidence, pierce time cut off).",2079,10,Laser Cut,,10000,9.53,2214.0,2103.0,6.44,Cast Iron
sheetMetalNestingCutRate,lookupTables/Component/sheetMetalNestingCutRate.csv,USA reference export,"PARTIAL - Family 15 (Stainless Steel) OxyFuel/Plasma Cut/Plasma Punch complete; Family 2 (Steel) Fiber Laser Cut in progress, stopped at Oxygen/1500W/5.00mm confirmed (6.00mm row flagged low-confidence, pierce time cut off).",2079,10,Laser Cut,,10000,12.7,1976.0,1743.0,8.32,Cast Iron
sheetMetalNestingCutRate,lookupTables/Component/sheetMetalNestingCutRate.csv,USA reference export,"PARTIAL - Family 15 (Stainless Steel) OxyFuel/Plasma Cut/Plasma Punch complete; Family 2 (Steel) Fiber Laser Cut in progress, stopped at Oxygen/1500W/5.00mm confirmed (6.00mm row flagged low-confidence, pierce time cut off).",2079,10,Laser Cut,,10000,15.88,1628.0,1511.0,9.8,Cast Iron
sheetMetalNestingCutRate,lookupTables/Component/sheetMetalNestingCutRate.csv,USA reference export,"PARTIAL - Family 15 (Stainless Steel) OxyFuel/Plasma Cut/Plasma Punch complete; Family 2 (Steel) Fiber Laser Cut in progress, stopped at Oxygen/1500W/5.00mm confirmed (6.00mm row flagged low-confidence, pierce time cut off).",2079,10,Laser Cut,,10000,19.05,1069.0,977.0,11.04,Cast Iron
sheetMetalNestingCutRate,lookupTables/Component/sheetMetalNestingCutRate.csv,USA reference export,"PARTIAL - Family 15 (Stainless Steel) OxyFuel/Plasma Cut/Plasma Punch complete; Family 2 (Steel) Fiber Laser Cut in progress, stopped at Oxygen/1500W/5.00mm confirmed (6.00mm row flagged low-confidence, pierce time cut off).",2079,10,Laser Cut,,10000,25.4,814.0,814.0,11.49,Cast Iron
sheetMetalNestingCutRate,lookupTables/Component/sheetMetalNestingCutRate.csv,USA reference export,"PARTIAL - Family 15 (Stainless Steel) OxyFuel/Plasma Cut/Plasma Punch complete; Family 2 (Steel) Fiber Laser Cut in progress, stopped at Oxygen/1500W/5.00mm confirmed (6.00mm row flagged low-confidence, pierce time cut off).",2079,10,OxyFuel Cut,,200,3.0,854.31,427.15,12.81,Cast Iron
sheetMetalNestingCutRate,lookupTables/Component/sheetMetalNestingCutRate.csv,USA reference export,"PARTIAL - Family 15 (Stainless Steel) OxyFuel/Plasma Cut/Plasma Punch complete; Family 2 (Steel) Fiber Laser Cut in progress, stopped at Oxygen/1500W/5.00mm confirmed (6.00mm row flagged low-confidence, pierce time cut off).",2079,10,OxyFuel Cut,,200,4.0,743.71,371.35,12.81,Cast Iron
sheetMetalNestingCutRate,lookupTables/Component/sheetMetalNestingCutRate.csv,USA reference export,"PARTIAL - Family 15 (Stainless Steel) OxyFuel/Plasma Cut/Plasma Punch complete; Family 2 (Steel) Fiber Laser Cut in progress, stopped at Oxygen/1500W/5.00mm confirmed (6.00mm row flagged low-confidence, pierce time cut off).",2079,10,OxyFuel Cut,,200,5.0,667.62,333.81,12.81,Cast Iron
sheetMetalNestingCutRate,lookupTables/Component/sheetMetalNestingCutRate.csv,USA reference export,"PARTIAL - Family 15 (Stainless Steel) OxyFuel/Plasma Cut/Plasma Punch complete; Family 2 (Steel) Fiber Laser Cut in progress, stopped at Oxygen/1500W/5.00mm confirmed (6.00mm row flagged low-confidence, pierce time cut off).",2079,10,OxyFuel Cut,,200,6.0,611.81,305.4,12.81,Cast Iron
sheetMetalNestingCutRate,lookupTables/Component/sheetMetalNestingCutRate.csv,USA reference export,"PARTIAL - Family 15 (Stainless Steel) OxyFuel/Plasma Cut/Plasma Punch complete; Family 2 (Steel) Fiber Laser Cut in progress, stopped at Oxygen/1500W/5.00mm confirmed (6.00mm row flagged low-confidence, pierce time cut off).",2079,10,OxyFuel Cut,,200,7.0,567.17,284.09,12.81,Cast Iron
sheetMetalNestingCutRate,lookupTables/Component/sheetMetalNestingCutRate.csv,USA reference export,"PARTIAL - Family 15 (Stainless Steel) OxyFuel/Plasma Cut/Plasma Punch complete; Family 2 (Steel) Fiber Laser Cut in progress, stopped at Oxygen/1500W/5.00mm confirmed (6.00mm row flagged low-confidence, pierce time cut off).",2079,10,OxyFuel Cut,,200,8.0,531.66,265.83,12.81,Cast Iron
sheetMetalNestingCutRate,lookupTables/Component/sheetMetalNestingCutRate.csv,USA reference export,"PARTIAL - Family 15 (Stainless Steel) OxyFuel/Plasma Cut/Plasma Punch complete; Family 2 (Steel) Fiber Laser Cut in progress, stopped at Oxygen/1500W/5.00mm confirmed (6.00mm row flagged low-confidence, pierce time cut off).",2079,10,OxyFuel Cut,,200,9.0,502.24,251.63,12.81,Cast Iron
sheetMetalNestingCutRate,lookupTables/Component/sheetMetalNestingCutRate.csv,USA reference export,"PARTIAL - Family 15 (Stainless Steel) OxyFuel/Plasma Cut/Plasma Punch complete; Family 2 (Steel) Fiber Laser Cut in progress, stopped at Oxygen/1500W/5.00mm confirmed (6.00mm row flagged low-confidence, pierce time cut off).",2079,10,OxyFuel Cut,,200,10.0,477.88,238.44,12.81,Cast Iron
sheetMetalNestingCutRate,lookupTables/Component/sheetMetalNestingCutRate.csv,USA reference export,"PARTIAL - Family 15 (Stainless Steel) OxyFuel/Plasma Cut/Plasma Punch complete; Family 2 (Steel) Fiber Laser Cut in progress, stopped at Oxygen/1500W/5.00mm confirmed (6.00mm row flagged low-confidence, pierce time cut off).",2079,10,OxyFuel Cut,,200,11.0,456.58,228.29,12.81,Cast Iron
sheetMetalNestingCutRate,lookupTables/Component/sheetMetalNestingCutRate.csv,USA reference export,"PARTIAL - Family 15 (Stainless Steel) OxyFuel/Plasma Cut/Plasma Punch complete; Family 2 (Steel) Fiber Laser Cut in progress, stopped at Oxygen/1500W/5.00mm confirmed (6.00mm row flagged low-confidence, pierce time cut off).",2079,10,OxyFuel Cut,,200,12.0,437.3,219.16,12.81,Cast Iron
sheetMetalNestingCutRate,lookupTables/Component/sheetMetalNestingCutRate.csv,USA reference export,"PARTIAL - Family 15 (Stainless Steel) OxyFuel/Plasma Cut/Plasma Punch complete; Family 2 (Steel) Fiber Laser Cut in progress, stopped at Oxygen/1500W/5.00mm confirmed (6.00mm row flagged low-confidence, pierce time cut off).",2079,10,OxyFuel Cut,,200,13.0,421.07,210.03,12.81,Cast Iron
sheetMetalNestingCutRate,lookupTables/Component/sheetMetalNestingCutRate.csv,USA reference export,"PARTIAL - Family 15 (Stainless Steel) OxyFuel/Plasma Cut/Plasma Punch complete; Family 2 (Steel) Fiber Laser Cut in progress, stopped at Oxygen/1500W/5.00mm confirmed (6.00mm row flagged low-confidence, pierce time cut off).",2079,10,OxyFuel Cut,,200,14.0,405.85,202.92,12.81,Cast Iron
sheetMetalNestingCutRate,lookupTables/Component/sheetMetalNestingCutRate.csv,USA reference export,"PARTIAL - Family 15 (Stainless Steel) OxyFuel/Plasma Cut/Plasma Punch complete; Family 2 (Steel) Fiber Laser Cut in progress, stopped at Oxygen/1500W/5.00mm confirmed (6.00mm row flagged low-confidence, pierce time cut off).",2079,10,OxyFuel Cut,,200,15.0,392.66,196.84,12.81,Cast Iron
sheetMetalNestingCutRate,lookupTables/Component/sheetMetalNestingCutRate.csv,USA reference export,"PARTIAL - Family 15 (Stainless Steel) OxyFuel/Plasma Cut/Plasma Punch complete; Family 2 (Steel) Fiber Laser Cut in progress, stopped at Oxygen/1500W/5.00mm confirmed (6.00mm row flagged low-confidence, pierce time cut off).",2079,10,OxyFuel Cut,,200,16.0,380.48,190.75,12.81,Cast Iron
sheetMetalNestingCutRate,lookupTables/Component/sheetMetalNestingCutRate.csv,USA reference export,"PARTIAL - Family 15 (Stainless Steel) OxyFuel/Plasma Cut/Plasma Punch complete; Family 2 (Steel) Fiber Laser Cut in progress, stopped at Oxygen/1500W/5.00mm confirmed (6.00mm row flagged low-confidence, pierce time cut off).",2079,10,OxyFuel Cut,,200,17.0,370.34,184.66,12.81,Cast Iron
sheetMetalNestingCutRate,lookupTables/Component/sheetMetalNestingCutRate.csv,USA reference export,"PARTIAL - Family 15 (Stainless Steel) OxyFuel/Plasma Cut/Plasma Punch complete; Family 2 (Steel) Fiber Laser Cut in progress, stopped at Oxygen/1500W/5.00mm confirmed (6.00mm row flagged low-confidence, pierce time cut off).",2079,10,OxyFuel Cut,,200,18.0,360.19,179.59,12.81,Cast Iron
sheetMetalNestingCutRate,lookupTables/Component/sheetMetalNestingCutRate.csv,USA reference export,"PARTIAL - Family 15 (Stainless Steel) OxyFuel/Plasma Cut/Plasma Punch complete; Family 2 (Steel) Fiber Laser Cut in progress, stopped at Oxygen/1500W/5.00mm confirmed (6.00mm row flagged low-confidence, pierce time cut off).",2079,10,OxyFuel Cut,,200,19.0,351.06,175.53,12.81,Cast Iron
sheetMetalNestingCutRate,lookupTables/Component/sheetMetalNestingCutRate.csv,USA reference export,"PARTIAL - Family 15 (Stainless Steel) OxyFuel/Plasma Cut/Plasma Punch complete; Family 2 (Steel) Fiber Laser Cut in progress, stopped at Oxygen/1500W/5.00mm confirmed (6.00mm row flagged low-confidence, pierce time cut off).",2079,10,OxyFuel Cut,,200,20.0,341.93,171.47,12.81,Cast Iron
sheetMetalNestingCutRate,lookupTables/Component/sheetMetalNestingCutRate.csv,USA reference export,"PARTIAL - Family 15 (Stainless Steel) OxyFuel/Plasma Cut/Plasma Punch complete; Family 2 (Steel) Fiber Laser Cut in progress, stopped at Oxygen/1500W/5.00mm confirmed (6.00mm row flagged low-confidence, pierce time cut off).",2079,10,OxyFuel Cut,,200,21.0,333.81,167.41,12.81,Cast Iron
sheetMetalNestingCutRate,lookupTables/Component/sheetMetalNestingCutRate.csv,USA reference export,"PARTIAL - Family 15 (Stainless Steel) OxyFuel/Plasma Cut/Plasma Punch complete; Family 2 (Steel) Fiber Laser Cut in progress, stopped at Oxygen/1500W/5.00mm confirmed (6.00mm row flagged low-confidence, pierce time cut off).",2079,10,OxyFuel Cut,,200,22.0,326.71,163.35,12.81,Cast Iron
sheetMetalNestingCutRate,lookupTables/Component/sheetMetalNestingCutRate.csv,USA reference export,"PARTIAL - Family 15 (Stainless Steel) OxyFuel/Plasma Cut/Plasma Punch complete; Family 2 (Steel) Fiber Laser Cut in progress, stopped at Oxygen/1500W/5.00mm confirmed (6.00mm row flagged low-confidence, pierce time cut off).",2079,10,OxyFuel Cut,,200,23.0,319.6,160.31,12.81,Cast Iron
sheetMetalNestingCutRate,lookupTables/Component/sheetMetalNestingCutRate.csv,USA reference export,"PARTIAL - Family 15 (Stainless Steel) OxyFuel/Plasma Cut/Plasma Punch complete; Family 2 (Steel) Fiber Laser Cut in progress, stopped at Oxygen/1500W/5.00mm confirmed (6.00mm row flagged low-confidence, pierce time cut off).",2079,10,OxyFuel Cut,,200,24.0,313.52,156.25,12.81,Cast Iron
sheetMetalNestingCutRate,lookupTables/Component/sheetMetalNestingCutRate.csv,USA reference export,"PARTIAL - Family 15 (Stainless Steel) OxyFuel/Plasma Cut/Plasma Punch complete; Family 2 (Steel) Fiber Laser Cut in progress, stopped at Oxygen/1500W/5.00mm confirmed (6.00mm row flagged low-confidence, pierce time cut off).",2079,10,OxyFuel Cut,,200,25.0,307.43,153.21,12.81,Cast Iron
sheetMetalNestingCutRate,lookupTables/Component/sheetMetalNestingCutRate.csv,USA reference export,"PARTIAL - Family 15 (Stainless Steel) OxyFuel/Plasma Cut/Plasma Punch complete; Family 2 (Steel) Fiber Laser Cut in progress, stopped at Oxygen/1500W/5.00mm confirmed (6.00mm row flagged low-confidence, pierce time cut off).",2079,10,OxyFuel Cut,,200,27.0,296.27,148.13,12.81,Cast Iron
sheetMetalNestingCutRate,lookupTables/Component/sheetMetalNestingCutRate.csv,USA reference export,"PARTIAL - Family 15 (Stainless Steel) OxyFuel/Plasma Cut/Plasma Punch complete; Family 2 (Steel) Fiber Laser Cut in progress, stopped at Oxygen/1500W/5.00mm confirmed (6.00mm row flagged low-confidence, pierce time cut off).",2079,10,OxyFuel Cut,,200,29.0,286.12,143.06,12.81,Cast Iron
sheetMetalNestingCutRate,lookupTables/Component/sheetMetalNestingCutRate.csv,USA reference export,"PARTIAL - Family 15 (Stainless Steel) OxyFuel/Plasma Cut/Plasma Punch complete; Family 2 (Steel) Fiber Laser Cut in progress, stopped at Oxygen/1500W/5.00mm confirmed (6.00mm row flagged low-confidence, pierce time cut off).",2079,10,OxyFuel Cut,,200,31.0,276.99,137.99,12.81,Cast Iron
sheetMetalNestingCutRate,lookupTables/Component/sheetMetalNestingCutRate.csv,USA reference export,"PARTIAL - Family 15 (Stainless Steel) OxyFuel/Plasma Cut/Plasma Punch complete; Family 2 (Steel) Fiber Laser Cut in progress, stopped at Oxygen/1500W/5.00mm confirmed (6.00mm row flagged low-confidence, pierce time cut off).",2079,10,OxyFuel Cut,,200,33.0,268.87,133.93,12.81,Cast Iron
sheetMetalNestingCutRate,lookupTables/Component/sheetMetalNestingCutRate.csv,USA reference export,"PARTIAL - Family 15 (Stainless Steel) OxyFuel/Plasma Cut/Plasma Punch complete; Family 2 (Steel) Fiber Laser Cut in progress, stopped at Oxygen/1500W/5.00mm confirmed (6.00mm row flagged low-confidence, pierce time cut off).",2079,10,OxyFuel Cut,,200,35.0,260.76,130.89,12.81,Cast Iron
sheetMetalNestingCutRate,lookupTables/Component/sheetMetalNestingCutRate.csv,USA reference export,"PARTIAL - Family 15 (Stainless Steel) OxyFuel/Plasma Cut/Plasma Punch complete; Family 2 (Steel) Fiber Laser Cut in progress, stopped at Oxygen/1500W/5.00mm confirmed (6.00mm row flagged low-confidence, pierce time cut off).",2079,10,OxyFuel Cut,,200,37.0,253.65,126.83,12.81,Cast Iron
sheetMetalNestingCutRate,lookupTables/Component/sheetMetalNestingCutRate.csv,USA reference export,"PARTIAL - Family 15 (Stainless Steel) OxyFuel/Plasma Cut/Plasma Punch complete; Family 2 (Steel) Fiber Laser Cut in progress, stopped at Oxygen/1500W/5.00mm confirmed (6.00mm row flagged low-confidence, pierce time cut off).",2079,10,OxyFuel Cut,,200,39.0,247.57,123.78,12.81,Cast Iron
sheetMetalNestingCutRate,lookupTables/Component/sheetMetalNestingCutRate.csv,USA reference export,"PARTIAL - Family 15 (Stainless Steel) OxyFuel/Plasma Cut/Plasma Punch complete; Family 2 (Steel) Fiber Laser Cut in progress, stopped at Oxygen/1500W/5.00mm confirmed (6.00mm row flagged low-confidence, pierce time cut off).",2079,10,OxyFuel Cut,,200,41.0,241.48,120.74,12.81,Cast Iron
sheetMetalNestingCutRate,lookupTables/Component/sheetMetalNestingCutRate.csv,USA reference export,"PARTIAL - Family 15 (Stainless Steel) OxyFuel/Plasma Cut/Plasma Punch complete; Family 2 (Steel) Fiber Laser Cut in progress, stopped at Oxygen/1500W/5.00mm confirmed (6.00mm row flagged low-confidence, pierce time cut off).",2079,10,OxyFuel Cut,,200,43.0,236.41,117.7,12.81,Cast Iron
sheetMetalNestingCutRate,lookupTables/Component/sheetMetalNestingCutRate.csv,USA reference export,"PARTIAL - Family 15 (Stainless Steel) OxyFuel/Plasma Cut/Plasma Punch complete; Family 2 (Steel) Fiber Laser Cut in progress, stopped at Oxygen/1500W/5.00mm confirmed (6.00mm row flagged low-confidence, pierce time cut off).",2079,10,OxyFuel Cut,,200,45.0,231.33,115.67,12.81,Cast Iron
sheetMetalNestingCutRate,lookupTables/Component/sheetMetalNestingCutRate.csv,USA reference export,"PARTIAL - Family 15 (Stainless Steel) OxyFuel/Plasma Cut/Plasma Punch complete; Family 2 (Steel) Fiber Laser Cut in progress, stopped at Oxygen/1500W/5.00mm confirmed (6.00mm row flagged low-confidence, pierce time cut off).",2079,10,OxyFuel Cut,,200,47.0,226.26,113.64,12.81,Cast Iron
sheetMetalNestingCutRate,lookupTables/Component/sheetMetalNestingCutRate.csv,USA reference export,"PARTIAL - Family 15 (Stainless Steel) OxyFuel/Plasma Cut/Plasma Punch complete; Family 2 (Steel) Fiber Laser Cut in progress, stopped at Oxygen/1500W/5.00mm confirmed (6.00mm row flagged low-confidence, pierce time cut off).",2079,10,OxyFuel Cut,,200,49.0,222.2,110.59,12.81,Cast Iron
sheetMetalNestingCutRate,lookupTables/Component/sheetMetalNestingCutRate.csv,USA reference export,"PARTIAL - Family 15 (Stainless Steel) OxyFuel/Plasma Cut/Plasma Punch complete; Family 2 (Steel) Fiber Laser Cut in progress, stopped at Oxygen/1500W/5.00mm confirmed (6.00mm row flagged low-confidence, pierce time cut off).",2079,10,OxyFuel Cut,,200,50.0,220.17,109.58,12.81,Cast Iron
sheetMetalNestingCutRate,lookupTables/Component/sheetMetalNestingCutRate.csv,USA reference export,"PARTIAL - Family 15 (Stainless Steel) OxyFuel/Plasma Cut/Plasma Punch complete; Family 2 (Steel) Fiber Laser Cut in progress, stopped at Oxygen/1500W/5.00mm confirmed (6.00mm row flagged low-confidence, pierce time cut off).",2079,10,OxyFuel Cut,,200,52.0,216.11,107.55,12.81,Cast Iron
sheetMetalNestingCutRate,lookupTables/Component/sheetMetalNestingCutRate.csv,USA reference export,"PARTIAL - Family 15 (Stainless Steel) OxyFuel/Plasma Cut/Plasma Punch complete; Family 2 (Steel) Fiber Laser Cut in progress, stopped at Oxygen/1500W/5.00mm confirmed (6.00mm row flagged low-confidence, pierce time cut off).",2079,10,OxyFuel Cut,,200,54.0,212.06,105.52,12.81,Cast Iron
sheetMetalNestingCutRate,lookupTables/Component/sheetMetalNestingCutRate.csv,USA reference export,"PARTIAL - Family 15 (Stainless Steel) OxyFuel/Plasma Cut/Plasma Punch complete; Family 2 (Steel) Fiber Laser Cut in progress, stopped at Oxygen/1500W/5.00mm confirmed (6.00mm row flagged low-confidence, pierce time cut off).",2079,10,OxyFuel Cut,,200,56.0,208.0,104.51,12.81,Cast Iron
sheetMetalNestingCutRate,lookupTables/Component/sheetMetalNestingCutRate.csv,USA reference export,"PARTIAL - Family 15 (Stainless Steel) OxyFuel/Plasma Cut/Plasma Punch complete; Family 2 (Steel) Fiber Laser Cut in progress, stopped at Oxygen/1500W/5.00mm confirmed (6.00mm row flagged low-confidence, pierce time cut off).",2079,10,OxyFuel Cut,,200,58.0,204.95,102.48,12.81,Cast Iron
sheetMetalNestingCutRate,lookupTables/Component/sheetMetalNestingCutRate.csv,USA reference export,"PARTIAL - Family 15 (Stainless Steel) OxyFuel/Plasma Cut/Plasma Punch complete; Family 2 (Steel) Fiber Laser Cut in progress, stopped at Oxygen/1500W/5.00mm confirmed (6.00mm row flagged low-confidence, pierce time cut off).",2079,10,OxyFuel Cut,,200,60.0,200.89,100.45,12.81,Cast Iron
sheetMetalNestingCutRate,lookupTables/Component/sheetMetalNestingCutRate.csv,USA reference export,"PARTIAL - Family 15 (Stainless Steel) OxyFuel/Plasma Cut/Plasma Punch complete; Family 2 (Steel) Fiber Laser Cut in progress, stopped at Oxygen/1500W/5.00mm confirmed (6.00mm row flagged low-confidence, pierce time cut off).",2079,10,OxyFuel Cut,,200,62.0,197.85,99.43,12.81,Cast Iron
sheetMetalNestingCutRate,lookupTables/Component/sheetMetalNestingCutRate.csv,USA reference export,"PARTIAL - Family 15 (Stainless Steel) OxyFuel/Plasma Cut/Plasma Punch complete; Family 2 (Steel) Fiber Laser Cut in progress, stopped at Oxygen/1500W/5.00mm confirmed (6.00mm row flagged low-confidence, pierce time cut off).",2079,10,OxyFuel Cut,,200,64.0,194.81,97.4,12.81,Cast Iron
sheetMetalNestingCutRate,lookupTables/Component/sheetMetalNestingCutRate.csv,USA reference export,"PARTIAL - Family 15 (Stainless Steel) OxyFuel/Plasma Cut/Plasma Punch complete; Family 2 (Steel) Fiber Laser Cut in progress, stopped at Oxygen/1500W/5.00mm confirmed (6.00mm row flagged low-confidence, pierce time cut off).",2079,10,OxyFuel Cut,,200,66.0,191.76,96.39,12.81,Cast Iron
sheetMetalNestingCutRate,lookupTables/Component/sheetMetalNestingCutRate.csv,USA reference export,"PARTIAL - Family 15 (Stainless Steel) OxyFuel/Plasma Cut/Plasma Punch complete; Family 2 (Steel) Fiber Laser Cut in progress, stopped at Oxygen/1500W/5.00mm confirmed (6.00mm row flagged low-confidence, pierce time cut off).",2079,10,OxyFuel Cut,,200,68.0,189.73,94.36,12.81,Cast Iron
sheetMetalNestingCutRate,lookupTables/Component/sheetMetalNestingCutRate.csv,USA reference export,"PARTIAL - Family 15 (Stainless Steel) OxyFuel/Plasma Cut/Plasma Punch complete; Family 2 (Steel) Fiber Laser Cut in progress, stopped at Oxygen/1500W/5.00mm confirmed (6.00mm row flagged low-confidence, pierce time cut off).",2079,10,OxyFuel Cut,,200,70.0,186.69,93.34,12.81,Cast Iron
sheetMetalNestingCutRate,lookupTables/Component/sheetMetalNestingCutRate.csv,USA reference export,"PARTIAL - Family 15 (Stainless Steel) OxyFuel/Plasma Cut/Plasma Punch complete; Family 2 (Steel) Fiber Laser Cut in progress, stopped at Oxygen/1500W/5.00mm confirmed (6.00mm row flagged low-confidence, pierce time cut off).",2079,10,OxyFuel Cut,,200,72.0,184.66,92.33,12.81,Cast Iron
sheetMetalNestingCutRate,lookupTables/Component/sheetMetalNestingCutRate.csv,USA reference export,"PARTIAL - Family 15 (Stainless Steel) OxyFuel/Plasma Cut/Plasma Punch complete; Family 2 (Steel) Fiber Laser Cut in progress, stopped at Oxygen/1500W/5.00mm confirmed (6.00mm row flagged low-confidence, pierce time cut off).",2079,10,OxyFuel Cut,,200,74.0,181.62,91.32,12.81,Cast Iron
sheetMetalNestingCutRate,lookupTables/Component/sheetMetalNestingCutRate.csv,USA reference export,"PARTIAL - Family 15 (Stainless Steel) OxyFuel/Plasma Cut/Plasma Punch complete; Family 2 (Steel) Fiber Laser Cut in progress, stopped at Oxygen/1500W/5.00mm confirmed (6.00mm row flagged low-confidence, pierce time cut off).",2079,10,OxyFuel Cut,,200,76.0,179.59,89.29,12.81,Cast Iron
sheetMetalNestingCutRate,lookupTables/Component/sheetMetalNestingCutRate.csv,USA reference export,"PARTIAL - Family 15 (Stainless Steel) OxyFuel/Plasma Cut/Plasma Punch complete; Family 2 (Steel) Fiber Laser Cut in progress, stopped at Oxygen/1500W/5.00mm confirmed (6.00mm row flagged low-confidence, pierce time cut off).",2079,10,OxyFuel Cut,,200,78.0,177.56,88.27,12.81,Cast Iron
sheetMetalNestingCutRate,lookupTables/Component/sheetMetalNestingCutRate.csv,USA reference export,"PARTIAL - Family 15 (Stainless Steel) OxyFuel/Plasma Cut/Plasma Punch complete; Family 2 (Steel) Fiber Laser Cut in progress, stopped at Oxygen/1500W/5.00mm confirmed (6.00mm row flagged low-confidence, pierce time cut off).",2079,10,OxyFuel Cut,,200,80.0,175.53,87.26,12.81,Cast Iron
sheetMetalNestingCutRate,lookupTables/Component/sheetMetalNestingCutRate.csv,USA reference export,"PARTIAL - Family 15 (Stainless Steel) OxyFuel/Plasma Cut/Plasma Punch complete; Family 2 (Steel) Fiber Laser Cut in progress, stopped at Oxygen/1500W/5.00mm confirmed (6.00mm row flagged low-confidence, pierce time cut off).",2079,10,OxyFuel Cut,,200,82.0,173.5,86.24,12.81,Cast Iron
sheetMetalNestingCutRate,lookupTables/Component/sheetMetalNestingCutRate.csv,USA reference export,"PARTIAL - Family 15 (Stainless Steel) OxyFuel/Plasma Cut/Plasma Punch complete; Family 2 (Steel) Fiber Laser Cut in progress, stopped at Oxygen/1500W/5.00mm confirmed (6.00mm row flagged low-confidence, pierce time cut off).",2079,10,OxyFuel Cut,,200,84.0,171.47,85.23,12.81,Cast Iron
sheetMetalNestingCutRate,lookupTables/Component/sheetMetalNestingCutRate.csv,USA reference export,"PARTIAL - Family 15 (Stainless Steel) OxyFuel/Plasma Cut/Plasma Punch complete; Family 2 (Steel) Fiber Laser Cut in progress, stopped at Oxygen/1500W/5.00mm confirmed (6.00mm row flagged low-confidence, pierce time cut off).",2079,10,OxyFuel Cut,,200,86.0,169.44,84.21,12.81,Cast Iron
sheetMetalNestingCutRate,lookupTables/Component/sheetMetalNestingCutRate.csv,USA reference export,"PARTIAL - Family 15 (Stainless Steel) OxyFuel/Plasma Cut/Plasma Punch complete; Family 2 (Steel) Fiber Laser Cut in progress, stopped at Oxygen/1500W/5.00mm confirmed (6.00mm row flagged low-confidence, pierce time cut off).",2079,10,OxyFuel Cut,,200,88.0,167.41,83.2,12.81,Cast Iron
sheetMetalNestingCutRate,lookupTables/Component/sheetMetalNestingCutRate.csv,USA reference export,"PARTIAL - Family 15 (Stainless Steel) OxyFuel/Plasma Cut/Plasma Punch complete; Family 2 (Steel) Fiber Laser Cut in progress, stopped at Oxygen/1500W/5.00mm confirmed (6.00mm row flagged low-confidence, pierce time cut off).",2079,10,OxyFuel Cut,,200,90.0,165.38,83.2,12.81,Cast Iron
sheetMetalNestingCutRate,lookupTables/Component/sheetMetalNestingCutRate.csv,USA reference export,"PARTIAL - Family 15 (Stainless Steel) OxyFuel/Plasma Cut/Plasma Punch complete; Family 2 (Steel) Fiber Laser Cut in progress, stopped at Oxygen/1500W/5.00mm confirmed (6.00mm row flagged low-confidence, pierce time cut off).",2079,10,OxyFuel Cut,,200,92.0,163.35,82.18,12.81,Cast Iron
sheetMetalNestingCutRate,lookupTables/Component/sheetMetalNestingCutRate.csv,USA reference export,"PARTIAL - Family 15 (Stainless Steel) OxyFuel/Plasma Cut/Plasma Punch complete; Family 2 (Steel) Fiber Laser Cut in progress, stopped at Oxygen/1500W/5.00mm confirmed (6.00mm row flagged low-confidence, pierce time cut off).",2079,10,OxyFuel Cut,,200,94.0,162.34,81.17,12.81,Cast Iron
sheetMetalNestingCutRate,lookupTables/Component/sheetMetalNestingCutRate.csv,USA reference export,"PARTIAL - Family 15 (Stainless Steel) OxyFuel/Plasma Cut/Plasma Punch complete; Family 2 (Steel) Fiber Laser Cut in progress, stopped at Oxygen/1500W/5.00mm confirmed (6.00mm row flagged low-confidence, pierce time cut off).",2079,10,OxyFuel Cut,,200,96.0,160.31,80.15,12.81,Cast Iron
sheetMetalNestingCutRate,lookupTables/Component/sheetMetalNestingCutRate.csv,USA reference export,"PARTIAL - Family 15 (Stainless Steel) OxyFuel/Plasma Cut/Plasma Punch complete; Family 2 (Steel) Fiber Laser Cut in progress, stopped at Oxygen/1500W/5.00mm confirmed (6.00mm row flagged low-confidence, pierce time cut off).",2079,10,OxyFuel Cut,,200,98.0,159.29,79.14,12.81,Cast Iron
sheetMetalNestingCutRate,lookupTables/Component/sheetMetalNestingCutRate.csv,USA reference export,"PARTIAL - Family 15 (Stainless Steel) OxyFuel/Plasma Cut/Plasma Punch complete; Family 2 (Steel) Fiber Laser Cut in progress, stopped at Oxygen/1500W/5.00mm confirmed (6.00mm row flagged low-confidence, pierce time cut off).",2079,10,OxyFuel Cut,,200,100.0,157.27,79.14,12.81,Cast Iron
sheetMetalNestingCutRate,lookupTables/Component/sheetMetalNestingCutRate.csv,USA reference export,"PARTIAL - Family 15 (Stainless Steel) OxyFuel/Plasma Cut/Plasma Punch complete; Family 2 (Steel) Fiber Laser Cut in progress, stopped at Oxygen/1500W/5.00mm confirmed (6.00mm row flagged low-confidence, pierce time cut off).",2079,10,OxyFuel Cut,,200,105.0,153.21,77.11,12.81,Cast Iron
sheetMetalNestingCutRate,lookupTables/Component/sheetMetalNestingCutRate.csv,USA reference export,"PARTIAL - Family 15 (Stainless Steel) OxyFuel/Plasma Cut/Plasma Punch complete; Family 2 (Steel) Fiber Laser Cut in progress, stopped at Oxygen/1500W/5.00mm confirmed (6.00mm row flagged low-confidence, pierce time cut off).",2079,10,OxyFuel Cut,,200,110.0,150.16,75.08,12.81,Cast Iron
sheetMetalNestingCutRate,lookupTables/Component/sheetMetalNestingCutRate.csv,USA reference export,"PARTIAL - Family 15 (Stainless Steel) OxyFuel/Plasma Cut/Plasma Punch complete; Family 2 (Steel) Fiber Laser Cut in progress, stopped at Oxygen/1500W/5.00mm confirmed (6.00mm row flagged low-confidence, pierce time cut off).",2079,10,OxyFuel Cut,,200,115.0,147.12,73.05,12.81,Cast Iron
sheetMetalNestingCutRate,lookupTables/Component/sheetMetalNestingCutRate.csv,USA reference export,"PARTIAL - Family 15 (Stainless Steel) OxyFuel/Plasma Cut/Plasma Punch complete; Family 2 (Steel) Fiber Laser Cut in progress, stopped at Oxygen/1500W/5.00mm confirmed (6.00mm row flagged low-confidence, pierce time cut off).",2079,10,OxyFuel Cut,,200,120.0,144.08,72.04,12.81,Cast Iron
sheetMetalNestingCutRate,lookupTables/Component/sheetMetalNestingCutRate.csv,USA reference export,"PARTIAL - Family 15 (Stainless Steel) OxyFuel/Plasma Cut/Plasma Punch complete; Family 2 (Steel) Fiber Laser Cut in progress, stopped at Oxygen/1500W/5.00mm confirmed (6.00mm row flagged low-confidence, pierce time cut off).",2079,10,OxyFuel Cut,,200,125.0,141.03,71.02,12.81,Cast Iron
sheetMetalNestingCutRate,lookupTables/Component/sheetMetalNestingCutRate.csv,USA reference export,"PARTIAL - Family 15 (Stainless Steel) OxyFuel/Plasma Cut/Plasma Punch complete; Family 2 (Steel) Fiber Laser Cut in progress, stopped at Oxygen/1500W/5.00mm confirmed (6.00mm row flagged low-confidence, pierce time cut off).",2079,10,OxyFuel Cut,,200,130.0,139.0,68.99,12.81,Cast Iron
sheetMetalNestingCutRate,lookupTables/Component/sheetMetalNestingCutRate.csv,USA reference export,"PARTIAL - Family 15 (Stainless Steel) OxyFuel/Plasma Cut/Plasma Punch complete; Family 2 (Steel) Fiber Laser Cut in progress, stopped at Oxygen/1500W/5.00mm confirmed (6.00mm row flagged low-confidence, pierce time cut off).",2079,10,OxyFuel Cut,,200,135.0,135.96,67.98,12.81,Cast Iron
sheetMetalNestingCutRate,lookupTables/Component/sheetMetalNestingCutRate.csv,USA reference export,"PARTIAL - Family 15 (Stainless Steel) OxyFuel/Plasma Cut/Plasma Punch complete; Family 2 (Steel) Fiber Laser Cut in progress, stopped at Oxygen/1500W/5.00mm confirmed (6.00mm row flagged low-confidence, pierce time cut off).",2079,10,OxyFuel Cut,,200,140.0,133.93,66.96,12.81,Cast Iron
sheetMetalNestingCutRate,lookupTables/Component/sheetMetalNestingCutRate.csv,USA reference export,"PARTIAL - Family 15 (Stainless Steel) OxyFuel/Plasma Cut/Plasma Punch complete; Family 2 (Steel) Fiber Laser Cut in progress, stopped at Oxygen/1500W/5.00mm confirmed (6.00mm row flagged low-confidence, pierce time cut off).",2079,10,OxyFuel Cut,,200,145.0,131.9,65.95,12.81,Cast Iron
sheetMetalNestingCutRate,lookupTables/Component/sheetMetalNestingCutRate.csv,USA reference export,"PARTIAL - Family 15 (Stainless Steel) OxyFuel/Plasma Cut/Plasma Punch complete; Family 2 (Steel) Fiber Laser Cut in progress, stopped at Oxygen/1500W/5.00mm confirmed (6.00mm row flagged low-confidence, pierce time cut off).",2079,10,OxyFuel Cut,,200,150.0,128.86,64.94,12.81,Cast Iron
sheetMetalNestingCutRate,lookupTables/Component/sheetMetalNestingCutRate.csv,USA reference export,"PARTIAL - Family 15 (Stainless Steel) OxyFuel/Plasma Cut/Plasma Punch complete; Family 2 (Steel) Fiber Laser Cut in progress, stopped at Oxygen/1500W/5.00mm confirmed (6.00mm row flagged low-confidence, pierce time cut off).",2079,10,OxyFuel Cut,,200,155.0,126.83,63.92,12.81,Cast Iron
sheetMetalNestingCutRate,lookupTables/Component/sheetMetalNestingCutRate.csv,USA reference export,"PARTIAL - Family 15 (Stainless Steel) OxyFuel/Plasma Cut/Plasma Punch complete; Family 2 (Steel) Fiber Laser Cut in progress, stopped at Oxygen/1500W/5.00mm confirmed (6.00mm row flagged low-confidence, pierce time cut off).",2079,10,OxyFuel Cut,,200,160.0,125.81,62.91,12.81,Cast Iron
sheetMetalNestingCutRate,lookupTables/Component/sheetMetalNestingCutRate.csv,USA reference export,"PARTIAL - Family 15 (Stainless Steel) OxyFuel/Plasma Cut/Plasma Punch complete; Family 2 (Steel) Fiber Laser Cut in progress, stopped at Oxygen/1500W/5.00mm confirmed (6.00mm row flagged low-confidence, pierce time cut off).",2079,10,OxyFuel Cut,,200,165.0,123.78,61.89,12.81,Cast Iron
sheetMetalNestingCutRate,lookupTables/Component/sheetMetalNestingCutRate.csv,USA reference export,"PARTIAL - Family 15 (Stainless Steel) OxyFuel/Plasma Cut/Plasma Punch complete; Family 2 (Steel) Fiber Laser Cut in progress, stopped at Oxygen/1500W/5.00mm confirmed (6.00mm row flagged low-confidence, pierce time cut off).",2079,10,OxyFuel Cut,,200,170.0,121.75,60.88,12.81,Cast Iron
sheetMetalNestingCutRate,lookupTables/Component/sheetMetalNestingCutRate.csv,USA reference export,"PARTIAL - Family 15 (Stainless Steel) OxyFuel/Plasma Cut/Plasma Punch complete; Family 2 (Steel) Fiber Laser Cut in progress, stopped at Oxygen/1500W/5.00mm confirmed (6.00mm row flagged low-confidence, pierce time cut off).",2079,10,OxyFuel Cut,,200,175.0,119.72,59.86,12.81,Cast Iron
sheetMetalNestingCutRate,lookupTables/Component/sheetMetalNestingCutRate.csv,USA reference export,"PARTIAL - Family 15 (Stainless Steel) OxyFuel/Plasma Cut/Plasma Punch complete; Family 2 (Steel) Fiber Laser Cut in progress, stopped at Oxygen/1500W/5.00mm confirmed (6.00mm row flagged low-confidence, pierce time cut off).",2079,10,OxyFuel Cut,,200,180.0,118.71,58.85,12.81,Cast Iron
sheetMetalNestingCutRate,lookupTables/Component/sheetMetalNestingCutRate.csv,USA reference export,"PARTIAL - Family 15 (Stainless Steel) OxyFuel/Plasma Cut/Plasma Punch complete; Family 2 (Steel) Fiber Laser Cut in progress, stopped at Oxygen/1500W/5.00mm confirmed (6.00mm row flagged low-confidence, pierce time cut off).",2079,10,OxyFuel Cut,,200,185.0,116.68,58.85,12.81,Cast Iron
sheetMetalNestingCutRate,lookupTables/Component/sheetMetalNestingCutRate.csv,USA reference export,"PARTIAL - Family 15 (Stainless Steel) OxyFuel/Plasma Cut/Plasma Punch complete; Family 2 (Steel) Fiber Laser Cut in progress, stopped at Oxygen/1500W/5.00mm confirmed (6.00mm row flagged low-confidence, pierce time cut off).",2079,10,OxyFuel Cut,,200,190.0,115.67,57.83,12.81,Cast Iron
sheetMetalNestingCutRate,lookupTables/Component/sheetMetalNestingCutRate.csv,USA reference export,"PARTIAL - Family 15 (Stainless Steel) OxyFuel/Plasma Cut/Plasma Punch complete; Family 2 (Steel) Fiber Laser Cut in progress, stopped at Oxygen/1500W/5.00mm confirmed (6.00mm row flagged low-confidence, pierce time cut off).",2079,10,OxyFuel Cut,,200,195.0,113.64,56.82,12.81,Cast Iron
sheetMetalNestingCutRate,lookupTables/Component/sheetMetalNestingCutRate.csv,USA reference export,"PARTIAL - Family 15 (Stainless Steel) OxyFuel/Plasma Cut/Plasma Punch complete; Family 2 (Steel) Fiber Laser Cut in progress, stopped at Oxygen/1500W/5.00mm confirmed (6.00mm row flagged low-confidence, pierce time cut off).",2079,10,OxyFuel Cut,,200,200.0,112.62,55.8,12.81,Cast Iron
sheetMetalNestingCutRate,lookupTables/Component/sheetMetalNestingCutRate.csv,USA reference export,"PARTIAL - Family 15 (Stainless Steel) OxyFuel/Plasma Cut/Plasma Punch complete; Family 2 (Steel) Fiber Laser Cut in progress, stopped at Oxygen/1500W/5.00mm confirmed (6.00mm row flagged low-confidence, pierce time cut off).",2079,10,OxyFuel Cut,,200,205.0,111.61,55.8,12.81,Cast Iron
sheetMetalNestingCutRate,lookupTables/Component/sheetMetalNestingCutRate.csv,USA reference export,"PARTIAL - Family 15 (Stainless Steel) OxyFuel/Plasma Cut/Plasma Punch complete; Family 2 (Steel) Fiber Laser Cut in progress, stopped at Oxygen/1500W/5.00mm confirmed (6.00mm row flagged low-confidence, pierce time cut off).",2079,10,OxyFuel Cut,,200,210.0,109.58,54.79,12.81,Cast Iron
sheetMetalNestingCutRate,lookupTables/Component/sheetMetalNestingCutRate.csv,USA reference export,"PARTIAL - Family 15 (Stainless Steel) OxyFuel/Plasma Cut/Plasma Punch complete; Family 2 (Steel) Fiber Laser Cut in progress, stopped at Oxygen/1500W/5.00mm confirmed (6.00mm row flagged low-confidence, pierce time cut off).",2079,10,OxyFuel Cut,,200,215.0,108.56,54.79,12.81,Cast Iron
sheetMetalNestingCutRate,lookupTables/Component/sheetMetalNestingCutRate.csv,USA reference export,"PARTIAL - Family 15 (Stainless Steel) OxyFuel/Plasma Cut/Plasma Punch complete; Family 2 (Steel) Fiber Laser Cut in progress, stopped at Oxygen/1500W/5.00mm confirmed (6.00mm row flagged low-confidence, pierce time cut off).",2079,10,OxyFuel Cut,,200,220.0,107.55,53.77,12.81,Cast Iron
sheetMetalNestingCutRate,lookupTables/Component/sheetMetalNestingCutRate.csv,USA reference export,"PARTIAL - Family 15 (Stainless Steel) OxyFuel/Plasma Cut/Plasma Punch complete; Family 2 (Steel) Fiber Laser Cut in progress, stopped at Oxygen/1500W/5.00mm confirmed (6.00mm row flagged low-confidence, pierce time cut off).",2079,10,OxyFuel Cut,,200,225.0,106.53,52.76,12.81,Cast Iron
sheetMetalNestingCutRate,lookupTables/Component/sheetMetalNestingCutRate.csv,USA reference export,"PARTIAL - Family 15 (Stainless Steel) OxyFuel/Plasma Cut/Plasma Punch complete; Family 2 (Steel) Fiber Laser Cut in progress, stopped at Oxygen/1500W/5.00mm confirmed (6.00mm row flagged low-confidence, pierce time cut off).",2079,10,OxyFuel Cut,,200,230.0,105.52,52.76,12.81,Cast Iron
sheetMetalNestingCutRate,lookupTables/Component/sheetMetalNestingCutRate.csv,USA reference export,"PARTIAL - Family 15 (Stainless Steel) OxyFuel/Plasma Cut/Plasma Punch complete; Family 2 (Steel) Fiber Laser Cut in progress, stopped at Oxygen/1500W/5.00mm confirmed (6.00mm row flagged low-confidence, pierce time cut off).",2079,10,OxyFuel Cut,,200,235.0,104.51,51.75,12.81,Cast Iron
sheetMetalNestingCutRate,lookupTables/Component/sheetMetalNestingCutRate.csv,USA reference export,"PARTIAL - Family 15 (Stainless Steel) OxyFuel/Plasma Cut/Plasma Punch complete; Family 2 (Steel) Fiber Laser Cut in progress, stopped at Oxygen/1500W/5.00mm confirmed (6.00mm row flagged low-confidence, pierce time cut off).",2079,10,OxyFuel Cut,,200,240.0,103.49,51.75,12.81,Cast Iron
sheetMetalNestingCutRate,lookupTables/Component/sheetMetalNestingCutRate.csv,USA reference export,"PARTIAL - Family 15 (Stainless Steel) OxyFuel/Plasma Cut/Plasma Punch complete; Family 2 (Steel) Fiber Laser Cut in progress, stopped at Oxygen/1500W/5.00mm confirmed (6.00mm row flagged low-confidence, pierce time cut off).",2079,10,OxyFuel Cut,,200,245.0,102.48,50.73,12.81,Cast Iron
sheetMetalNestingCutRate,lookupTables/Component/sheetMetalNestingCutRate.csv,USA reference export,"PARTIAL - Family 15 (Stainless Steel) OxyFuel/Plasma Cut/Plasma Punch complete; Family 2 (Steel) Fiber Laser Cut in progress, stopped at Oxygen/1500W/5.00mm confirmed (6.00mm row flagged low-confidence, pierce time cut off).",2079,10,OxyFuel Cut,,200,250.0,101.46,50.73,12.81,Cast Iron
sheetMetalNestingCutRate,lookupTables/Component/sheetMetalNestingCutRate.csv,USA reference export,"PARTIAL - Family 15 (Stainless Steel) OxyFuel/Plasma Cut/Plasma Punch complete; Family 2 (Steel) Fiber Laser Cut in progress, stopped at Oxygen/1500W/5.00mm confirmed (6.00mm row flagged low-confidence, pierce time cut off).",2079,10,OxyFuel Cut,,200,255.0,100.45,49.72,12.81,Cast Iron
sheetMetalNestingCutRate,lookupTables/Component/sheetMetalNestingCutRate.csv,USA reference export,"PARTIAL - Family 15 (Stainless Steel) OxyFuel/Plasma Cut/Plasma Punch complete; Family 2 (Steel) Fiber Laser Cut in progress, stopped at Oxygen/1500W/5.00mm confirmed (6.00mm row flagged low-confidence, pierce time cut off).",2079,10,OxyFuel Cut,,200,260.0,99.43,49.72,12.81,Cast Iron
sheetMetalNestingCutRate,lookupTables/Component/sheetMetalNestingCutRate.csv,USA reference export,"PARTIAL - Family 15 (Stainless Steel) OxyFuel/Plasma Cut/Plasma Punch complete; Family 2 (Steel) Fiber Laser Cut in progress, stopped at Oxygen/1500W/5.00mm confirmed (6.00mm row flagged low-confidence, pierce time cut off).",2079,10,OxyFuel Cut,,200,265.0,98.42,48.7,12.81,Cast Iron
sheetMetalNestingCutRate,lookupTables/Component/sheetMetalNestingCutRate.csv,USA reference export,"PARTIAL - Family 15 (Stainless Steel) OxyFuel/Plasma Cut/Plasma Punch complete; Family 2 (Steel) Fiber Laser Cut in progress, stopped at Oxygen/1500W/5.00mm confirmed (6.00mm row flagged low-confidence, pierce time cut off).",2079,10,OxyFuel Cut,,200,270.0,97.4,48.7,12.81,Cast Iron
sheetMetalNestingCutRate,lookupTables/Component/sheetMetalNestingCutRate.csv,USA reference export,"PARTIAL - Family 15 (Stainless Steel) OxyFuel/Plasma Cut/Plasma Punch complete; Family 2 (Steel) Fiber Laser Cut in progress, stopped at Oxygen/1500W/5.00mm confirmed (6.00mm row flagged low-confidence, pierce time cut off).",2079,10,OxyFuel Cut,,200,275.0,96.39,48.7,12.81,Cast Iron
sheetMetalNestingCutRate,lookupTables/Component/sheetMetalNestingCutRate.csv,USA reference export,"PARTIAL - Family 15 (Stainless Steel) OxyFuel/Plasma Cut/Plasma Punch complete; Family 2 (Steel) Fiber Laser Cut in progress, stopped at Oxygen/1500W/5.00mm confirmed (6.00mm row flagged low-confidence, pierce time cut off).",2079,10,OxyFuel Cut,,200,280.0,95.37,47.69,12.81,Cast Iron
sheetMetalNestingCutRate,lookupTables/Component/sheetMetalNestingCutRate.csv,USA reference export,"PARTIAL - Family 15 (Stainless Steel) OxyFuel/Plasma Cut/Plasma Punch complete; Family 2 (Steel) Fiber Laser Cut in progress, stopped at Oxygen/1500W/5.00mm confirmed (6.00mm row flagged low-confidence, pierce time cut off).",2079,10,OxyFuel Cut,,200,285.0,95.37,47.69,12.81,Cast Iron
sheetMetalNestingCutRate,lookupTables/Component/sheetMetalNestingCutRate.csv,USA reference export,"PARTIAL - Family 15 (Stainless Steel) OxyFuel/Plasma Cut/Plasma Punch complete; Family 2 (Steel) Fiber Laser Cut in progress, stopped at Oxygen/1500W/5.00mm confirmed (6.00mm row flagged low-confidence, pierce time cut off).",2079,10,OxyFuel Cut,,200,290.0,94.36,46.67,12.81,Cast Iron
sheetMetalNestingCutRate,lookupTables/Component/sheetMetalNestingCutRate.csv,USA reference export,"PARTIAL - Family 15 (Stainless Steel) OxyFuel/Plasma Cut/Plasma Punch complete; Family 2 (Steel) Fiber Laser Cut in progress, stopped at Oxygen/1500W/5.00mm confirmed (6.00mm row flagged low-confidence, pierce time cut off).",2079,10,OxyFuel Cut,,200,295.0,93.34,46.67,12.81,Cast Iron
sheetMetalNestingCutRate,lookupTables/Component/sheetMetalNestingCutRate.csv,USA reference export,"PARTIAL - Family 15 (Stainless Steel) OxyFuel/Plasma Cut/Plasma Punch complete; Family 2 (Steel) Fiber Laser Cut in progress, stopped at Oxygen/1500W/5.00mm confirmed (6.00mm row flagged low-confidence, pierce time cut off).",2079,10,OxyFuel Cut,,200,300.0,92.33,46.67,12.81,Cast Iron
sheetMetalNestingCutRate,lookupTables/Component/sheetMetalNestingCutRate.csv,USA reference export,"PARTIAL - Family 15 (Stainless Steel) OxyFuel/Plasma Cut/Plasma Punch complete; Family 2 (Steel) Fiber Laser Cut in progress, stopped at Oxygen/1500W/5.00mm confirmed (6.00mm row flagged low-confidence, pierce time cut off).",2079,10,OxyFuel Cut,,200,305.0,92.33,45.66,12.81,Cast Iron
sheetMetalNestingCutRate,lookupTables/Component/sheetMetalNestingCutRate.csv,USA reference export,"PARTIAL - Family 15 (Stainless Steel) OxyFuel/Plasma Cut/Plasma Punch complete; Family 2 (Steel) Fiber Laser Cut in progress, stopped at Oxygen/1500W/5.00mm confirmed (6.00mm row flagged low-confidence, pierce time cut off).",2079,10,Plasma Cut,,100,6.4,1052.16,526.59,6.9,Cast Iron
sheetMetalNestingCutRate,lookupTables/Component/sheetMetalNestingCutRate.csv,USA reference export,"PARTIAL - Family 15 (Stainless Steel) OxyFuel/Plasma Cut/Plasma Punch complete; Family 2 (Steel) Fiber Laser Cut in progress, stopped at Oxygen/1500W/5.00mm confirmed (6.00mm row flagged low-confidence, pierce time cut off).",2079,10,Plasma Cut,,100,7.0,947.65,473.83,6.9,Cast Iron
sheetMetalNestingCutRate,lookupTables/Component/sheetMetalNestingCutRate.csv,USA reference export,"PARTIAL - Family 15 (Stainless Steel) OxyFuel/Plasma Cut/Plasma Punch complete; Family 2 (Steel) Fiber Laser Cut in progress, stopped at Oxygen/1500W/5.00mm confirmed (6.00mm row flagged low-confidence, pierce time cut off).",2079,10,Plasma Cut,,100,8.0,809.66,404.83,6.9,Cast Iron
sheetMetalNestingCutRate,lookupTables/Component/sheetMetalNestingCutRate.csv,USA reference export,"PARTIAL - Family 15 (Stainless Steel) OxyFuel/Plasma Cut/Plasma Punch complete; Family 2 (Steel) Fiber Laser Cut in progress, stopped at Oxygen/1500W/5.00mm confirmed (6.00mm row flagged low-confidence, pierce time cut off).",2079,10,Plasma Cut,,100,9.0,705.16,353.09,6.9,Cast Iron
sheetMetalNestingCutRate,lookupTables/Component/sheetMetalNestingCutRate.csv,USA reference export,"PARTIAL - Family 15 (Stainless Steel) OxyFuel/Plasma Cut/Plasma Punch complete; Family 2 (Steel) Fiber Laser Cut in progress, stopped at Oxygen/1500W/5.00mm confirmed (6.00mm row flagged low-confidence, pierce time cut off).",2079,10,Plasma Cut,,100,10.0,622.98,311.49,6.9,Cast Iron
sheetMetalNestingCutRate,lookupTables/Component/sheetMetalNestingCutRate.csv,USA reference export,"PARTIAL - Family 15 (Stainless Steel) OxyFuel/Plasma Cut/Plasma Punch complete; Family 2 (Steel) Fiber Laser Cut in progress, stopped at Oxygen/1500W/5.00mm confirmed (6.00mm row flagged low-confidence, pierce time cut off).",2079,10,Plasma Cut,,100,11.0,557.03,279.02,6.9,Cast Iron
sheetMetalNestingCutRate,lookupTables/Component/sheetMetalNestingCutRate.csv,USA reference export,"PARTIAL - Family 15 (Stainless Steel) OxyFuel/Plasma Cut/Plasma Punch complete; Family 2 (Steel) Fiber Laser Cut in progress, stopped at Oxygen/1500W/5.00mm confirmed (6.00mm row flagged low-confidence, pierce time cut off).",2079,10,Plasma Cut,,100,12.0,503.25,251.63,6.9,Cast Iron
sheetMetalNestingCutRate,lookupTables/Component/sheetMetalNestingCutRate.csv,USA reference export,"PARTIAL - Family 15 (Stainless Steel) OxyFuel/Plasma Cut/Plasma Punch complete; Family 2 (Steel) Fiber Laser Cut in progress, stopped at Oxygen/1500W/5.00mm confirmed (6.00mm row flagged low-confidence, pierce time cut off).",2079,10,Plasma Cut,,100,13.0,458.61,229.3,6.9,Cast Iron
sheetMetalNestingCutRate,lookupTables/Component/sheetMetalNestingCutRate.csv,USA reference export,"PARTIAL - Family 15 (Stainless Steel) OxyFuel/Plasma Cut/Plasma Punch complete; Family 2 (Steel) Fiber Laser Cut in progress, stopped at Oxygen/1500W/5.00mm confirmed (6.00mm row flagged low-confidence, pierce time cut off).",2079,10,Plasma Cut,,200,6.4,1298.71,649.36,6.9,Cast Iron
sheetMetalNestingCutRate,lookupTables/Component/sheetMetalNestingCutRate.csv,USA reference export,"PARTIAL - Family 15 (Stainless Steel) OxyFuel/Plasma Cut/Plasma Punch complete; Family 2 (Steel) Fiber Laser Cut in progress, stopped at Oxygen/1500W/5.00mm confirmed (6.00mm row flagged low-confidence, pierce time cut off).",2079,10,Plasma Cut,,200,7.0,1205.37,602.68,6.9,Cast Iron
sheetMetalNestingCutRate,lookupTables/Component/sheetMetalNestingCutRate.csv,USA reference export,"PARTIAL - Family 15 (Stainless Steel) OxyFuel/Plasma Cut/Plasma Punch complete; Family 2 (Steel) Fiber Laser Cut in progress, stopped at Oxygen/1500W/5.00mm confirmed (6.00mm row flagged low-confidence, pierce time cut off).",2079,10,Plasma Cut,,200,8.0,1078.54,538.76,6.9,Cast Iron
sheetMetalNestingCutRate,lookupTables/Component/sheetMetalNestingCutRate.csv,USA reference export,"PARTIAL - Family 15 (Stainless Steel) OxyFuel/Plasma Cut/Plasma Punch complete; Family 2 (Steel) Fiber Laser Cut in progress, stopped at Oxygen/1500W/5.00mm confirmed (6.00mm row flagged low-confidence, pierce time cut off).",2079,10,Plasma Cut,,200,9.0,977.08,489.05,6.9,Cast Iron
sheetMetalNestingCutRate,lookupTables/Component/sheetMetalNestingCutRate.csv,USA reference export,"PARTIAL - Family 15 (Stainless Steel) OxyFuel/Plasma Cut/Plasma Punch complete; Family 2 (Steel) Fiber Laser Cut in progress, stopped at Oxygen/1500W/5.00mm confirmed (6.00mm row flagged low-confidence, pierce time cut off).",2079,10,Plasma Cut,,200,10.0,894.89,447.45,6.9,Cast Iron
sheetMetalNestingCutRate,lookupTables/Component/sheetMetalNestingCutRate.csv,USA reference export,"PARTIAL - Family 15 (Stainless Steel) OxyFuel/Plasma Cut/Plasma Punch complete; Family 2 (Steel) Fiber Laser Cut in progress, stopped at Oxygen/1500W/5.00mm confirmed (6.00mm row flagged low-confidence, pierce time cut off).",2079,10,Plasma Cut,,200,11.0,826.91,413.96,6.9,Cast Iron
sheetMetalNestingCutRate,lookupTables/Component/sheetMetalNestingCutRate.csv,USA reference export,"PARTIAL - Family 15 (Stainless Steel) OxyFuel/Plasma Cut/Plasma Punch complete; Family 2 (Steel) Fiber Laser Cut in progress, stopped at Oxygen/1500W/5.00mm confirmed (6.00mm row flagged low-confidence, pierce time cut off).",2079,10,Plasma Cut,,200,12.0,769.08,384.54,6.9,Cast Iron
sheetMetalNestingCutRate,lookupTables/Component/sheetMetalNestingCutRate.csv,USA reference export,"PARTIAL - Family 15 (Stainless Steel) OxyFuel/Plasma Cut/Plasma Punch complete; Family 2 (Steel) Fiber Laser Cut in progress, stopped at Oxygen/1500W/5.00mm confirmed (6.00mm row flagged low-confidence, pierce time cut off).",2079,10,Plasma Cut,,200,13.0,719.36,360.19,6.9,Cast Iron
sheetMetalNestingCutRate,lookupTables/Component/sheetMetalNestingCutRate.csv,USA reference export,"PARTIAL - Family 15 (Stainless Steel) OxyFuel/Plasma Cut/Plasma Punch complete; Family 2 (Steel) Fiber Laser Cut in progress, stopped at Oxygen/1500W/5.00mm confirmed (6.00mm row flagged low-confidence, pierce time cut off).",2079,10,Plasma Cut,,200,14.0,676.75,337.87,6.9,Cast Iron
sheetMetalNestingCutRate,lookupTables/Component/sheetMetalNestingCutRate.csv,USA reference export,"PARTIAL - Family 15 (Stainless Steel) OxyFuel/Plasma Cut/Plasma Punch complete; Family 2 (Steel) Fiber Laser Cut in progress, stopped at Oxygen/1500W/5.00mm confirmed (6.00mm row flagged low-confidence, pierce time cut off).",2079,10,Plasma Cut,,200,15.0,638.19,319.6,6.9,Cast Iron
sheetMetalNestingCutRate,lookupTables/Component/sheetMetalNestingCutRate.csv,USA reference export,"PARTIAL - Family 15 (Stainless Steel) OxyFuel/Plasma Cut/Plasma Punch complete; Family 2 (Steel) Fiber Laser Cut in progress, stopped at Oxygen/1500W/5.00mm confirmed (6.00mm row flagged low-confidence, pierce time cut off).",2079,10,Plasma Cut,,200,16.0,604.71,302.36,6.9,Cast Iron
sheetMetalNestingCutRate,lookupTables/Component/sheetMetalNestingCutRate.csv,USA reference export,"PARTIAL - Family 15 (Stainless Steel) OxyFuel/Plasma Cut/Plasma Punch complete; Family 2 (Steel) Fiber Laser Cut in progress, stopped at Oxygen/1500W/5.00mm confirmed (6.00mm row flagged low-confidence, pierce time cut off).",2079,10,Plasma Cut,,200,17.0,575.29,288.15,6.9,Cast Iron
sheetMetalNestingCutRate,lookupTables/Component/sheetMetalNestingCutRate.csv,USA reference export,"PARTIAL - Family 15 (Stainless Steel) OxyFuel/Plasma Cut/Plasma Punch complete; Family 2 (Steel) Fiber Laser Cut in progress, stopped at Oxygen/1500W/5.00mm confirmed (6.00mm row flagged low-confidence, pierce time cut off).",2079,10,Plasma Cut,,200,18.0,548.91,273.95,6.9,Cast Iron
sheetMetalNestingCutRate,lookupTables/Component/sheetMetalNestingCutRate.csv,USA reference export,"PARTIAL - Family 15 (Stainless Steel) OxyFuel/Plasma Cut/Plasma Punch complete; Family 2 (Steel) Fiber Laser Cut in progress, stopped at Oxygen/1500W/5.00mm confirmed (6.00mm row flagged low-confidence, pierce time cut off).",2079,10,Plasma Cut,,200,19.0,524.56,261.77,6.9,Cast Iron
sheetMetalNestingCutRate,lookupTables/Component/sheetMetalNestingCutRate.csv,USA reference export,"PARTIAL - Family 15 (Stainless Steel) OxyFuel/Plasma Cut/Plasma Punch complete; Family 2 (Steel) Fiber Laser Cut in progress, stopped at Oxygen/1500W/5.00mm confirmed (6.00mm row flagged low-confidence, pierce time cut off).",2079,10,Plasma Cut,,200,20.0,502.24,251.63,6.9,Cast Iron
sheetMetalNestingCutRate,lookupTables/Component/sheetMetalNestingCutRate.csv,USA reference export,"PARTIAL - Family 15 (Stainless Steel) OxyFuel/Plasma Cut/Plasma Punch complete; Family 2 (Steel) Fiber Laser Cut in progress, stopped at Oxygen/1500W/5.00mm confirmed (6.00mm row flagged low-confidence, pierce time cut off).",2079,10,Plasma Cut,,200,21.0,482.96,241.48,6.9,Cast Iron
sheetMetalNestingCutRate,lookupTables/Component/sheetMetalNestingCutRate.csv,USA reference export,"PARTIAL - Family 15 (Stainless Steel) OxyFuel/Plasma Cut/Plasma Punch complete; Family 2 (Steel) Fiber Laser Cut in progress, stopped at Oxygen/1500W/5.00mm confirmed (6.00mm row flagged low-confidence, pierce time cut off).",2079,10,Plasma Cut,,200,22.0,463.68,232.35,6.9,Cast Iron
sheetMetalNestingCutRate,lookupTables/Component/sheetMetalNestingCutRate.csv,USA reference export,"PARTIAL - Family 15 (Stainless Steel) OxyFuel/Plasma Cut/Plasma Punch complete; Family 2 (Steel) Fiber Laser Cut in progress, stopped at Oxygen/1500W/5.00mm confirmed (6.00mm row flagged low-confidence, pierce time cut off).",2079,10,Plasma Cut,,200,23.0,447.45,223.22,6.9,Cast Iron
sheetMetalNestingCutRate,lookupTables/Component/sheetMetalNestingCutRate.csv,USA reference export,"PARTIAL - Family 15 (Stainless Steel) OxyFuel/Plasma Cut/Plasma Punch complete; Family 2 (Steel) Fiber Laser Cut in progress, stopped at Oxygen/1500W/5.00mm confirmed (6.00mm row flagged low-confidence, pierce time cut off).",2079,10,Plasma Cut,,200,24.0,431.21,216.11,6.9,Cast Iron
sheetMetalNestingCutRate,lookupTables/Component/sheetMetalNestingCutRate.csv,USA reference export,"PARTIAL - Family 15 (Stainless Steel) OxyFuel/Plasma Cut/Plasma Punch complete; Family 2 (Steel) Fiber Laser Cut in progress, stopped at Oxygen/1500W/5.00mm confirmed (6.00mm row flagged low-confidence, pierce time cut off).",2079,10,Plasma Cut,,200,25.0,417.01,209.01,6.9,Cast Iron
sheetMetalNestingCutRate,lookupTables/Component/sheetMetalNestingCutRate.csv,USA reference export,"PARTIAL - Family 15 (Stainless Steel) OxyFuel/Plasma Cut/Plasma Punch complete; Family 2 (Steel) Fiber Laser Cut in progress, stopped at Oxygen/1500W/5.00mm confirmed (6.00mm row flagged low-confidence, pierce time cut off).",2079,10,Plasma Cut,,200,26.0,403.82,201.91,6.9,Cast Iron
sheetMetalNestingCutRate,lookupTables/Component/sheetMetalNestingCutRate.csv,USA reference export,"PARTIAL - Family 15 (Stainless Steel) OxyFuel/Plasma Cut/Plasma Punch complete; Family 2 (Steel) Fiber Laser Cut in progress, stopped at Oxygen/1500W/5.00mm confirmed (6.00mm row flagged low-confidence, pierce time cut off).",2079,10,Plasma Cut,,300,6.4,1595.99,798.5,6.9,Cast Iron
sheetMetalNestingCutRate,lookupTables/Component/sheetMetalNestingCutRate.csv,USA reference export,"PARTIAL - Family 15 (Stainless Steel) OxyFuel/Plasma Cut/Plasma Punch complete; Family 2 (Steel) Fiber Laser Cut in progress, stopped at Oxygen/1500W/5.00mm confirmed (6.00mm row flagged low-confidence, pierce time cut off).",2079,10,Plasma Cut,,300,7.0,1485.4,742.7,6.9,Cast Iron
sheetMetalNestingCutRate,lookupTables/Component/sheetMetalNestingCutRate.csv,USA reference export,"PARTIAL - Family 15 (Stainless Steel) OxyFuel/Plasma Cut/Plasma Punch complete; Family 2 (Steel) Fiber Laser Cut in progress, stopped at Oxygen/1500W/5.00mm confirmed (6.00mm row flagged low-confidence, pierce time cut off).",2079,10,Plasma Cut,,300,8.0,1333.21,666.6,6.9,Cast Iron
sheetMetalNestingCutRate,lookupTables/Component/sheetMetalNestingCutRate.csv,USA reference export,"PARTIAL - Family 15 (Stainless Steel) OxyFuel/Plasma Cut/Plasma Punch complete; Family 2 (Steel) Fiber Laser Cut in progress, stopped at Oxygen/1500W/5.00mm confirmed (6.00mm row flagged low-confidence, pierce time cut off).",2079,10,Plasma Cut,,300,9.0,1212.47,606.74,6.9,Cast Iron
sheetMetalNestingCutRate,lookupTables/Component/sheetMetalNestingCutRate.csv,USA reference export,"PARTIAL - Family 15 (Stainless Steel) OxyFuel/Plasma Cut/Plasma Punch complete; Family 2 (Steel) Fiber Laser Cut in progress, stopped at Oxygen/1500W/5.00mm confirmed (6.00mm row flagged low-confidence, pierce time cut off).",2079,10,Plasma Cut,,300,10.0,1114.05,557.03,6.9,Cast Iron
sheetMetalNestingCutRate,lookupTables/Component/sheetMetalNestingCutRate.csv,USA reference export,"PARTIAL - Family 15 (Stainless Steel) OxyFuel/Plasma Cut/Plasma Punch complete; Family 2 (Steel) Fiber Laser Cut in progress, stopped at Oxygen/1500W/5.00mm confirmed (6.00mm row flagged low-confidence, pierce time cut off).",2079,10,Plasma Cut,,300,11.0,1031.87,515.43,6.9,Cast Iron
sheetMetalNestingCutRate,lookupTables/Component/sheetMetalNestingCutRate.csv,USA reference export,"PARTIAL - Family 15 (Stainless Steel) OxyFuel/Plasma Cut/Plasma Punch complete; Family 2 (Steel) Fiber Laser Cut in progress, stopped at Oxygen/1500W/5.00mm confirmed (6.00mm row flagged low-confidence, pierce time cut off).",2079,10,Plasma Cut,,300,12.0,961.86,480.93,6.9,Cast Iron
sheetMetalNestingCutRate,lookupTables/Component/sheetMetalNestingCutRate.csv,USA reference export,"PARTIAL - Family 15 (Stainless Steel) OxyFuel/Plasma Cut/Plasma Punch complete; Family 2 (Steel) Fiber Laser Cut in progress, stopped at Oxygen/1500W/5.00mm confirmed (6.00mm row flagged low-confidence, pierce time cut off).",2079,10,Plasma Cut,,300,13.0,901.99,450.49,6.9,Cast Iron
sheetMetalNestingCutRate,lookupTables/Component/sheetMetalNestingCutRate.csv,USA reference export,"PARTIAL - Family 15 (Stainless Steel) OxyFuel/Plasma Cut/Plasma Punch complete; Family 2 (Steel) Fiber Laser Cut in progress, stopped at Oxygen/1500W/5.00mm confirmed (6.00mm row flagged low-confidence, pierce time cut off).",2079,10,Plasma Cut,,300,14.0,849.23,425.12,6.9,Cast Iron
sheetMetalNestingCutRate,lookupTables/Component/sheetMetalNestingCutRate.csv,USA reference export,"PARTIAL - Family 15 (Stainless Steel) OxyFuel/Plasma Cut/Plasma Punch complete; Family 2 (Steel) Fiber Laser Cut in progress, stopped at Oxygen/1500W/5.00mm confirmed (6.00mm row flagged low-confidence, pierce time cut off).",2079,10,Plasma Cut,,300,15.0,803.58,401.79,6.9,Cast Iron
sheetMetalNestingCutRate,lookupTables/Component/sheetMetalNestingCutRate.csv,USA reference export,"PARTIAL - Family 15 (Stainless Steel) OxyFuel/Plasma Cut/Plasma Punch complete; Family 2 (Steel) Fiber Laser Cut in progress, stopped at Oxygen/1500W/5.00mm confirmed (6.00mm row flagged low-confidence, pierce time cut off).",2079,10,Plasma Cut,,300,16.0,762.99,381.5,6.9,Cast Iron
sheetMetalNestingCutRate,lookupTables/Component/sheetMetalNestingCutRate.csv,USA reference export,"PARTIAL - Family 15 (Stainless Steel) OxyFuel/Plasma Cut/Plasma Punch complete; Family 2 (Steel) Fiber Laser Cut in progress, stopped at Oxygen/1500W/5.00mm confirmed (6.00mm row flagged low-confidence, pierce time cut off).",2079,10,Plasma Cut,,300,17.0,726.47,363.23,6.9,Cast Iron
sheetMetalNestingCutRate,lookupTables/Component/sheetMetalNestingCutRate.csv,USA reference export,"PARTIAL - Family 15 (Stainless Steel) OxyFuel/Plasma Cut/Plasma Punch complete; Family 2 (Steel) Fiber Laser Cut in progress, stopped at Oxygen/1500W/5.00mm confirmed (6.00mm row flagged low-confidence, pierce time cut off).",2079,10,Plasma Cut,,300,18.0,694.0,347.0,6.9,Cast Iron
sheetMetalNestingCutRate,lookupTables/Component/sheetMetalNestingCutRate.csv,USA reference export,"PARTIAL - Family 15 (Stainless Steel) OxyFuel/Plasma Cut/Plasma Punch complete; Family 2 (Steel) Fiber Laser Cut in progress, stopped at Oxygen/1500W/5.00mm confirmed (6.00mm row flagged low-confidence, pierce time cut off).",2079,10,Plasma Cut,,300,19.0,663.56,331.78,6.9,Cast Iron
sheetMetalNestingCutRate,lookupTables/Component/sheetMetalNestingCutRate.csv,USA reference export,"PARTIAL - Family 15 (Stainless Steel) OxyFuel/Plasma Cut/Plasma Punch complete; Family 2 (Steel) Fiber Laser Cut in progress, stopped at Oxygen/1500W/5.00mm confirmed (6.00mm row flagged low-confidence, pierce time cut off).",2079,10,Plasma Cut,,300,20.0,637.18,318.59,6.9,Cast Iron
sheetMetalNestingCutRate,lookupTables/Component/sheetMetalNestingCutRate.csv,USA reference export,"PARTIAL - Family 15 (Stainless Steel) OxyFuel/Plasma Cut/Plasma Punch complete; Family 2 (Steel) Fiber Laser Cut in progress, stopped at Oxygen/1500W/5.00mm confirmed (6.00mm row flagged low-confidence, pierce time cut off).",2079,10,Plasma Cut,,300,21.0,612.83,306.41,6.9,Cast Iron
sheetMetalNestingCutRate,lookupTables/Component/sheetMetalNestingCutRate.csv,USA reference export,"PARTIAL - Family 15 (Stainless Steel) OxyFuel/Plasma Cut/Plasma Punch complete; Family 2 (Steel) Fiber Laser Cut in progress, stopped at Oxygen/1500W/5.00mm confirmed (6.00mm row flagged low-confidence, pierce time cut off).",2079,10,Plasma Cut,,300,22.0,590.51,295.25,6.9,Cast Iron
sheetMetalNestingCutRate,lookupTables/Component/sheetMetalNestingCutRate.csv,USA reference export,"PARTIAL - Family 15 (Stainless Steel) OxyFuel/Plasma Cut/Plasma Punch complete; Family 2 (Steel) Fiber Laser Cut in progress, stopped at Oxygen/1500W/5.00mm confirmed (6.00mm row flagged low-confidence, pierce time cut off).",2079,10,Plasma Cut,,300,23.0,569.2,285.11,6.9,Cast Iron
sheetMetalNestingCutRate,lookupTables/Component/sheetMetalNestingCutRate.csv,USA reference export,"PARTIAL - Family 15 (Stainless Steel) OxyFuel/Plasma Cut/Plasma Punch complete; Family 2 (Steel) Fiber Laser Cut in progress, stopped at Oxygen/1500W/5.00mm confirmed (6.00mm row flagged low-confidence, pierce time cut off).",2079,10,Plasma Cut,,300,24.0,549.92,274.96,6.9,Cast Iron
sheetMetalNestingCutRate,lookupTables/Component/sheetMetalNestingCutRate.csv,USA reference export,"PARTIAL - Family 15 (Stainless Steel) OxyFuel/Plasma Cut/Plasma Punch complete; Family 2 (Steel) Fiber Laser Cut in progress, stopped at Oxygen/1500W/5.00mm confirmed (6.00mm row flagged low-confidence, pierce time cut off).",2079,10,Plasma Cut,,300,25.0,532.67,265.83,6.9,Cast Iron
sheetMetalNestingCutRate,lookupTables/Component/sheetMetalNestingCutRate.csv,USA reference export,"PARTIAL - Family 15 (Stainless Steel) OxyFuel/Plasma Cut/Plasma Punch complete; Family 2 (Steel) Fiber Laser Cut in progress, stopped at Oxygen/1500W/5.00mm confirmed (6.00mm row flagged low-confidence, pierce time cut off).",2079,10,Plasma Cut,,300,26.0,515.43,257.71,6.9,Cast Iron
sheetMetalNestingCutRate,lookupTables/Component/sheetMetalNestingCutRate.csv,USA reference export,"PARTIAL - Family 15 (Stainless Steel) OxyFuel/Plasma Cut/Plasma Punch complete; Family 2 (Steel) Fiber Laser Cut in progress, stopped at Oxygen/1500W/5.00mm confirmed (6.00mm row flagged low-confidence, pierce time cut off).",2079,10,Plasma Cut,,300,27.0,500.21,250.61,6.9,Cast Iron
sheetMetalNestingCutRate,lookupTables/Component/sheetMetalNestingCutRate.csv,USA reference export,"PARTIAL - Family 15 (Stainless Steel) OxyFuel/Plasma Cut/Plasma Punch complete; Family 2 (Steel) Fiber Laser Cut in progress, stopped at Oxygen/1500W/5.00mm confirmed (6.00mm row flagged low-confidence, pierce time cut off).",2079,10,Plasma Cut,,300,28.0,486.0,242.49,6.9,Cast Iron
sheetMetalNestingCutRate,lookupTables/Component/sheetMetalNestingCutRate.csv,USA reference export,"PARTIAL - Family 15 (Stainless Steel) OxyFuel/Plasma Cut/Plasma Punch complete; Family 2 (Steel) Fiber Laser Cut in progress, stopped at Oxygen/1500W/5.00mm confirmed (6.00mm row flagged low-confidence, pierce time cut off).",2079,10,Plasma Cut,,300,29.0,471.8,236.41,6.9,Cast Iron
sheetMetalNestingCutRate,lookupTables/Component/sheetMetalNestingCutRate.csv,USA reference export,"PARTIAL - Family 15 (Stainless Steel) OxyFuel/Plasma Cut/Plasma Punch complete; Family 2 (Steel) Fiber Laser Cut in progress, stopped at Oxygen/1500W/5.00mm confirmed (6.00mm row flagged low-confidence, pierce time cut off).",2079,10,Plasma Cut,,300,30.0,459.62,229.3,6.9,Cast Iron
sheetMetalNestingCutRate,lookupTables/Component/sheetMetalNestingCutRate.csv,USA reference export,"PARTIAL - Family 15 (Stainless Steel) OxyFuel/Plasma Cut/Plasma Punch complete; Family 2 (Steel) Fiber Laser Cut in progress, stopped at Oxygen/1500W/5.00mm confirmed (6.00mm row flagged low-confidence, pierce time cut off).",2079,10,Plasma Cut,,300,31.0,447.45,224.23,6.9,Cast Iron
sheetMetalNestingCutRate,lookupTables/Component/sheetMetalNestingCutRate.csv,USA reference export,"PARTIAL - Family 15 (Stainless Steel) OxyFuel/Plasma Cut/Plasma Punch complete; Family 2 (Steel) Fiber Laser Cut in progress, stopped at Oxygen/1500W/5.00mm confirmed (6.00mm row flagged low-confidence, pierce time cut off).",2079,10,Plasma Cut,,300,32.0,436.29,218.14,6.9,Cast Iron
sheetMetalNestingCutRate,lookupTables/Component/sheetMetalNestingCutRate.csv,USA reference export,"PARTIAL - Family 15 (Stainless Steel) OxyFuel/Plasma Cut/Plasma Punch complete; Family 2 (Steel) Fiber Laser Cut in progress, stopped at Oxygen/1500W/5.00mm confirmed (6.00mm row flagged low-confidence, pierce time cut off).",2079,10,Plasma Cut,,300,33.0,425.12,213.07,6.9,Cast Iron
sheetMetalNestingCutRate,lookupTables/Component/sheetMetalNestingCutRate.csv,USA reference export,"PARTIAL - Family 15 (Stainless Steel) OxyFuel/Plasma Cut/Plasma Punch complete; Family 2 (Steel) Fiber Laser Cut in progress, stopped at Oxygen/1500W/5.00mm confirmed (6.00mm row flagged low-confidence, pierce time cut off).",2079,10,Plasma Cut,,300,34.0,414.98,208.0,6.9,Cast Iron
sheetMetalNestingCutRate,lookupTables/Component/sheetMetalNestingCutRate.csv,USA reference export,"PARTIAL - Family 15 (Stainless Steel) OxyFuel/Plasma Cut/Plasma Punch complete; Family 2 (Steel) Fiber Laser Cut in progress, stopped at Oxygen/1500W/5.00mm confirmed (6.00mm row flagged low-confidence, pierce time cut off).",2079,10,Plasma Cut,,300,35.0,405.85,202.92,6.9,Cast Iron
sheetMetalNestingCutRate,lookupTables/Component/sheetMetalNestingCutRate.csv,USA reference export,"PARTIAL - Family 15 (Stainless Steel) OxyFuel/Plasma Cut/Plasma Punch complete; Family 2 (Steel) Fiber Laser Cut in progress, stopped at Oxygen/1500W/5.00mm confirmed (6.00mm row flagged low-confidence, pierce time cut off).",2079,10,Plasma Cut,,300,36.0,396.72,197.85,6.9,Cast Iron
sheetMetalNestingCutRate,lookupTables/Component/sheetMetalNestingCutRate.csv,USA reference export,"PARTIAL - Family 15 (Stainless Steel) OxyFuel/Plasma Cut/Plasma Punch complete; Family 2 (Steel) Fiber Laser Cut in progress, stopped at Oxygen/1500W/5.00mm confirmed (6.00mm row flagged low-confidence, pierce time cut off).",2079,10,Plasma Cut,,300,37.0,387.58,193.79,6.9,Cast Iron
sheetMetalNestingCutRate,lookupTables/Component/sheetMetalNestingCutRate.csv,USA reference export,"PARTIAL - Family 15 (Stainless Steel) OxyFuel/Plasma Cut/Plasma Punch complete; Family 2 (Steel) Fiber Laser Cut in progress, stopped at Oxygen/1500W/5.00mm confirmed (6.00mm row flagged low-confidence, pierce time cut off).",2079,10,Plasma Cut,,300,38.0,379.47,189.73,6.9,Cast Iron
sheetMetalNestingCutRate,lookupTables/Component/sheetMetalNestingCutRate.csv,USA reference export,"PARTIAL - Family 15 (Stainless Steel) OxyFuel/Plasma Cut/Plasma Punch complete; Family 2 (Steel) Fiber Laser Cut in progress, stopped at Oxygen/1500W/5.00mm confirmed (6.00mm row flagged low-confidence, pierce time cut off).",2079,10,Plasma Cut,,300,39.0,372.36,185.68,6.9,Cast Iron
sheetMetalNestingCutRate,lookupTables/Component/sheetMetalNestingCutRate.csv,USA reference export,"PARTIAL - Family 15 (Stainless Steel) OxyFuel/Plasma Cut/Plasma Punch complete; Family 2 (Steel) Fiber Laser Cut in progress, stopped at Oxygen/1500W/5.00mm confirmed (6.00mm row flagged low-confidence, pierce time cut off).",2079,10,Plasma Cut,,400,12.7,1090.71,544.85,6.9,Cast Iron
sheetMetalNestingCutRate,lookupTables/Component/sheetMetalNestingCutRate.csv,USA reference export,"PARTIAL - Family 15 (Stainless Steel) OxyFuel/Plasma Cut/Plasma Punch complete; Family 2 (Steel) Fiber Laser Cut in progress, stopped at Oxygen/1500W/5.00mm confirmed (6.00mm row flagged low-confidence, pierce time cut off).",2079,10,Plasma Cut,,400,13.0,1070.42,535.72,6.9,Cast Iron
sheetMetalNestingCutRate,lookupTables/Component/sheetMetalNestingCutRate.csv,USA reference export,"PARTIAL - Family 15 (Stainless Steel) OxyFuel/Plasma Cut/Plasma Punch complete; Family 2 (Steel) Fiber Laser Cut in progress, stopped at Oxygen/1500W/5.00mm confirmed (6.00mm row flagged low-confidence, pierce time cut off).",2079,10,Plasma Cut,,400,14.0,1010.56,505.28,6.9,Cast Iron
sheetMetalNestingCutRate,lookupTables/Component/sheetMetalNestingCutRate.csv,USA reference export,"PARTIAL - Family 15 (Stainless Steel) OxyFuel/Plasma Cut/Plasma Punch complete; Family 2 (Steel) Fiber Laser Cut in progress, stopped at Oxygen/1500W/5.00mm confirmed (6.00mm row flagged low-confidence, pierce time cut off).",2079,10,Plasma Cut,,400,15.0,957.8,478.9,6.9,Cast Iron
sheetMetalNestingCutRate,lookupTables/Component/sheetMetalNestingCutRate.csv,USA reference export,"PARTIAL - Family 15 (Stainless Steel) OxyFuel/Plasma Cut/Plasma Punch complete; Family 2 (Steel) Fiber Laser Cut in progress, stopped at Oxygen/1500W/5.00mm confirmed (6.00mm row flagged low-confidence, pierce time cut off).",2079,10,Plasma Cut,,400,16.0,911.13,455.56,6.9,Cast Iron
sheetMetalNestingCutRate,lookupTables/Component/sheetMetalNestingCutRate.csv,USA reference export,"PARTIAL - Family 15 (Stainless Steel) OxyFuel/Plasma Cut/Plasma Punch complete; Family 2 (Steel) Fiber Laser Cut in progress, stopped at Oxygen/1500W/5.00mm confirmed (6.00mm row flagged low-confidence, pierce time cut off).",2079,10,Plasma Cut,,400,17.0,868.51,434.26,6.9,Cast Iron
sheetMetalNestingCutRate,lookupTables/Component/sheetMetalNestingCutRate.csv,USA reference export,"PARTIAL - Family 15 (Stainless Steel) OxyFuel/Plasma Cut/Plasma Punch complete; Family 2 (Steel) Fiber Laser Cut in progress, stopped at Oxygen/1500W/5.00mm confirmed (6.00mm row flagged low-confidence, pierce time cut off).",2079,10,Plasma Cut,,400,18.0,830.97,414.98,6.9,Cast Iron
sheetMetalNestingCutRate,lookupTables/Component/sheetMetalNestingCutRate.csv,USA reference export,"PARTIAL - Family 15 (Stainless Steel) OxyFuel/Plasma Cut/Plasma Punch complete; Family 2 (Steel) Fiber Laser Cut in progress, stopped at Oxygen/1500W/5.00mm confirmed (6.00mm row flagged low-confidence, pierce time cut off).",2079,10,Plasma Cut,,400,19.0,796.47,397.73,6.9,Cast Iron
sheetMetalNestingCutRate,lookupTables/Component/sheetMetalNestingCutRate.csv,USA reference export,"PARTIAL - Family 15 (Stainless Steel) OxyFuel/Plasma Cut/Plasma Punch complete; Family 2 (Steel) Fiber Laser Cut in progress, stopped at Oxygen/1500W/5.00mm confirmed (6.00mm row flagged low-confidence, pierce time cut off).",2079,10,Plasma Cut,,400,20.0,765.02,382.51,6.9,Cast Iron
sheetMetalNestingCutRate,lookupTables/Component/sheetMetalNestingCutRate.csv,USA reference export,"PARTIAL - Family 15 (Stainless Steel) OxyFuel/Plasma Cut/Plasma Punch complete; Family 2 (Steel) Fiber Laser Cut in progress, stopped at Oxygen/1500W/5.00mm confirmed (6.00mm row flagged low-confidence, pierce time cut off).",2079,10,Plasma Cut,,400,21.0,736.61,368.31,6.9,Cast Iron
sheetMetalNestingCutRate,lookupTables/Component/sheetMetalNestingCutRate.csv,USA reference export,"PARTIAL - Family 15 (Stainless Steel) OxyFuel/Plasma Cut/Plasma Punch complete; Family 2 (Steel) Fiber Laser Cut in progress, stopped at Oxygen/1500W/5.00mm confirmed (6.00mm row flagged low-confidence, pierce time cut off).",2079,10,Plasma Cut,,400,22.0,710.23,355.12,6.9,Cast Iron
sheetMetalNestingCutRate,lookupTables/Component/sheetMetalNestingCutRate.csv,USA reference export,"PARTIAL - Family 15 (Stainless Steel) OxyFuel/Plasma Cut/Plasma Punch complete; Family 2 (Steel) Fiber Laser Cut in progress, stopped at Oxygen/1500W/5.00mm confirmed (6.00mm row flagged low-confidence, pierce time cut off).",2079,10,Plasma Cut,,400,23.0,685.88,342.94,6.9,Cast Iron
sheetMetalNestingCutRate,lookupTables/Component/sheetMetalNestingCutRate.csv,USA reference export,"PARTIAL - Family 15 (Stainless Steel) OxyFuel/Plasma Cut/Plasma Punch complete; Family 2 (Steel) Fiber Laser Cut in progress, stopped at Oxygen/1500W/5.00mm confirmed (6.00mm row flagged low-confidence, pierce time cut off).",2079,10,Plasma Cut,,400,24.0,663.56,331.78,6.9,Cast Iron
sheetMetalNestingCutRate,lookupTables/Component/sheetMetalNestingCutRate.csv,USA reference export,"PARTIAL - Family 15 (Stainless Steel) OxyFuel/Plasma Cut/Plasma Punch complete; Family 2 (Steel) Fiber Laser Cut in progress, stopped at Oxygen/1500W/5.00mm confirmed (6.00mm row flagged low-confidence, pierce time cut off).",2079,10,Plasma Cut,,400,25.0,643.27,321.63,6.9,Cast Iron
sheetMetalNestingCutRate,lookupTables/Component/sheetMetalNestingCutRate.csv,USA reference export,"PARTIAL - Family 15 (Stainless Steel) OxyFuel/Plasma Cut/Plasma Punch complete; Family 2 (Steel) Fiber Laser Cut in progress, stopped at Oxygen/1500W/5.00mm confirmed (6.00mm row flagged low-confidence, pierce time cut off).",2079,10,Plasma Cut,,400,26.0,623.99,311.49,6.9,Cast Iron
sheetMetalNestingCutRate,lookupTables/Component/sheetMetalNestingCutRate.csv,USA reference export,"PARTIAL - Family 15 (Stainless Steel) OxyFuel/Plasma Cut/Plasma Punch complete; Family 2 (Steel) Fiber Laser Cut in progress, stopped at Oxygen/1500W/5.00mm confirmed (6.00mm row flagged low-confidence, pierce time cut off).",2079,10,Plasma Cut,,400,27.0,605.73,302.36,6.9,Cast Iron
sheetMetalNestingCutRate,lookupTables/Component/sheetMetalNestingCutRate.csv,USA reference export,"PARTIAL - Family 15 (Stainless Steel) OxyFuel/Plasma Cut/Plasma Punch complete; Family 2 (Steel) Fiber Laser Cut in progress, stopped at Oxygen/1500W/5.00mm confirmed (6.00mm row flagged low-confidence, pierce time cut off).",2079,10,Plasma Cut,,400,28.0,588.48,294.24,6.9,Cast Iron
sheetMetalNestingCutRate,lookupTables/Component/sheetMetalNestingCutRate.csv,USA reference export,"PARTIAL - Family 15 (Stainless Steel) OxyFuel/Plasma Cut/Plasma Punch complete; Family 2 (Steel) Fiber Laser Cut in progress, stopped at Oxygen/1500W/5.00mm confirmed (6.00mm row flagged low-confidence, pierce time cut off).",2079,10,Plasma Cut,,400,29.0,572.24,286.12,6.9,Cast Iron
sheetMetalNestingCutRate,lookupTables/Component/sheetMetalNestingCutRate.csv,USA reference export,"PARTIAL - Family 15 (Stainless Steel) OxyFuel/Plasma Cut/Plasma Punch complete; Family 2 (Steel) Fiber Laser Cut in progress, stopped at Oxygen/1500W/5.00mm confirmed (6.00mm row flagged low-confidence, pierce time cut off).",2079,10,Plasma Cut,,400,30.0,558.04,279.02,6.9,Cast Iron
sheetMetalNestingCutRate,lookupTables/Component/sheetMetalNestingCutRate.csv,USA reference export,"PARTIAL - Family 15 (Stainless Steel) OxyFuel/Plasma Cut/Plasma Punch complete; Family 2 (Steel) Fiber Laser Cut in progress, stopped at Oxygen/1500W/5.00mm confirmed (6.00mm row flagged low-confidence, pierce time cut off).",2079,10,Plasma Cut,,400,31.0,543.83,271.92,6.9,Cast Iron
sheetMetalNestingCutRate,lookupTables/Component/sheetMetalNestingCutRate.csv,USA reference export,"PARTIAL - Family 15 (Stainless Steel) OxyFuel/Plasma Cut/Plasma Punch complete; Family 2 (Steel) Fiber Laser Cut in progress, stopped at Oxygen/1500W/5.00mm confirmed (6.00mm row flagged low-confidence, pierce time cut off).",2079,10,Plasma Cut,,400,32.0,530.64,264.82,6.9,Cast Iron
sheetMetalNestingCutRate,lookupTables/Component/sheetMetalNestingCutRate.csv,USA reference export,"PARTIAL - Family 15 (Stainless Steel) OxyFuel/Plasma Cut/Plasma Punch complete; Family 2 (Steel) Fiber Laser Cut in progress, stopped at Oxygen/1500W/5.00mm confirmed (6.00mm row flagged low-confidence, pierce time cut off).",2079,10,Plasma Cut,,400,33.0,517.45,258.73,6.9,Cast Iron
sheetMetalNestingCutRate,lookupTables/Component/sheetMetalNestingCutRate.csv,USA reference export,"PARTIAL - Family 15 (Stainless Steel) OxyFuel/Plasma Cut/Plasma Punch complete; Family 2 (Steel) Fiber Laser Cut in progress, stopped at Oxygen/1500W/5.00mm confirmed (6.00mm row flagged low-confidence, pierce time cut off).",2079,10,Plasma Cut,,400,34.0,506.29,252.64,6.9,Cast Iron
sheetMetalNestingCutRate,lookupTables/Component/sheetMetalNestingCutRate.csv,USA reference export,"PARTIAL - Family 15 (Stainless Steel) OxyFuel/Plasma Cut/Plasma Punch complete; Family 2 (Steel) Fiber Laser Cut in progress, stopped at Oxygen/1500W/5.00mm confirmed (6.00mm row flagged low-confidence, pierce time cut off).",2079,10,Plasma Cut,,400,35.0,494.12,247.57,6.9,Cast Iron
sheetMetalNestingCutRate,lookupTables/Component/sheetMetalNestingCutRate.csv,USA reference export,"PARTIAL - Family 15 (Stainless Steel) OxyFuel/Plasma Cut/Plasma Punch complete; Family 2 (Steel) Fiber Laser Cut in progress, stopped at Oxygen/1500W/5.00mm confirmed (6.00mm row flagged low-confidence, pierce time cut off).",2079,10,Plasma Cut,,400,36.0,483.97,241.48,6.9,Cast Iron
sheetMetalNestingCutRate,lookupTables/Component/sheetMetalNestingCutRate.csv,USA reference export,"PARTIAL - Family 15 (Stainless Steel) OxyFuel/Plasma Cut/Plasma Punch complete; Family 2 (Steel) Fiber Laser Cut in progress, stopped at Oxygen/1500W/5.00mm confirmed (6.00mm row flagged low-confidence, pierce time cut off).",2079,10,Plasma Cut,,400,37.0,473.83,236.41,6.9,Cast Iron
sheetMetalNestingCutRate,lookupTables/Component/sheetMetalNestingCutRate.csv,USA reference export,"PARTIAL - Family 15 (Stainless Steel) OxyFuel/Plasma Cut/Plasma Punch complete; Family 2 (Steel) Fiber Laser Cut in progress, stopped at Oxygen/1500W/5.00mm confirmed (6.00mm row flagged low-confidence, pierce time cut off).",2079,10,Plasma Cut,,400,38.0,463.68,232.35,6.9,Cast Iron
sheetMetalNestingCutRate,lookupTables/Component/sheetMetalNestingCutRate.csv,USA reference export,"PARTIAL - Family 15 (Stainless Steel) OxyFuel/Plasma Cut/Plasma Punch complete; Family 2 (Steel) Fiber Laser Cut in progress, stopped at Oxygen/1500W/5.00mm confirmed (6.00mm row flagged low-confidence, pierce time cut off).",2079,10,Plasma Cut,,400,39.0,454.55,227.27,6.9,Cast Iron
sheetMetalNestingCutRate,lookupTables/Component/sheetMetalNestingCutRate.csv,USA reference export,"PARTIAL - Family 15 (Stainless Steel) OxyFuel/Plasma Cut/Plasma Punch complete; Family 2 (Steel) Fiber Laser Cut in progress, stopped at Oxygen/1500W/5.00mm confirmed (6.00mm row flagged low-confidence, pierce time cut off).",2079,10,Plasma Cut,,400,40.0,445.42,223.22,6.9,Cast Iron
sheetMetalNestingCutRate,lookupTables/Component/sheetMetalNestingCutRate.csv,USA reference export,"PARTIAL - Family 15 (Stainless Steel) OxyFuel/Plasma Cut/Plasma Punch complete; Family 2 (Steel) Fiber Laser Cut in progress, stopped at Oxygen/1500W/5.00mm confirmed (6.00mm row flagged low-confidence, pierce time cut off).",2079,10,Plasma Cut,,400,41.0,437.3,218.14,6.9,Cast Iron
sheetMetalNestingCutRate,lookupTables/Component/sheetMetalNestingCutRate.csv,USA reference export,"PARTIAL - Family 15 (Stainless Steel) OxyFuel/Plasma Cut/Plasma Punch complete; Family 2 (Steel) Fiber Laser Cut in progress, stopped at Oxygen/1500W/5.00mm confirmed (6.00mm row flagged low-confidence, pierce time cut off).",2079,10,Plasma Cut,,400,42.0,429.18,214.08,6.9,Cast Iron
sheetMetalNestingCutRate,lookupTables/Component/sheetMetalNestingCutRate.csv,USA reference export,"PARTIAL - Family 15 (Stainless Steel) OxyFuel/Plasma Cut/Plasma Punch complete; Family 2 (Steel) Fiber Laser Cut in progress, stopped at Oxygen/1500W/5.00mm confirmed (6.00mm row flagged low-confidence, pierce time cut off).",2079,10,Plasma Cut,,400,43.0,421.07,211.04,6.9,Cast Iron
sheetMetalNestingCutRate,lookupTables/Component/sheetMetalNestingCutRate.csv,USA reference export,"PARTIAL - Family 15 (Stainless Steel) OxyFuel/Plasma Cut/Plasma Punch complete; Family 2 (Steel) Fiber Laser Cut in progress, stopped at Oxygen/1500W/5.00mm confirmed (6.00mm row flagged low-confidence, pierce time cut off).",2079,10,Plasma Cut,,400,44.0,413.96,206.98,6.9,Cast Iron
sheetMetalNestingCutRate,lookupTables/Component/sheetMetalNestingCutRate.csv,USA reference export,"PARTIAL - Family 15 (Stainless Steel) OxyFuel/Plasma Cut/Plasma Punch complete; Family 2 (Steel) Fiber Laser Cut in progress, stopped at Oxygen/1500W/5.00mm confirmed (6.00mm row flagged low-confidence, pierce time cut off).",2079,10,Plasma Cut,,400,45.0,406.86,202.92,6.9,Cast Iron
sheetMetalNestingCutRate,lookupTables/Component/sheetMetalNestingCutRate.csv,USA reference export,"PARTIAL - Family 15 (Stainless Steel) OxyFuel/Plasma Cut/Plasma Punch complete; Family 2 (Steel) Fiber Laser Cut in progress, stopped at Oxygen/1500W/5.00mm confirmed (6.00mm row flagged low-confidence, pierce time cut off).",2079,10,Plasma Cut,,400,46.0,399.76,199.88,6.9,Cast Iron
sheetMetalNestingCutRate,lookupTables/Component/sheetMetalNestingCutRate.csv,USA reference export,"PARTIAL - Family 15 (Stainless Steel) OxyFuel/Plasma Cut/Plasma Punch complete; Family 2 (Steel) Fiber Laser Cut in progress, stopped at Oxygen/1500W/5.00mm confirmed (6.00mm row flagged low-confidence, pierce time cut off).",2079,10,Plasma Cut,,400,47.0,392.66,196.84,6.9,Cast Iron
sheetMetalNestingCutRate,lookupTables/Component/sheetMetalNestingCutRate.csv,USA reference export,"PARTIAL - Family 15 (Stainless Steel) OxyFuel/Plasma Cut/Plasma Punch complete; Family 2 (Steel) Fiber Laser Cut in progress, stopped at Oxygen/1500W/5.00mm confirmed (6.00mm row flagged low-confidence, pierce time cut off).",2079,10,Plasma Cut,,400,48.0,386.57,193.79,6.9,Cast Iron
sheetMetalNestingCutRate,lookupTables/Component/sheetMetalNestingCutRate.csv,USA reference export,"PARTIAL - Family 15 (Stainless Steel) OxyFuel/Plasma Cut/Plasma Punch complete; Family 2 (Steel) Fiber Laser Cut in progress, stopped at Oxygen/1500W/5.00mm confirmed (6.00mm row flagged low-confidence, pierce time cut off).",2079,10,Plasma Cut,,400,49.0,380.48,189.73,6.9,Cast Iron
sheetMetalNestingCutRate,lookupTables/Component/sheetMetalNestingCutRate.csv,USA reference export,"PARTIAL - Family 15 (Stainless Steel) OxyFuel/Plasma Cut/Plasma Punch complete; Family 2 (Steel) Fiber Laser Cut in progress, stopped at Oxygen/1500W/5.00mm confirmed (6.00mm row flagged low-confidence, pierce time cut off).",2079,10,Plasma Cut,,400,50.0,374.39,187.7,6.9,Cast Iron
sheetMetalNestingCutRate,lookupTables/Component/sheetMetalNestingCutRate.csv,USA reference export,"PARTIAL - Family 15 (Stainless Steel) OxyFuel/Plasma Cut/Plasma Punch complete; Family 2 (Steel) Fiber Laser Cut in progress, stopped at Oxygen/1500W/5.00mm confirmed (6.00mm row flagged low-confidence, pierce time cut off).",2079,10,Plasma Cut,,400,51.0,368.31,184.66,6.9,Cast Iron
sheetMetalNestingCutRate,lookupTables/Component/sheetMetalNestingCutRate.csv,USA reference export,"PARTIAL - Family 15 (Stainless Steel) OxyFuel/Plasma Cut/Plasma Punch complete; Family 2 (Steel) Fiber Laser Cut in progress, stopped at Oxygen/1500W/5.00mm confirmed (6.00mm row flagged low-confidence, pierce time cut off).",2079,10,Plasma Cut,,400,52.0,363.23,181.62,6.9,Cast Iron
sheetMetalNestingCutRate,lookupTables/Component/sheetMetalNestingCutRate.csv,USA reference export,"PARTIAL - Family 15 (Stainless Steel) OxyFuel/Plasma Cut/Plasma Punch complete; Family 2 (Steel) Fiber Laser Cut in progress, stopped at Oxygen/1500W/5.00mm confirmed (6.00mm row flagged low-confidence, pierce time cut off).",2079,10,Plasma Cut,,400,53.0,358.16,178.57,6.9,Cast Iron
sheetMetalNestingCutRate,lookupTables/Component/sheetMetalNestingCutRate.csv,USA reference export,"PARTIAL - Family 15 (Stainless Steel) OxyFuel/Plasma Cut/Plasma Punch complete; Family 2 (Steel) Fiber Laser Cut in progress, stopped at Oxygen/1500W/5.00mm confirmed (6.00mm row flagged low-confidence, pierce time cut off).",2079,10,Plasma Cut,,400,54.0,353.09,176.54,6.9,Cast Iron
sheetMetalNestingCutRate,lookupTables/Component/sheetMetalNestingCutRate.csv,USA reference export,"PARTIAL - Family 15 (Stainless Steel) OxyFuel/Plasma Cut/Plasma Punch complete; Family 2 (Steel) Fiber Laser Cut in progress, stopped at Oxygen/1500W/5.00mm confirmed (6.00mm row flagged low-confidence, pierce time cut off).",2079,10,Plasma Cut,,400,55.0,348.01,173.5,6.9,Cast Iron
sheetMetalNestingCutRate,lookupTables/Component/sheetMetalNestingCutRate.csv,USA reference export,"PARTIAL - Family 15 (Stainless Steel) OxyFuel/Plasma Cut/Plasma Punch complete; Family 2 (Steel) Fiber Laser Cut in progress, stopped at Oxygen/1500W/5.00mm confirmed (6.00mm row flagged low-confidence, pierce time cut off).",2079,10,Plasma Cut,,400,56.0,342.94,171.47,6.9,Cast Iron
sheetMetalNestingCutRate,lookupTables/Component/sheetMetalNestingCutRate.csv,USA reference export,"PARTIAL - Family 15 (Stainless Steel) OxyFuel/Plasma Cut/Plasma Punch complete; Family 2 (Steel) Fiber Laser Cut in progress, stopped at Oxygen/1500W/5.00mm confirmed (6.00mm row flagged low-confidence, pierce time cut off).",2079,10,Plasma Cut,,400,57.0,337.87,169.44,6.9,Cast Iron
sheetMetalNestingCutRate,lookupTables/Component/sheetMetalNestingCutRate.csv,USA reference export,"PARTIAL - Family 15 (Stainless Steel) OxyFuel/Plasma Cut/Plasma Punch complete; Family 2 (Steel) Fiber Laser Cut in progress, stopped at Oxygen/1500W/5.00mm confirmed (6.00mm row flagged low-confidence, pierce time cut off).",2079,10,Plasma Cut,,400,58.0,333.81,166.4,6.9,Cast Iron
sheetMetalNestingCutRate,lookupTables/Component/sheetMetalNestingCutRate.csv,USA reference export,"PARTIAL - Family 15 (Stainless Steel) OxyFuel/Plasma Cut/Plasma Punch complete; Family 2 (Steel) Fiber Laser Cut in progress, stopped at Oxygen/1500W/5.00mm confirmed (6.00mm row flagged low-confidence, pierce time cut off).",2079,10,Plasma Cut,,400,59.0,328.74,164.37,6.9,Cast Iron
sheetMetalNestingCutRate,lookupTables/Component/sheetMetalNestingCutRate.csv,USA reference export,"PARTIAL - Family 15 (Stainless Steel) OxyFuel/Plasma Cut/Plasma Punch complete; Family 2 (Steel) Fiber Laser Cut in progress, stopped at Oxygen/1500W/5.00mm confirmed (6.00mm row flagged low-confidence, pierce time cut off).",2079,10,Plasma Cut,,400,60.0,324.68,162.34,6.9,Cast Iron
sheetMetalNestingCutRate,lookupTables/Component/sheetMetalNestingCutRate.csv,USA reference export,"PARTIAL - Family 15 (Stainless Steel) OxyFuel/Plasma Cut/Plasma Punch complete; Family 2 (Steel) Fiber Laser Cut in progress, stopped at Oxygen/1500W/5.00mm confirmed (6.00mm row flagged low-confidence, pierce time cut off).",2079,10,Plasma Cut,,400,61.0,320.62,160.31,6.9,Cast Iron
sheetMetalNestingCutRate,lookupTables/Component/sheetMetalNestingCutRate.csv,USA reference export,"PARTIAL - Family 15 (Stainless Steel) OxyFuel/Plasma Cut/Plasma Punch complete; Family 2 (Steel) Fiber Laser Cut in progress, stopped at Oxygen/1500W/5.00mm confirmed (6.00mm row flagged low-confidence, pierce time cut off).",2079,10,Plasma Cut,,400,62.0,316.56,158.28,6.9,Cast Iron
sheetMetalNestingCutRate,lookupTables/Component/sheetMetalNestingCutRate.csv,USA reference export,"PARTIAL - Family 15 (Stainless Steel) OxyFuel/Plasma Cut/Plasma Punch complete; Family 2 (Steel) Fiber Laser Cut in progress, stopped at Oxygen/1500W/5.00mm confirmed (6.00mm row flagged low-confidence, pierce time cut off).",2079,10,Plasma Cut,,400,63.0,312.5,156.25,6.9,Cast Iron
sheetMetalNestingCutRate,lookupTables/Component/sheetMetalNestingCutRate.csv,USA reference export,"PARTIAL - Family 15 (Stainless Steel) OxyFuel/Plasma Cut/Plasma Punch complete; Family 2 (Steel) Fiber Laser Cut in progress, stopped at Oxygen/1500W/5.00mm confirmed (6.00mm row flagged low-confidence, pierce time cut off).",2079,10,Plasma Cut,,400,64.0,308.44,154.22,6.9,Cast Iron
sheetMetalNestingCutRate,lookupTables/Component/sheetMetalNestingCutRate.csv,USA reference export,"PARTIAL - Family 15 (Stainless Steel) OxyFuel/Plasma Cut/Plasma Punch complete; Family 2 (Steel) Fiber Laser Cut in progress, stopped at Oxygen/1500W/5.00mm confirmed (6.00mm row flagged low-confidence, pierce time cut off).",2079,10,Plasma Cut,,400,65.0,305.4,152.19,6.9,Cast Iron
sheetMetalNestingCutRate,lookupTables/Component/sheetMetalNestingCutRate.csv,USA reference export,"PARTIAL - Family 15 (Stainless Steel) OxyFuel/Plasma Cut/Plasma Punch complete; Family 2 (Steel) Fiber Laser Cut in progress, stopped at Oxygen/1500W/5.00mm confirmed (6.00mm row flagged low-confidence, pierce time cut off).",2079,10,Plasma Cut,,400,66.0,301.34,151.18,6.9,Cast Iron
sheetMetalNestingCutRate,lookupTables/Component/sheetMetalNestingCutRate.csv,USA reference export,"PARTIAL - Family 15 (Stainless Steel) OxyFuel/Plasma Cut/Plasma Punch complete; Family 2 (Steel) Fiber Laser Cut in progress, stopped at Oxygen/1500W/5.00mm confirmed (6.00mm row flagged low-confidence, pierce time cut off).",2079,10,Plasma Cut,,400,67.0,298.3,149.15,6.9,Cast Iron
sheetMetalNestingCutRate,lookupTables/Component/sheetMetalNestingCutRate.csv,USA reference export,"PARTIAL - Family 15 (Stainless Steel) OxyFuel/Plasma Cut/Plasma Punch complete; Family 2 (Steel) Fiber Laser Cut in progress, stopped at Oxygen/1500W/5.00mm confirmed (6.00mm row flagged low-confidence, pierce time cut off).",2079,10,Plasma Cut,,400,68.0,294.24,147.12,6.9,Cast Iron
sheetMetalNestingCutRate,lookupTables/Component/sheetMetalNestingCutRate.csv,USA reference export,"PARTIAL - Family 15 (Stainless Steel) OxyFuel/Plasma Cut/Plasma Punch complete; Family 2 (Steel) Fiber Laser Cut in progress, stopped at Oxygen/1500W/5.00mm confirmed (6.00mm row flagged low-confidence, pierce time cut off).",2079,10,Plasma Cut,,400,69.0,291.2,146.1,6.9,Cast Iron
sheetMetalNestingCutRate,lookupTables/Component/sheetMetalNestingCutRate.csv,USA reference export,"PARTIAL - Family 15 (Stainless Steel) OxyFuel/Plasma Cut/Plasma Punch complete; Family 2 (Steel) Fiber Laser Cut in progress, stopped at Oxygen/1500W/5.00mm confirmed (6.00mm row flagged low-confidence, pierce time cut off).",2079,10,Plasma Cut,,400,70.0,288.15,144.08,6.9,Cast Iron
sheetMetalNestingCutRate,lookupTables/Component/sheetMetalNestingCutRate.csv,USA reference export,"PARTIAL - Family 15 (Stainless Steel) OxyFuel/Plasma Cut/Plasma Punch complete; Family 2 (Steel) Fiber Laser Cut in progress, stopped at Oxygen/1500W/5.00mm confirmed (6.00mm row flagged low-confidence, pierce time cut off).",2079,10,Plasma Cut,,400,71.0,285.11,142.05,6.9,Cast Iron
sheetMetalNestingCutRate,lookupTables/Component/sheetMetalNestingCutRate.csv,USA reference export,"PARTIAL - Family 15 (Stainless Steel) OxyFuel/Plasma Cut/Plasma Punch complete; Family 2 (Steel) Fiber Laser Cut in progress, stopped at Oxygen/1500W/5.00mm confirmed (6.00mm row flagged low-confidence, pierce time cut off).",2079,10,Plasma Cut,,400,72.0,282.06,141.03,6.9,Cast Iron
sheetMetalNestingCutRate,lookupTables/Component/sheetMetalNestingCutRate.csv,USA reference export,"PARTIAL - Family 15 (Stainless Steel) OxyFuel/Plasma Cut/Plasma Punch complete; Family 2 (Steel) Fiber Laser Cut in progress, stopped at Oxygen/1500W/5.00mm confirmed (6.00mm row flagged low-confidence, pierce time cut off).",2079,10,Plasma Cut,,400,73.0,279.02,139.0,6.9,Cast Iron
sheetMetalNestingCutRate,lookupTables/Component/sheetMetalNestingCutRate.csv,USA reference export,"PARTIAL - Family 15 (Stainless Steel) OxyFuel/Plasma Cut/Plasma Punch complete; Family 2 (Steel) Fiber Laser Cut in progress, stopped at Oxygen/1500W/5.00mm confirmed (6.00mm row flagged low-confidence, pierce time cut off).",2079,10,Plasma Cut,,400,74.0,275.98,137.99,6.9,Cast Iron
sheetMetalNestingCutRate,lookupTables/Component/sheetMetalNestingCutRate.csv,USA reference export,"PARTIAL - Family 15 (Stainless Steel) OxyFuel/Plasma Cut/Plasma Punch complete; Family 2 (Steel) Fiber Laser Cut in progress, stopped at Oxygen/1500W/5.00mm confirmed (6.00mm row flagged low-confidence, pierce time cut off).",2079,10,Plasma Cut,,400,75.0,272.93,136.97,6.9,Cast Iron
sheetMetalNestingCutRate,lookupTables/Component/sheetMetalNestingCutRate.csv,USA reference export,"PARTIAL - Family 15 (Stainless Steel) OxyFuel/Plasma Cut/Plasma Punch complete; Family 2 (Steel) Fiber Laser Cut in progress, stopped at Oxygen/1500W/5.00mm confirmed (6.00mm row flagged low-confidence, pierce time cut off).",2079,10,Plasma Cut,,400,76.0,269.89,134.94,6.9,Cast Iron
sheetMetalNestingCutRate,lookupTables/Component/sheetMetalNestingCutRate.csv,USA reference export,"PARTIAL - Family 15 (Stainless Steel) OxyFuel/Plasma Cut/Plasma Punch complete; Family 2 (Steel) Fiber Laser Cut in progress, stopped at Oxygen/1500W/5.00mm confirmed (6.00mm row flagged low-confidence, pierce time cut off).",2079,10,Plasma Cut,,400,77.0,267.86,133.93,6.9,Cast Iron
sheetMetalNestingCutRate,lookupTables/Component/sheetMetalNestingCutRate.csv,USA reference export,"PARTIAL - Family 15 (Stainless Steel) OxyFuel/Plasma Cut/Plasma Punch complete; Family 2 (Steel) Fiber Laser Cut in progress, stopped at Oxygen/1500W/5.00mm confirmed (6.00mm row flagged low-confidence, pierce time cut off).",2079,10,Plasma Cut,,1000,12.7,3112.85,1556.42,6.9,Cast Iron
sheetMetalNestingCutRate,lookupTables/Component/sheetMetalNestingCutRate.csv,USA reference export,"PARTIAL - Family 15 (Stainless Steel) OxyFuel/Plasma Cut/Plasma Punch complete; Family 2 (Steel) Fiber Laser Cut in progress, stopped at Oxygen/1500W/5.00mm confirmed (6.00mm row flagged low-confidence, pierce time cut off).",2079,10,Plasma Cut,,1000,13.0,3040.81,1520.91,6.9,Cast Iron
sheetMetalNestingCutRate,lookupTables/Component/sheetMetalNestingCutRate.csv,USA reference export,"PARTIAL - Family 15 (Stainless Steel) OxyFuel/Plasma Cut/Plasma Punch complete; Family 2 (Steel) Fiber Laser Cut in progress, stopped at Oxygen/1500W/5.00mm confirmed (6.00mm row flagged low-confidence, pierce time cut off).",2079,10,Plasma Cut,,1000,14.0,2823.68,1412.35,6.9,Cast Iron
sheetMetalNestingCutRate,lookupTables/Component/sheetMetalNestingCutRate.csv,USA reference export,"PARTIAL - Family 15 (Stainless Steel) OxyFuel/Plasma Cut/Plasma Punch complete; Family 2 (Steel) Fiber Laser Cut in progress, stopped at Oxygen/1500W/5.00mm confirmed (6.00mm row flagged low-confidence, pierce time cut off).",2079,10,Plasma Cut,,1000,15.0,2635.98,1317.99,6.9,Cast Iron
sheetMetalNestingCutRate,lookupTables/Component/sheetMetalNestingCutRate.csv,USA reference export,"PARTIAL - Family 15 (Stainless Steel) OxyFuel/Plasma Cut/Plasma Punch complete; Family 2 (Steel) Fiber Laser Cut in progress, stopped at Oxygen/1500W/5.00mm confirmed (6.00mm row flagged low-confidence, pierce time cut off).",2079,10,Plasma Cut,,1000,16.0,2470.59,1235.8,6.9,Cast Iron
sheetMetalNestingCutRate,lookupTables/Component/sheetMetalNestingCutRate.csv,USA reference export,"PARTIAL - Family 15 (Stainless Steel) OxyFuel/Plasma Cut/Plasma Punch complete; Family 2 (Steel) Fiber Laser Cut in progress, stopped at Oxygen/1500W/5.00mm confirmed (6.00mm row flagged low-confidence, pierce time cut off).",2079,10,Plasma Cut,,1000,17.0,2325.5,1162.75,6.9,Cast Iron
sheetMetalNestingCutRate,lookupTables/Component/sheetMetalNestingCutRate.csv,USA reference export,"PARTIAL - Family 15 (Stainless Steel) OxyFuel/Plasma Cut/Plasma Punch complete; Family 2 (Steel) Fiber Laser Cut in progress, stopped at Oxygen/1500W/5.00mm confirmed (6.00mm row flagged low-confidence, pierce time cut off).",2079,10,Plasma Cut,,1000,18.0,2196.65,1097.82,6.9,Cast Iron
sheetMetalNestingCutRate,lookupTables/Component/sheetMetalNestingCutRate.csv,USA reference export,"PARTIAL - Family 15 (Stainless Steel) OxyFuel/Plasma Cut/Plasma Punch complete; Family 2 (Steel) Fiber Laser Cut in progress, stopped at Oxygen/1500W/5.00mm confirmed (6.00mm row flagged low-confidence, pierce time cut off).",2079,10,Plasma Cut,,1000,19.0,2080.98,1039.98,6.9,Cast Iron
sheetMetalNestingCutRate,lookupTables/Component/sheetMetalNestingCutRate.csv,USA reference export,"PARTIAL - Family 15 (Stainless Steel) OxyFuel/Plasma Cut/Plasma Punch complete; Family 2 (Steel) Fiber Laser Cut in progress, stopped at Oxygen/1500W/5.00mm confirmed (6.00mm row flagged low-confidence, pierce time cut off).",2079,10,Plasma Cut,,1000,20.0,1976.47,988.24,6.9,Cast Iron
sheetMetalNestingCutRate,lookupTables/Component/sheetMetalNestingCutRate.csv,USA reference export,"PARTIAL - Family 15 (Stainless Steel) OxyFuel/Plasma Cut/Plasma Punch complete; Family 2 (Steel) Fiber Laser Cut in progress, stopped at Oxygen/1500W/5.00mm confirmed (6.00mm row flagged low-confidence, pierce time cut off).",2079,10,Plasma Cut,,1000,21.0,1882.12,941.57,6.9,Cast Iron
sheetMetalNestingCutRate,lookupTables/Component/sheetMetalNestingCutRate.csv,USA reference export,"PARTIAL - Family 15 (Stainless Steel) OxyFuel/Plasma Cut/Plasma Punch complete; Family 2 (Steel) Fiber Laser Cut in progress, stopped at Oxygen/1500W/5.00mm confirmed (6.00mm row flagged low-confidence, pierce time cut off).",2079,10,Plasma Cut,,1000,22.0,1796.89,898.95,6.9,Cast Iron
sheetMetalNestingCutRate,lookupTables/Component/sheetMetalNestingCutRate.csv,USA reference export,"PARTIAL - Family 15 (Stainless Steel) OxyFuel/Plasma Cut/Plasma Punch complete; Family 2 (Steel) Fiber Laser Cut in progress, stopped at Oxygen/1500W/5.00mm confirmed (6.00mm row flagged low-confidence, pierce time cut off).",2079,10,Plasma Cut,,1000,23.0,1718.76,859.38,6.9,Cast Iron
sheetMetalNestingCutRate,lookupTables/Component/sheetMetalNestingCutRate.csv,USA reference export,"PARTIAL - Family 15 (Stainless Steel) OxyFuel/Plasma Cut/Plasma Punch complete; Family 2 (Steel) Fiber Laser Cut in progress, stopped at Oxygen/1500W/5.00mm confirmed (6.00mm row flagged low-confidence, pierce time cut off).",2079,10,Plasma Cut,,1000,24.0,1647.74,823.87,6.9,Cast Iron
sheetMetalNestingCutRate,lookupTables/Component/sheetMetalNestingCutRate.csv,USA reference export,"PARTIAL - Family 15 (Stainless Steel) OxyFuel/Plasma Cut/Plasma Punch complete; Family 2 (Steel) Fiber Laser Cut in progress, stopped at Oxygen/1500W/5.00mm confirmed (6.00mm row flagged low-confidence, pierce time cut off).",2079,10,Plasma Cut,,1000,25.0,1581.79,790.39,6.9,Cast Iron
sheetMetalNestingCutRate,lookupTables/Component/sheetMetalNestingCutRate.csv,USA reference export,"PARTIAL - Family 15 (Stainless Steel) OxyFuel/Plasma Cut/Plasma Punch complete; Family 2 (Steel) Fiber Laser Cut in progress, stopped at Oxygen/1500W/5.00mm confirmed (6.00mm row flagged low-confidence, pierce time cut off).",2079,10,Plasma Cut,,1000,26.0,1520.91,759.95,6.9,Cast Iron
sheetMetalNestingCutRate,lookupTables/Component/sheetMetalNestingCutRate.csv,USA reference export,"PARTIAL - Family 15 (Stainless Steel) OxyFuel/Plasma Cut/Plasma Punch complete; Family 2 (Steel) Fiber Laser Cut in progress, stopped at Oxygen/1500W/5.00mm confirmed (6.00mm row flagged low-confidence, pierce time cut off).",2079,10,Plasma Cut,,1000,27.0,1464.09,732.55,6.9,Cast Iron
sheetMetalNestingCutRate,lookupTables/Component/sheetMetalNestingCutRate.csv,USA reference export,"PARTIAL - Family 15 (Stainless Steel) OxyFuel/Plasma Cut/Plasma Punch complete; Family 2 (Steel) Fiber Laser Cut in progress, stopped at Oxygen/1500W/5.00mm confirmed (6.00mm row flagged low-confidence, pierce time cut off).",2079,10,Plasma Cut,,1000,28.0,1412.35,706.17,6.9,Cast Iron
sheetMetalNestingCutRate,lookupTables/Component/sheetMetalNestingCutRate.csv,USA reference export,"PARTIAL - Family 15 (Stainless Steel) OxyFuel/Plasma Cut/Plasma Punch complete; Family 2 (Steel) Fiber Laser Cut in progress, stopped at Oxygen/1500W/5.00mm confirmed (6.00mm row flagged low-confidence, pierce time cut off).",2079,10,Plasma Cut,,1000,29.0,1363.65,681.82,6.9,Cast Iron
sheetMetalNestingCutRate,lookupTables/Component/sheetMetalNestingCutRate.csv,USA reference export,"PARTIAL - Family 15 (Stainless Steel) OxyFuel/Plasma Cut/Plasma Punch complete; Family 2 (Steel) Fiber Laser Cut in progress, stopped at Oxygen/1500W/5.00mm confirmed (6.00mm row flagged low-confidence, pierce time cut off).",2079,10,Plasma Cut,,1000,30.0,1317.99,658.49,6.9,Cast Iron
sheetMetalNestingCutRate,lookupTables/Component/sheetMetalNestingCutRate.csv,USA reference export,"PARTIAL - Family 15 (Stainless Steel) OxyFuel/Plasma Cut/Plasma Punch complete; Family 2 (Steel) Fiber Laser Cut in progress, stopped at Oxygen/1500W/5.00mm confirmed (6.00mm row flagged low-confidence, pierce time cut off).",2079,10,Plasma Cut,,1000,31.0,1275.37,637.18,6.9,Cast Iron
sheetMetalNestingCutRate,lookupTables/Component/sheetMetalNestingCutRate.csv,USA reference export,"PARTIAL - Family 15 (Stainless Steel) OxyFuel/Plasma Cut/Plasma Punch complete; Family 2 (Steel) Fiber Laser Cut in progress, stopped at Oxygen/1500W/5.00mm confirmed (6.00mm row flagged low-confidence, pierce time cut off).",2079,10,Plasma Cut,,1000,32.0,1235.8,617.9,6.9,Cast Iron
sheetMetalNestingCutRate,lookupTables/Component/sheetMetalNestingCutRate.csv,USA reference export,"PARTIAL - Family 15 (Stainless Steel) OxyFuel/Plasma Cut/Plasma Punch complete; Family 2 (Steel) Fiber Laser Cut in progress, stopped at Oxygen/1500W/5.00mm confirmed (6.00mm row flagged low-confidence, pierce time cut off).",2079,10,Plasma Cut,,1000,33.0,1198.26,598.62,6.9,Cast Iron
sheetMetalNestingCutRate,lookupTables/Component/sheetMetalNestingCutRate.csv,USA reference export,"PARTIAL - Family 15 (Stainless Steel) OxyFuel/Plasma Cut/Plasma Punch complete; Family 2 (Steel) Fiber Laser Cut in progress, stopped at Oxygen/1500W/5.00mm confirmed (6.00mm row flagged low-confidence, pierce time cut off).",2079,10,Plasma Cut,,1000,34.0,1162.75,581.38,6.9,Cast Iron
sheetMetalNestingCutRate,lookupTables/Component/sheetMetalNestingCutRate.csv,USA reference export,"PARTIAL - Family 15 (Stainless Steel) OxyFuel/Plasma Cut/Plasma Punch complete; Family 2 (Steel) Fiber Laser Cut in progress, stopped at Oxygen/1500W/5.00mm confirmed (6.00mm row flagged low-confidence, pierce time cut off).",2079,10,Plasma Cut,,1000,35.0,1129.27,565.14,6.9,Cast Iron
sheetMetalNestingCutRate,lookupTables/Component/sheetMetalNestingCutRate.csv,USA reference export,"PARTIAL - Family 15 (Stainless Steel) OxyFuel/Plasma Cut/Plasma Punch complete; Family 2 (Steel) Fiber Laser Cut in progress, stopped at Oxygen/1500W/5.00mm confirmed (6.00mm row flagged low-confidence, pierce time cut off).",2079,10,Plasma Cut,,1000,36.0,1097.82,548.91,6.9,Cast Iron
sheetMetalNestingCutRate,lookupTables/Component/sheetMetalNestingCutRate.csv,USA reference export,"PARTIAL - Family 15 (Stainless Steel) OxyFuel/Plasma Cut/Plasma Punch complete; Family 2 (Steel) Fiber Laser Cut in progress, stopped at Oxygen/1500W/5.00mm confirmed (6.00mm row flagged low-confidence, pierce time cut off).",2079,10,Plasma Cut,,1000,37.0,1068.39,534.7,6.9,Cast Iron
sheetMetalNestingCutRate,lookupTables/Component/sheetMetalNestingCutRate.csv,USA reference export,"PARTIAL - Family 15 (Stainless Steel) OxyFuel/Plasma Cut/Plasma Punch complete; Family 2 (Steel) Fiber Laser Cut in progress, stopped at Oxygen/1500W/5.00mm confirmed (6.00mm row flagged low-confidence, pierce time cut off).",2079,10,Plasma Cut,,1000,38.0,1039.98,520.5,6.9,Cast Iron
sheetMetalNestingCutRate,lookupTables/Component/sheetMetalNestingCutRate.csv,USA reference export,"PARTIAL - Family 15 (Stainless Steel) OxyFuel/Plasma Cut/Plasma Punch complete; Family 2 (Steel) Fiber Laser Cut in progress, stopped at Oxygen/1500W/5.00mm confirmed (6.00mm row flagged low-confidence, pierce time cut off).",2079,10,Plasma Cut,,1000,39.0,1013.6,507.31,6.9,Cast Iron
sheetMetalNestingCutRate,lookupTables/Component/sheetMetalNestingCutRate.csv,USA reference export,"PARTIAL - Family 15 (Stainless Steel) OxyFuel/Plasma Cut/Plasma Punch complete; Family 2 (Steel) Fiber Laser Cut in progress, stopped at Oxygen/1500W/5.00mm confirmed (6.00mm row flagged low-confidence, pierce time cut off).",2079,10,Plasma Cut,,1000,40.0,988.24,494.12,6.9,Cast Iron
sheetMetalNestingCutRate,lookupTables/Component/sheetMetalNestingCutRate.csv,USA reference export,"PARTIAL - Family 15 (Stainless Steel) OxyFuel/Plasma Cut/Plasma Punch complete; Family 2 (Steel) Fiber Laser Cut in progress, stopped at Oxygen/1500W/5.00mm confirmed (6.00mm row flagged low-confidence, pierce time cut off).",2079,10,Plasma Cut,,1000,41.0,963.89,481.94,6.9,Cast Iron
sheetMetalNestingCutRate,lookupTables/Component/sheetMetalNestingCutRate.csv,USA reference export,"PARTIAL - Family 15 (Stainless Steel) OxyFuel/Plasma Cut/Plasma Punch complete; Family 2 (Steel) Fiber Laser Cut in progress, stopped at Oxygen/1500W/5.00mm confirmed (6.00mm row flagged low-confidence, pierce time cut off).",2079,10,Plasma Cut,,1000,42.0,941.57,470.78,6.9,Cast Iron
sheetMetalNestingCutRate,lookupTables/Component/sheetMetalNestingCutRate.csv,USA reference export,"PARTIAL - Family 15 (Stainless Steel) OxyFuel/Plasma Cut/Plasma Punch complete; Family 2 (Steel) Fiber Laser Cut in progress, stopped at Oxygen/1500W/5.00mm confirmed (6.00mm row flagged low-confidence, pierce time cut off).",2079,10,Plasma Cut,,1000,43.0,919.24,459.62,6.9,Cast Iron
sheetMetalNestingCutRate,lookupTables/Component/sheetMetalNestingCutRate.csv,USA reference export,"PARTIAL - Family 15 (Stainless Steel) OxyFuel/Plasma Cut/Plasma Punch complete; Family 2 (Steel) Fiber Laser Cut in progress, stopped at Oxygen/1500W/5.00mm confirmed (6.00mm row flagged low-confidence, pierce time cut off).",2079,10,Plasma Cut,,1000,44.0,898.95,449.48,6.9,Cast Iron
sheetMetalNestingCutRate,lookupTables/Component/sheetMetalNestingCutRate.csv,USA reference export,"PARTIAL - Family 15 (Stainless Steel) OxyFuel/Plasma Cut/Plasma Punch complete; Family 2 (Steel) Fiber Laser Cut in progress, stopped at Oxygen/1500W/5.00mm confirmed (6.00mm row flagged low-confidence, pierce time cut off).",2079,10,Plasma Cut,,1000,45.0,878.66,439.33,6.9,Cast Iron
sheetMetalNestingCutRate,lookupTables/Component/sheetMetalNestingCutRate.csv,USA reference export,"PARTIAL - Family 15 (Stainless Steel) OxyFuel/Plasma Cut/Plasma Punch complete; Family 2 (Steel) Fiber Laser Cut in progress, stopped at Oxygen/1500W/5.00mm confirmed (6.00mm row flagged low-confidence, pierce time cut off).",2079,10,Plasma Cut,,1000,46.0,859.38,430.2,6.9,Cast Iron
sheetMetalNestingCutRate,lookupTables/Component/sheetMetalNestingCutRate.csv,USA reference export,"PARTIAL - Family 15 (Stainless Steel) OxyFuel/Plasma Cut/Plasma Punch complete; Family 2 (Steel) Fiber Laser Cut in progress, stopped at Oxygen/1500W/5.00mm confirmed (6.00mm row flagged low-confidence, pierce time cut off).",2079,10,Plasma Cut,,1000,47.0,841.12,421.07,6.9,Cast Iron
sheetMetalNestingCutRate,lookupTables/Component/sheetMetalNestingCutRate.csv,USA reference export,"PARTIAL - Family 15 (Stainless Steel) OxyFuel/Plasma Cut/Plasma Punch complete; Family 2 (Steel) Fiber Laser Cut in progress, stopped at Oxygen/1500W/5.00mm confirmed (6.00mm row flagged low-confidence, pierce time cut off).",2079,10,Plasma Cut,,1000,48.0,823.87,411.93,6.9,Cast Iron
sheetMetalNestingCutRate,lookupTables/Component/sheetMetalNestingCutRate.csv,USA reference export,"PARTIAL - Family 15 (Stainless Steel) OxyFuel/Plasma Cut/Plasma Punch complete; Family 2 (Steel) Fiber Laser Cut in progress, stopped at Oxygen/1500W/5.00mm confirmed (6.00mm row flagged low-confidence, pierce time cut off).",2079,10,Plasma Cut,,1000,49.0,806.62,403.82,6.9,Cast Iron
sheetMetalNestingCutRate,lookupTables/Component/sheetMetalNestingCutRate.csv,USA reference export,"PARTIAL - Family 15 (Stainless Steel) OxyFuel/Plasma Cut/Plasma Punch complete; Family 2 (Steel) Fiber Laser Cut in progress, stopped at Oxygen/1500W/5.00mm confirmed (6.00mm row flagged low-confidence, pierce time cut off).",2079,10,Plasma Cut,,1000,50.0,790.39,395.7,6.9,Cast Iron
sheetMetalNestingCutRate,lookupTables/Component/sheetMetalNestingCutRate.csv,USA reference export,"PARTIAL - Family 15 (Stainless Steel) OxyFuel/Plasma Cut/Plasma Punch complete; Family 2 (Steel) Fiber Laser Cut in progress, stopped at Oxygen/1500W/5.00mm confirmed (6.00mm row flagged low-confidence, pierce time cut off).",2079,10,Plasma Cut,,1000,51.0,775.17,387.58,6.9,Cast Iron
sheetMetalNestingCutRate,lookupTables/Component/sheetMetalNestingCutRate.csv,USA reference export,"PARTIAL - Family 15 (Stainless Steel) OxyFuel/Plasma Cut/Plasma Punch complete; Family 2 (Steel) Fiber Laser Cut in progress, stopped at Oxygen/1500W/5.00mm confirmed (6.00mm row flagged low-confidence, pierce time cut off).",2079,10,Plasma Cut,,1000,52.0,759.95,380.48,6.9,Cast Iron
sheetMetalNestingCutRate,lookupTables/Component/sheetMetalNestingCutRate.csv,USA reference export,"PARTIAL - Family 15 (Stainless Steel) OxyFuel/Plasma Cut/Plasma Punch complete; Family 2 (Steel) Fiber Laser Cut in progress, stopped at Oxygen/1500W/5.00mm confirmed (6.00mm row flagged low-confidence, pierce time cut off).",2079,10,Plasma Cut,,1000,53.0,745.74,373.38,6.9,Cast Iron
sheetMetalNestingCutRate,lookupTables/Component/sheetMetalNestingCutRate.csv,USA reference export,"PARTIAL - Family 15 (Stainless Steel) OxyFuel/Plasma Cut/Plasma Punch complete; Family 2 (Steel) Fiber Laser Cut in progress, stopped at Oxygen/1500W/5.00mm confirmed (6.00mm row flagged low-confidence, pierce time cut off).",2079,10,Plasma Cut,,1000,54.0,732.55,366.28,6.9,Cast Iron
sheetMetalNestingCutRate,lookupTables/Component/sheetMetalNestingCutRate.csv,USA reference export,"PARTIAL - Family 15 (Stainless Steel) OxyFuel/Plasma Cut/Plasma Punch complete; Family 2 (Steel) Fiber Laser Cut in progress, stopped at Oxygen/1500W/5.00mm confirmed (6.00mm row flagged low-confidence, pierce time cut off).",2079,10,Plasma Cut,,1000,55.0,719.36,359.17,6.9,Cast Iron
sheetMetalNestingCutRate,lookupTables/Component/sheetMetalNestingCutRate.csv,USA reference export,"PARTIAL - Family 15 (Stainless Steel) OxyFuel/Plasma Cut/Plasma Punch complete; Family 2 (Steel) Fiber Laser Cut in progress, stopped at Oxygen/1500W/5.00mm confirmed (6.00mm row flagged low-confidence, pierce time cut off).",2079,10,Plasma Cut,,1000,56.0,706.17,353.09,6.9,Cast Iron
sheetMetalNestingCutRate,lookupTables/Component/sheetMetalNestingCutRate.csv,USA reference export,"PARTIAL - Family 15 (Stainless Steel) OxyFuel/Plasma Cut/Plasma Punch complete; Family 2 (Steel) Fiber Laser Cut in progress, stopped at Oxygen/1500W/5.00mm confirmed (6.00mm row flagged low-confidence, pierce time cut off).",2079,10,Plasma Cut,,1000,57.0,694.0,347.0,6.9,Cast Iron
sheetMetalNestingCutRate,lookupTables/Component/sheetMetalNestingCutRate.csv,USA reference export,"PARTIAL - Family 15 (Stainless Steel) OxyFuel/Plasma Cut/Plasma Punch complete; Family 2 (Steel) Fiber Laser Cut in progress, stopped at Oxygen/1500W/5.00mm confirmed (6.00mm row flagged low-confidence, pierce time cut off).",2079,10,Plasma Cut,,1000,58.0,681.82,340.91,6.9,Cast Iron
sheetMetalNestingCutRate,lookupTables/Component/sheetMetalNestingCutRate.csv,USA reference export,"PARTIAL - Family 15 (Stainless Steel) OxyFuel/Plasma Cut/Plasma Punch complete; Family 2 (Steel) Fiber Laser Cut in progress, stopped at Oxygen/1500W/5.00mm confirmed (6.00mm row flagged low-confidence, pierce time cut off).",2079,10,Plasma Cut,,1000,59.0,669.65,334.82,6.9,Cast Iron
sheetMetalNestingCutRate,lookupTables/Component/sheetMetalNestingCutRate.csv,USA reference export,"PARTIAL - Family 15 (Stainless Steel) OxyFuel/Plasma Cut/Plasma Punch complete; Family 2 (Steel) Fiber Laser Cut in progress, stopped at Oxygen/1500W/5.00mm confirmed (6.00mm row flagged low-confidence, pierce time cut off).",2079,10,Plasma Cut,,1000,60.0,658.49,329.75,6.9,Cast Iron
sheetMetalNestingCutRate,lookupTables/Component/sheetMetalNestingCutRate.csv,USA reference export,"PARTIAL - Family 15 (Stainless Steel) OxyFuel/Plasma Cut/Plasma Punch complete; Family 2 (Steel) Fiber Laser Cut in progress, stopped at Oxygen/1500W/5.00mm confirmed (6.00mm row flagged low-confidence, pierce time cut off).",2079,10,Plasma Cut,,1000,61.0,648.34,323.66,6.9,Cast Iron
sheetMetalNestingCutRate,lookupTables/Component/sheetMetalNestingCutRate.csv,USA reference export,"PARTIAL - Family 15 (Stainless Steel) OxyFuel/Plasma Cut/Plasma Punch complete; Family 2 (Steel) Fiber Laser Cut in progress, stopped at Oxygen/1500W/5.00mm confirmed (6.00mm row flagged low-confidence, pierce time cut off).",2079,10,Plasma Cut,,1000,62.0,638.19,318.59,6.9,Cast Iron
sheetMetalNestingCutRate,lookupTables/Component/sheetMetalNestingCutRate.csv,USA reference export,"PARTIAL - Family 15 (Stainless Steel) OxyFuel/Plasma Cut/Plasma Punch complete; Family 2 (Steel) Fiber Laser Cut in progress, stopped at Oxygen/1500W/5.00mm confirmed (6.00mm row flagged low-confidence, pierce time cut off).",2079,10,Plasma Cut,,1000,63.0,628.05,313.52,6.9,Cast Iron
sheetMetalNestingCutRate,lookupTables/Component/sheetMetalNestingCutRate.csv,USA reference export,"PARTIAL - Family 15 (Stainless Steel) OxyFuel/Plasma Cut/Plasma Punch complete; Family 2 (Steel) Fiber Laser Cut in progress, stopped at Oxygen/1500W/5.00mm confirmed (6.00mm row flagged low-confidence, pierce time cut off).",2079,10,Plasma Cut,,1000,64.0,617.9,308.44,6.9,Cast Iron
sheetMetalNestingCutRate,lookupTables/Component/sheetMetalNestingCutRate.csv,USA reference export,"PARTIAL - Family 15 (Stainless Steel) OxyFuel/Plasma Cut/Plasma Punch complete; Family 2 (Steel) Fiber Laser Cut in progress, stopped at Oxygen/1500W/5.00mm confirmed (6.00mm row flagged low-confidence, pierce time cut off).",2079,10,Plasma Cut,,1000,65.0,608.77,304.39,6.9,Cast Iron
sheetMetalNestingCutRate,lookupTables/Component/sheetMetalNestingCutRate.csv,USA reference export,"PARTIAL - Family 15 (Stainless Steel) OxyFuel/Plasma Cut/Plasma Punch complete; Family 2 (Steel) Fiber Laser Cut in progress, stopped at Oxygen/1500W/5.00mm confirmed (6.00mm row flagged low-confidence, pierce time cut off).",2079,10,Plasma Cut,,1000,66.0,598.62,299.31,6.9,Cast Iron
sheetMetalNestingCutRate,lookupTables/Component/sheetMetalNestingCutRate.csv,USA reference export,"PARTIAL - Family 15 (Stainless Steel) OxyFuel/Plasma Cut/Plasma Punch complete; Family 2 (Steel) Fiber Laser Cut in progress, stopped at Oxygen/1500W/5.00mm confirmed (6.00mm row flagged low-confidence, pierce time cut off).",2079,10,Plasma Cut,,1000,67.0,590.51,295.25,6.9,Cast Iron
sheetMetalNestingCutRate,lookupTables/Component/sheetMetalNestingCutRate.csv,USA reference export,"PARTIAL - Family 15 (Stainless Steel) OxyFuel/Plasma Cut/Plasma Punch complete; Family 2 (Steel) Fiber Laser Cut in progress, stopped at Oxygen/1500W/5.00mm confirmed (6.00mm row flagged low-confidence, pierce time cut off).",2079,10,Plasma Cut,,1000,68.0,581.38,291.2,6.9,Cast Iron
sheetMetalNestingCutRate,lookupTables/Component/sheetMetalNestingCutRate.csv,USA reference export,"PARTIAL - Family 15 (Stainless Steel) OxyFuel/Plasma Cut/Plasma Punch complete; Family 2 (Steel) Fiber Laser Cut in progress, stopped at Oxygen/1500W/5.00mm confirmed (6.00mm row flagged low-confidence, pierce time cut off).",2079,10,Plasma Cut,,1000,69.0,573.26,286.12,6.9,Cast Iron
sheetMetalNestingCutRate,lookupTables/Component/sheetMetalNestingCutRate.csv,USA reference export,"PARTIAL - Family 15 (Stainless Steel) OxyFuel/Plasma Cut/Plasma Punch complete; Family 2 (Steel) Fiber Laser Cut in progress, stopped at Oxygen/1500W/5.00mm confirmed (6.00mm row flagged low-confidence, pierce time cut off).",2079,10,Plasma Cut,,1000,70.0,565.14,282.06,6.9,Cast Iron
sheetMetalNestingCutRate,lookupTables/Component/sheetMetalNestingCutRate.csv,USA reference export,"PARTIAL - Family 15 (Stainless Steel) OxyFuel/Plasma Cut/Plasma Punch complete; Family 2 (Steel) Fiber Laser Cut in progress, stopped at Oxygen/1500W/5.00mm confirmed (6.00mm row flagged low-confidence, pierce time cut off).",2079,10,Plasma Cut,,1000,71.0,557.03,278.01,6.9,Cast Iron
sheetMetalNestingCutRate,lookupTables/Component/sheetMetalNestingCutRate.csv,USA reference export,"PARTIAL - Family 15 (Stainless Steel) OxyFuel/Plasma Cut/Plasma Punch complete; Family 2 (Steel) Fiber Laser Cut in progress, stopped at Oxygen/1500W/5.00mm confirmed (6.00mm row flagged low-confidence, pierce time cut off).",2079,10,Plasma Cut,,1000,72.0,548.91,274.96,6.9,Cast Iron
sheetMetalNestingCutRate,lookupTables/Component/sheetMetalNestingCutRate.csv,USA reference export,"PARTIAL - Family 15 (Stainless Steel) OxyFuel/Plasma Cut/Plasma Punch complete; Family 2 (Steel) Fiber Laser Cut in progress, stopped at Oxygen/1500W/5.00mm confirmed (6.00mm row flagged low-confidence, pierce time cut off).",2079,10,Plasma Cut,,1000,73.0,541.81,270.9,6.9,Cast Iron
sheetMetalNestingCutRate,lookupTables/Component/sheetMetalNestingCutRate.csv,USA reference export,"PARTIAL - Family 15 (Stainless Steel) OxyFuel/Plasma Cut/Plasma Punch complete; Family 2 (Steel) Fiber Laser Cut in progress, stopped at Oxygen/1500W/5.00mm confirmed (6.00mm row flagged low-confidence, pierce time cut off).",2079,10,Plasma Cut,,1000,74.0,534.7,266.84,6.9,Cast Iron
sheetMetalNestingCutRate,lookupTables/Component/sheetMetalNestingCutRate.csv,USA reference export,"PARTIAL - Family 15 (Stainless Steel) OxyFuel/Plasma Cut/Plasma Punch complete; Family 2 (Steel) Fiber Laser Cut in progress, stopped at Oxygen/1500W/5.00mm confirmed (6.00mm row flagged low-confidence, pierce time cut off).",2079,10,Plasma Cut,,1000,75.0,527.6,263.8,6.9,Cast Iron
sheetMetalNestingCutRate,lookupTables/Component/sheetMetalNestingCutRate.csv,USA reference export,"PARTIAL - Family 15 (Stainless Steel) OxyFuel/Plasma Cut/Plasma Punch complete; Family 2 (Steel) Fiber Laser Cut in progress, stopped at Oxygen/1500W/5.00mm confirmed (6.00mm row flagged low-confidence, pierce time cut off).",2079,10,Plasma Cut,,1000,76.0,520.5,259.74,6.9,Cast Iron
sheetMetalNestingCutRate,lookupTables/Component/sheetMetalNestingCutRate.csv,USA reference export,"PARTIAL - Family 15 (Stainless Steel) OxyFuel/Plasma Cut/Plasma Punch complete; Family 2 (Steel) Fiber Laser Cut in progress, stopped at Oxygen/1500W/5.00mm confirmed (6.00mm row flagged low-confidence, pierce time cut off).",2079,10,Plasma Cut,,1000,77.0,513.4,256.7,6.9,Cast Iron
sheetMetalNestingCutRate,lookupTables/Component/sheetMetalNestingCutRate.csv,USA reference export,"PARTIAL - Family 15 (Stainless Steel) OxyFuel/Plasma Cut/Plasma Punch complete; Family 2 (Steel) Fiber Laser Cut in progress, stopped at Oxygen/1500W/5.00mm confirmed (6.00mm row flagged low-confidence, pierce time cut off).",2079,10,Plasma Cut,,30000,6.4,82346.29,41172.74,6.9,Cast Iron
sheetMetalNestingCutRate,lookupTables/Component/sheetMetalNestingCutRate.csv,USA reference export,"PARTIAL - Family 15 (Stainless Steel) OxyFuel/Plasma Cut/Plasma Punch complete; Family 2 (Steel) Fiber Laser Cut in progress, stopped at Oxygen/1500W/5.00mm confirmed (6.00mm row flagged low-confidence, pierce time cut off).",2079,10,Plasma Cut,,30000,7.0,81337.56,40668.03,6.9,Cast Iron
sheetMetalNestingCutRate,lookupTables/Component/sheetMetalNestingCutRate.csv,USA reference export,"PARTIAL - Family 15 (Stainless Steel) OxyFuel/Plasma Cut/Plasma Punch complete; Family 2 (Steel) Fiber Laser Cut in progress, stopped at Oxygen/1500W/5.00mm confirmed (6.00mm row flagged low-confidence, pierce time cut off).",2079,10,Plasma Cut,,30000,8.0,79082.75,39540.46,6.9,Cast Iron
sheetMetalNestingCutRate,lookupTables/Component/sheetMetalNestingCutRate.csv,USA reference export,"PARTIAL - Family 15 (Stainless Steel) OxyFuel/Plasma Cut/Plasma Punch complete; Family 2 (Steel) Fiber Laser Cut in progress, stopped at Oxygen/1500W/5.00mm confirmed (6.00mm row flagged low-confidence, pierce time cut off).",2079,10,Plasma Cut,,30000,9.0,76554.09,38276.81,6.9,Cast Iron
sheetMetalNestingCutRate,lookupTables/Component/sheetMetalNestingCutRate.csv,USA reference export,"PARTIAL - Family 15 (Stainless Steel) OxyFuel/Plasma Cut/Plasma Punch complete; Family 2 (Steel) Fiber Laser Cut in progress, stopped at Oxygen/1500W/5.00mm confirmed (6.00mm row flagged low-confidence, pierce time cut off).",2079,10,Plasma Cut,,30000,10.0,74046.74,37024.12,6.9,Cast Iron
sheetMetalNestingCutRate,lookupTables/Component/sheetMetalNestingCutRate.csv,USA reference export,"PARTIAL - Family 15 (Stainless Steel) OxyFuel/Plasma Cut/Plasma Punch complete; Family 2 (Steel) Fiber Laser Cut in progress, stopped at Oxygen/1500W/5.00mm confirmed (6.00mm row flagged low-confidence, pierce time cut off).",2079,10,Plasma Cut,,30000,11.0,71556.43,35627.89,6.9,Cast Iron
sheetMetalNestingCutRate,lookupTables/Component/sheetMetalNestingCutRate.csv,USA reference export,"PARTIAL - Family 15 (Stainless Steel) OxyFuel/Plasma Cut/Plasma Punch complete; Family 2 (Steel) Fiber Laser Cut in progress, stopped at Oxygen/1500W/5.00mm confirmed (6.00mm row flagged low-confidence, pierce time cut off).",2079,10,Plasma Cut,,30000,12.0,69077.62,34538.07,6.9,Cast Iron
sheetMetalNestingCutRate,lookupTables/Component/sheetMetalNestingCutRate.csv,USA reference export,"PARTIAL - Family 15 (Stainless Steel) OxyFuel/Plasma Cut/Plasma Punch complete; Family 2 (Steel) Fiber Laser Cut in progress, stopped at Oxygen/1500W/5.00mm confirmed (6.00mm row flagged low-confidence, pierce time cut off).",2079,10,Plasma Cut,,30000,12.7,100849.62,50448.97,6.9,Cast Iron
sheetMetalNestingCutRate,lookupTables/Component/sheetMetalNestingCutRate.csv,USA reference export,"PARTIAL - Family 15 (Stainless Steel) OxyFuel/Plasma Cut/Plasma Punch complete; Family 2 (Steel) Fiber Laser Cut in progress, stopped at Oxygen/1500W/5.00mm confirmed (6.00mm row flagged low-confidence, pierce time cut off).",2079,10,Plasma Cut,,30000,13.0,87245.89,43638.13,6.9,Cast Iron
sheetMetalNestingCutRate,lookupTables/Component/sheetMetalNestingCutRate.csv,USA reference export,"PARTIAL - Family 15 (Stainless Steel) OxyFuel/Plasma Cut/Plasma Punch complete; Family 2 (Steel) Fiber Laser Cut in progress, stopped at Oxygen/1500W/5.00mm confirmed (6.00mm row flagged low-confidence, pierce time cut off).",2079,10,Plasma Cut,,30000,14.0,83013.33,41531.04,6.9,Cast Iron
sheetMetalNestingCutRate,lookupTables/Component/sheetMetalNestingCutRate.csv,USA reference export,"PARTIAL - Family 15 (Stainless Steel) OxyFuel/Plasma Cut/Plasma Punch complete; Family 2 (Steel) Fiber Laser Cut in progress, stopped at Oxygen/1500W/5.00mm confirmed (6.00mm row flagged low-confidence, pierce time cut off).",2079,10,Plasma Cut,,30000,15.0,77142.0,38560.55,6.9,Cast Iron
sheetMetalNestingCutRate,lookupTables/Component/sheetMetalNestingCutRate.csv,USA reference export,"PARTIAL - Family 15 (Stainless Steel) OxyFuel/Plasma Cut/Plasma Punch complete; Family 2 (Steel) Fiber Laser Cut in progress, stopped at Oxygen/1500W/5.00mm confirmed (6.00mm row flagged low-confidence, pierce time cut off).",2079,10,Plasma Cut,,30000,16.0,71964.04,36002.2,6.9,Cast Iron
sheetMetalNestingCutRate,lookupTables/Component/sheetMetalNestingCutRate.csv,USA reference export,"PARTIAL - Family 15 (Stainless Steel) OxyFuel/Plasma Cut/Plasma Punch complete; Family 2 (Steel) Fiber Laser Cut in progress, stopped at Oxygen/1500W/5.00mm confirmed (6.00mm row flagged low-confidence, pierce time cut off).",2079,10,Plasma Cut,,30000,17.0,67443.74,33711.45,6.9,Cast Iron
sheetMetalNestingCutRate,lookupTables/Component/sheetMetalNestingCutRate.csv,USA reference export,"PARTIAL - Family 15 (Stainless Steel) OxyFuel/Plasma Cut/Plasma Punch complete; Family 2 (Steel) Fiber Laser Cut in progress, stopped at Oxygen/1500W/5.00mm confirmed (6.00mm row flagged low-confidence, pierce time cut off).",2079,10,Plasma Cut,,30000,18.0,63433.44,31709.61,6.9,Cast Iron
sheetMetalNestingCutRate,lookupTables/Component/sheetMetalNestingCutRate.csv,USA reference export,"PARTIAL - Family 15 (Stainless Steel) OxyFuel/Plasma Cut/Plasma Punch complete; Family 2 (Steel) Fiber Laser Cut in progress, stopped at Oxygen/1500W/5.00mm confirmed (6.00mm row flagged low-confidence, pierce time cut off).",2079,10,Plasma Cut,,30000,19.0,59868.46,29927.02,6.9,Cast Iron
sheetMetalNestingCutRate,lookupTables/Component/sheetMetalNestingCutRate.csv,USA reference export,"PARTIAL - Family 15 (Stainless Steel) OxyFuel/Plasma Cut/Plasma Punch complete; Family 2 (Steel) Fiber Laser Cut in progress, stopped at Oxygen/1500W/5.00mm confirmed (6.00mm row flagged low-confidence, pierce time cut off).",2079,10,Plasma Cut,,30000,20.0,56640.87,28310.08,6.9,Cast Iron
sheetMetalNestingCutRate,lookupTables/Component/sheetMetalNestingCutRate.csv,USA reference export,"PARTIAL - Family 15 (Stainless Steel) OxyFuel/Plasma Cut/Plasma Punch complete; Family 2 (Steel) Fiber Laser Cut in progress, stopped at Oxygen/1500W/5.00mm confirmed (6.00mm row flagged low-confidence, pierce time cut off).",2079,10,Plasma Cut,,30000,21.0,53716.13,26878.63,6.9,Cast Iron
sheetMetalNestingCutRate,lookupTables/Component/sheetMetalNestingCutRate.csv,USA reference export,"PARTIAL - Family 15 (Stainless Steel) OxyFuel/Plasma Cut/Plasma Punch complete; Family 2 (Steel) Fiber Laser Cut in progress, stopped at Oxygen/1500W/5.00mm confirmed (6.00mm row flagged low-confidence, pierce time cut off).",2079,10,Plasma Cut,,30000,22.0,51120.83,25570.22,6.9,Cast Iron
sheetMetalNestingCutRate,lookupTables/Component/sheetMetalNestingCutRate.csv,USA reference export,"PARTIAL - Family 15 (Stainless Steel) OxyFuel/Plasma Cut/Plasma Punch complete; Family 2 (Steel) Fiber Laser Cut in progress, stopped at Oxygen/1500W/5.00mm confirmed (6.00mm row flagged low-confidence, pierce time cut off).",2079,10,Plasma Cut,,30000,23.0,48723.86,24365.71,6.9,Cast Iron
sheetMetalNestingCutRate,lookupTables/Component/sheetMetalNestingCutRate.csv,USA reference export,"PARTIAL - Family 15 (Stainless Steel) OxyFuel/Plasma Cut/Plasma Punch complete; Family 2 (Steel) Fiber Laser Cut in progress, stopped at Oxygen/1500W/5.00mm confirmed (6.00mm row flagged low-confidence, pierce time cut off).",2079,10,Plasma Cut,,30000,24.0,46575.64,23277.36,6.9,Cast Iron
sheetMetalNestingCutRate,lookupTables/Component/sheetMetalNestingCutRate.csv,USA reference export,"PARTIAL - Family 15 (Stainless Steel) OxyFuel/Plasma Cut/Plasma Punch complete; Family 2 (Steel) Fiber Laser Cut in progress, stopped at Oxygen/1500W/5.00mm confirmed (6.00mm row flagged low-confidence, pierce time cut off).",2079,10,Plasma Cut,,30000,25.0,44551.6,22251.65,6.9,Cast Iron
sheetMetalNestingCutRate,lookupTables/Component/sheetMetalNestingCutRate.csv,USA reference export,"PARTIAL - Family 15 (Stainless Steel) OxyFuel/Plasma Cut/Plasma Punch complete; Family 2 (Steel) Fiber Laser Cut in progress, stopped at Oxygen/1500W/5.00mm confirmed (6.00mm row flagged low-confidence, pierce time cut off).",2079,10,Plasma Cut,,30000,26.0,42705.08,21335.04,6.9,Cast Iron
sheetMetalNestingCutRate,lookupTables/Component/sheetMetalNestingCutRate.csv,USA reference export,"PARTIAL - Family 15 (Stainless Steel) OxyFuel/Plasma Cut/Plasma Punch complete; Family 2 (Steel) Fiber Laser Cut in progress, stopped at Oxygen/1500W/5.00mm confirmed (6.00mm row flagged low-confidence, pierce time cut off).",2079,10,Plasma Cut,,30000,27.0,41936.16,20985.53,6.9,Cast Iron
sheetMetalNestingCutRate,lookupTables/Component/sheetMetalNestingCutRate.csv,USA reference export,"PARTIAL - Family 15 (Stainless Steel) OxyFuel/Plasma Cut/Plasma Punch complete; Family 2 (Steel) Fiber Laser Cut in progress, stopped at Oxygen/1500W/5.00mm confirmed (6.00mm row flagged low-confidence, pierce time cut off).",2079,10,Plasma Cut,,30000,28.0,40290.66,20158.9,6.9,Cast Iron
sheetMetalNestingCutRate,lookupTables/Component/sheetMetalNestingCutRate.csv,USA reference export,"PARTIAL - Family 15 (Stainless Steel) OxyFuel/Plasma Cut/Plasma Punch complete; Family 2 (Steel) Fiber Laser Cut in progress, stopped at Oxygen/1500W/5.00mm confirmed (6.00mm row flagged low-confidence, pierce time cut off).",2079,10,Plasma Cut,,30000,29.0,38764.21,19368.08,6.9,Cast Iron
sheetMetalNestingCutRate,lookupTables/Component/sheetMetalNestingCutRate.csv,USA reference export,"PARTIAL - Family 15 (Stainless Steel) OxyFuel/Plasma Cut/Plasma Punch complete; Family 2 (Steel) Fiber Laser Cut in progress, stopped at Oxygen/1500W/5.00mm confirmed (6.00mm row flagged low-confidence, pierce time cut off).",2079,10,Plasma Cut,,30000,30.0,37285.16,18633.74,6.9,Cast Iron
sheetMetalNestingCutRate,lookupTables/Component/sheetMetalNestingCutRate.csv,USA reference export,"PARTIAL - Family 15 (Stainless Steel) OxyFuel/Plasma Cut/Plasma Punch complete; Family 2 (Steel) Fiber Laser Cut in progress, stopped at Oxygen/1500W/5.00mm confirmed (6.00mm row flagged low-confidence, pierce time cut off).",2079,10,Plasma Cut,,30000,31.0,35942.28,17934.76,6.9,Cast Iron
sheetMetalNestingCutRate,lookupTables/Component/sheetMetalNestingCutRate.csv,USA reference export,"PARTIAL - Family 15 (Stainless Steel) OxyFuel/Plasma Cut/Plasma Punch complete; Family 2 (Steel) Fiber Laser Cut in progress, stopped at Oxygen/1500W/5.00mm confirmed (6.00mm row flagged low-confidence, pierce time cut off).",2079,10,Plasma Cut,,30000,32.0,34691.69,17354.37,6.9,Cast Iron
sheetMetalNestingCutRate,lookupTables/Component/sheetMetalNestingCutRate.csv,USA reference export,"PARTIAL - Family 15 (Stainless Steel) OxyFuel/Plasma Cut/Plasma Punch complete; Family 2 (Steel) Fiber Laser Cut in progress, stopped at Oxygen/1500W/5.00mm confirmed (6.00mm row flagged low-confidence, pierce time cut off).",2079,10,Plasma Cut,,30000,33.0,33532.36,16729.44,6.9,Cast Iron
sheetMetalNestingCutRate,lookupTables/Component/sheetMetalNestingCutRate.csv,USA reference export,"PARTIAL - Family 15 (Stainless Steel) OxyFuel/Plasma Cut/Plasma Punch complete; Family 2 (Steel) Fiber Laser Cut in progress, stopped at Oxygen/1500W/5.00mm confirmed (6.00mm row flagged low-confidence, pierce time cut off).",2079,10,Plasma Cut,,30000,34.0,32402.11,16195.96,6.9,Cast Iron
sheetMetalNestingCutRate,lookupTables/Component/sheetMetalNestingCutRate.csv,USA reference export,"PARTIAL - Family 15 (Stainless Steel) OxyFuel/Plasma Cut/Plasma Punch complete; Family 2 (Steel) Fiber Laser Cut in progress, stopped at Oxygen/1500W/5.00mm confirmed (6.00mm row flagged low-confidence, pierce time cut off).",2079,10,Plasma Cut,,30000,35.0,31352.48,15690.46,6.9,Cast Iron
sheetMetalNestingCutRate,lookupTables/Component/sheetMetalNestingCutRate.csv,USA reference export,"PARTIAL - Family 15 (Stainless Steel) OxyFuel/Plasma Cut/Plasma Punch complete; Family 2 (Steel) Fiber Laser Cut in progress, stopped at Oxygen/1500W/5.00mm confirmed (6.00mm row flagged low-confidence, pierce time cut off).",2079,10,Plasma Cut,,30000,36.0,30359.96,15202.25,6.9,Cast Iron
sheetMetalNestingCutRate,lookupTables/Component/sheetMetalNestingCutRate.csv,USA reference export,"PARTIAL - Family 15 (Stainless Steel) OxyFuel/Plasma Cut/Plasma Punch complete; Family 2 (Steel) Fiber Laser Cut in progress, stopped at Oxygen/1500W/5.00mm confirmed (6.00mm row flagged low-confidence, pierce time cut off).",2079,10,Plasma Cut,,30000,37.0,29458.09,14760.16,6.9,Cast Iron
sheetMetalNestingCutRate,lookupTables/Component/sheetMetalNestingCutRate.csv,USA reference export,"PARTIAL - Family 15 (Stainless Steel) OxyFuel/Plasma Cut/Plasma Punch complete; Family 2 (Steel) Fiber Laser Cut in progress, stopped at Oxygen/1500W/5.00mm confirmed (6.00mm row flagged low-confidence, pierce time cut off).",2079,10,Plasma Cut,,30000,38.0,28574.25,14301.56,6.9,Cast Iron
sheetMetalNestingCutRate,lookupTables/Component/sheetMetalNestingCutRate.csv,USA reference export,"PARTIAL - Family 15 (Stainless Steel) OxyFuel/Plasma Cut/Plasma Punch complete; Family 2 (Steel) Fiber Laser Cut in progress, stopped at Oxygen/1500W/5.00mm confirmed (6.00mm row flagged low-confidence, pierce time cut off).",2079,10,Plasma Cut,,30000,39.0,27737.24,13905.09,6.9,Cast Iron
sheetMetalNestingCutRate,lookupTables/Component/sheetMetalNestingCutRate.csv,USA reference export,"PARTIAL - Family 15 (Stainless Steel) OxyFuel/Plasma Cut/Plasma Punch complete; Family 2 (Steel) Fiber Laser Cut in progress, stopped at Oxygen/1500W/5.00mm confirmed (6.00mm row flagged low-confidence, pierce time cut off).",2079,10,Plasma Cut,,30000,40.0,27224.54,13587.62,6.9,Cast Iron
sheetMetalNestingCutRate,lookupTables/Component/sheetMetalNestingCutRate.csv,USA reference export,"PARTIAL - Family 15 (Stainless Steel) OxyFuel/Plasma Cut/Plasma Punch complete; Family 2 (Steel) Fiber Laser Cut in progress, stopped at Oxygen/1500W/5.00mm confirmed (6.00mm row flagged low-confidence, pierce time cut off).",2079,10,Plasma Cut,,30000,41.0,26415.74,13232.27,6.9,Cast Iron
sheetMetalNestingCutRate,lookupTables/Component/sheetMetalNestingCutRate.csv,USA reference export,"PARTIAL - Family 15 (Stainless Steel) OxyFuel/Plasma Cut/Plasma Punch complete; Family 2 (Steel) Fiber Laser Cut in progress, stopped at Oxygen/1500W/5.00mm confirmed (6.00mm row flagged low-confidence, pierce time cut off).",2079,10,Plasma Cut,,30000,42.0,25707.09,12877.95,6.9,Cast Iron
sheetMetalNestingCutRate,lookupTables/Component/sheetMetalNestingCutRate.csv,USA reference export,"PARTIAL - Family 15 (Stainless Steel) OxyFuel/Plasma Cut/Plasma Punch complete; Family 2 (Steel) Fiber Laser Cut in progress, stopped at Oxygen/1500W/5.00mm confirmed (6.00mm row flagged low-confidence, pierce time cut off).",2079,10,Plasma Cut,,30000,43.0,24997.46,12474.32,6.9,Cast Iron
sheetMetalNestingCutRate,lookupTables/Component/sheetMetalNestingCutRate.csv,USA reference export,"PARTIAL - Family 15 (Stainless Steel) OxyFuel/Plasma Cut/Plasma Punch complete; Family 2 (Steel) Fiber Laser Cut in progress, stopped at Oxygen/1500W/5.00mm confirmed (6.00mm row flagged low-confidence, pierce time cut off).",2079,10,Plasma Cut,,30000,44.0,24340.13,12170.31,6.9,Cast Iron
sheetMetalNestingCutRate,lookupTables/Component/sheetMetalNestingCutRate.csv,USA reference export,"PARTIAL - Family 15 (Stainless Steel) OxyFuel/Plasma Cut/Plasma Punch complete; Family 2 (Steel) Fiber Laser Cut in progress, stopped at Oxygen/1500W/5.00mm confirmed (6.00mm row flagged low-confidence, pierce time cut off).",2079,10,Plasma Cut,,30000,45.0,23682.33,11865.81,6.9,Cast Iron
sheetMetalNestingCutRate,lookupTables/Component/sheetMetalNestingCutRate.csv,USA reference export,"PARTIAL - Family 15 (Stainless Steel) OxyFuel/Plasma Cut/Plasma Punch complete; Family 2 (Steel) Fiber Laser Cut in progress, stopped at Oxygen/1500W/5.00mm confirmed (6.00mm row flagged low-confidence, pierce time cut off).",2079,10,Plasma Cut,,30000,46.0,23074.35,11562.33,6.9,Cast Iron
sheetMetalNestingCutRate,lookupTables/Component/sheetMetalNestingCutRate.csv,USA reference export,"PARTIAL - Family 15 (Stainless Steel) OxyFuel/Plasma Cut/Plasma Punch complete; Family 2 (Steel) Fiber Laser Cut in progress, stopped at Oxygen/1500W/5.00mm confirmed (6.00mm row flagged low-confidence, pierce time cut off).",2079,10,Plasma Cut,,30000,47.0,22516.69,11258.85,6.9,Cast Iron
sheetMetalNestingCutRate,lookupTables/Component/sheetMetalNestingCutRate.csv,USA reference export,"PARTIAL - Family 15 (Stainless Steel) OxyFuel/Plasma Cut/Plasma Punch complete; Family 2 (Steel) Fiber Laser Cut in progress, stopped at Oxygen/1500W/5.00mm confirmed (6.00mm row flagged low-confidence, pierce time cut off).",2079,10,Plasma Cut,,30000,48.0,21960.04,10955.36,6.9,Cast Iron
sheetMetalNestingCutRate,lookupTables/Component/sheetMetalNestingCutRate.csv,USA reference export,"PARTIAL - Family 15 (Stainless Steel) OxyFuel/Plasma Cut/Plasma Punch complete; Family 2 (Steel) Fiber Laser Cut in progress, stopped at Oxygen/1500W/5.00mm confirmed (6.00mm row flagged low-confidence, pierce time cut off).",2079,10,Plasma Cut,,30000,49.0,21403.39,10751.5,6.9,Cast Iron
sheetMetalNestingCutRate,lookupTables/Component/sheetMetalNestingCutRate.csv,USA reference export,"PARTIAL - Family 15 (Stainless Steel) OxyFuel/Plasma Cut/Plasma Punch complete; Family 2 (Steel) Fiber Laser Cut in progress, stopped at Oxygen/1500W/5.00mm confirmed (6.00mm row flagged low-confidence, pierce time cut off).",2079,10,Plasma Cut,,30000,50.0,20897.06,10449.03,6.9,Cast Iron
sheetMetalNestingCutRate,lookupTables/Component/sheetMetalNestingCutRate.csv,USA reference export,"PARTIAL - Family 15 (Stainless Steel) OxyFuel/Plasma Cut/Plasma Punch complete; Family 2 (Steel) Fiber Laser Cut in progress, stopped at Oxygen/1500W/5.00mm confirmed (6.00mm row flagged low-confidence, pierce time cut off).",2079,10,Plasma Cut,,30000,51.0,20440.07,10195.38,6.9,Cast Iron
sheetMetalNestingCutRate,lookupTables/Component/sheetMetalNestingCutRate.csv,USA reference export,"PARTIAL - Family 15 (Stainless Steel) OxyFuel/Plasma Cut/Plasma Punch complete; Family 2 (Steel) Fiber Laser Cut in progress, stopped at Oxygen/1500W/5.00mm confirmed (6.00mm row flagged low-confidence, pierce time cut off).",2079,10,Plasma Cut,,30000,52.0,19934.75,9992.05,6.9,Cast Iron
sheetMetalNestingCutRate,lookupTables/Component/sheetMetalNestingCutRate.csv,USA reference export,"PARTIAL - Family 15 (Stainless Steel) OxyFuel/Plasma Cut/Plasma Punch complete; Family 2 (Steel) Fiber Laser Cut in progress, stopped at Oxygen/1500W/5.00mm confirmed (6.00mm row flagged low-confidence, pierce time cut off).",2079,10,Plasma Cut,,30000,53.0,19478.77,9789.2,6.9,Cast Iron
sheetMetalNestingCutRate,lookupTables/Component/sheetMetalNestingCutRate.csv,USA reference export,"PARTIAL - Family 15 (Stainless Steel) OxyFuel/Plasma Cut/Plasma Punch complete; Family 2 (Steel) Fiber Laser Cut in progress, stopped at Oxygen/1500W/5.00mm confirmed (6.00mm row flagged low-confidence, pierce time cut off).",2079,10,Plasma Cut,,30000,54.0,19073.12,9537.05,6.9,Cast Iron
sheetMetalNestingCutRate,lookupTables/Component/sheetMetalNestingCutRate.csv,USA reference export,"PARTIAL - Family 15 (Stainless Steel) OxyFuel/Plasma Cut/Plasma Punch complete; Family 2 (Steel) Fiber Laser Cut in progress, stopped at Oxygen/1500W/5.00mm confirmed (6.00mm row flagged low-confidence, pierce time cut off).",2079,10,Plasma Cut,,30000,55.0,18667.94,9333.22,6.9,Cast Iron
sheetMetalNestingCutRate,lookupTables/Component/sheetMetalNestingCutRate.csv,USA reference export,"PARTIAL - Family 15 (Stainless Steel) OxyFuel/Plasma Cut/Plasma Punch complete; Family 2 (Steel) Fiber Laser Cut in progress, stopped at Oxygen/1500W/5.00mm confirmed (6.00mm row flagged low-confidence, pierce time cut off).",2079,10,Plasma Cut,,30000,56.0,18262.29,9131.39,6.9,Cast Iron
sheetMetalNestingCutRate,lookupTables/Component/sheetMetalNestingCutRate.csv,USA reference export,"PARTIAL - Family 15 (Stainless Steel) OxyFuel/Plasma Cut/Plasma Punch complete; Family 2 (Steel) Fiber Laser Cut in progress, stopped at Oxygen/1500W/5.00mm confirmed (6.00mm row flagged low-confidence, pierce time cut off).",2079,10,Plasma Cut,,30000,57.0,17906.95,8929.07,6.9,Cast Iron
sheetMetalNestingCutRate,lookupTables/Component/sheetMetalNestingCutRate.csv,USA reference export,"PARTIAL - Family 15 (Stainless Steel) OxyFuel/Plasma Cut/Plasma Punch complete; Family 2 (Steel) Fiber Laser Cut in progress, stopped at Oxygen/1500W/5.00mm confirmed (6.00mm row flagged low-confidence, pierce time cut off).",2079,10,Plasma Cut,,30000,58.0,17502.3,8775.56,6.9,Cast Iron
sheetMetalNestingCutRate,lookupTables/Component/sheetMetalNestingCutRate.csv,USA reference export,"PARTIAL - Family 15 (Stainless Steel) OxyFuel/Plasma Cut/Plasma Punch complete; Family 2 (Steel) Fiber Laser Cut in progress, stopped at Oxygen/1500W/5.00mm confirmed (6.00mm row flagged low-confidence, pierce time cut off).",2079,10,Plasma Cut,,30000,59.0,17146.97,8573.24,6.9,Cast Iron
sheetMetalNestingCutRate,lookupTables/Component/sheetMetalNestingCutRate.csv,USA reference export,"PARTIAL - Family 15 (Stainless Steel) OxyFuel/Plasma Cut/Plasma Punch complete; Family 2 (Steel) Fiber Laser Cut in progress, stopped at Oxygen/1500W/5.00mm confirmed (6.00mm row flagged low-confidence, pierce time cut off).",2079,10,Plasma Cut,,30000,60.0,16792.64,8421.23,6.9,Cast Iron
sheetMetalNestingCutRate,lookupTables/Component/sheetMetalNestingCutRate.csv,USA reference export,"PARTIAL - Family 15 (Stainless Steel) OxyFuel/Plasma Cut/Plasma Punch complete; Family 2 (Steel) Fiber Laser Cut in progress, stopped at Oxygen/1500W/5.00mm confirmed (6.00mm row flagged low-confidence, pierce time cut off).",2079,10,Plasma Cut,,30000,61.0,16488.14,8218.91,6.9,Cast Iron
sheetMetalNestingCutRate,lookupTables/Component/sheetMetalNestingCutRate.csv,USA reference export,"PARTIAL - Family 15 (Stainless Steel) OxyFuel/Plasma Cut/Plasma Punch complete; Family 2 (Steel) Fiber Laser Cut in progress, stopped at Oxygen/1500W/5.00mm confirmed (6.00mm row flagged low-confidence, pierce time cut off).",2079,10,Plasma Cut,,30000,62.0,16183.64,8066.91,6.9,Cast Iron
sheetMetalNestingCutRate,lookupTables/Component/sheetMetalNestingCutRate.csv,USA reference export,"PARTIAL - Family 15 (Stainless Steel) OxyFuel/Plasma Cut/Plasma Punch complete; Family 2 (Steel) Fiber Laser Cut in progress, stopped at Oxygen/1500W/5.00mm confirmed (6.00mm row flagged low-confidence, pierce time cut off).",2079,10,Plasma Cut,,30000,63.0,15879.63,7914.9,6.9,Cast Iron
sheetMetalNestingCutRate,lookupTables/Component/sheetMetalNestingCutRate.csv,USA reference export,"PARTIAL - Family 15 (Stainless Steel) OxyFuel/Plasma Cut/Plasma Punch complete; Family 2 (Steel) Fiber Laser Cut in progress, stopped at Oxygen/1500W/5.00mm confirmed (6.00mm row flagged low-confidence, pierce time cut off).",2079,10,Plasma Cut,,30000,64.0,15575.13,7762.41,6.9,Cast Iron
sheetMetalNestingCutRate,lookupTables/Component/sheetMetalNestingCutRate.csv,USA reference export,"PARTIAL - Family 15 (Stainless Steel) OxyFuel/Plasma Cut/Plasma Punch complete; Family 2 (Steel) Fiber Laser Cut in progress, stopped at Oxygen/1500W/5.00mm confirmed (6.00mm row flagged low-confidence, pierce time cut off).",2079,10,Plasma Cut,,30000,65.0,15271.65,7660.72,6.9,Cast Iron
sheetMetalNestingCutRate,lookupTables/Component/sheetMetalNestingCutRate.csv,USA reference export,"PARTIAL - Family 15 (Stainless Steel) OxyFuel/Plasma Cut/Plasma Punch complete; Family 2 (Steel) Fiber Laser Cut in progress, stopped at Oxygen/1500W/5.00mm confirmed (6.00mm row flagged low-confidence, pierce time cut off).",2079,10,Plasma Cut,,30000,66.0,14967.15,7458.93,6.9,Cast Iron
sheetMetalNestingCutRate,lookupTables/Component/sheetMetalNestingCutRate.csv,USA reference export,"PARTIAL - Family 15 (Stainless Steel) OxyFuel/Plasma Cut/Plasma Punch complete; Family 2 (Steel) Fiber Laser Cut in progress, stopped at Oxygen/1500W/5.00mm confirmed (6.00mm row flagged low-confidence, pierce time cut off).",2079,10,Plasma Cut,,30000,67.0,14713.99,7356.75,6.9,Cast Iron
sheetMetalNestingCutRate,lookupTables/Component/sheetMetalNestingCutRate.csv,USA reference export,"PARTIAL - Family 15 (Stainless Steel) OxyFuel/Plasma Cut/Plasma Punch complete; Family 2 (Steel) Fiber Laser Cut in progress, stopped at Oxygen/1500W/5.00mm confirmed (6.00mm row flagged low-confidence, pierce time cut off).",2079,10,Plasma Cut,,30000,68.0,14459.81,7255.07,6.9,Cast Iron
sheetMetalNestingCutRate,lookupTables/Component/sheetMetalNestingCutRate.csv,USA reference export,"PARTIAL - Family 15 (Stainless Steel) OxyFuel/Plasma Cut/Plasma Punch complete; Family 2 (Steel) Fiber Laser Cut in progress, stopped at Oxygen/1500W/5.00mm confirmed (6.00mm row flagged low-confidence, pierce time cut off).",2079,10,Plasma Cut,,30000,69.0,14206.16,7053.75,6.9,Cast Iron
sheetMetalNestingCutRate,lookupTables/Component/sheetMetalNestingCutRate.csv,USA reference export,"PARTIAL - Family 15 (Stainless Steel) OxyFuel/Plasma Cut/Plasma Punch complete; Family 2 (Steel) Fiber Laser Cut in progress, stopped at Oxygen/1500W/5.00mm confirmed (6.00mm row flagged low-confidence, pierce time cut off).",2079,10,Plasma Cut,,30000,70.0,13952.99,6951.09,6.9,Cast Iron
sheetMetalNestingCutRate,lookupTables/Component/sheetMetalNestingCutRate.csv,USA reference export,"PARTIAL - Family 15 (Stainless Steel) OxyFuel/Plasma Cut/Plasma Punch complete; Family 2 (Steel) Fiber Laser Cut in progress, stopped at Oxygen/1500W/5.00mm confirmed (6.00mm row flagged low-confidence, pierce time cut off).",2079,10,Plasma Cut,,30000,71.0,13699.83,6849.41,6.9,Cast Iron
sheetMetalNestingCutRate,lookupTables/Component/sheetMetalNestingCutRate.csv,USA reference export,"PARTIAL - Family 15 (Stainless Steel) OxyFuel/Plasma Cut/Plasma Punch complete; Family 2 (Steel) Fiber Laser Cut in progress, stopped at Oxygen/1500W/5.00mm confirmed (6.00mm row flagged low-confidence, pierce time cut off).",2079,10,Plasma Cut,,30000,72.0,13446.66,6748.24,6.9,Cast Iron
sheetMetalNestingCutRate,lookupTables/Component/sheetMetalNestingCutRate.csv,USA reference export,"PARTIAL - Family 15 (Stainless Steel) OxyFuel/Plasma Cut/Plasma Punch complete; Family 2 (Steel) Fiber Laser Cut in progress, stopped at Oxygen/1500W/5.00mm confirmed (6.00mm row flagged low-confidence, pierce time cut off).",2079,10,Plasma Cut,,30000,73.0,13243.33,6646.07,6.9,Cast Iron
sheetMetalNestingCutRate,lookupTables/Component/sheetMetalNestingCutRate.csv,USA reference export,"PARTIAL - Family 15 (Stainless Steel) OxyFuel/Plasma Cut/Plasma Punch complete; Family 2 (Steel) Fiber Laser Cut in progress, stopped at Oxygen/1500W/5.00mm confirmed (6.00mm row flagged low-confidence, pierce time cut off).",2079,10,Plasma Cut,,30000,74.0,13039.5,6494.59,6.9,Cast Iron
sheetMetalNestingCutRate,lookupTables/Component/sheetMetalNestingCutRate.csv,USA reference export,"PARTIAL - Family 15 (Stainless Steel) OxyFuel/Plasma Cut/Plasma Punch complete; Family 2 (Steel) Fiber Laser Cut in progress, stopped at Oxygen/1500W/5.00mm confirmed (6.00mm row flagged low-confidence, pierce time cut off).",2079,10,Plasma Cut,,30000,75.0,12836.65,6393.92,6.9,Cast Iron
sheetMetalNestingCutRate,lookupTables/Component/sheetMetalNestingCutRate.csv,USA reference export,"PARTIAL - Family 15 (Stainless Steel) OxyFuel/Plasma Cut/Plasma Punch complete; Family 2 (Steel) Fiber Laser Cut in progress, stopped at Oxygen/1500W/5.00mm confirmed (6.00mm row flagged low-confidence, pierce time cut off).",2079,10,Plasma Cut,,30000,76.0,12633.32,6291.74,6.9,Cast Iron
sheetMetalNestingCutRate,lookupTables/Component/sheetMetalNestingCutRate.csv,USA reference export,"PARTIAL - Family 15 (Stainless Steel) OxyFuel/Plasma Cut/Plasma Punch complete; Family 2 (Steel) Fiber Laser Cut in progress, stopped at Oxygen/1500W/5.00mm confirmed (6.00mm row flagged low-confidence, pierce time cut off).",2079,10,Plasma Cut,,30000,77.0,12381.17,6190.58,6.9,Cast Iron
sheetMetalNestingCutRate,lookupTables/Component/sheetMetalNestingCutRate.csv,USA reference export,"PARTIAL - Family 15 (Stainless Steel) OxyFuel/Plasma Cut/Plasma Punch complete; Family 2 (Steel) Fiber Laser Cut in progress, stopped at Oxygen/1500W/5.00mm confirmed (6.00mm row flagged low-confidence, pierce time cut off).",2079,10,Plasma Cut,,100000,6.4,272686.79,136341.24,6.9,Cast Iron
sheetMetalNestingCutRate,lookupTables/Component/sheetMetalNestingCutRate.csv,USA reference export,"PARTIAL - Family 15 (Stainless Steel) OxyFuel/Plasma Cut/Plasma Punch complete; Family 2 (Steel) Fiber Laser Cut in progress, stopped at Oxygen/1500W/5.00mm confirmed (6.00mm row flagged low-confidence, pierce time cut off).",2079,10,Plasma Cut,,100000,7.0,269550.06,134772.53,6.9,Cast Iron
sheetMetalNestingCutRate,lookupTables/Component/sheetMetalNestingCutRate.csv,USA reference export,"PARTIAL - Family 15 (Stainless Steel) OxyFuel/Plasma Cut/Plasma Punch complete; Family 2 (Steel) Fiber Laser Cut in progress, stopped at Oxygen/1500W/5.00mm confirmed (6.00mm row flagged low-confidence, pierce time cut off).",2079,10,Plasma Cut,,100000,8.0,262325.25,131159.96,6.9,Cast Iron
sheetMetalNestingCutRate,lookupTables/Component/sheetMetalNestingCutRate.csv,USA reference export,"PARTIAL - Family 15 (Stainless Steel) OxyFuel/Plasma Cut/Plasma Punch complete; Family 2 (Steel) Fiber Laser Cut in progress, stopped at Oxygen/1500W/5.00mm confirmed (6.00mm row flagged low-confidence, pierce time cut off).",2079,10,Plasma Cut,,100000,9.0,254112.59,127054.31,6.9,Cast Iron
sheetMetalNestingCutRate,lookupTables/Component/sheetMetalNestingCutRate.csv,USA reference export,"PARTIAL - Family 15 (Stainless Steel) OxyFuel/Plasma Cut/Plasma Punch complete; Family 2 (Steel) Fiber Laser Cut in progress, stopped at Oxygen/1500W/5.00mm confirmed (6.00mm row flagged low-confidence, pierce time cut off).",2079,10,Plasma Cut,,100000,10.0,245921.24,122963.12,6.9,Cast Iron
sheetMetalNestingCutRate,lookupTables/Component/sheetMetalNestingCutRate.csv,USA reference export,"PARTIAL - Family 15 (Stainless Steel) OxyFuel/Plasma Cut/Plasma Punch complete; Family 2 (Steel) Fiber Laser Cut in progress, stopped at Oxygen/1500W/5.00mm confirmed (6.00mm row flagged low-confidence, pierce time cut off).",2079,10,Plasma Cut,,100000,11.0,237750.43,118371.39,6.9,Cast Iron
sheetMetalNestingCutRate,lookupTables/Component/sheetMetalNestingCutRate.csv,USA reference export,"PARTIAL - Family 15 (Stainless Steel) OxyFuel/Plasma Cut/Plasma Punch complete; Family 2 (Steel) Fiber Laser Cut in progress, stopped at Oxygen/1500W/5.00mm confirmed (6.00mm row flagged low-confidence, pierce time cut off).",2079,10,Plasma Cut,,100000,12.0,229591.12,114793.07,6.9,Cast Iron
sheetMetalNestingCutRate,lookupTables/Component/sheetMetalNestingCutRate.csv,USA reference export,"PARTIAL - Family 15 (Stainless Steel) OxyFuel/Plasma Cut/Plasma Punch complete; Family 2 (Steel) Fiber Laser Cut in progress, stopped at Oxygen/1500W/5.00mm confirmed (6.00mm row flagged low-confidence, pierce time cut off).",2079,10,Plasma Cut,,100000,12.7,336765.95,168465.47,6.9,Cast Iron
sheetMetalNestingCutRate,lookupTables/Component/sheetMetalNestingCutRate.csv,USA reference export,"PARTIAL - Family 15 (Stainless Steel) OxyFuel/Plasma Cut/Plasma Punch complete; Family 2 (Steel) Fiber Laser Cut in progress, stopped at Oxygen/1500W/5.00mm confirmed (6.00mm row flagged low-confidence, pierce time cut off).",2079,10,Plasma Cut,,100000,13.0,290642.37,145371.79,6.9,Cast Iron
sheetMetalNestingCutRate,lookupTables/Component/sheetMetalNestingCutRate.csv,USA reference export,"PARTIAL - Family 15 (Stainless Steel) OxyFuel/Plasma Cut/Plasma Punch complete; Family 2 (Steel) Fiber Laser Cut in progress, stopped at Oxygen/1500W/5.00mm confirmed (6.00mm row flagged low-confidence, pierce time cut off).",2079,10,Plasma Cut,,100000,14.0,276650.22,138406.98,6.9,Cast Iron
sheetMetalNestingCutRate,lookupTables/Component/sheetMetalNestingCutRate.csv,USA reference export,"PARTIAL - Family 15 (Stainless Steel) OxyFuel/Plasma Cut/Plasma Punch complete; Family 2 (Steel) Fiber Laser Cut in progress, stopped at Oxygen/1500W/5.00mm confirmed (6.00mm row flagged low-confidence, pierce time cut off).",2079,10,Plasma Cut,,100000,15.0,257051.17,128490.04,6.9,Cast Iron
sheetMetalNestingCutRate,lookupTables/Component/sheetMetalNestingCutRate.csv,USA reference export,"PARTIAL - Family 15 (Stainless Steel) OxyFuel/Plasma Cut/Plasma Punch complete; Family 2 (Steel) Fiber Laser Cut in progress, stopped at Oxygen/1500W/5.00mm confirmed (6.00mm row flagged low-confidence, pierce time cut off).",2079,10,Plasma Cut,,100000,16.0,239766.5,119950.99,6.9,Cast Iron
sheetMetalNestingCutRate,lookupTables/Component/sheetMetalNestingCutRate.csv,USA reference export,"PARTIAL - Family 15 (Stainless Steel) OxyFuel/Plasma Cut/Plasma Punch complete; Family 2 (Steel) Fiber Laser Cut in progress, stopped at Oxygen/1500W/5.00mm confirmed (6.00mm row flagged low-confidence, pierce time cut off).",2079,10,Plasma Cut,,100000,17.0,224679.5,112304.34,6.9,Cast Iron
sheetMetalNestingCutRate,lookupTables/Component/sheetMetalNestingCutRate.csv,USA reference export,"PARTIAL - Family 15 (Stainless Steel) OxyFuel/Plasma Cut/Plasma Punch complete; Family 2 (Steel) Fiber Laser Cut in progress, stopped at Oxygen/1500W/5.00mm confirmed (6.00mm row flagged low-confidence, pierce time cut off).",2079,10,Plasma Cut,,100000,18.0,211294.8,105624.33,6.9,Cast Iron
sheetMetalNestingCutRate,lookupTables/Component/sheetMetalNestingCutRate.csv,USA reference export,"PARTIAL - Family 15 (Stainless Steel) OxyFuel/Plasma Cut/Plasma Punch complete; Family 2 (Steel) Fiber Laser Cut in progress, stopped at Oxygen/1500W/5.00mm confirmed (6.00mm row flagged low-confidence, pierce time cut off).",2079,10,Plasma Cut,,100000,19.0,199399.19,99676.19,6.9,Cast Iron
sheetMetalNestingCutRate,lookupTables/Component/sheetMetalNestingCutRate.csv,USA reference export,"PARTIAL - Family 15 (Stainless Steel) OxyFuel/Plasma Cut/Plasma Punch complete; Family 2 (Steel) Fiber Laser Cut in progress, stopped at Oxygen/1500W/5.00mm confirmed (6.00mm row flagged low-confidence, pierce time cut off).",2079,10,Plasma Cut,,100000,20.0,188628.85,94279.21,6.9,Cast Iron
sheetMetalNestingCutRate,lookupTables/Component/sheetMetalNestingCutRate.csv,USA reference export,"PARTIAL - Family 15 (Stainless Steel) OxyFuel/Plasma Cut/Plasma Punch complete; Family 2 (Steel) Fiber Laser Cut in progress, stopped at Oxygen/1500W/5.00mm confirmed (6.00mm row flagged low-confidence, pierce time cut off).",2079,10,Plasma Cut,,100000,21.0,178868.54,89503.3,6.9,Cast Iron
sheetMetalNestingCutRate,lookupTables/Component/sheetMetalNestingCutRate.csv,USA reference export,"PARTIAL - Family 15 (Stainless Steel) OxyFuel/Plasma Cut/Plasma Punch complete; Family 2 (Steel) Fiber Laser Cut in progress, stopped at Oxygen/1500W/5.00mm confirmed (6.00mm row flagged low-confidence, pierce time cut off).",2079,10,Plasma Cut,,100000,22.0,170210.93,85137.92,6.9,Cast Iron
sheetMetalNestingCutRate,lookupTables/Component/sheetMetalNestingCutRate.csv,USA reference export,"PARTIAL - Family 15 (Stainless Steel) OxyFuel/Plasma Cut/Plasma Punch complete; Family 2 (Steel) Fiber Laser Cut in progress, stopped at Oxygen/1500W/5.00mm confirmed (6.00mm row flagged low-confidence, pierce time cut off).",2079,10,Plasma Cut,,100000,23.0,162214.05,81119.77,6.9,Cast Iron
sheetMetalNestingCutRate,lookupTables/Component/sheetMetalNestingCutRate.csv,USA reference export,"PARTIAL - Family 15 (Stainless Steel) OxyFuel/Plasma Cut/Plasma Punch complete; Family 2 (Steel) Fiber Laser Cut in progress, stopped at Oxygen/1500W/5.00mm confirmed (6.00mm row flagged low-confidence, pierce time cut off).",2079,10,Plasma Cut,,100000,24.0,155049.04,77488.98,6.9,Cast Iron
sheetMetalNestingCutRate,lookupTables/Component/sheetMetalNestingCutRate.csv,USA reference export,"PARTIAL - Family 15 (Stainless Steel) OxyFuel/Plasma Cut/Plasma Punch complete; Family 2 (Steel) Fiber Laser Cut in progress, stopped at Oxygen/1500W/5.00mm confirmed (6.00mm row flagged low-confidence, pierce time cut off).",2079,10,Plasma Cut,,100000,25.0,148296.03,74066.92,6.9,Cast Iron
sheetMetalNestingCutRate,lookupTables/Component/sheetMetalNestingCutRate.csv,USA reference export,"PARTIAL - Family 15 (Stainless Steel) OxyFuel/Plasma Cut/Plasma Punch complete; Family 2 (Steel) Fiber Laser Cut in progress, stopped at Oxygen/1500W/5.00mm confirmed (6.00mm row flagged low-confidence, pierce time cut off).",2079,10,Plasma Cut,,100000,26.0,142137.19,71010.2,6.9,Cast Iron
sheetMetalNestingCutRate,lookupTables/Component/sheetMetalNestingCutRate.csv,USA reference export,"PARTIAL - Family 15 (Stainless Steel) OxyFuel/Plasma Cut/Plasma Punch complete; Family 2 (Steel) Fiber Laser Cut in progress, stopped at Oxygen/1500W/5.00mm confirmed (6.00mm row flagged low-confidence, pierce time cut off).",2079,10,Plasma Cut,,100000,27.0,139633.7,69875.41,6.9,Cast Iron
sheetMetalNestingCutRate,lookupTables/Component/sheetMetalNestingCutRate.csv,USA reference export,"PARTIAL - Family 15 (Stainless Steel) OxyFuel/Plasma Cut/Plasma Punch complete; Family 2 (Steel) Fiber Laser Cut in progress, stopped at Oxygen/1500W/5.00mm confirmed (6.00mm row flagged low-confidence, pierce time cut off).",2079,10,Plasma Cut,,100000,28.0,134140.72,67116.61,6.9,Cast Iron
sheetMetalNestingCutRate,lookupTables/Component/sheetMetalNestingCutRate.csv,USA reference export,"PARTIAL - Family 15 (Stainless Steel) OxyFuel/Plasma Cut/Plasma Punch complete; Family 2 (Steel) Fiber Laser Cut in progress, stopped at Oxygen/1500W/5.00mm confirmed (6.00mm row flagged low-confidence, pierce time cut off).",2079,10,Plasma Cut,,100000,29.0,129046.71,64475.6,6.9,Cast Iron
sheetMetalNestingCutRate,lookupTables/Component/sheetMetalNestingCutRate.csv,USA reference export,"PARTIAL - Family 15 (Stainless Steel) OxyFuel/Plasma Cut/Plasma Punch complete; Family 2 (Steel) Fiber Laser Cut in progress, stopped at Oxygen/1500W/5.00mm confirmed (6.00mm row flagged low-confidence, pierce time cut off).",2079,10,Plasma Cut,,100000,30.0,124107.22,62024.54,6.9,Cast Iron
sheetMetalNestingCutRate,lookupTables/Component/sheetMetalNestingCutRate.csv,USA reference export,"PARTIAL - Family 15 (Stainless Steel) OxyFuel/Plasma Cut/Plasma Punch complete; Family 2 (Steel) Fiber Laser Cut in progress, stopped at Oxygen/1500W/5.00mm confirmed (6.00mm row flagged low-confidence, pierce time cut off).",2079,10,Plasma Cut,,100000,31.0,119625.33,59689.76,6.9,Cast Iron
sheetMetalNestingCutRate,lookupTables/Component/sheetMetalNestingCutRate.csv,USA reference export,"PARTIAL - Family 15 (Stainless Steel) OxyFuel/Plasma Cut/Plasma Punch complete; Family 2 (Steel) Fiber Laser Cut in progress, stopped at Oxygen/1500W/5.00mm confirmed (6.00mm row flagged low-confidence, pierce time cut off).",2079,10,Plasma Cut,,100000,32.0,115451.17,57754.79,6.9,Cast Iron
sheetMetalNestingCutRate,lookupTables/Component/sheetMetalNestingCutRate.csv,USA reference export,"PARTIAL - Family 15 (Stainless Steel) OxyFuel/Plasma Cut/Plasma Punch complete; Family 2 (Steel) Fiber Laser Cut in progress, stopped at Oxygen/1500W/5.00mm confirmed (6.00mm row flagged low-confidence, pierce time cut off).",2079,10,Plasma Cut,,100000,33.0,111583.74,55667.75,6.9,Cast Iron
sheetMetalNestingCutRate,lookupTables/Component/sheetMetalNestingCutRate.csv,USA reference export,"PARTIAL - Family 15 (Stainless Steel) OxyFuel/Plasma Cut/Plasma Punch complete; Family 2 (Steel) Fiber Laser Cut in progress, stopped at Oxygen/1500W/5.00mm confirmed (6.00mm row flagged low-confidence, pierce time cut off).",2079,10,Plasma Cut,,100000,34.0,107810.5,53888.03,6.9,Cast Iron
sheetMetalNestingCutRate,lookupTables/Component/sheetMetalNestingCutRate.csv,USA reference export,"PARTIAL - Family 15 (Stainless Steel) OxyFuel/Plasma Cut/Plasma Punch complete; Family 2 (Steel) Fiber Laser Cut in progress, stopped at Oxygen/1500W/5.00mm confirmed (6.00mm row flagged low-confidence, pierce time cut off).",2079,10,Plasma Cut,,100000,35.0,104308.03,52201.24,6.9,Cast Iron
sheetMetalNestingCutRate,lookupTables/Component/sheetMetalNestingCutRate.csv,USA reference export,"PARTIAL - Family 15 (Stainless Steel) OxyFuel/Plasma Cut/Plasma Punch complete; Family 2 (Steel) Fiber Laser Cut in progress, stopped at Oxygen/1500W/5.00mm confirmed (6.00mm row flagged low-confidence, pierce time cut off).",2079,10,Plasma Cut,,100000,36.0,100995.25,50573.65,6.9,Cast Iron
sheetMetalNestingCutRate,lookupTables/Component/sheetMetalNestingCutRate.csv,USA reference export,"PARTIAL - Family 15 (Stainless Steel) OxyFuel/Plasma Cut/Plasma Punch complete; Family 2 (Steel) Fiber Laser Cut in progress, stopped at Oxygen/1500W/5.00mm confirmed (6.00mm row flagged low-confidence, pierce time cut off).",2079,10,Plasma Cut,,100000,37.0,97987.11,49098.66,6.9,Cast Iron
sheetMetalNestingCutRate,lookupTables/Component/sheetMetalNestingCutRate.csv,USA reference export,"PARTIAL - Family 15 (Stainless Steel) OxyFuel/Plasma Cut/Plasma Punch complete; Family 2 (Steel) Fiber Laser Cut in progress, stopped at Oxygen/1500W/5.00mm confirmed (6.00mm row flagged low-confidence, pierce time cut off).",2079,10,Plasma Cut,,100000,38.0,95038.27,47567.11,6.9,Cast Iron
sheetMetalNestingCutRate,lookupTables/Component/sheetMetalNestingCutRate.csv,USA reference export,"PARTIAL - Family 15 (Stainless Steel) OxyFuel/Plasma Cut/Plasma Punch complete; Family 2 (Steel) Fiber Laser Cut in progress, stopped at Oxygen/1500W/5.00mm confirmed (6.00mm row flagged low-confidence, pierce time cut off).",2079,10,Plasma Cut,,100000,39.0,92244.44,46245.42,6.9,Cast Iron
sheetMetalNestingCutRate,lookupTables/Component/sheetMetalNestingCutRate.csv,USA reference export,"PARTIAL - Family 15 (Stainless Steel) OxyFuel/Plasma Cut/Plasma Punch complete; Family 2 (Steel) Fiber Laser Cut in progress, stopped at Oxygen/1500W/5.00mm confirmed (6.00mm row flagged low-confidence, pierce time cut off).",2079,10,Plasma Cut,,100000,40.0,90553.54,45192.62,6.9,Cast Iron
sheetMetalNestingCutRate,lookupTables/Component/sheetMetalNestingCutRate.csv,USA reference export,"PARTIAL - Family 15 (Stainless Steel) OxyFuel/Plasma Cut/Plasma Punch complete; Family 2 (Steel) Fiber Laser Cut in progress, stopped at Oxygen/1500W/5.00mm confirmed (6.00mm row flagged low-confidence, pierce time cut off).",2079,10,Plasma Cut,,100000,41.0,87851.24,44008.94,6.9,Cast Iron
sheetMetalNestingCutRate,lookupTables/Component/sheetMetalNestingCutRate.csv,USA reference export,"PARTIAL - Family 15 (Stainless Steel) OxyFuel/Plasma Cut/Plasma Punch complete; Family 2 (Steel) Fiber Laser Cut in progress, stopped at Oxygen/1500W/5.00mm confirmed (6.00mm row flagged low-confidence, pierce time cut off).",2079,10,Plasma Cut,,100000,42.0,85485.92,42826.28,6.9,Cast Iron
sheetMetalNestingCutRate,lookupTables/Component/sheetMetalNestingCutRate.csv,USA reference export,"PARTIAL - Family 15 (Stainless Steel) OxyFuel/Plasma Cut/Plasma Punch complete; Family 2 (Steel) Fiber Laser Cut in progress, stopped at Oxygen/1500W/5.00mm confirmed (6.00mm row flagged low-confidence, pierce time cut off).",2079,10,Plasma Cut,,100000,43.0,83117.29,41475.32,6.9,Cast Iron
sheetMetalNestingCutRate,lookupTables/Component/sheetMetalNestingCutRate.csv,USA reference export,"PARTIAL - Family 15 (Stainless Steel) OxyFuel/Plasma Cut/Plasma Punch complete; Family 2 (Steel) Fiber Laser Cut in progress, stopped at Oxygen/1500W/5.00mm confirmed (6.00mm row flagged low-confidence, pierce time cut off).",2079,10,Plasma Cut,,100000,44.0,80922.3,40461.98,6.9,Cast Iron
sheetMetalNestingCutRate,lookupTables/Component/sheetMetalNestingCutRate.csv,USA reference export,"PARTIAL - Family 15 (Stainless Steel) OxyFuel/Plasma Cut/Plasma Punch complete; Family 2 (Steel) Fiber Laser Cut in progress, stopped at Oxygen/1500W/5.00mm confirmed (6.00mm row flagged low-confidence, pierce time cut off).",2079,10,Plasma Cut,,100000,45.0,78725.66,39446.98,6.9,Cast Iron
sheetMetalNestingCutRate,lookupTables/Component/sheetMetalNestingCutRate.csv,USA reference export,"PARTIAL - Family 15 (Stainless Steel) OxyFuel/Plasma Cut/Plasma Punch complete; Family 2 (Steel) Fiber Laser Cut in progress, stopped at Oxygen/1500W/5.00mm confirmed (6.00mm row flagged low-confidence, pierce time cut off).",2079,10,Plasma Cut,,100000,46.0,76696.68,38433.0,6.9,Cast Iron
sheetMetalNestingCutRate,lookupTables/Component/sheetMetalNestingCutRate.csv,USA reference export,"PARTIAL - Family 15 (Stainless Steel) OxyFuel/Plasma Cut/Plasma Punch complete; Family 2 (Steel) Fiber Laser Cut in progress, stopped at Oxygen/1500W/5.00mm confirmed (6.00mm row flagged low-confidence, pierce time cut off).",2079,10,Plasma Cut,,100000,47.0,74837.02,37419.02,6.9,Cast Iron
sheetMetalNestingCutRate,lookupTables/Component/sheetMetalNestingCutRate.csv,USA reference export,"PARTIAL - Family 15 (Stainless Steel) OxyFuel/Plasma Cut/Plasma Punch complete; Family 2 (Steel) Fiber Laser Cut in progress, stopped at Oxygen/1500W/5.00mm confirmed (6.00mm row flagged low-confidence, pierce time cut off).",2079,10,Plasma Cut,,100000,48.0,72978.37,36405.03,6.9,Cast Iron
sheetMetalNestingCutRate,lookupTables/Component/sheetMetalNestingCutRate.csv,USA reference export,"PARTIAL - Family 15 (Stainless Steel) OxyFuel/Plasma Cut/Plasma Punch complete; Family 2 (Steel) Fiber Laser Cut in progress, stopped at Oxygen/1500W/5.00mm confirmed (6.00mm row flagged low-confidence, pierce time cut off).",2079,10,Plasma Cut,,100000,49.0,71119.72,35728.67,6.9,Cast Iron
sheetMetalNestingCutRate,lookupTables/Component/sheetMetalNestingCutRate.csv,USA reference export,"PARTIAL - Family 15 (Stainless Steel) OxyFuel/Plasma Cut/Plasma Punch complete; Family 2 (Steel) Fiber Laser Cut in progress, stopped at Oxygen/1500W/5.00mm confirmed (6.00mm row flagged low-confidence, pierce time cut off).",2079,10,Plasma Cut,,100000,50.0,69430.39,34715.7,6.9,Cast Iron
sheetMetalNestingCutRate,lookupTables/Component/sheetMetalNestingCutRate.csv,USA reference export,"PARTIAL - Family 15 (Stainless Steel) OxyFuel/Plasma Cut/Plasma Punch complete; Family 2 (Steel) Fiber Laser Cut in progress, stopped at Oxygen/1500W/5.00mm confirmed (6.00mm row flagged low-confidence, pierce time cut off).",2079,10,Plasma Cut,,100000,51.0,67907.07,33869.38,6.9,Cast Iron
sheetMetalNestingCutRate,lookupTables/Component/sheetMetalNestingCutRate.csv,USA reference export,"PARTIAL - Family 15 (Stainless Steel) OxyFuel/Plasma Cut/Plasma Punch complete; Family 2 (Steel) Fiber Laser Cut in progress, stopped at Oxygen/1500W/5.00mm confirmed (6.00mm row flagged low-confidence, pierce time cut off).",2079,10,Plasma Cut,,100000,52.0,66218.75,33192.38,6.9,Cast Iron
sheetMetalNestingCutRate,lookupTables/Component/sheetMetalNestingCutRate.csv,USA reference export,"PARTIAL - Family 15 (Stainless Steel) OxyFuel/Plasma Cut/Plasma Punch complete; Family 2 (Steel) Fiber Laser Cut in progress, stopped at Oxygen/1500W/5.00mm confirmed (6.00mm row flagged low-confidence, pierce time cut off).",2079,10,Plasma Cut,,100000,53.0,64696.44,32517.03,6.9,Cast Iron
sheetMetalNestingCutRate,lookupTables/Component/sheetMetalNestingCutRate.csv,USA reference export,"PARTIAL - Family 15 (Stainless Steel) OxyFuel/Plasma Cut/Plasma Punch complete; Family 2 (Steel) Fiber Laser Cut in progress, stopped at Oxygen/1500W/5.00mm confirmed (6.00mm row flagged low-confidence, pierce time cut off).",2079,10,Plasma Cut,,100000,54.0,63343.45,31673.38,6.9,Cast Iron
sheetMetalNestingCutRate,lookupTables/Component/sheetMetalNestingCutRate.csv,USA reference export,"PARTIAL - Family 15 (Stainless Steel) OxyFuel/Plasma Cut/Plasma Punch complete; Family 2 (Steel) Fiber Laser Cut in progress, stopped at Oxygen/1500W/5.00mm confirmed (6.00mm row flagged low-confidence, pierce time cut off).",2079,10,Plasma Cut,,100000,55.0,61992.11,30994.72,6.9,Cast Iron
sheetMetalNestingCutRate,lookupTables/Component/sheetMetalNestingCutRate.csv,USA reference export,"PARTIAL - Family 15 (Stainless Steel) OxyFuel/Plasma Cut/Plasma Punch complete; Family 2 (Steel) Fiber Laser Cut in progress, stopped at Oxygen/1500W/5.00mm confirmed (6.00mm row flagged low-confidence, pierce time cut off).",2079,10,Plasma Cut,,100000,56.0,60639.12,30320.39,6.9,Cast Iron
sheetMetalNestingCutRate,lookupTables/Component/sheetMetalNestingCutRate.csv,USA reference export,"PARTIAL - Family 15 (Stainless Steel) OxyFuel/Plasma Cut/Plasma Punch complete; Family 2 (Steel) Fiber Laser Cut in progress, stopped at Oxygen/1500W/5.00mm confirmed (6.00mm row flagged low-confidence, pierce time cut off).",2079,10,Plasma Cut,,100000,57.0,59455.45,29644.4,6.9,Cast Iron
sheetMetalNestingCutRate,lookupTables/Component/sheetMetalNestingCutRate.csv,USA reference export,"PARTIAL - Family 15 (Stainless Steel) OxyFuel/Plasma Cut/Plasma Punch complete; Family 2 (Steel) Fiber Laser Cut in progress, stopped at Oxygen/1500W/5.00mm confirmed (6.00mm row flagged low-confidence, pierce time cut off).",2079,10,Plasma Cut,,100000,58.0,58103.47,29135.06,6.9,Cast Iron
sheetMetalNestingCutRate,lookupTables/Component/sheetMetalNestingCutRate.csv,USA reference export,"PARTIAL - Family 15 (Stainless Steel) OxyFuel/Plasma Cut/Plasma Punch complete; Family 2 (Steel) Fiber Laser Cut in progress, stopped at Oxygen/1500W/5.00mm confirmed (6.00mm row flagged low-confidence, pierce time cut off).",2079,10,Plasma Cut,,100000,59.0,56919.8,28459.07,6.9,Cast Iron
sheetMetalNestingCutRate,lookupTables/Component/sheetMetalNestingCutRate.csv,USA reference export,"PARTIAL - Family 15 (Stainless Steel) OxyFuel/Plasma Cut/Plasma Punch complete; Family 2 (Steel) Fiber Laser Cut in progress, stopped at Oxygen/1500W/5.00mm confirmed (6.00mm row flagged low-confidence, pierce time cut off).",2079,10,Plasma Cut,,100000,60.0,55737.14,27952.4,6.9,Cast Iron
sheetMetalNestingCutRate,lookupTables/Component/sheetMetalNestingCutRate.csv,USA reference export,"PARTIAL - Family 15 (Stainless Steel) OxyFuel/Plasma Cut/Plasma Punch complete; Family 2 (Steel) Fiber Laser Cut in progress, stopped at Oxygen/1500W/5.00mm confirmed (6.00mm row flagged low-confidence, pierce time cut off).",2079,10,Plasma Cut,,100000,61.0,54722.14,27276.41,6.9,Cast Iron
sheetMetalNestingCutRate,lookupTables/Component/sheetMetalNestingCutRate.csv,USA reference export,"PARTIAL - Family 15 (Stainless Steel) OxyFuel/Plasma Cut/Plasma Punch complete; Family 2 (Steel) Fiber Laser Cut in progress, stopped at Oxygen/1500W/5.00mm confirmed (6.00mm row flagged low-confidence, pierce time cut off).",2079,10,Plasma Cut,,100000,62.0,53707.14,26769.74,6.9,Cast Iron
sheetMetalNestingCutRate,lookupTables/Component/sheetMetalNestingCutRate.csv,USA reference export,"PARTIAL - Family 15 (Stainless Steel) OxyFuel/Plasma Cut/Plasma Punch complete; Family 2 (Steel) Fiber Laser Cut in progress, stopped at Oxygen/1500W/5.00mm confirmed (6.00mm row flagged low-confidence, pierce time cut off).",2079,10,Plasma Cut,,100000,63.0,52693.8,26263.07,6.9,Cast Iron
sheetMetalNestingCutRate,lookupTables/Component/sheetMetalNestingCutRate.csv,USA reference export,"PARTIAL - Family 15 (Stainless Steel) OxyFuel/Plasma Cut/Plasma Punch complete; Family 2 (Steel) Fiber Laser Cut in progress, stopped at Oxygen/1500W/5.00mm confirmed (6.00mm row flagged low-confidence, pierce time cut off).",2079,10,Plasma Cut,,100000,64.0,51678.8,25754.74,6.9,Cast Iron
sheetMetalNestingCutRate,lookupTables/Component/sheetMetalNestingCutRate.csv,USA reference export,"PARTIAL - Family 15 (Stainless Steel) OxyFuel/Plasma Cut/Plasma Punch complete; Family 2 (Steel) Fiber Laser Cut in progress, stopped at Oxygen/1500W/5.00mm confirmed (6.00mm row flagged low-confidence, pierce time cut off).",2079,10,Plasma Cut,,100000,65.0,50664.82,25417.39,6.9,Cast Iron
sheetMetalNestingCutRate,lookupTables/Component/sheetMetalNestingCutRate.csv,USA reference export,"PARTIAL - Family 15 (Stainless Steel) OxyFuel/Plasma Cut/Plasma Punch complete; Family 2 (Steel) Fiber Laser Cut in progress, stopped at Oxygen/1500W/5.00mm confirmed (6.00mm row flagged low-confidence, pierce time cut off).",2079,10,Plasma Cut,,100000,66.0,49649.82,24740.76,6.9,Cast Iron
sheetMetalNestingCutRate,lookupTables/Component/sheetMetalNestingCutRate.csv,USA reference export,"PARTIAL - Family 15 (Stainless Steel) OxyFuel/Plasma Cut/Plasma Punch complete; Family 2 (Steel) Fiber Laser Cut in progress, stopped at Oxygen/1500W/5.00mm confirmed (6.00mm row flagged low-confidence, pierce time cut off).",2079,10,Plasma Cut,,100000,67.0,48805.16,24401.75,6.9,Cast Iron
sheetMetalNestingCutRate,lookupTables/Component/sheetMetalNestingCutRate.csv,USA reference export,"PARTIAL - Family 15 (Stainless Steel) OxyFuel/Plasma Cut/Plasma Punch complete; Family 2 (Steel) Fiber Laser Cut in progress, stopped at Oxygen/1500W/5.00mm confirmed (6.00mm row flagged low-confidence, pierce time cut off).",2079,10,Plasma Cut,,100000,68.0,47959.48,24064.4,6.9,Cast Iron
sheetMetalNestingCutRate,lookupTables/Component/sheetMetalNestingCutRate.csv,USA reference export,"PARTIAL - Family 15 (Stainless Steel) OxyFuel/Plasma Cut/Plasma Punch complete; Family 2 (Steel) Fiber Laser Cut in progress, stopped at Oxygen/1500W/5.00mm confirmed (6.00mm row flagged low-confidence, pierce time cut off).",2079,10,Plasma Cut,,100000,69.0,47113.16,23389.42,6.9,Cast Iron
sheetMetalNestingCutRate,lookupTables/Component/sheetMetalNestingCutRate.csv,USA reference export,"PARTIAL - Family 15 (Stainless Steel) OxyFuel/Plasma Cut/Plasma Punch complete; Family 2 (Steel) Fiber Laser Cut in progress, stopped at Oxygen/1500W/5.00mm confirmed (6.00mm row flagged low-confidence, pierce time cut off).",2079,10,Plasma Cut,,100000,70.0,46268.49,23048.76,6.9,Cast Iron
sheetMetalNestingCutRate,lookupTables/Component/sheetMetalNestingCutRate.csv,USA reference export,"PARTIAL - Family 15 (Stainless Steel) OxyFuel/Plasma Cut/Plasma Punch complete; Family 2 (Steel) Fiber Laser Cut in progress, stopped at Oxygen/1500W/5.00mm confirmed (6.00mm row flagged low-confidence, pierce time cut off).",2079,10,Plasma Cut,,100000,71.0,45423.83,22711.41,6.9,Cast Iron
sheetMetalNestingCutRate,lookupTables/Component/sheetMetalNestingCutRate.csv,USA reference export,"PARTIAL - Family 15 (Stainless Steel) OxyFuel/Plasma Cut/Plasma Punch complete; Family 2 (Steel) Fiber Laser Cut in progress, stopped at Oxygen/1500W/5.00mm confirmed (6.00mm row flagged low-confidence, pierce time cut off).",2079,10,Plasma Cut,,100000,72.0,44579.16,22373.41,6.9,Cast Iron
sheetMetalNestingCutRate,lookupTables/Component/sheetMetalNestingCutRate.csv,USA reference export,"PARTIAL - Family 15 (Stainless Steel) OxyFuel/Plasma Cut/Plasma Punch complete; Family 2 (Steel) Fiber Laser Cut in progress, stopped at Oxygen/1500W/5.00mm confirmed (6.00mm row flagged low-confidence, pierce time cut off).",2079,10,Plasma Cut,,100000,73.0,43902.16,22034.4,6.9,Cast Iron
sheetMetalNestingCutRate,lookupTables/Component/sheetMetalNestingCutRate.csv,USA reference export,"PARTIAL - Family 15 (Stainless Steel) OxyFuel/Plasma Cut/Plasma Punch complete; Family 2 (Steel) Fiber Laser Cut in progress, stopped at Oxygen/1500W/5.00mm confirmed (6.00mm row flagged low-confidence, pierce time cut off).",2079,10,Plasma Cut,,100000,74.0,43223.5,21527.09,6.9,Cast Iron
sheetMetalNestingCutRate,lookupTables/Component/sheetMetalNestingCutRate.csv,USA reference export,"PARTIAL - Family 15 (Stainless Steel) OxyFuel/Plasma Cut/Plasma Punch complete; Family 2 (Steel) Fiber Laser Cut in progress, stopped at Oxygen/1500W/5.00mm confirmed (6.00mm row flagged low-confidence, pierce time cut off).",2079,10,Plasma Cut,,100000,75.0,42548.15,21190.75,6.9,Cast Iron
sheetMetalNestingCutRate,lookupTables/Component/sheetMetalNestingCutRate.csv,USA reference export,"PARTIAL - Family 15 (Stainless Steel) OxyFuel/Plasma Cut/Plasma Punch complete; Family 2 (Steel) Fiber Laser Cut in progress, stopped at Oxygen/1500W/5.00mm confirmed (6.00mm row flagged low-confidence, pierce time cut off).",2079,10,Plasma Cut,,100000,76.0,41871.15,20851.74,6.9,Cast Iron
sheetMetalNestingCutRate,lookupTables/Component/sheetMetalNestingCutRate.csv,USA reference export,"PARTIAL - Family 15 (Stainless Steel) OxyFuel/Plasma Cut/Plasma Punch complete; Family 2 (Steel) Fiber Laser Cut in progress, stopped at Oxygen/1500W/5.00mm confirmed (6.00mm row flagged low-confidence, pierce time cut off).",2079,10,Plasma Cut,,100000,77.0,41027.5,20513.75,6.9,Cast Iron
sheetMetalNestingCutRate,lookupTables/Component/sheetMetalNestingCutRate.csv,USA reference export,"PARTIAL - Family 15 (Stainless Steel) OxyFuel/Plasma Cut/Plasma Punch complete; Family 2 (Steel) Fiber Laser Cut in progress, stopped at Oxygen/1500W/5.00mm confirmed (6.00mm row flagged low-confidence, pierce time cut off).",2079,10,Plasma Punch,,30.0,6.0,671.65,537.32,0.0,Cast Iron
sheetMetalNestingCutRate,lookupTables/Component/sheetMetalNestingCutRate.csv,USA reference export,"PARTIAL - Family 15 (Stainless Steel) OxyFuel/Plasma Cut/Plasma Punch complete; Family 2 (Steel) Fiber Laser Cut in progress, stopped at Oxygen/1500W/5.00mm confirmed (6.00mm row flagged low-confidence, pierce time cut off).",2079,10,Plasma Punch,,50.0,6.0,959.5,767.6,0.0,Cast Iron
sheetMetalNestingCutRate,lookupTables/Component/sheetMetalNestingCutRate.csv,USA reference export,"PARTIAL - Family 15 (Stainless Steel) OxyFuel/Plasma Cut/Plasma Punch complete; Family 2 (Steel) Fiber Laser Cut in progress, stopped at Oxygen/1500W/5.00mm confirmed (6.00mm row flagged low-confidence, pierce time cut off).",2079,10,Plasma Punch,,50.0,7.0,787.8,630.24,0.0,Cast Iron
sheetMetalNestingCutRate,lookupTables/Component/sheetMetalNestingCutRate.csv,USA reference export,"PARTIAL - Family 15 (Stainless Steel) OxyFuel/Plasma Cut/Plasma Punch complete; Family 2 (Steel) Fiber Laser Cut in progress, stopped at Oxygen/1500W/5.00mm confirmed (6.00mm row flagged low-confidence, pierce time cut off).",2079,10,Plasma Punch,,50.0,8.0,636.3,509.04,0.0,Cast Iron
sheetMetalNestingCutRate,lookupTables/Component/sheetMetalNestingCutRate.csv,USA reference export,"PARTIAL - Family 15 (Stainless Steel) OxyFuel/Plasma Cut/Plasma Punch complete; Family 2 (Steel) Fiber Laser Cut in progress, stopped at Oxygen/1500W/5.00mm confirmed (6.00mm row flagged low-confidence, pierce time cut off).",2079,10,Plasma Punch,,80.0,6.0,3075.45,2460.36,0.0,Cast Iron
sheetMetalNestingCutRate,lookupTables/Component/sheetMetalNestingCutRate.csv,USA reference export,"PARTIAL - Family 15 (Stainless Steel) OxyFuel/Plasma Cut/Plasma Punch complete; Family 2 (Steel) Fiber Laser Cut in progress, stopped at Oxygen/1500W/5.00mm confirmed (6.00mm row flagged low-confidence, pierce time cut off).",2079,10,Plasma Punch,,80.0,10.0,1828.1,1462.48,0.0,Cast Iron
sheetMetalNestingCutRate,lookupTables/Component/sheetMetalNestingCutRate.csv,USA reference export,"PARTIAL - Family 15 (Stainless Steel) OxyFuel/Plasma Cut/Plasma Punch complete; Family 2 (Steel) Fiber Laser Cut in progress, stopped at Oxygen/1500W/5.00mm confirmed (6.00mm row flagged low-confidence, pierce time cut off).",2079,10,Plasma Punch,,80.0,12.0,1424.1,1139.28,0.0,Cast Iron
sheetMetalNestingCutRate,lookupTables/Component/sheetMetalNestingCutRate.csv,USA reference export,"PARTIAL - Family 15 (Stainless Steel) OxyFuel/Plasma Cut/Plasma Punch complete; Family 2 (Steel) Fiber Laser Cut in progress, stopped at Oxygen/1500W/5.00mm confirmed (6.00mm row flagged low-confidence, pierce time cut off).",2079,10,Plasma Punch,,80.0,15.0,1040.3,832.24,0.0,Cast Iron
sheetMetalNestingCutRate,lookupTables/Component/sheetMetalNestingCutRate.csv,USA reference export,"PARTIAL - Family 15 (Stainless Steel) OxyFuel/Plasma Cut/Plasma Punch complete; Family 2 (Steel) Fiber Laser Cut in progress, stopped at Oxygen/1500W/5.00mm confirmed (6.00mm row flagged low-confidence, pierce time cut off).",2079,10,Plasma Punch,,80.0,20.0,550.45,440.36,0.0,Cast Iron
sheetMetalNestingCutRate,lookupTables/Component/sheetMetalNestingCutRate.csv,USA reference export,"PARTIAL - Family 15 (Stainless Steel) OxyFuel/Plasma Cut/Plasma Punch complete; Family 2 (Steel) Fiber Laser Cut in progress, stopped at Oxygen/1500W/5.00mm confirmed (6.00mm row flagged low-confidence, pierce time cut off).",2079,10,Plasma Punch,,130.0,6.0,4075.35,3260.28,0.0,Cast Iron
sheetMetalNestingCutRate,lookupTables/Component/sheetMetalNestingCutRate.csv,USA reference export,"PARTIAL - Family 15 (Stainless Steel) OxyFuel/Plasma Cut/Plasma Punch complete; Family 2 (Steel) Fiber Laser Cut in progress, stopped at Oxygen/1500W/5.00mm confirmed (6.00mm row flagged low-confidence, pierce time cut off).",2079,10,Plasma Punch,,130.0,8.0,3393.6,2714.88,0.0,Cast Iron
sheetMetalNestingCutRate,lookupTables/Component/sheetMetalNestingCutRate.csv,USA reference export,"PARTIAL - Family 15 (Stainless Steel) OxyFuel/Plasma Cut/Plasma Punch complete; Family 2 (Steel) Fiber Laser Cut in progress, stopped at Oxygen/1500W/5.00mm confirmed (6.00mm row flagged low-confidence, pierce time cut off).",2079,10,Plasma Punch,,130.0,10.0,2706.8,2165.44,0.0,Cast Iron
sheetMetalNestingCutRate,lookupTables/Component/sheetMetalNestingCutRate.csv,USA reference export,"PARTIAL - Family 15 (Stainless Steel) OxyFuel/Plasma Cut/Plasma Punch complete; Family 2 (Steel) Fiber Laser Cut in progress, stopped at Oxygen/1500W/5.00mm confirmed (6.00mm row flagged low-confidence, pierce time cut off).",2079,10,Plasma Punch,,130.0,12.0,2222.0,1777.6,0.0,Cast Iron
sheetMetalNestingCutRate,lookupTables/Component/sheetMetalNestingCutRate.csv,USA reference export,"PARTIAL - Family 15 (Stainless Steel) OxyFuel/Plasma Cut/Plasma Punch complete; Family 2 (Steel) Fiber Laser Cut in progress, stopped at Oxygen/1500W/5.00mm confirmed (6.00mm row flagged low-confidence, pierce time cut off).",2079,10,Plasma Punch,,130.0,15.0,1681.65,1345.32,0.0,Cast Iron
sheetMetalNestingCutRate,lookupTables/Component/sheetMetalNestingCutRate.csv,USA reference export,"PARTIAL - Family 15 (Stainless Steel) OxyFuel/Plasma Cut/Plasma Punch complete; Family 2 (Steel) Fiber Laser Cut in progress, stopped at Oxygen/1500W/5.00mm confirmed (6.00mm row flagged low-confidence, pierce time cut off).",2079,10,Plasma Punch,,130.0,20.0,1060.5,848.4,0.0,Cast Iron
sheetMetalNestingCutRate,lookupTables/Component/sheetMetalNestingCutRate.csv,USA reference export,"PARTIAL - Family 15 (Stainless Steel) OxyFuel/Plasma Cut/Plasma Punch complete; Family 2 (Steel) Fiber Laser Cut in progress, stopped at Oxygen/1500W/5.00mm confirmed (6.00mm row flagged low-confidence, pierce time cut off).",2079,10,Plasma Punch,,130.0,25.0,555.5,444.4,0.0,Cast Iron
sheetMetalNestingCutRate,lookupTables/Component/sheetMetalNestingCutRate.csv,USA reference export,"PARTIAL - Family 15 (Stainless Steel) OxyFuel/Plasma Cut/Plasma Punch complete; Family 2 (Steel) Fiber Laser Cut in progress, stopped at Oxygen/1500W/5.00mm confirmed (6.00mm row flagged low-confidence, pierce time cut off).",2079,10,Plasma Punch,,130.0,32.0,378.75,303.0,0.0,Cast Iron
sheetMetalNestingCutRate,lookupTables/Component/sheetMetalNestingCutRate.csv,USA reference export,"PARTIAL - Family 15 (Stainless Steel) OxyFuel/Plasma Cut/Plasma Punch complete; Family 2 (Steel) Fiber Laser Cut in progress, stopped at Oxygen/1500W/5.00mm confirmed (6.00mm row flagged low-confidence, pierce time cut off).",2079,10,Plasma Punch,,130.0,38.0,257.55,206.04,0.0,Cast Iron
sheetMetalNestingCutRate,lookupTables/Component/sheetMetalNestingCutRate.csv,USA reference export,"PARTIAL - Family 15 (Stainless Steel) OxyFuel/Plasma Cut/Plasma Punch complete; Family 2 (Steel) Fiber Laser Cut in progress, stopped at Oxygen/1500W/5.00mm confirmed (6.00mm row flagged low-confidence, pierce time cut off).",2079,10,Plasma Punch,,200.0,6.0,5302.5,4242.0,0.0,Cast Iron
sheetMetalNestingCutRate,lookupTables/Component/sheetMetalNestingCutRate.csv,USA reference export,"PARTIAL - Family 15 (Stainless Steel) OxyFuel/Plasma Cut/Plasma Punch complete; Family 2 (Steel) Fiber Laser Cut in progress, stopped at Oxygen/1500W/5.00mm confirmed (6.00mm row flagged low-confidence, pierce time cut off).",2079,10,Plasma Punch,,200.0,8.0,4398.55,3518.84,0.0,Cast Iron
sheetMetalNestingCutRate,lookupTables/Component/sheetMetalNestingCutRate.csv,USA reference export,"PARTIAL - Family 15 (Stainless Steel) OxyFuel/Plasma Cut/Plasma Punch complete; Family 2 (Steel) Fiber Laser Cut in progress, stopped at Oxygen/1500W/5.00mm confirmed (6.00mm row flagged low-confidence, pierce time cut off).",2079,10,Plasma Punch,,200.0,10.0,3494.6,2795.68,0.0,Cast Iron
sheetMetalNestingCutRate,lookupTables/Component/sheetMetalNestingCutRate.csv,USA reference export,"PARTIAL - Family 15 (Stainless Steel) OxyFuel/Plasma Cut/Plasma Punch complete; Family 2 (Steel) Fiber Laser Cut in progress, stopped at Oxygen/1500W/5.00mm confirmed (6.00mm row flagged low-confidence, pierce time cut off).",2079,10,Plasma Punch,,200.0,12.0,3090.6,2472.48,0.0,Cast Iron
sheetMetalNestingCutRate,lookupTables/Component/sheetMetalNestingCutRate.csv,USA reference export,"PARTIAL - Family 15 (Stainless Steel) OxyFuel/Plasma Cut/Plasma Punch complete; Family 2 (Steel) Fiber Laser Cut in progress, stopped at Oxygen/1500W/5.00mm confirmed (6.00mm row flagged low-confidence, pierce time cut off).",2079,10,Plasma Punch,,200.0,15.0,2297.75,1838.2,0.0,Cast Iron
sheetMetalNestingCutRate,lookupTables/Component/sheetMetalNestingCutRate.csv,USA reference export,"PARTIAL - Family 15 (Stainless Steel) OxyFuel/Plasma Cut/Plasma Punch complete; Family 2 (Steel) Fiber Laser Cut in progress, stopped at Oxygen/1500W/5.00mm confirmed (6.00mm row flagged low-confidence, pierce time cut off).",2079,10,Plasma Punch,,200.0,20.0,1590.75,1272.6,0.0,Cast Iron
sheetMetalNestingCutRate,lookupTables/Component/sheetMetalNestingCutRate.csv,USA reference export,"PARTIAL - Family 15 (Stainless Steel) OxyFuel/Plasma Cut/Plasma Punch complete; Family 2 (Steel) Fiber Laser Cut in progress, stopped at Oxygen/1500W/5.00mm confirmed (6.00mm row flagged low-confidence, pierce time cut off).",2079,10,Plasma Punch,,200.0,25.0,1176.65,941.32,0.0,Cast Iron
sheetMetalNestingCutRate,lookupTables/Component/sheetMetalNestingCutRate.csv,USA reference export,"PARTIAL - Family 15 (Stainless Steel) OxyFuel/Plasma Cut/Plasma Punch complete; Family 2 (Steel) Fiber Laser Cut in progress, stopped at Oxygen/1500W/5.00mm confirmed (6.00mm row flagged low-confidence, pierce time cut off).",2079,10,Plasma Punch,,200.0,32.0,757.5,606.0,0.0,Cast Iron
sheetMetalNestingCutRate,lookupTables/Component/sheetMetalNestingCutRate.csv,USA reference export,"PARTIAL - Family 15 (Stainless Steel) OxyFuel/Plasma Cut/Plasma Punch complete; Family 2 (Steel) Fiber Laser Cut in progress, stopped at Oxygen/1500W/5.00mm confirmed (6.00mm row flagged low-confidence, pierce time cut off).",2079,10,Plasma Punch,,200.0,38.0,515.1,412.08,0.0,Cast Iron
sheetMetalNestingCutRate,lookupTables/Component/sheetMetalNestingCutRate.csv,USA reference export,"PARTIAL - Family 15 (Stainless Steel) OxyFuel/Plasma Cut/Plasma Punch complete; Family 2 (Steel) Fiber Laser Cut in progress, stopped at Oxygen/1500W/5.00mm confirmed (6.00mm row flagged low-confidence, pierce time cut off).",2079,10,Plasma Punch,,200.0,50.0,257.55,206.04,0.0,Cast Iron
sheetMetalNestingCutRate,lookupTables/Component/sheetMetalNestingCutRate.csv,USA reference export,"PARTIAL - Family 15 (Stainless Steel) OxyFuel/Plasma Cut/Plasma Punch complete; Family 2 (Steel) Fiber Laser Cut in progress, stopped at Oxygen/1500W/5.00mm confirmed (6.00mm row flagged low-confidence, pierce time cut off).",2079,10,Plasma Punch,,260.0,6.0,6565.0,5252.0,0.0,Cast Iron
sheetMetalNestingCutRate,lookupTables/Component/sheetMetalNestingCutRate.csv,USA reference export,"PARTIAL - Family 15 (Stainless Steel) OxyFuel/Plasma Cut/Plasma Punch complete; Family 2 (Steel) Fiber Laser Cut in progress, stopped at Oxygen/1500W/5.00mm confirmed (6.00mm row flagged low-confidence, pierce time cut off).",2079,10,Plasma Punch,,260.0,8.0,5524.7,4419.76,0.0,Cast Iron
sheetMetalNestingCutRate,lookupTables/Component/sheetMetalNestingCutRate.csv,USA reference export,"PARTIAL - Family 15 (Stainless Steel) OxyFuel/Plasma Cut/Plasma Punch complete; Family 2 (Steel) Fiber Laser Cut in progress, stopped at Oxygen/1500W/5.00mm confirmed (6.00mm row flagged low-confidence, pierce time cut off).",2079,10,Plasma Punch,,260.0,10.0,4484.4,3587.52,0.0,Cast Iron
sheetMetalNestingCutRate,lookupTables/Component/sheetMetalNestingCutRate.csv,USA reference export,"PARTIAL - Family 15 (Stainless Steel) OxyFuel/Plasma Cut/Plasma Punch complete; Family 2 (Steel) Fiber Laser Cut in progress, stopped at Oxygen/1500W/5.00mm confirmed (6.00mm row flagged low-confidence, pierce time cut off).",2079,10,Plasma Punch,,260.0,12.0,3888.5,3110.8,0.0,Cast Iron
sheetMetalNestingCutRate,lookupTables/Component/sheetMetalNestingCutRate.csv,USA reference export,"PARTIAL - Family 15 (Stainless Steel) OxyFuel/Plasma Cut/Plasma Punch complete; Family 2 (Steel) Fiber Laser Cut in progress, stopped at Oxygen/1500W/5.00mm confirmed (6.00mm row flagged low-confidence, pierce time cut off).",2079,10,Plasma Punch,,260.0,15.0,3161.3,2529.04,0.0,Cast Iron
sheetMetalNestingCutRate,lookupTables/Component/sheetMetalNestingCutRate.csv,USA reference export,"PARTIAL - Family 15 (Stainless Steel) OxyFuel/Plasma Cut/Plasma Punch complete; Family 2 (Steel) Fiber Laser Cut in progress, stopped at Oxygen/1500W/5.00mm confirmed (6.00mm row flagged low-confidence, pierce time cut off).",2079,10,Plasma Punch,,260.0,20.0,2191.7,1753.36,0.0,Cast Iron
sheetMetalNestingCutRate,lookupTables/Component/sheetMetalNestingCutRate.csv,USA reference export,"PARTIAL - Family 15 (Stainless Steel) OxyFuel/Plasma Cut/Plasma Punch complete; Family 2 (Steel) Fiber Laser Cut in progress, stopped at Oxygen/1500W/5.00mm confirmed (6.00mm row flagged low-confidence, pierce time cut off).",2079,10,Plasma Punch,,260.0,22.0,1949.3,1559.44,0.0,Cast Iron
sheetMetalNestingCutRate,lookupTables/Component/sheetMetalNestingCutRate.csv,USA reference export,"PARTIAL - Family 15 (Stainless Steel) OxyFuel/Plasma Cut/Plasma Punch complete; Family 2 (Steel) Fiber Laser Cut in progress, stopped at Oxygen/1500W/5.00mm confirmed (6.00mm row flagged low-confidence, pierce time cut off).",2079,10,Plasma Punch,,260.0,25.0,1701.85,1361.48,0.0,Cast Iron
sheetMetalNestingCutRate,lookupTables/Component/sheetMetalNestingCutRate.csv,USA reference export,"PARTIAL - Family 15 (Stainless Steel) OxyFuel/Plasma Cut/Plasma Punch complete; Family 2 (Steel) Fiber Laser Cut in progress, stopped at Oxygen/1500W/5.00mm confirmed (6.00mm row flagged low-confidence, pierce time cut off).",2079,10,Plasma Punch,,260.0,28.0,1459.45,1167.56,0.0,Cast Iron
sheetMetalNestingCutRate,lookupTables/Component/sheetMetalNestingCutRate.csv,USA reference export,"PARTIAL - Family 15 (Stainless Steel) OxyFuel/Plasma Cut/Plasma Punch complete; Family 2 (Steel) Fiber Laser Cut in progress, stopped at Oxygen/1500W/5.00mm confirmed (6.00mm row flagged low-confidence, pierce time cut off).",2079,10,Plasma Punch,,260.0,32.0,1146.35,917.08,0.0,Cast Iron
sheetMetalNestingCutRate,lookupTables/Component/sheetMetalNestingCutRate.csv,USA reference export,"PARTIAL - Family 15 (Stainless Steel) OxyFuel/Plasma Cut/Plasma Punch complete; Family 2 (Steel) Fiber Laser Cut in progress, stopped at Oxygen/1500W/5.00mm confirmed (6.00mm row flagged low-confidence, pierce time cut off).",2079,10,Plasma Punch,,260.0,38.0,903.95,723.16,0.0,Cast Iron
sheetMetalNestingCutRate,lookupTables/Component/sheetMetalNestingCutRate.csv,USA reference export,"PARTIAL - Family 15 (Stainless Steel) OxyFuel/Plasma Cut/Plasma Punch complete; Family 2 (Steel) Fiber Laser Cut in progress, stopped at Oxygen/1500W/5.00mm confirmed (6.00mm row flagged low-confidence, pierce time cut off).",2079,10,Plasma Punch,,260.0,44.0,585.8,468.64,0.0,Cast Iron
sheetMetalNestingCutRate,lookupTables/Component/sheetMetalNestingCutRate.csv,USA reference export,"PARTIAL - Family 15 (Stainless Steel) OxyFuel/Plasma Cut/Plasma Punch complete; Family 2 (Steel) Fiber Laser Cut in progress, stopped at Oxygen/1500W/5.00mm confirmed (6.00mm row flagged low-confidence, pierce time cut off).",2079,10,Plasma Punch,,260.0,50.0,409.05,327.24,0.0,Cast Iron
sheetMetalNestingCutRate,lookupTables/Component/sheetMetalNestingCutRate.csv,USA reference export,"PARTIAL - Family 15 (Stainless Steel) OxyFuel/Plasma Cut/Plasma Punch complete; Family 2 (Steel) Fiber Laser Cut in progress, stopped at Oxygen/1500W/5.00mm confirmed (6.00mm row flagged low-confidence, pierce time cut off).",2079,10,Plasma Punch,,260.0,58.0,292.9,234.32,0.0,Cast Iron
sheetMetalNestingCutRate,lookupTables/Component/sheetMetalNestingCutRate.csv,USA reference export,"PARTIAL - Family 15 (Stainless Steel) OxyFuel/Plasma Cut/Plasma Punch complete; Family 2 (Steel) Fiber Laser Cut in progress, stopped at Oxygen/1500W/5.00mm confirmed (6.00mm row flagged low-confidence, pierce time cut off).",2079,10,Plasma Punch,,260.0,64.0,196.95,157.56,0.0,Cast Iron
sheetMetalNestingCutRate,lookupTables/Component/sheetMetalNestingCutRate.csv,USA reference export,"PARTIAL - Family 15 (Stainless Steel) OxyFuel/Plasma Cut/Plasma Punch complete; Family 2 (Steel) Fiber Laser Cut in progress, stopped at Oxygen/1500W/5.00mm confirmed (6.00mm row flagged low-confidence, pierce time cut off).",2079,10,Plasma Punch,,400.0,12.0,4474.3,3579.44,0.0,Cast Iron
sheetMetalNestingCutRate,lookupTables/Component/sheetMetalNestingCutRate.csv,USA reference export,"PARTIAL - Family 15 (Stainless Steel) OxyFuel/Plasma Cut/Plasma Punch complete; Family 2 (Steel) Fiber Laser Cut in progress, stopped at Oxygen/1500W/5.00mm confirmed (6.00mm row flagged low-confidence, pierce time cut off).",2079,10,Plasma Punch,,400.0,15.0,3989.5,3191.6,0.0,Cast Iron
sheetMetalNestingCutRate,lookupTables/Component/sheetMetalNestingCutRate.csv,USA reference export,"PARTIAL - Family 15 (Stainless Steel) OxyFuel/Plasma Cut/Plasma Punch complete; Family 2 (Steel) Fiber Laser Cut in progress, stopped at Oxygen/1500W/5.00mm confirmed (6.00mm row flagged low-confidence, pierce time cut off).",2079,10,Plasma Punch,,400.0,20.0,2833.05,2266.44,0.0,Cast Iron
sheetMetalNestingCutRate,lookupTables/Component/sheetMetalNestingCutRate.csv,USA reference export,"PARTIAL - Family 15 (Stainless Steel) OxyFuel/Plasma Cut/Plasma Punch complete; Family 2 (Steel) Fiber Laser Cut in progress, stopped at Oxygen/1500W/5.00mm confirmed (6.00mm row flagged low-confidence, pierce time cut off).",2079,10,Plasma Punch,,400.0,22.0,2565.4,2052.32,0.0,Cast Iron
sheetMetalNestingCutRate,lookupTables/Component/sheetMetalNestingCutRate.csv,USA reference export,"PARTIAL - Family 15 (Stainless Steel) OxyFuel/Plasma Cut/Plasma Punch complete; Family 2 (Steel) Fiber Laser Cut in progress, stopped at Oxygen/1500W/5.00mm confirmed (6.00mm row flagged low-confidence, pierce time cut off).",2079,10,Plasma Punch,,400.0,25.0,2232.1,1785.68,0.0,Cast Iron
sheetMetalNestingCutRate,lookupTables/Component/sheetMetalNestingCutRate.csv,USA reference export,"PARTIAL - Family 15 (Stainless Steel) OxyFuel/Plasma Cut/Plasma Punch complete; Family 2 (Steel) Fiber Laser Cut in progress, stopped at Oxygen/1500W/5.00mm confirmed (6.00mm row flagged low-confidence, pierce time cut off).",2079,10,Plasma Punch,,400.0,30.0,1807.9,1446.32,0.0,Cast Iron
sheetMetalNestingCutRate,lookupTables/Component/sheetMetalNestingCutRate.csv,USA reference export,"PARTIAL - Family 15 (Stainless Steel) OxyFuel/Plasma Cut/Plasma Punch complete; Family 2 (Steel) Fiber Laser Cut in progress, stopped at Oxygen/1500W/5.00mm confirmed (6.00mm row flagged low-confidence, pierce time cut off).",2079,10,Plasma Punch,,400.0,40.0,1171.6,937.28,0.0,Cast Iron
sheetMetalNestingCutRate,lookupTables/Component/sheetMetalNestingCutRate.csv,USA reference export,"PARTIAL - Family 15 (Stainless Steel) OxyFuel/Plasma Cut/Plasma Punch complete; Family 2 (Steel) Fiber Laser Cut in progress, stopped at Oxygen/1500W/5.00mm confirmed (6.00mm row flagged low-confidence, pierce time cut off).",2079,10,Plasma Punch,,400.0,50.0,802.95,642.36,0.0,Cast Iron
sheetMetalNestingCutRate,lookupTables/Component/sheetMetalNestingCutRate.csv,USA reference export,"PARTIAL - Family 15 (Stainless Steel) OxyFuel/Plasma Cut/Plasma Punch complete; Family 2 (Steel) Fiber Laser Cut in progress, stopped at Oxygen/1500W/5.00mm confirmed (6.00mm row flagged low-confidence, pierce time cut off).",2079,10,Plasma Punch,,400.0,60.0,585.8,468.64,0.0,Cast Iron
sheetMetalNestingCutRate,lookupTables/Component/sheetMetalNestingCutRate.csv,USA reference export,"PARTIAL - Family 15 (Stainless Steel) OxyFuel/Plasma Cut/Plasma Punch complete; Family 2 (Steel) Fiber Laser Cut in progress, stopped at Oxygen/1500W/5.00mm confirmed (6.00mm row flagged low-confidence, pierce time cut off).",2079,10,Plasma Punch,,400.0,70.0,383.8,307.04,0.0,Cast Iron
sheetMetalNestingCutRate,lookupTables/Component/sheetMetalNestingCutRate.csv,USA reference export,"PARTIAL - Family 15 (Stainless Steel) OxyFuel/Plasma Cut/Plasma Punch complete; Family 2 (Steel) Fiber Laser Cut in progress, stopped at Oxygen/1500W/5.00mm confirmed (6.00mm row flagged low-confidence, pierce time cut off).",2079,10,Plasma Punch,,400.0,80.0,181.8,145.44,0.0,Cast Iron
sheetMetalNestingCutRate,lookupTables/Component/sheetMetalNestingCutRate.csv,USA reference export,"PARTIAL - Family 15 (Stainless Steel) OxyFuel/Plasma Cut/Plasma Punch complete; Family 2 (Steel) Fiber Laser Cut in progress, stopped at Oxygen/1500W/5.00mm confirmed (6.00mm row flagged low-confidence, pierce time cut off).",2079,15,Fiber Laser Cut,Nitrogen,500,1.0,9250.0,6937.5,0.23,Stainless Steel
sheetMetalNestingCutRate,lookupTables/Component/sheetMetalNestingCutRate.csv,USA reference export,"PARTIAL - Family 15 (Stainless Steel) OxyFuel/Plasma Cut/Plasma Punch complete; Family 2 (Steel) Fiber Laser Cut in progress, stopped at Oxygen/1500W/5.00mm confirmed (6.00mm row flagged low-confidence, pierce time cut off).",2079,15,Fiber Laser Cut,Nitrogen,500,2.0,3050.0,2287.5,0.31,Stainless Steel
sheetMetalNestingCutRate,lookupTables/Component/sheetMetalNestingCutRate.csv,USA reference export,"PARTIAL - Family 15 (Stainless Steel) OxyFuel/Plasma Cut/Plasma Punch complete; Family 2 (Steel) Fiber Laser Cut in progress, stopped at Oxygen/1500W/5.00mm confirmed (6.00mm row flagged low-confidence, pierce time cut off).",2079,15,Fiber Laser Cut,Nitrogen,500,3.2,650.0,487.5,0.41,Stainless Steel
sheetMetalNestingCutRate,lookupTables/Component/sheetMetalNestingCutRate.csv,USA reference export,"PARTIAL - Family 15 (Stainless Steel) OxyFuel/Plasma Cut/Plasma Punch complete; Family 2 (Steel) Fiber Laser Cut in progress, stopped at Oxygen/1500W/5.00mm confirmed (6.00mm row flagged low-confidence, pierce time cut off).",2079,15,Fiber Laser Cut,Nitrogen,750,0.5,20000.0,15000.0,0.12,Stainless Steel
sheetMetalNestingCutRate,lookupTables/Component/sheetMetalNestingCutRate.csv,USA reference export,"PARTIAL - Family 15 (Stainless Steel) OxyFuel/Plasma Cut/Plasma Punch complete; Family 2 (Steel) Fiber Laser Cut in progress, stopped at Oxygen/1500W/5.00mm confirmed (6.00mm row flagged low-confidence, pierce time cut off).",2079,15,Fiber Laser Cut,Nitrogen,750,1.0,11950.0,8962.5,0.14,Stainless Steel
sheetMetalNestingCutRate,lookupTables/Component/sheetMetalNestingCutRate.csv,USA reference export,"PARTIAL - Family 15 (Stainless Steel) OxyFuel/Plasma Cut/Plasma Punch complete; Family 2 (Steel) Fiber Laser Cut in progress, stopped at Oxygen/1500W/5.00mm confirmed (6.00mm row flagged low-confidence, pierce time cut off).",2079,15,Fiber Laser Cut,Nitrogen,750,2.0,3900.0,2925.0,0.19,Stainless Steel
sheetMetalNestingCutRate,lookupTables/Component/sheetMetalNestingCutRate.csv,USA reference export,"PARTIAL - Family 15 (Stainless Steel) OxyFuel/Plasma Cut/Plasma Punch complete; Family 2 (Steel) Fiber Laser Cut in progress, stopped at Oxygen/1500W/5.00mm confirmed (6.00mm row flagged low-confidence, pierce time cut off).",2079,15,Fiber Laser Cut,Nitrogen,750,3.0,1500.0,1125.0,0.26,Stainless Steel
sheetMetalNestingCutRate,lookupTables/Component/sheetMetalNestingCutRate.csv,USA reference export,"PARTIAL - Family 15 (Stainless Steel) OxyFuel/Plasma Cut/Plasma Punch complete; Family 2 (Steel) Fiber Laser Cut in progress, stopped at Oxygen/1500W/5.00mm confirmed (6.00mm row flagged low-confidence, pierce time cut off).",2079,15,Fiber Laser Cut,Nitrogen,750,4.0,1000.0,750.0,0.36,Stainless Steel
sheetMetalNestingCutRate,lookupTables/Component/sheetMetalNestingCutRate.csv,USA reference export,"PARTIAL - Family 15 (Stainless Steel) OxyFuel/Plasma Cut/Plasma Punch complete; Family 2 (Steel) Fiber Laser Cut in progress, stopped at Oxygen/1500W/5.00mm confirmed (6.00mm row flagged low-confidence, pierce time cut off).",2079,15,Fiber Laser Cut,Nitrogen,1000,0.5,20000.0,15000.0,0.1,Stainless Steel
sheetMetalNestingCutRate,lookupTables/Component/sheetMetalNestingCutRate.csv,USA reference export,"PARTIAL - Family 15 (Stainless Steel) OxyFuel/Plasma Cut/Plasma Punch complete; Family 2 (Steel) Fiber Laser Cut in progress, stopped at Oxygen/1500W/5.00mm confirmed (6.00mm row flagged low-confidence, pierce time cut off).",2079,15,Fiber Laser Cut,Nitrogen,1000,1.0,17750.0,13312.5,0.12,Stainless Steel
sheetMetalNestingCutRate,lookupTables/Component/sheetMetalNestingCutRate.csv,USA reference export,"PARTIAL - Family 15 (Stainless Steel) OxyFuel/Plasma Cut/Plasma Punch complete; Family 2 (Steel) Fiber Laser Cut in progress, stopped at Oxygen/1500W/5.00mm confirmed (6.00mm row flagged low-confidence, pierce time cut off).",2079,15,Fiber Laser Cut,Nitrogen,1000,1.5,10000.0,7500.0,0.14,Stainless Steel
sheetMetalNestingCutRate,lookupTables/Component/sheetMetalNestingCutRate.csv,USA reference export,"PARTIAL - Family 15 (Stainless Steel) OxyFuel/Plasma Cut/Plasma Punch complete; Family 2 (Steel) Fiber Laser Cut in progress, stopped at Oxygen/1500W/5.00mm confirmed (6.00mm row flagged low-confidence, pierce time cut off).",2079,15,Fiber Laser Cut,Nitrogen,1000,2.0,6625.0,4968.8,0.16,Stainless Steel
sheetMetalNestingCutRate,lookupTables/Component/sheetMetalNestingCutRate.csv,USA reference export,"PARTIAL - Family 15 (Stainless Steel) OxyFuel/Plasma Cut/Plasma Punch complete; Family 2 (Steel) Fiber Laser Cut in progress, stopped at Oxygen/1500W/5.00mm confirmed (6.00mm row flagged low-confidence, pierce time cut off).",2079,15,Fiber Laser Cut,Nitrogen,1000,3.0,2115.0,1586.3,0.22,Stainless Steel
sheetMetalNestingCutRate,lookupTables/Component/sheetMetalNestingCutRate.csv,USA reference export,"PARTIAL - Family 15 (Stainless Steel) OxyFuel/Plasma Cut/Plasma Punch complete; Family 2 (Steel) Fiber Laser Cut in progress, stopped at Oxygen/1500W/5.00mm confirmed (6.00mm row flagged low-confidence, pierce time cut off).",2079,15,Fiber Laser Cut,Nitrogen,1000,4.0,1175.0,881.3,0.3,Stainless Steel
sheetMetalNestingCutRate,lookupTables/Component/sheetMetalNestingCutRate.csv,USA reference export,"PARTIAL - Family 15 (Stainless Steel) OxyFuel/Plasma Cut/Plasma Punch complete; Family 2 (Steel) Fiber Laser Cut in progress, stopped at Oxygen/1500W/5.00mm confirmed (6.00mm row flagged low-confidence, pierce time cut off).",2079,15,Fiber Laser Cut,Nitrogen,1000,5.0,550.0,412.5,0.41,Stainless Steel
sheetMetalNestingCutRate,lookupTables/Component/sheetMetalNestingCutRate.csv,USA reference export,"PARTIAL - Family 15 (Stainless Steel) OxyFuel/Plasma Cut/Plasma Punch complete; Family 2 (Steel) Fiber Laser Cut in progress, stopped at Oxygen/1500W/5.00mm confirmed (6.00mm row flagged low-confidence, pierce time cut off).",2079,15,Fiber Laser Cut,Nitrogen,1000,6.4,200.0,150.0,0.56,Stainless Steel
sheetMetalNestingCutRate,lookupTables/Component/sheetMetalNestingCutRate.csv,USA reference export,"PARTIAL - Family 15 (Stainless Steel) OxyFuel/Plasma Cut/Plasma Punch complete; Family 2 (Steel) Fiber Laser Cut in progress, stopped at Oxygen/1500W/5.00mm confirmed (6.00mm row flagged low-confidence, pierce time cut off).",2079,15,Fiber Laser Cut,Nitrogen,1500,0.5,25000.0,18750.0,0.09,Stainless Steel
sheetMetalNestingCutRate,lookupTables/Component/sheetMetalNestingCutRate.csv,USA reference export,"PARTIAL - Family 15 (Stainless Steel) OxyFuel/Plasma Cut/Plasma Punch complete; Family 2 (Steel) Fiber Laser Cut in progress, stopped at Oxygen/1500W/5.00mm confirmed (6.00mm row flagged low-confidence, pierce time cut off).",2079,15,Fiber Laser Cut,Nitrogen,1500,1.0,20000.0,15000.0,0.1,Stainless Steel
sheetMetalNestingCutRate,lookupTables/Component/sheetMetalNestingCutRate.csv,USA reference export,"PARTIAL - Family 15 (Stainless Steel) OxyFuel/Plasma Cut/Plasma Punch complete; Family 2 (Steel) Fiber Laser Cut in progress, stopped at Oxygen/1500W/5.00mm confirmed (6.00mm row flagged low-confidence, pierce time cut off).",2079,15,Fiber Laser Cut,Nitrogen,1500,2.0,8235.0,6176.3,0.14,Stainless Steel
sheetMetalNestingCutRate,lookupTables/Component/sheetMetalNestingCutRate.csv,USA reference export,"PARTIAL - Family 15 (Stainless Steel) OxyFuel/Plasma Cut/Plasma Punch complete; Family 2 (Steel) Fiber Laser Cut in progress, stopped at Oxygen/1500W/5.00mm confirmed (6.00mm row flagged low-confidence, pierce time cut off).",2079,15,Fiber Laser Cut,Nitrogen,1500,3.0,3500.0,2625.0,0.19,Stainless Steel
sheetMetalNestingCutRate,lookupTables/Component/sheetMetalNestingCutRate.csv,USA reference export,"PARTIAL - Family 15 (Stainless Steel) OxyFuel/Plasma Cut/Plasma Punch complete; Family 2 (Steel) Fiber Laser Cut in progress, stopped at Oxygen/1500W/5.00mm confirmed (6.00mm row flagged low-confidence, pierce time cut off).",2079,15,Fiber Laser Cut,Nitrogen,1500,4.0,2050.0,1537.5,0.27,Stainless Steel
sheetMetalNestingCutRate,lookupTables/Component/sheetMetalNestingCutRate.csv,USA reference export,"PARTIAL - Family 15 (Stainless Steel) OxyFuel/Plasma Cut/Plasma Punch complete; Family 2 (Steel) Fiber Laser Cut in progress, stopped at Oxygen/1500W/5.00mm confirmed (6.00mm row flagged low-confidence, pierce time cut off).",2079,15,Fiber Laser Cut,Nitrogen,1500,5.0,1250.0,937.5,0.36,Stainless Steel
sheetMetalNestingCutRate,lookupTables/Component/sheetMetalNestingCutRate.csv,USA reference export,"PARTIAL - Family 15 (Stainless Steel) OxyFuel/Plasma Cut/Plasma Punch complete; Family 2 (Steel) Fiber Laser Cut in progress, stopped at Oxygen/1500W/5.00mm confirmed (6.00mm row flagged low-confidence, pierce time cut off).",2079,15,Fiber Laser Cut,Nitrogen,1500,6.0,775.0,581.3,0.49,Stainless Steel
sheetMetalNestingCutRate,lookupTables/Component/sheetMetalNestingCutRate.csv,USA reference export,"PARTIAL - Family 15 (Stainless Steel) OxyFuel/Plasma Cut/Plasma Punch complete; Family 2 (Steel) Fiber Laser Cut in progress, stopped at Oxygen/1500W/5.00mm confirmed (6.00mm row flagged low-confidence, pierce time cut off).",2079,15,Fiber Laser Cut,Nitrogen,1500,8.0,200.0,150.0,0.92,Stainless Steel
sheetMetalNestingCutRate,lookupTables/Component/sheetMetalNestingCutRate.csv,USA reference export,"PARTIAL - Family 15 (Stainless Steel) OxyFuel/Plasma Cut/Plasma Punch complete; Family 2 (Steel) Fiber Laser Cut in progress, stopped at Oxygen/1500W/5.00mm confirmed (6.00mm row flagged low-confidence, pierce time cut off).",2079,15,Fiber Laser Cut,Nitrogen,2000,0.5,30000.0,22500.0,0.1,Stainless Steel
sheetMetalNestingCutRate,lookupTables/Component/sheetMetalNestingCutRate.csv,USA reference export,"PARTIAL - Family 15 (Stainless Steel) OxyFuel/Plasma Cut/Plasma Punch complete; Family 2 (Steel) Fiber Laser Cut in progress, stopped at Oxygen/1500W/5.00mm confirmed (6.00mm row flagged low-confidence, pierce time cut off).",2079,15,Fiber Laser Cut,Nitrogen,2000,1.0,23750.0,17812.5,0.12,Stainless Steel
sheetMetalNestingCutRate,lookupTables/Component/sheetMetalNestingCutRate.csv,USA reference export,"PARTIAL - Family 15 (Stainless Steel) OxyFuel/Plasma Cut/Plasma Punch complete; Family 2 (Steel) Fiber Laser Cut in progress, stopped at Oxygen/1500W/5.00mm confirmed (6.00mm row flagged low-confidence, pierce time cut off).",2079,15,Fiber Laser Cut,Nitrogen,2000,1.5,16000.0,12000.0,0.13,Stainless Steel
sheetMetalNestingCutRate,lookupTables/Component/sheetMetalNestingCutRate.csv,USA reference export,"PARTIAL - Family 15 (Stainless Steel) OxyFuel/Plasma Cut/Plasma Punch complete; Family 2 (Steel) Fiber Laser Cut in progress, stopped at Oxygen/1500W/5.00mm confirmed (6.00mm row flagged low-confidence, pierce time cut off).",2079,15,Fiber Laser Cut,Nitrogen,2000,2.0,9850.0,7387.5,0.15,Stainless Steel
sheetMetalNestingCutRate,lookupTables/Component/sheetMetalNestingCutRate.csv,USA reference export,"PARTIAL - Family 15 (Stainless Steel) OxyFuel/Plasma Cut/Plasma Punch complete; Family 2 (Steel) Fiber Laser Cut in progress, stopped at Oxygen/1500W/5.00mm confirmed (6.00mm row flagged low-confidence, pierce time cut off).",2079,15,Fiber Laser Cut,Nitrogen,2000,3.0,4916.7,3687.5,0.2,Stainless Steel
sheetMetalNestingCutRate,lookupTables/Component/sheetMetalNestingCutRate.csv,USA reference export,"PARTIAL - Family 15 (Stainless Steel) OxyFuel/Plasma Cut/Plasma Punch complete; Family 2 (Steel) Fiber Laser Cut in progress, stopped at Oxygen/1500W/5.00mm confirmed (6.00mm row flagged low-confidence, pierce time cut off).",2079,15,Fiber Laser Cut,Nitrogen,2000,4.0,2916.7,2187.5,0.27,Stainless Steel
sheetMetalNestingCutRate,lookupTables/Component/sheetMetalNestingCutRate.csv,USA reference export,"PARTIAL - Family 15 (Stainless Steel) OxyFuel/Plasma Cut/Plasma Punch complete; Family 2 (Steel) Fiber Laser Cut in progress, stopped at Oxygen/1500W/5.00mm confirmed (6.00mm row flagged low-confidence, pierce time cut off).",2079,15,Fiber Laser Cut,Nitrogen,2000,5.0,2050.0,1537.5,0.36,Stainless Steel
sheetMetalNestingCutRate,lookupTables/Component/sheetMetalNestingCutRate.csv,USA reference export,"PARTIAL - Family 15 (Stainless Steel) OxyFuel/Plasma Cut/Plasma Punch complete; Family 2 (Steel) Fiber Laser Cut in progress, stopped at Oxygen/1500W/5.00mm confirmed (6.00mm row flagged low-confidence, pierce time cut off).",2079,15,Fiber Laser Cut,Nitrogen,2000,6.0,1133.3,850.0,0.47,Stainless Steel
sheetMetalNestingCutRate,lookupTables/Component/sheetMetalNestingCutRate.csv,USA reference export,"PARTIAL - Family 15 (Stainless Steel) OxyFuel/Plasma Cut/Plasma Punch complete; Family 2 (Steel) Fiber Laser Cut in progress, stopped at Oxygen/1500W/5.00mm confirmed (6.00mm row flagged low-confidence, pierce time cut off).",2079,15,Fiber Laser Cut,Nitrogen,2000,8.0,600.0,450.0,0.83,Stainless Steel
sheetMetalNestingCutRate,lookupTables/Component/sheetMetalNestingCutRate.csv,USA reference export,"PARTIAL - Family 15 (Stainless Steel) OxyFuel/Plasma Cut/Plasma Punch complete; Family 2 (Steel) Fiber Laser Cut in progress, stopped at Oxygen/1500W/5.00mm confirmed (6.00mm row flagged low-confidence, pierce time cut off).",2079,15,Fiber Laser Cut,Nitrogen,3000,0.5,35000.0,26250.0,0.08,Stainless Steel
sheetMetalNestingCutRate,lookupTables/Component/sheetMetalNestingCutRate.csv,USA reference export,"PARTIAL - Family 15 (Stainless Steel) OxyFuel/Plasma Cut/Plasma Punch complete; Family 2 (Steel) Fiber Laser Cut in progress, stopped at Oxygen/1500W/5.00mm confirmed (6.00mm row flagged low-confidence, pierce time cut off).",2079,15,Fiber Laser Cut,Nitrogen,3000,1.0,25250.0,18937.5,0.09,Stainless Steel
sheetMetalNestingCutRate,lookupTables/Component/sheetMetalNestingCutRate.csv,USA reference export,"PARTIAL - Family 15 (Stainless Steel) OxyFuel/Plasma Cut/Plasma Punch complete; Family 2 (Steel) Fiber Laser Cut in progress, stopped at Oxygen/1500W/5.00mm confirmed (6.00mm row flagged low-confidence, pierce time cut off).",2079,15,Fiber Laser Cut,Nitrogen,3000,1.5,18000.0,13500.0,0.1,Stainless Steel
sheetMetalNestingCutRate,lookupTables/Component/sheetMetalNestingCutRate.csv,USA reference export,"PARTIAL - Family 15 (Stainless Steel) OxyFuel/Plasma Cut/Plasma Punch complete; Family 2 (Steel) Fiber Laser Cut in progress, stopped at Oxygen/1500W/5.00mm confirmed (6.00mm row flagged low-confidence, pierce time cut off).",2079,15,Fiber Laser Cut,Nitrogen,3000,2.0,13000.0,9750.0,0.12,Stainless Steel
sheetMetalNestingCutRate,lookupTables/Component/sheetMetalNestingCutRate.csv,USA reference export,"PARTIAL - Family 15 (Stainless Steel) OxyFuel/Plasma Cut/Plasma Punch complete; Family 2 (Steel) Fiber Laser Cut in progress, stopped at Oxygen/1500W/5.00mm confirmed (6.00mm row flagged low-confidence, pierce time cut off).",2079,15,Fiber Laser Cut,Nitrogen,3000,3.0,7500.0,5625.0,0.15,Stainless Steel
sheetMetalNestingCutRate,lookupTables/Component/sheetMetalNestingCutRate.csv,USA reference export,"PARTIAL - Family 15 (Stainless Steel) OxyFuel/Plasma Cut/Plasma Punch complete; Family 2 (Steel) Fiber Laser Cut in progress, stopped at Oxygen/1500W/5.00mm confirmed (6.00mm row flagged low-confidence, pierce time cut off).",2079,15,Fiber Laser Cut,Nitrogen,3000,4.0,4666.7,3500.0,0.2,Stainless Steel
sheetMetalNestingCutRate,lookupTables/Component/sheetMetalNestingCutRate.csv,USA reference export,"PARTIAL - Family 15 (Stainless Steel) OxyFuel/Plasma Cut/Plasma Punch complete; Family 2 (Steel) Fiber Laser Cut in progress, stopped at Oxygen/1500W/5.00mm confirmed (6.00mm row flagged low-confidence, pierce time cut off).",2079,15,Fiber Laser Cut,Nitrogen,3000,5.0,2933.3,2200.0,0.27,Stainless Steel
sheetMetalNestingCutRate,lookupTables/Component/sheetMetalNestingCutRate.csv,USA reference export,"PARTIAL - Family 15 (Stainless Steel) OxyFuel/Plasma Cut/Plasma Punch complete; Family 2 (Steel) Fiber Laser Cut in progress, stopped at Oxygen/1500W/5.00mm confirmed (6.00mm row flagged low-confidence, pierce time cut off).",2079,15,Fiber Laser Cut,Nitrogen,3000,6.0,2166.7,1625.0,0.35,Stainless Steel
sheetMetalNestingCutRate,lookupTables/Component/sheetMetalNestingCutRate.csv,USA reference export,"PARTIAL - Family 15 (Stainless Steel) OxyFuel/Plasma Cut/Plasma Punch complete; Family 2 (Steel) Fiber Laser Cut in progress, stopped at Oxygen/1500W/5.00mm confirmed (6.00mm row flagged low-confidence, pierce time cut off).",2079,15,Fiber Laser Cut,Nitrogen,3000,8.0,1383.3,1037.5,0.62,Stainless Steel
sheetMetalNestingCutRate,lookupTables/Component/sheetMetalNestingCutRate.csv,USA reference export,"PARTIAL - Family 15 (Stainless Steel) OxyFuel/Plasma Cut/Plasma Punch complete; Family 2 (Steel) Fiber Laser Cut in progress, stopped at Oxygen/1500W/5.00mm confirmed (6.00mm row flagged low-confidence, pierce time cut off).",2079,15,Fiber Laser Cut,Nitrogen,3000,10.0,700.0,525.0,1.08,Stainless Steel
sheetMetalNestingCutRate,lookupTables/Component/sheetMetalNestingCutRate.csv,USA reference export,"PARTIAL - Family 15 (Stainless Steel) OxyFuel/Plasma Cut/Plasma Punch complete; Family 2 (Steel) Fiber Laser Cut in progress, stopped at Oxygen/1500W/5.00mm confirmed (6.00mm row flagged low-confidence, pierce time cut off).",2079,15,Fiber Laser Cut,Nitrogen,3000,12.7,500.0,375.0,1.9,Stainless Steel
sheetMetalNestingCutRate,lookupTables/Component/sheetMetalNestingCutRate.csv,USA reference export,"PARTIAL - Family 15 (Stainless Steel) OxyFuel/Plasma Cut/Plasma Punch complete; Family 2 (Steel) Fiber Laser Cut in progress, stopped at Oxygen/1500W/5.00mm confirmed (6.00mm row flagged low-confidence, pierce time cut off).",2079,15,Fiber Laser Cut,Nitrogen,4000,0.5,35000.0,26250.0,0.06,Stainless Steel
sheetMetalNestingCutRate,lookupTables/Component/sheetMetalNestingCutRate.csv,USA reference export,"PARTIAL - Family 15 (Stainless Steel) OxyFuel/Plasma Cut/Plasma Punch complete; Family 2 (Steel) Fiber Laser Cut in progress, stopped at Oxygen/1500W/5.00mm confirmed (6.00mm row flagged low-confidence, pierce time cut off).",2079,15,Fiber Laser Cut,Nitrogen,4000,1.0,30000.0,22500.0,0.07,Stainless Steel
sheetMetalNestingCutRate,lookupTables/Component/sheetMetalNestingCutRate.csv,USA reference export,"PARTIAL - Family 15 (Stainless Steel) OxyFuel/Plasma Cut/Plasma Punch complete; Family 2 (Steel) Fiber Laser Cut in progress, stopped at Oxygen/1500W/5.00mm confirmed (6.00mm row flagged low-confidence, pierce time cut off).",2079,15,Fiber Laser Cut,Nitrogen,4000,1.5,20000.0,15000.0,0.08,Stainless Steel
sheetMetalNestingCutRate,lookupTables/Component/sheetMetalNestingCutRate.csv,USA reference export,"PARTIAL - Family 15 (Stainless Steel) OxyFuel/Plasma Cut/Plasma Punch complete; Family 2 (Steel) Fiber Laser Cut in progress, stopped at Oxygen/1500W/5.00mm confirmed (6.00mm row flagged low-confidence, pierce time cut off).",2079,15,Fiber Laser Cut,Nitrogen,4000,2.0,15666.7,11750.0,0.09,Stainless Steel
sheetMetalNestingCutRate,lookupTables/Component/sheetMetalNestingCutRate.csv,USA reference export,"PARTIAL - Family 15 (Stainless Steel) OxyFuel/Plasma Cut/Plasma Punch complete; Family 2 (Steel) Fiber Laser Cut in progress, stopped at Oxygen/1500W/5.00mm confirmed (6.00mm row flagged low-confidence, pierce time cut off).",2079,15,Fiber Laser Cut,Nitrogen,4000,3.0,9166.7,6875.0,0.12,Stainless Steel
sheetMetalNestingCutRate,lookupTables/Component/sheetMetalNestingCutRate.csv,USA reference export,"PARTIAL - Family 15 (Stainless Steel) OxyFuel/Plasma Cut/Plasma Punch complete; Family 2 (Steel) Fiber Laser Cut in progress, stopped at Oxygen/1500W/5.00mm confirmed (6.00mm row flagged low-confidence, pierce time cut off).",2079,15,Fiber Laser Cut,Nitrogen,4000,4.0,5666.7,4250.0,0.16,Stainless Steel
sheetMetalNestingCutRate,lookupTables/Component/sheetMetalNestingCutRate.csv,USA reference export,"PARTIAL - Family 15 (Stainless Steel) OxyFuel/Plasma Cut/Plasma Punch complete; Family 2 (Steel) Fiber Laser Cut in progress, stopped at Oxygen/1500W/5.00mm confirmed (6.00mm row flagged low-confidence, pierce time cut off).",2079,15,Fiber Laser Cut,Nitrogen,4000,5.0,4250.0,3187.5,0.21,Stainless Steel
sheetMetalNestingCutRate,lookupTables/Component/sheetMetalNestingCutRate.csv,USA reference export,"PARTIAL - Family 15 (Stainless Steel) OxyFuel/Plasma Cut/Plasma Punch complete; Family 2 (Steel) Fiber Laser Cut in progress, stopped at Oxygen/1500W/5.00mm confirmed (6.00mm row flagged low-confidence, pierce time cut off).",2079,15,Fiber Laser Cut,Nitrogen,4000,6.0,3100.0,2325.0,0.28,Stainless Steel
sheetMetalNestingCutRate,lookupTables/Component/sheetMetalNestingCutRate.csv,USA reference export,"PARTIAL - Family 15 (Stainless Steel) OxyFuel/Plasma Cut/Plasma Punch complete; Family 2 (Steel) Fiber Laser Cut in progress, stopped at Oxygen/1500W/5.00mm confirmed (6.00mm row flagged low-confidence, pierce time cut off).",2079,15,Fiber Laser Cut,Nitrogen,4000,8.0,1833.3,1375.0,0.47,Stainless Steel
sheetMetalNestingCutRate,lookupTables/Component/sheetMetalNestingCutRate.csv,USA reference export,"PARTIAL - Family 15 (Stainless Steel) OxyFuel/Plasma Cut/Plasma Punch complete; Family 2 (Steel) Fiber Laser Cut in progress, stopped at Oxygen/1500W/5.00mm confirmed (6.00mm row flagged low-confidence, pierce time cut off).",2079,15,Fiber Laser Cut,Nitrogen,4000,10.0,883.3,662.5,0.81,Stainless Steel
sheetMetalNestingCutRate,lookupTables/Component/sheetMetalNestingCutRate.csv,USA reference export,"PARTIAL - Family 15 (Stainless Steel) OxyFuel/Plasma Cut/Plasma Punch complete; Family 2 (Steel) Fiber Laser Cut in progress, stopped at Oxygen/1500W/5.00mm confirmed (6.00mm row flagged low-confidence, pierce time cut off).",2079,15,Fiber Laser Cut,Nitrogen,4000,12.0,600.0,450.0,1.38,Stainless Steel
sheetMetalNestingCutRate,lookupTables/Component/sheetMetalNestingCutRate.csv,USA reference export,"PARTIAL - Family 15 (Stainless Steel) OxyFuel/Plasma Cut/Plasma Punch complete; Family 2 (Steel) Fiber Laser Cut in progress, stopped at Oxygen/1500W/5.00mm confirmed (6.00mm row flagged low-confidence, pierce time cut off).",2079,15,Fiber Laser Cut,Nitrogen,4000,14.0,500.0,375.0,2.36,Stainless Steel
sheetMetalNestingCutRate,lookupTables/Component/sheetMetalNestingCutRate.csv,USA reference export,"PARTIAL - Family 15 (Stainless Steel) OxyFuel/Plasma Cut/Plasma Punch complete; Family 2 (Steel) Fiber Laser Cut in progress, stopped at Oxygen/1500W/5.00mm confirmed (6.00mm row flagged low-confidence, pierce time cut off).",2079,15,Fiber Laser Cut,Nitrogen,6000,0.5,35000.0,26250.0,0.07,Stainless Steel
sheetMetalNestingCutRate,lookupTables/Component/sheetMetalNestingCutRate.csv,USA reference export,"PARTIAL - Family 15 (Stainless Steel) OxyFuel/Plasma Cut/Plasma Punch complete; Family 2 (Steel) Fiber Laser Cut in progress, stopped at Oxygen/1500W/5.00mm confirmed (6.00mm row flagged low-confidence, pierce time cut off).",2079,15,Fiber Laser Cut,Nitrogen,6000,1.0,32500.0,24375.0,0.07,Stainless Steel
sheetMetalNestingCutRate,lookupTables/Component/sheetMetalNestingCutRate.csv,USA reference export,"PARTIAL - Family 15 (Stainless Steel) OxyFuel/Plasma Cut/Plasma Punch complete; Family 2 (Steel) Fiber Laser Cut in progress, stopped at Oxygen/1500W/5.00mm confirmed (6.00mm row flagged low-confidence, pierce time cut off).",2079,15,Fiber Laser Cut,Nitrogen,6000,1.5,30000.0,22500.0,0.08,Stainless Steel
sheetMetalNestingCutRate,lookupTables/Component/sheetMetalNestingCutRate.csv,USA reference export,"PARTIAL - Family 15 (Stainless Steel) OxyFuel/Plasma Cut/Plasma Punch complete; Family 2 (Steel) Fiber Laser Cut in progress, stopped at Oxygen/1500W/5.00mm confirmed (6.00mm row flagged low-confidence, pierce time cut off).",2079,15,Fiber Laser Cut,Nitrogen,6000,2.0,25166.7,18875.0,0.09,Stainless Steel
sheetMetalNestingCutRate,lookupTables/Component/sheetMetalNestingCutRate.csv,USA reference export,"PARTIAL - Family 15 (Stainless Steel) OxyFuel/Plasma Cut/Plasma Punch complete; Family 2 (Steel) Fiber Laser Cut in progress, stopped at Oxygen/1500W/5.00mm confirmed (6.00mm row flagged low-confidence, pierce time cut off).",2079,15,Fiber Laser Cut,Nitrogen,6000,3.0,16500.0,12375.0,0.11,Stainless Steel
sheetMetalNestingCutRate,lookupTables/Component/sheetMetalNestingCutRate.csv,USA reference export,"PARTIAL - Family 15 (Stainless Steel) OxyFuel/Plasma Cut/Plasma Punch complete; Family 2 (Steel) Fiber Laser Cut in progress, stopped at Oxygen/1500W/5.00mm confirmed (6.00mm row flagged low-confidence, pierce time cut off).",2079,15,Fiber Laser Cut,Nitrogen,6000,4.0,11000.0,8250.0,0.14,Stainless Steel
sheetMetalNestingCutRate,lookupTables/Component/sheetMetalNestingCutRate.csv,USA reference export,"PARTIAL - Family 15 (Stainless Steel) OxyFuel/Plasma Cut/Plasma Punch complete; Family 2 (Steel) Fiber Laser Cut in progress, stopped at Oxygen/1500W/5.00mm confirmed (6.00mm row flagged low-confidence, pierce time cut off).",2079,15,Fiber Laser Cut,Nitrogen,6000,5.0,8333.3,6250.0,0.17,Stainless Steel
sheetMetalNestingCutRate,lookupTables/Component/sheetMetalNestingCutRate.csv,USA reference export,"PARTIAL - Family 15 (Stainless Steel) OxyFuel/Plasma Cut/Plasma Punch complete; Family 2 (Steel) Fiber Laser Cut in progress, stopped at Oxygen/1500W/5.00mm confirmed (6.00mm row flagged low-confidence, pierce time cut off).",2079,15,Fiber Laser Cut,Nitrogen,6000,6.0,6233.3,4675.0,0.2,Stainless Steel
sheetMetalNestingCutRate,lookupTables/Component/sheetMetalNestingCutRate.csv,USA reference export,"PARTIAL - Family 15 (Stainless Steel) OxyFuel/Plasma Cut/Plasma Punch complete; Family 2 (Steel) Fiber Laser Cut in progress, stopped at Oxygen/1500W/5.00mm confirmed (6.00mm row flagged low-confidence, pierce time cut off).",2079,15,Fiber Laser Cut,Nitrogen,6000,8.0,3500.0,2625.0,0.3,Stainless Steel
sheetMetalNestingCutRate,lookupTables/Component/sheetMetalNestingCutRate.csv,USA reference export,"PARTIAL - Family 15 (Stainless Steel) OxyFuel/Plasma Cut/Plasma Punch complete; Family 2 (Steel) Fiber Laser Cut in progress, stopped at Oxygen/1500W/5.00mm confirmed (6.00mm row flagged low-confidence, pierce time cut off).",2079,15,Fiber Laser Cut,Nitrogen,6000,10.0,1750.0,1312.5,0.44,Stainless Steel
sheetMetalNestingCutRate,lookupTables/Component/sheetMetalNestingCutRate.csv,USA reference export,"PARTIAL - Family 15 (Stainless Steel) OxyFuel/Plasma Cut/Plasma Punch complete; Family 2 (Steel) Fiber Laser Cut in progress, stopped at Oxygen/1500W/5.00mm confirmed (6.00mm row flagged low-confidence, pierce time cut off).",2079,15,Fiber Laser Cut,Nitrogen,6000,12.0,1233.3,925.0,0.66,Stainless Steel
sheetMetalNestingCutRate,lookupTables/Component/sheetMetalNestingCutRate.csv,USA reference export,"PARTIAL - Family 15 (Stainless Steel) OxyFuel/Plasma Cut/Plasma Punch complete; Family 2 (Steel) Fiber Laser Cut in progress, stopped at Oxygen/1500W/5.00mm confirmed (6.00mm row flagged low-confidence, pierce time cut off).",2079,15,Fiber Laser Cut,Nitrogen,6000,14.0,800.0,600.0,0.98,Stainless Steel
sheetMetalNestingCutRate,lookupTables/Component/sheetMetalNestingCutRate.csv,USA reference export,"PARTIAL - Family 15 (Stainless Steel) OxyFuel/Plasma Cut/Plasma Punch complete; Family 2 (Steel) Fiber Laser Cut in progress, stopped at Oxygen/1500W/5.00mm confirmed (6.00mm row flagged low-confidence, pierce time cut off).",2079,15,Fiber Laser Cut,Nitrogen,6000,16.0,700.0,525.0,1.46,Stainless Steel
sheetMetalNestingCutRate,lookupTables/Component/sheetMetalNestingCutRate.csv,USA reference export,"PARTIAL - Family 15 (Stainless Steel) OxyFuel/Plasma Cut/Plasma Punch complete; Family 2 (Steel) Fiber Laser Cut in progress, stopped at Oxygen/1500W/5.00mm confirmed (6.00mm row flagged low-confidence, pierce time cut off).",2079,15,Fiber Laser Cut,Nitrogen,6000,20.0,550.0,412.5,3.22,Stainless Steel
sheetMetalNestingCutRate,lookupTables/Component/sheetMetalNestingCutRate.csv,USA reference export,"PARTIAL - Family 15 (Stainless Steel) OxyFuel/Plasma Cut/Plasma Punch complete; Family 2 (Steel) Fiber Laser Cut in progress, stopped at Oxygen/1500W/5.00mm confirmed (6.00mm row flagged low-confidence, pierce time cut off).",2079,15,Fiber Laser Cut,Nitrogen,8000,1.0,60500.0,45375.0,0.05,Stainless Steel
sheetMetalNestingCutRate,lookupTables/Component/sheetMetalNestingCutRate.csv,USA reference export,"PARTIAL - Family 15 (Stainless Steel) OxyFuel/Plasma Cut/Plasma Punch complete; Family 2 (Steel) Fiber Laser Cut in progress, stopped at Oxygen/1500W/5.00mm confirmed (6.00mm row flagged low-confidence, pierce time cut off).",2079,15,Fiber Laser Cut,Nitrogen,8000,2.0,38000.0,28500.0,0.06,Stainless Steel
sheetMetalNestingCutRate,lookupTables/Component/sheetMetalNestingCutRate.csv,USA reference export,"PARTIAL - Family 15 (Stainless Steel) OxyFuel/Plasma Cut/Plasma Punch complete; Family 2 (Steel) Fiber Laser Cut in progress, stopped at Oxygen/1500W/5.00mm confirmed (6.00mm row flagged low-confidence, pierce time cut off).",2079,15,Fiber Laser Cut,Nitrogen,8000,3.0,25000.0,18750.0,0.07,Stainless Steel
sheetMetalNestingCutRate,lookupTables/Component/sheetMetalNestingCutRate.csv,USA reference export,"PARTIAL - Family 15 (Stainless Steel) OxyFuel/Plasma Cut/Plasma Punch complete; Family 2 (Steel) Fiber Laser Cut in progress, stopped at Oxygen/1500W/5.00mm confirmed (6.00mm row flagged low-confidence, pierce time cut off).",2079,15,Fiber Laser Cut,Nitrogen,8000,4.0,16250.0,12187.5,0.09,Stainless Steel
sheetMetalNestingCutRate,lookupTables/Component/sheetMetalNestingCutRate.csv,USA reference export,"PARTIAL - Family 15 (Stainless Steel) OxyFuel/Plasma Cut/Plasma Punch complete; Family 2 (Steel) Fiber Laser Cut in progress, stopped at Oxygen/1500W/5.00mm confirmed (6.00mm row flagged low-confidence, pierce time cut off).",2079,15,Fiber Laser Cut,Nitrogen,8000,5.0,13250.0,9937.5,0.1,Stainless Steel
sheetMetalNestingCutRate,lookupTables/Component/sheetMetalNestingCutRate.csv,USA reference export,"PARTIAL - Family 15 (Stainless Steel) OxyFuel/Plasma Cut/Plasma Punch complete; Family 2 (Steel) Fiber Laser Cut in progress, stopped at Oxygen/1500W/5.00mm confirmed (6.00mm row flagged low-confidence, pierce time cut off).",2079,15,Fiber Laser Cut,Nitrogen,8000,6.0,10000.0,7500.0,0.12,Stainless Steel
sheetMetalNestingCutRate,lookupTables/Component/sheetMetalNestingCutRate.csv,USA reference export,"PARTIAL - Family 15 (Stainless Steel) OxyFuel/Plasma Cut/Plasma Punch complete; Family 2 (Steel) Fiber Laser Cut in progress, stopped at Oxygen/1500W/5.00mm confirmed (6.00mm row flagged low-confidence, pierce time cut off).",2079,15,Fiber Laser Cut,Nitrogen,8000,8.0,6000.0,4500.0,0.17,Stainless Steel
sheetMetalNestingCutRate,lookupTables/Component/sheetMetalNestingCutRate.csv,USA reference export,"PARTIAL - Family 15 (Stainless Steel) OxyFuel/Plasma Cut/Plasma Punch complete; Family 2 (Steel) Fiber Laser Cut in progress, stopped at Oxygen/1500W/5.00mm confirmed (6.00mm row flagged low-confidence, pierce time cut off).",2079,15,Fiber Laser Cut,Nitrogen,8000,10.0,3900.0,2925.0,0.25,Stainless Steel
sheetMetalNestingCutRate,lookupTables/Component/sheetMetalNestingCutRate.csv,USA reference export,"PARTIAL - Family 15 (Stainless Steel) OxyFuel/Plasma Cut/Plasma Punch complete; Family 2 (Steel) Fiber Laser Cut in progress, stopped at Oxygen/1500W/5.00mm confirmed (6.00mm row flagged low-confidence, pierce time cut off).",2079,15,Fiber Laser Cut,Nitrogen,8000,12.0,2450.0,1837.5,0.36,Stainless Steel
sheetMetalNestingCutRate,lookupTables/Component/sheetMetalNestingCutRate.csv,USA reference export,"PARTIAL - Family 15 (Stainless Steel) OxyFuel/Plasma Cut/Plasma Punch complete; Family 2 (Steel) Fiber Laser Cut in progress, stopped at Oxygen/1500W/5.00mm confirmed (6.00mm row flagged low-confidence, pierce time cut off).",2079,15,Fiber Laser Cut,Nitrogen,8000,14.0,1800.0,1350.0,0.52,Stainless Steel
sheetMetalNestingCutRate,lookupTables/Component/sheetMetalNestingCutRate.csv,USA reference export,"PARTIAL - Family 15 (Stainless Steel) OxyFuel/Plasma Cut/Plasma Punch complete; Family 2 (Steel) Fiber Laser Cut in progress, stopped at Oxygen/1500W/5.00mm confirmed (6.00mm row flagged low-confidence, pierce time cut off).",2079,15,Fiber Laser Cut,Nitrogen,8000,16.0,1500.0,1125.0,0.74,Stainless Steel
sheetMetalNestingCutRate,lookupTables/Component/sheetMetalNestingCutRate.csv,USA reference export,"PARTIAL - Family 15 (Stainless Steel) OxyFuel/Plasma Cut/Plasma Punch complete; Family 2 (Steel) Fiber Laser Cut in progress, stopped at Oxygen/1500W/5.00mm confirmed (6.00mm row flagged low-confidence, pierce time cut off).",2079,15,Fiber Laser Cut,Nitrogen,8000,20.0,975.0,731.3,1.54,Stainless Steel
sheetMetalNestingCutRate,lookupTables/Component/sheetMetalNestingCutRate.csv,USA reference export,"PARTIAL - Family 15 (Stainless Steel) OxyFuel/Plasma Cut/Plasma Punch complete; Family 2 (Steel) Fiber Laser Cut in progress, stopped at Oxygen/1500W/5.00mm confirmed (6.00mm row flagged low-confidence, pierce time cut off).",2079,15,Fiber Laser Cut,Nitrogen,8000,22.0,700.0,525.0,2.21,Stainless Steel
sheetMetalNestingCutRate,lookupTables/Component/sheetMetalNestingCutRate.csv,USA reference export,"PARTIAL - Family 15 (Stainless Steel) OxyFuel/Plasma Cut/Plasma Punch complete; Family 2 (Steel) Fiber Laser Cut in progress, stopped at Oxygen/1500W/5.00mm confirmed (6.00mm row flagged low-confidence, pierce time cut off).",2079,15,Fiber Laser Cut,Nitrogen,8000,25.0,525.0,393.8,3.8,Stainless Steel
sheetMetalNestingCutRate,lookupTables/Component/sheetMetalNestingCutRate.csv,USA reference export,"PARTIAL - Family 15 (Stainless Steel) OxyFuel/Plasma Cut/Plasma Punch complete; Family 2 (Steel) Fiber Laser Cut in progress, stopped at Oxygen/1500W/5.00mm confirmed (6.00mm row flagged low-confidence, pierce time cut off).",2079,15,Fiber Laser Cut,Nitrogen,8000,30.0,450.0,337.5,9.39,Stainless Steel
sheetMetalNestingCutRate,lookupTables/Component/sheetMetalNestingCutRate.csv,USA reference export,"PARTIAL - Family 15 (Stainless Steel) OxyFuel/Plasma Cut/Plasma Punch complete; Family 2 (Steel) Fiber Laser Cut in progress, stopped at Oxygen/1500W/5.00mm confirmed (6.00mm row flagged low-confidence, pierce time cut off).",2079,15,Fiber Laser Cut,Nitrogen,10000,1.0,67750.0,50812.5,0.04,Stainless Steel
sheetMetalNestingCutRate,lookupTables/Component/sheetMetalNestingCutRate.csv,USA reference export,"PARTIAL - Family 15 (Stainless Steel) OxyFuel/Plasma Cut/Plasma Punch complete; Family 2 (Steel) Fiber Laser Cut in progress, stopped at Oxygen/1500W/5.00mm confirmed (6.00mm row flagged low-confidence, pierce time cut off).",2079,15,Fiber Laser Cut,Nitrogen,10000,2.0,42000.0,31500.0,0.05,Stainless Steel
sheetMetalNestingCutRate,lookupTables/Component/sheetMetalNestingCutRate.csv,USA reference export,"PARTIAL - Family 15 (Stainless Steel) OxyFuel/Plasma Cut/Plasma Punch complete; Family 2 (Steel) Fiber Laser Cut in progress, stopped at Oxygen/1500W/5.00mm confirmed (6.00mm row flagged low-confidence, pierce time cut off).",2079,15,Fiber Laser Cut,Nitrogen,10000,3.0,27000.0,20250.0,0.05,Stainless Steel
sheetMetalNestingCutRate,lookupTables/Component/sheetMetalNestingCutRate.csv,USA reference export,"PARTIAL - Family 15 (Stainless Steel) OxyFuel/Plasma Cut/Plasma Punch complete; Family 2 (Steel) Fiber Laser Cut in progress, stopped at Oxygen/1500W/5.00mm confirmed (6.00mm row flagged low-confidence, pierce time cut off).",2079,15,Fiber Laser Cut,Nitrogen,10000,4.0,18000.0,13500.0,0.06,Stainless Steel
sheetMetalNestingCutRate,lookupTables/Component/sheetMetalNestingCutRate.csv,USA reference export,"PARTIAL - Family 15 (Stainless Steel) OxyFuel/Plasma Cut/Plasma Punch complete; Family 2 (Steel) Fiber Laser Cut in progress, stopped at Oxygen/1500W/5.00mm confirmed (6.00mm row flagged low-confidence, pierce time cut off).",2079,15,Fiber Laser Cut,Nitrogen,10000,5.0,14000.0,10500.0,0.07,Stainless Steel
sheetMetalNestingCutRate,lookupTables/Component/sheetMetalNestingCutRate.csv,USA reference export,"PARTIAL - Family 15 (Stainless Steel) OxyFuel/Plasma Cut/Plasma Punch complete; Family 2 (Steel) Fiber Laser Cut in progress, stopped at Oxygen/1500W/5.00mm confirmed (6.00mm row flagged low-confidence, pierce time cut off).",2079,15,Fiber Laser Cut,Nitrogen,10000,6.0,10000.0,7500.0,0.08,Stainless Steel
sheetMetalNestingCutRate,lookupTables/Component/sheetMetalNestingCutRate.csv,USA reference export,"PARTIAL - Family 15 (Stainless Steel) OxyFuel/Plasma Cut/Plasma Punch complete; Family 2 (Steel) Fiber Laser Cut in progress, stopped at Oxygen/1500W/5.00mm confirmed (6.00mm row flagged low-confidence, pierce time cut off).",2079,15,Fiber Laser Cut,Nitrogen,10000,8.0,6500.0,4875.0,0.11,Stainless Steel
sheetMetalNestingCutRate,lookupTables/Component/sheetMetalNestingCutRate.csv,USA reference export,"PARTIAL - Family 15 (Stainless Steel) OxyFuel/Plasma Cut/Plasma Punch complete; Family 2 (Steel) Fiber Laser Cut in progress, stopped at Oxygen/1500W/5.00mm confirmed (6.00mm row flagged low-confidence, pierce time cut off).",2079,15,Fiber Laser Cut,Nitrogen,10000,10.0,4700.0,3525.0,0.14,Stainless Steel
sheetMetalNestingCutRate,lookupTables/Component/sheetMetalNestingCutRate.csv,USA reference export,"PARTIAL - Family 15 (Stainless Steel) OxyFuel/Plasma Cut/Plasma Punch complete; Family 2 (Steel) Fiber Laser Cut in progress, stopped at Oxygen/1500W/5.00mm confirmed (6.00mm row flagged low-confidence, pierce time cut off).",2079,15,Fiber Laser Cut,Nitrogen,10000,12.0,2800.0,2100.0,0.19,Stainless Steel
sheetMetalNestingCutRate,lookupTables/Component/sheetMetalNestingCutRate.csv,USA reference export,"PARTIAL - Family 15 (Stainless Steel) OxyFuel/Plasma Cut/Plasma Punch complete; Family 2 (Steel) Fiber Laser Cut in progress, stopped at Oxygen/1500W/5.00mm confirmed (6.00mm row flagged low-confidence, pierce time cut off).",2079,15,Fiber Laser Cut,Nitrogen,10000,14.0,2400.0,1800.0,0.24,Stainless Steel
sheetMetalNestingCutRate,lookupTables/Component/sheetMetalNestingCutRate.csv,USA reference export,"PARTIAL - Family 15 (Stainless Steel) OxyFuel/Plasma Cut/Plasma Punch complete; Family 2 (Steel) Fiber Laser Cut in progress, stopped at Oxygen/1500W/5.00mm confirmed (6.00mm row flagged low-confidence, pierce time cut off).",2079,15,Fiber Laser Cut,Nitrogen,10000,16.0,2200.0,1650.0,0.32,Stainless Steel
sheetMetalNestingCutRate,lookupTables/Component/sheetMetalNestingCutRate.csv,USA reference export,"PARTIAL - Family 15 (Stainless Steel) OxyFuel/Plasma Cut/Plasma Punch complete; Family 2 (Steel) Fiber Laser Cut in progress, stopped at Oxygen/1500W/5.00mm confirmed (6.00mm row flagged low-confidence, pierce time cut off).",2079,15,Fiber Laser Cut,Nitrogen,10000,20.0,1750.0,1312.5,0.56,Stainless Steel
sheetMetalNestingCutRate,lookupTables/Component/sheetMetalNestingCutRate.csv,USA reference export,"PARTIAL - Family 15 (Stainless Steel) OxyFuel/Plasma Cut/Plasma Punch complete; Family 2 (Steel) Fiber Laser Cut in progress, stopped at Oxygen/1500W/5.00mm confirmed (6.00mm row flagged low-confidence, pierce time cut off).",2079,15,Fiber Laser Cut,Nitrogen,10000,22.0,1200.0,900.0,0.73,Stainless Steel
sheetMetalNestingCutRate,lookupTables/Component/sheetMetalNestingCutRate.csv,USA reference export,"PARTIAL - Family 15 (Stainless Steel) OxyFuel/Plasma Cut/Plasma Punch complete; Family 2 (Steel) Fiber Laser Cut in progress, stopped at Oxygen/1500W/5.00mm confirmed (6.00mm row flagged low-confidence, pierce time cut off).",2079,15,Fiber Laser Cut,Nitrogen,10000,25.0,675.0,506.3,1.1,Stainless Steel
sheetMetalNestingCutRate,lookupTables/Component/sheetMetalNestingCutRate.csv,USA reference export,"PARTIAL - Family 15 (Stainless Steel) OxyFuel/Plasma Cut/Plasma Punch complete; Family 2 (Steel) Fiber Laser Cut in progress, stopped at Oxygen/1500W/5.00mm confirmed (6.00mm row flagged low-confidence, pierce time cut off).",2079,15,Fiber Laser Cut,Nitrogen,10000,30.0,525.0,393.8,2.18,Stainless Steel
sheetMetalNestingCutRate,lookupTables/Component/sheetMetalNestingCutRate.csv,USA reference export,"PARTIAL - Family 15 (Stainless Steel) OxyFuel/Plasma Cut/Plasma Punch complete; Family 2 (Steel) Fiber Laser Cut in progress, stopped at Oxygen/1500W/5.00mm confirmed (6.00mm row flagged low-confidence, pierce time cut off).",2079,15,Fiber Laser Cut,Nitrogen,10000,40.0,450.0,337.5,8.58,Stainless Steel
sheetMetalNestingCutRate,lookupTables/Component/sheetMetalNestingCutRate.csv,USA reference export,"PARTIAL - Family 15 (Stainless Steel) OxyFuel/Plasma Cut/Plasma Punch complete; Family 2 (Steel) Fiber Laser Cut in progress, stopped at Oxygen/1500W/5.00mm confirmed (6.00mm row flagged low-confidence, pierce time cut off).",2079,15,Laser Cut,,2000,0.25,7127.0,5701.0,1.41,Stainless Steel
sheetMetalNestingCutRate,lookupTables/Component/sheetMetalNestingCutRate.csv,USA reference export,"PARTIAL - Family 15 (Stainless Steel) OxyFuel/Plasma Cut/Plasma Punch complete; Family 2 (Steel) Fiber Laser Cut in progress, stopped at Oxygen/1500W/5.00mm confirmed (6.00mm row flagged low-confidence, pierce time cut off).",2079,15,Laser Cut,,2000,1.02,6479.0,5183.0,1.41,Stainless Steel
sheetMetalNestingCutRate,lookupTables/Component/sheetMetalNestingCutRate.csv,USA reference export,"PARTIAL - Family 15 (Stainless Steel) OxyFuel/Plasma Cut/Plasma Punch complete; Family 2 (Steel) Fiber Laser Cut in progress, stopped at Oxygen/1500W/5.00mm confirmed (6.00mm row flagged low-confidence, pierce time cut off).",2079,15,Laser Cut,,2000,1.52,4998.0,3887.0,1.41,Stainless Steel
sheetMetalNestingCutRate,lookupTables/Component/sheetMetalNestingCutRate.csv,USA reference export,"PARTIAL - Family 15 (Stainless Steel) OxyFuel/Plasma Cut/Plasma Punch complete; Family 2 (Steel) Fiber Laser Cut in progress, stopped at Oxygen/1500W/5.00mm confirmed (6.00mm row flagged low-confidence, pierce time cut off).",2079,15,Laser Cut,,2000,2.03,4258.0,3147.0,1.41,Stainless Steel
sheetMetalNestingCutRate,lookupTables/Component/sheetMetalNestingCutRate.csv,USA reference export,"PARTIAL - Family 15 (Stainless Steel) OxyFuel/Plasma Cut/Plasma Punch complete; Family 2 (Steel) Fiber Laser Cut in progress, stopped at Oxygen/1500W/5.00mm confirmed (6.00mm row flagged low-confidence, pierce time cut off).",2079,15,Laser Cut,,2000,2.54,3517.0,2930.83,1.41,Stainless Steel
sheetMetalNestingCutRate,lookupTables/Component/sheetMetalNestingCutRate.csv,USA reference export,"PARTIAL - Family 15 (Stainless Steel) OxyFuel/Plasma Cut/Plasma Punch complete; Family 2 (Steel) Fiber Laser Cut in progress, stopped at Oxygen/1500W/5.00mm confirmed (6.00mm row flagged low-confidence, pierce time cut off).",2079,15,Laser Cut,,2000,3.05,3332.0,2776.67,1.41,Stainless Steel
sheetMetalNestingCutRate,lookupTables/Component/sheetMetalNestingCutRate.csv,USA reference export,"PARTIAL - Family 15 (Stainless Steel) OxyFuel/Plasma Cut/Plasma Punch complete; Family 2 (Steel) Fiber Laser Cut in progress, stopped at Oxygen/1500W/5.00mm confirmed (6.00mm row flagged low-confidence, pierce time cut off).",2079,15,Laser Cut,,2000,4.57,1962.0,1407.0,2.42,Stainless Steel
sheetMetalNestingCutRate,lookupTables/Component/sheetMetalNestingCutRate.csv,USA reference export,"PARTIAL - Family 15 (Stainless Steel) OxyFuel/Plasma Cut/Plasma Punch complete; Family 2 (Steel) Fiber Laser Cut in progress, stopped at Oxygen/1500W/5.00mm confirmed (6.00mm row flagged low-confidence, pierce time cut off).",2079,15,Laser Cut,,2000,6.35,1148.0,778.0,4.08,Stainless Steel
sheetMetalNestingCutRate,lookupTables/Component/sheetMetalNestingCutRate.csv,USA reference export,"PARTIAL - Family 15 (Stainless Steel) OxyFuel/Plasma Cut/Plasma Punch complete; Family 2 (Steel) Fiber Laser Cut in progress, stopped at Oxygen/1500W/5.00mm confirmed (6.00mm row flagged low-confidence, pierce time cut off).",2079,15,Laser Cut,,2000,9.53,533.0,385.0,8.84,Stainless Steel
sheetMetalNestingCutRate,lookupTables/Component/sheetMetalNestingCutRate.csv,USA reference export,"PARTIAL - Family 15 (Stainless Steel) OxyFuel/Plasma Cut/Plasma Punch complete; Family 2 (Steel) Fiber Laser Cut in progress, stopped at Oxygen/1500W/5.00mm confirmed (6.00mm row flagged low-confidence, pierce time cut off).",2079,15,Laser Cut,,2000,12.7,511.0,326.0,13.43,Stainless Steel
sheetMetalNestingCutRate,lookupTables/Component/sheetMetalNestingCutRate.csv,USA reference export,"PARTIAL - Family 15 (Stainless Steel) OxyFuel/Plasma Cut/Plasma Punch complete; Family 2 (Steel) Fiber Laser Cut in progress, stopped at Oxygen/1500W/5.00mm confirmed (6.00mm row flagged low-confidence, pierce time cut off).",2079,15,Laser Cut,,2000,15.88,363.0,289.0,15.86,Stainless Steel
sheetMetalNestingCutRate,lookupTables/Component/sheetMetalNestingCutRate.csv,USA reference export,"PARTIAL - Family 15 (Stainless Steel) OxyFuel/Plasma Cut/Plasma Punch complete; Family 2 (Steel) Fiber Laser Cut in progress, stopped at Oxygen/1500W/5.00mm confirmed (6.00mm row flagged low-confidence, pierce time cut off).",2079,15,Laser Cut,,2700,1.02,6479.0,5183.0,1.38,Stainless Steel
sheetMetalNestingCutRate,lookupTables/Component/sheetMetalNestingCutRate.csv,USA reference export,"PARTIAL - Family 15 (Stainless Steel) OxyFuel/Plasma Cut/Plasma Punch complete; Family 2 (Steel) Fiber Laser Cut in progress, stopped at Oxygen/1500W/5.00mm confirmed (6.00mm row flagged low-confidence, pierce time cut off).",2079,15,Laser Cut,,2700,1.52,4998.0,3887.0,1.38,Stainless Steel
sheetMetalNestingCutRate,lookupTables/Component/sheetMetalNestingCutRate.csv,USA reference export,"PARTIAL - Family 15 (Stainless Steel) OxyFuel/Plasma Cut/Plasma Punch complete; Family 2 (Steel) Fiber Laser Cut in progress, stopped at Oxygen/1500W/5.00mm confirmed (6.00mm row flagged low-confidence, pierce time cut off).",2079,15,Laser Cut,,2700,2.03,4258.0,3147.0,1.38,Stainless Steel
sheetMetalNestingCutRate,lookupTables/Component/sheetMetalNestingCutRate.csv,USA reference export,"PARTIAL - Family 15 (Stainless Steel) OxyFuel/Plasma Cut/Plasma Punch complete; Family 2 (Steel) Fiber Laser Cut in progress, stopped at Oxygen/1500W/5.00mm confirmed (6.00mm row flagged low-confidence, pierce time cut off).",2079,15,Laser Cut,,2700,2.54,3517.0,2930.83,1.38,Stainless Steel
sheetMetalNestingCutRate,lookupTables/Component/sheetMetalNestingCutRate.csv,USA reference export,"PARTIAL - Family 15 (Stainless Steel) OxyFuel/Plasma Cut/Plasma Punch complete; Family 2 (Steel) Fiber Laser Cut in progress, stopped at Oxygen/1500W/5.00mm confirmed (6.00mm row flagged low-confidence, pierce time cut off).",2079,15,Laser Cut,,2700,3.05,3332.0,2776.67,1.38,Stainless Steel
sheetMetalNestingCutRate,lookupTables/Component/sheetMetalNestingCutRate.csv,USA reference export,"PARTIAL - Family 15 (Stainless Steel) OxyFuel/Plasma Cut/Plasma Punch complete; Family 2 (Steel) Fiber Laser Cut in progress, stopped at Oxygen/1500W/5.00mm confirmed (6.00mm row flagged low-confidence, pierce time cut off).",2079,15,Laser Cut,,2700,4.57,2221.0,1666.0,2.36,Stainless Steel
sheetMetalNestingCutRate,lookupTables/Component/sheetMetalNestingCutRate.csv,USA reference export,"PARTIAL - Family 15 (Stainless Steel) OxyFuel/Plasma Cut/Plasma Punch complete; Family 2 (Steel) Fiber Laser Cut in progress, stopped at Oxygen/1500W/5.00mm confirmed (6.00mm row flagged low-confidence, pierce time cut off).",2079,15,Laser Cut,,2700,6.35,1666.0,1296.0,3.98,Stainless Steel
sheetMetalNestingCutRate,lookupTables/Component/sheetMetalNestingCutRate.csv,USA reference export,"PARTIAL - Family 15 (Stainless Steel) OxyFuel/Plasma Cut/Plasma Punch complete; Family 2 (Steel) Fiber Laser Cut in progress, stopped at Oxygen/1500W/5.00mm confirmed (6.00mm row flagged low-confidence, pierce time cut off).",2079,15,Laser Cut,,2700,9.53,926.0,740.0,8.64,Stainless Steel
sheetMetalNestingCutRate,lookupTables/Component/sheetMetalNestingCutRate.csv,USA reference export,"PARTIAL - Family 15 (Stainless Steel) OxyFuel/Plasma Cut/Plasma Punch complete; Family 2 (Steel) Fiber Laser Cut in progress, stopped at Oxygen/1500W/5.00mm confirmed (6.00mm row flagged low-confidence, pierce time cut off).",2079,15,Laser Cut,,2700,12.7,740.0,592.0,13.13,Stainless Steel
sheetMetalNestingCutRate,lookupTables/Component/sheetMetalNestingCutRate.csv,USA reference export,"PARTIAL - Family 15 (Stainless Steel) OxyFuel/Plasma Cut/Plasma Punch complete; Family 2 (Steel) Fiber Laser Cut in progress, stopped at Oxygen/1500W/5.00mm confirmed (6.00mm row flagged low-confidence, pierce time cut off).",2079,15,Laser Cut,,2700,15.88,518.0,445.0,15.49,Stainless Steel
sheetMetalNestingCutRate,lookupTables/Component/sheetMetalNestingCutRate.csv,USA reference export,"PARTIAL - Family 15 (Stainless Steel) OxyFuel/Plasma Cut/Plasma Punch complete; Family 2 (Steel) Fiber Laser Cut in progress, stopped at Oxygen/1500W/5.00mm confirmed (6.00mm row flagged low-confidence, pierce time cut off).",2079,15,Laser Cut,,3000,1.02,6479.0,5183.0,1.37,Stainless Steel
sheetMetalNestingCutRate,lookupTables/Component/sheetMetalNestingCutRate.csv,USA reference export,"PARTIAL - Family 15 (Stainless Steel) OxyFuel/Plasma Cut/Plasma Punch complete; Family 2 (Steel) Fiber Laser Cut in progress, stopped at Oxygen/1500W/5.00mm confirmed (6.00mm row flagged low-confidence, pierce time cut off).",2079,15,Laser Cut,,3000,1.52,4998.0,3887.0,1.37,Stainless Steel
sheetMetalNestingCutRate,lookupTables/Component/sheetMetalNestingCutRate.csv,USA reference export,"PARTIAL - Family 15 (Stainless Steel) OxyFuel/Plasma Cut/Plasma Punch complete; Family 2 (Steel) Fiber Laser Cut in progress, stopped at Oxygen/1500W/5.00mm confirmed (6.00mm row flagged low-confidence, pierce time cut off).",2079,15,Laser Cut,,3000,2.03,4258.0,3147.0,1.37,Stainless Steel
sheetMetalNestingCutRate,lookupTables/Component/sheetMetalNestingCutRate.csv,USA reference export,"PARTIAL - Family 15 (Stainless Steel) OxyFuel/Plasma Cut/Plasma Punch complete; Family 2 (Steel) Fiber Laser Cut in progress, stopped at Oxygen/1500W/5.00mm confirmed (6.00mm row flagged low-confidence, pierce time cut off).",2079,15,Laser Cut,,3000,2.54,3517.0,2930.83,1.37,Stainless Steel
sheetMetalNestingCutRate,lookupTables/Component/sheetMetalNestingCutRate.csv,USA reference export,"PARTIAL - Family 15 (Stainless Steel) OxyFuel/Plasma Cut/Plasma Punch complete; Family 2 (Steel) Fiber Laser Cut in progress, stopped at Oxygen/1500W/5.00mm confirmed (6.00mm row flagged low-confidence, pierce time cut off).",2079,15,Laser Cut,,3000,3.05,3332.0,2776.67,1.37,Stainless Steel
sheetMetalNestingCutRate,lookupTables/Component/sheetMetalNestingCutRate.csv,USA reference export,"PARTIAL - Family 15 (Stainless Steel) OxyFuel/Plasma Cut/Plasma Punch complete; Family 2 (Steel) Fiber Laser Cut in progress, stopped at Oxygen/1500W/5.00mm confirmed (6.00mm row flagged low-confidence, pierce time cut off).",2079,15,Laser Cut,,3000,4.57,2332.0,1777.0,2.33,Stainless Steel
sheetMetalNestingCutRate,lookupTables/Component/sheetMetalNestingCutRate.csv,USA reference export,"PARTIAL - Family 15 (Stainless Steel) OxyFuel/Plasma Cut/Plasma Punch complete; Family 2 (Steel) Fiber Laser Cut in progress, stopped at Oxygen/1500W/5.00mm confirmed (6.00mm row flagged low-confidence, pierce time cut off).",2079,15,Laser Cut,,3000,6.35,1888.0,1518.0,3.94,Stainless Steel
sheetMetalNestingCutRate,lookupTables/Component/sheetMetalNestingCutRate.csv,USA reference export,"PARTIAL - Family 15 (Stainless Steel) OxyFuel/Plasma Cut/Plasma Punch complete; Family 2 (Steel) Fiber Laser Cut in progress, stopped at Oxygen/1500W/5.00mm confirmed (6.00mm row flagged low-confidence, pierce time cut off).",2079,15,Laser Cut,,3000,9.53,1103.0,918.0,8.55,Stainless Steel
sheetMetalNestingCutRate,lookupTables/Component/sheetMetalNestingCutRate.csv,USA reference export,"PARTIAL - Family 15 (Stainless Steel) OxyFuel/Plasma Cut/Plasma Punch complete; Family 2 (Steel) Fiber Laser Cut in progress, stopped at Oxygen/1500W/5.00mm confirmed (6.00mm row flagged low-confidence, pierce time cut off).",2079,15,Laser Cut,,3000,12.7,829.0,681.0,12.99,Stainless Steel
sheetMetalNestingCutRate,lookupTables/Component/sheetMetalNestingCutRate.csv,USA reference export,"PARTIAL - Family 15 (Stainless Steel) OxyFuel/Plasma Cut/Plasma Punch complete; Family 2 (Steel) Fiber Laser Cut in progress, stopped at Oxygen/1500W/5.00mm confirmed (6.00mm row flagged low-confidence, pierce time cut off).",2079,15,Laser Cut,,3000,15.88,585.0,511.0,15.33,Stainless Steel
sheetMetalNestingCutRate,lookupTables/Component/sheetMetalNestingCutRate.csv,USA reference export,"PARTIAL - Family 15 (Stainless Steel) OxyFuel/Plasma Cut/Plasma Punch complete; Family 2 (Steel) Fiber Laser Cut in progress, stopped at Oxygen/1500W/5.00mm confirmed (6.00mm row flagged low-confidence, pierce time cut off).",2079,15,Laser Cut,,3200,1.02,6479.0,5183.0,1.36,Stainless Steel
sheetMetalNestingCutRate,lookupTables/Component/sheetMetalNestingCutRate.csv,USA reference export,"PARTIAL - Family 15 (Stainless Steel) OxyFuel/Plasma Cut/Plasma Punch complete; Family 2 (Steel) Fiber Laser Cut in progress, stopped at Oxygen/1500W/5.00mm confirmed (6.00mm row flagged low-confidence, pierce time cut off).",2079,15,Laser Cut,,3200,1.52,4998.0,3887.0,1.36,Stainless Steel
sheetMetalNestingCutRate,lookupTables/Component/sheetMetalNestingCutRate.csv,USA reference export,"PARTIAL - Family 15 (Stainless Steel) OxyFuel/Plasma Cut/Plasma Punch complete; Family 2 (Steel) Fiber Laser Cut in progress, stopped at Oxygen/1500W/5.00mm confirmed (6.00mm row flagged low-confidence, pierce time cut off).",2079,15,Laser Cut,,3200,2.03,4258.0,3147.0,1.36,Stainless Steel
sheetMetalNestingCutRate,lookupTables/Component/sheetMetalNestingCutRate.csv,USA reference export,"PARTIAL - Family 15 (Stainless Steel) OxyFuel/Plasma Cut/Plasma Punch complete; Family 2 (Steel) Fiber Laser Cut in progress, stopped at Oxygen/1500W/5.00mm confirmed (6.00mm row flagged low-confidence, pierce time cut off).",2079,15,Laser Cut,,3200,2.54,3517.0,2930.83,1.36,Stainless Steel
sheetMetalNestingCutRate,lookupTables/Component/sheetMetalNestingCutRate.csv,USA reference export,"PARTIAL - Family 15 (Stainless Steel) OxyFuel/Plasma Cut/Plasma Punch complete; Family 2 (Steel) Fiber Laser Cut in progress, stopped at Oxygen/1500W/5.00mm confirmed (6.00mm row flagged low-confidence, pierce time cut off).",2079,15,Laser Cut,,3200,3.05,3332.0,2776.67,1.36,Stainless Steel
sheetMetalNestingCutRate,lookupTables/Component/sheetMetalNestingCutRate.csv,USA reference export,"PARTIAL - Family 15 (Stainless Steel) OxyFuel/Plasma Cut/Plasma Punch complete; Family 2 (Steel) Fiber Laser Cut in progress, stopped at Oxygen/1500W/5.00mm confirmed (6.00mm row flagged low-confidence, pierce time cut off).",2079,15,Laser Cut,,3200,4.57,2406.0,1851.0,2.32,Stainless Steel
sheetMetalNestingCutRate,lookupTables/Component/sheetMetalNestingCutRate.csv,USA reference export,"PARTIAL - Family 15 (Stainless Steel) OxyFuel/Plasma Cut/Plasma Punch complete; Family 2 (Steel) Fiber Laser Cut in progress, stopped at Oxygen/1500W/5.00mm confirmed (6.00mm row flagged low-confidence, pierce time cut off).",2079,15,Laser Cut,,3200,6.35,1988.0,1618.0,3.91,Stainless Steel
sheetMetalNestingCutRate,lookupTables/Component/sheetMetalNestingCutRate.csv,USA reference export,"PARTIAL - Family 15 (Stainless Steel) OxyFuel/Plasma Cut/Plasma Punch complete; Family 2 (Steel) Fiber Laser Cut in progress, stopped at Oxygen/1500W/5.00mm confirmed (6.00mm row flagged low-confidence, pierce time cut off).",2079,15,Laser Cut,,3200,9.53,1221.0,1036.0,8.49,Stainless Steel
sheetMetalNestingCutRate,lookupTables/Component/sheetMetalNestingCutRate.csv,USA reference export,"PARTIAL - Family 15 (Stainless Steel) OxyFuel/Plasma Cut/Plasma Punch complete; Family 2 (Steel) Fiber Laser Cut in progress, stopped at Oxygen/1500W/5.00mm confirmed (6.00mm row flagged low-confidence, pierce time cut off).",2079,15,Laser Cut,,3200,12.7,888.0,740.0,12.91,Stainless Steel
sheetMetalNestingCutRate,lookupTables/Component/sheetMetalNestingCutRate.csv,USA reference export,"PARTIAL - Family 15 (Stainless Steel) OxyFuel/Plasma Cut/Plasma Punch complete; Family 2 (Steel) Fiber Laser Cut in progress, stopped at Oxygen/1500W/5.00mm confirmed (6.00mm row flagged low-confidence, pierce time cut off).",2079,15,Laser Cut,,3200,15.88,629.0,555.0,15.22,Stainless Steel
sheetMetalNestingCutRate,lookupTables/Component/sheetMetalNestingCutRate.csv,USA reference export,"PARTIAL - Family 15 (Stainless Steel) OxyFuel/Plasma Cut/Plasma Punch complete; Family 2 (Steel) Fiber Laser Cut in progress, stopped at Oxygen/1500W/5.00mm confirmed (6.00mm row flagged low-confidence, pierce time cut off).",2079,15,Laser Cut,,3200,19.05,592.0,518.0,16.19,Stainless Steel
sheetMetalNestingCutRate,lookupTables/Component/sheetMetalNestingCutRate.csv,USA reference export,"PARTIAL - Family 15 (Stainless Steel) OxyFuel/Plasma Cut/Plasma Punch complete; Family 2 (Steel) Fiber Laser Cut in progress, stopped at Oxygen/1500W/5.00mm confirmed (6.00mm row flagged low-confidence, pierce time cut off).",2079,15,Laser Cut,,3300,1.02,6479.0,5183.0,1.35,Stainless Steel
sheetMetalNestingCutRate,lookupTables/Component/sheetMetalNestingCutRate.csv,USA reference export,"PARTIAL - Family 15 (Stainless Steel) OxyFuel/Plasma Cut/Plasma Punch complete; Family 2 (Steel) Fiber Laser Cut in progress, stopped at Oxygen/1500W/5.00mm confirmed (6.00mm row flagged low-confidence, pierce time cut off).",2079,15,Laser Cut,,3300,1.52,4998.0,3887.0,1.35,Stainless Steel
sheetMetalNestingCutRate,lookupTables/Component/sheetMetalNestingCutRate.csv,USA reference export,"PARTIAL - Family 15 (Stainless Steel) OxyFuel/Plasma Cut/Plasma Punch complete; Family 2 (Steel) Fiber Laser Cut in progress, stopped at Oxygen/1500W/5.00mm confirmed (6.00mm row flagged low-confidence, pierce time cut off).",2079,15,Laser Cut,,3300,2.03,4258.0,3147.0,1.35,Stainless Steel
sheetMetalNestingCutRate,lookupTables/Component/sheetMetalNestingCutRate.csv,USA reference export,"PARTIAL - Family 15 (Stainless Steel) OxyFuel/Plasma Cut/Plasma Punch complete; Family 2 (Steel) Fiber Laser Cut in progress, stopped at Oxygen/1500W/5.00mm confirmed (6.00mm row flagged low-confidence, pierce time cut off).",2079,15,Laser Cut,,3300,2.54,3517.0,2930.83,1.35,Stainless Steel
sheetMetalNestingCutRate,lookupTables/Component/sheetMetalNestingCutRate.csv,USA reference export,"PARTIAL - Family 15 (Stainless Steel) OxyFuel/Plasma Cut/Plasma Punch complete; Family 2 (Steel) Fiber Laser Cut in progress, stopped at Oxygen/1500W/5.00mm confirmed (6.00mm row flagged low-confidence, pierce time cut off).",2079,15,Laser Cut,,3300,3.05,3332.0,2776.67,1.35,Stainless Steel
sheetMetalNestingCutRate,lookupTables/Component/sheetMetalNestingCutRate.csv,USA reference export,"PARTIAL - Family 15 (Stainless Steel) OxyFuel/Plasma Cut/Plasma Punch complete; Family 2 (Steel) Fiber Laser Cut in progress, stopped at Oxygen/1500W/5.00mm confirmed (6.00mm row flagged low-confidence, pierce time cut off).",2079,15,Laser Cut,,3300,4.57,2410.0,1855.0,2.32,Stainless Steel
sheetMetalNestingCutRate,lookupTables/Component/sheetMetalNestingCutRate.csv,USA reference export,"PARTIAL - Family 15 (Stainless Steel) OxyFuel/Plasma Cut/Plasma Punch complete; Family 2 (Steel) Fiber Laser Cut in progress, stopped at Oxygen/1500W/5.00mm confirmed (6.00mm row flagged low-confidence, pierce time cut off).",2079,15,Laser Cut,,3300,6.35,2036.0,1666.0,3.87,Stainless Steel
sheetMetalNestingCutRate,lookupTables/Component/sheetMetalNestingCutRate.csv,USA reference export,"PARTIAL - Family 15 (Stainless Steel) OxyFuel/Plasma Cut/Plasma Punch complete; Family 2 (Steel) Fiber Laser Cut in progress, stopped at Oxygen/1500W/5.00mm confirmed (6.00mm row flagged low-confidence, pierce time cut off).",2079,15,Laser Cut,,3300,9.53,1217.0,1031.0,8.48,Stainless Steel
sheetMetalNestingCutRate,lookupTables/Component/sheetMetalNestingCutRate.csv,USA reference export,"PARTIAL - Family 15 (Stainless Steel) OxyFuel/Plasma Cut/Plasma Punch complete; Family 2 (Steel) Fiber Laser Cut in progress, stopped at Oxygen/1500W/5.00mm confirmed (6.00mm row flagged low-confidence, pierce time cut off).",2079,15,Laser Cut,,3300,12.7,936.0,788.0,12.86,Stainless Steel
sheetMetalNestingCutRate,lookupTables/Component/sheetMetalNestingCutRate.csv,USA reference export,"PARTIAL - Family 15 (Stainless Steel) OxyFuel/Plasma Cut/Plasma Punch complete; Family 2 (Steel) Fiber Laser Cut in progress, stopped at Oxygen/1500W/5.00mm confirmed (6.00mm row flagged low-confidence, pierce time cut off).",2079,15,Laser Cut,,3300,15.88,665.0,578.0,15.16,Stainless Steel
sheetMetalNestingCutRate,lookupTables/Component/sheetMetalNestingCutRate.csv,USA reference export,"PARTIAL - Family 15 (Stainless Steel) OxyFuel/Plasma Cut/Plasma Punch complete; Family 2 (Steel) Fiber Laser Cut in progress, stopped at Oxygen/1500W/5.00mm confirmed (6.00mm row flagged low-confidence, pierce time cut off).",2079,15,Laser Cut,,3300,19.05,652.0,569.0,15.56,Stainless Steel
sheetMetalNestingCutRate,lookupTables/Component/sheetMetalNestingCutRate.csv,USA reference export,"PARTIAL - Family 15 (Stainless Steel) OxyFuel/Plasma Cut/Plasma Punch complete; Family 2 (Steel) Fiber Laser Cut in progress, stopped at Oxygen/1500W/5.00mm confirmed (6.00mm row flagged low-confidence, pierce time cut off).",2079,15,Laser Cut,,4000,1.02,6479.0,5183.0,1.33,Stainless Steel
sheetMetalNestingCutRate,lookupTables/Component/sheetMetalNestingCutRate.csv,USA reference export,"PARTIAL - Family 15 (Stainless Steel) OxyFuel/Plasma Cut/Plasma Punch complete; Family 2 (Steel) Fiber Laser Cut in progress, stopped at Oxygen/1500W/5.00mm confirmed (6.00mm row flagged low-confidence, pierce time cut off).",2079,15,Laser Cut,,4000,1.52,4998.0,3887.0,1.33,Stainless Steel
sheetMetalNestingCutRate,lookupTables/Component/sheetMetalNestingCutRate.csv,USA reference export,"PARTIAL - Family 15 (Stainless Steel) OxyFuel/Plasma Cut/Plasma Punch complete; Family 2 (Steel) Fiber Laser Cut in progress, stopped at Oxygen/1500W/5.00mm confirmed (6.00mm row flagged low-confidence, pierce time cut off).",2079,15,Laser Cut,,4000,2.03,4258.0,3147.0,1.33,Stainless Steel
sheetMetalNestingCutRate,lookupTables/Component/sheetMetalNestingCutRate.csv,USA reference export,"PARTIAL - Family 15 (Stainless Steel) OxyFuel/Plasma Cut/Plasma Punch complete; Family 2 (Steel) Fiber Laser Cut in progress, stopped at Oxygen/1500W/5.00mm confirmed (6.00mm row flagged low-confidence, pierce time cut off).",2079,15,Laser Cut,,4000,2.54,3517.0,2930.83,1.33,Stainless Steel
sheetMetalNestingCutRate,lookupTables/Component/sheetMetalNestingCutRate.csv,USA reference export,"PARTIAL - Family 15 (Stainless Steel) OxyFuel/Plasma Cut/Plasma Punch complete; Family 2 (Steel) Fiber Laser Cut in progress, stopped at Oxygen/1500W/5.00mm confirmed (6.00mm row flagged low-confidence, pierce time cut off).",2079,15,Laser Cut,,4000,3.05,3332.0,2776.67,1.33,Stainless Steel
sheetMetalNestingCutRate,lookupTables/Component/sheetMetalNestingCutRate.csv,USA reference export,"PARTIAL - Family 15 (Stainless Steel) OxyFuel/Plasma Cut/Plasma Punch complete; Family 2 (Steel) Fiber Laser Cut in progress, stopped at Oxygen/1500W/5.00mm confirmed (6.00mm row flagged low-confidence, pierce time cut off).",2079,15,Laser Cut,,4000,4.57,2592.0,2036.0,2.25,Stainless Steel
sheetMetalNestingCutRate,lookupTables/Component/sheetMetalNestingCutRate.csv,USA reference export,"PARTIAL - Family 15 (Stainless Steel) OxyFuel/Plasma Cut/Plasma Punch complete; Family 2 (Steel) Fiber Laser Cut in progress, stopped at Oxygen/1500W/5.00mm confirmed (6.00mm row flagged low-confidence, pierce time cut off).",2079,15,Laser Cut,,4000,6.35,2221.0,1851.0,3.8,Stainless Steel
sheetMetalNestingCutRate,lookupTables/Component/sheetMetalNestingCutRate.csv,USA reference export,"PARTIAL - Family 15 (Stainless Steel) OxyFuel/Plasma Cut/Plasma Punch complete; Family 2 (Steel) Fiber Laser Cut in progress, stopped at Oxygen/1500W/5.00mm confirmed (6.00mm row flagged low-confidence, pierce time cut off).",2079,15,Laser Cut,,4000,9.53,1481.0,1296.0,8.26,Stainless Steel
sheetMetalNestingCutRate,lookupTables/Component/sheetMetalNestingCutRate.csv,USA reference export,"PARTIAL - Family 15 (Stainless Steel) OxyFuel/Plasma Cut/Plasma Punch complete; Family 2 (Steel) Fiber Laser Cut in progress, stopped at Oxygen/1500W/5.00mm confirmed (6.00mm row flagged low-confidence, pierce time cut off).",2079,15,Laser Cut,,4000,12.7,1185.0,1036.0,12.56,Stainless Steel
sheetMetalNestingCutRate,lookupTables/Component/sheetMetalNestingCutRate.csv,USA reference export,"PARTIAL - Family 15 (Stainless Steel) OxyFuel/Plasma Cut/Plasma Punch complete; Family 2 (Steel) Fiber Laser Cut in progress, stopped at Oxygen/1500W/5.00mm confirmed (6.00mm row flagged low-confidence, pierce time cut off).",2079,15,Laser Cut,,4000,15.88,851.0,703.0,14.79,Stainless Steel
sheetMetalNestingCutRate,lookupTables/Component/sheetMetalNestingCutRate.csv,USA reference export,"PARTIAL - Family 15 (Stainless Steel) OxyFuel/Plasma Cut/Plasma Punch complete; Family 2 (Steel) Fiber Laser Cut in progress, stopped at Oxygen/1500W/5.00mm confirmed (6.00mm row flagged low-confidence, pierce time cut off).",2079,15,Laser Cut,,4000,19.05,666.0,592.0,15.09,Stainless Steel
sheetMetalNestingCutRate,lookupTables/Component/sheetMetalNestingCutRate.csv,USA reference export,"PARTIAL - Family 15 (Stainless Steel) OxyFuel/Plasma Cut/Plasma Punch complete; Family 2 (Steel) Fiber Laser Cut in progress, stopped at Oxygen/1500W/5.00mm confirmed (6.00mm row flagged low-confidence, pierce time cut off).",2079,15,Laser Cut,,5000,1.02,6479.0,5183.0,1.28,Stainless Steel
sheetMetalNestingCutRate,lookupTables/Component/sheetMetalNestingCutRate.csv,USA reference export,"PARTIAL - Family 15 (Stainless Steel) OxyFuel/Plasma Cut/Plasma Punch complete; Family 2 (Steel) Fiber Laser Cut in progress, stopped at Oxygen/1500W/5.00mm confirmed (6.00mm row flagged low-confidence, pierce time cut off).",2079,15,Laser Cut,,5000,1.52,4998.0,3887.0,1.28,Stainless Steel
sheetMetalNestingCutRate,lookupTables/Component/sheetMetalNestingCutRate.csv,USA reference export,"PARTIAL - Family 15 (Stainless Steel) OxyFuel/Plasma Cut/Plasma Punch complete; Family 2 (Steel) Fiber Laser Cut in progress, stopped at Oxygen/1500W/5.00mm confirmed (6.00mm row flagged low-confidence, pierce time cut off).",2079,15,Laser Cut,,5000,2.03,4258.0,3147.0,1.28,Stainless Steel
sheetMetalNestingCutRate,lookupTables/Component/sheetMetalNestingCutRate.csv,USA reference export,"PARTIAL - Family 15 (Stainless Steel) OxyFuel/Plasma Cut/Plasma Punch complete; Family 2 (Steel) Fiber Laser Cut in progress, stopped at Oxygen/1500W/5.00mm confirmed (6.00mm row flagged low-confidence, pierce time cut off).",2079,15,Laser Cut,,5000,2.54,3517.0,2930.83,1.28,Stainless Steel
sheetMetalNestingCutRate,lookupTables/Component/sheetMetalNestingCutRate.csv,USA reference export,"PARTIAL - Family 15 (Stainless Steel) OxyFuel/Plasma Cut/Plasma Punch complete; Family 2 (Steel) Fiber Laser Cut in progress, stopped at Oxygen/1500W/5.00mm confirmed (6.00mm row flagged low-confidence, pierce time cut off).",2079,15,Laser Cut,,5000,3.05,3332.0,2776.67,1.28,Stainless Steel
sheetMetalNestingCutRate,lookupTables/Component/sheetMetalNestingCutRate.csv,USA reference export,"PARTIAL - Family 15 (Stainless Steel) OxyFuel/Plasma Cut/Plasma Punch complete; Family 2 (Steel) Fiber Laser Cut in progress, stopped at Oxygen/1500W/5.00mm confirmed (6.00mm row flagged low-confidence, pierce time cut off).",2079,15,Laser Cut,,5000,4.57,2962.0,2592.0,2.18,Stainless Steel
sheetMetalNestingCutRate,lookupTables/Component/sheetMetalNestingCutRate.csv,USA reference export,"PARTIAL - Family 15 (Stainless Steel) OxyFuel/Plasma Cut/Plasma Punch complete; Family 2 (Steel) Fiber Laser Cut in progress, stopped at Oxygen/1500W/5.00mm confirmed (6.00mm row flagged low-confidence, pierce time cut off).",2079,15,Laser Cut,,5000,6.35,2406.0,2221.0,3.66,Stainless Steel
sheetMetalNestingCutRate,lookupTables/Component/sheetMetalNestingCutRate.csv,USA reference export,"PARTIAL - Family 15 (Stainless Steel) OxyFuel/Plasma Cut/Plasma Punch complete; Family 2 (Steel) Fiber Laser Cut in progress, stopped at Oxygen/1500W/5.00mm confirmed (6.00mm row flagged low-confidence, pierce time cut off).",2079,15,Laser Cut,,5000,9.53,1666.0,1573.0,7.99,Stainless Steel
sheetMetalNestingCutRate,lookupTables/Component/sheetMetalNestingCutRate.csv,USA reference export,"PARTIAL - Family 15 (Stainless Steel) OxyFuel/Plasma Cut/Plasma Punch complete; Family 2 (Steel) Fiber Laser Cut in progress, stopped at Oxygen/1500W/5.00mm confirmed (6.00mm row flagged low-confidence, pierce time cut off).",2079,15,Laser Cut,,5000,12.7,1481.0,1296.0,12.13,Stainless Steel
sheetMetalNestingCutRate,lookupTables/Component/sheetMetalNestingCutRate.csv,USA reference export,"PARTIAL - Family 15 (Stainless Steel) OxyFuel/Plasma Cut/Plasma Punch complete; Family 2 (Steel) Fiber Laser Cut in progress, stopped at Oxygen/1500W/5.00mm confirmed (6.00mm row flagged low-confidence, pierce time cut off).",2079,15,Laser Cut,,5000,15.88,1111.0,1018.0,14.3,Stainless Steel
sheetMetalNestingCutRate,lookupTables/Component/sheetMetalNestingCutRate.csv,USA reference export,"PARTIAL - Family 15 (Stainless Steel) OxyFuel/Plasma Cut/Plasma Punch complete; Family 2 (Steel) Fiber Laser Cut in progress, stopped at Oxygen/1500W/5.00mm confirmed (6.00mm row flagged low-confidence, pierce time cut off).",2079,15,Laser Cut,,5000,19.05,778.0,703.0,15.09,Stainless Steel
sheetMetalNestingCutRate,lookupTables/Component/sheetMetalNestingCutRate.csv,USA reference export,"PARTIAL - Family 15 (Stainless Steel) OxyFuel/Plasma Cut/Plasma Punch complete; Family 2 (Steel) Fiber Laser Cut in progress, stopped at Oxygen/1500W/5.00mm confirmed (6.00mm row flagged low-confidence, pierce time cut off).",2079,15,Laser Cut,,5000,25.4,592.0,592.0,15.78,Stainless Steel
sheetMetalNestingCutRate,lookupTables/Component/sheetMetalNestingCutRate.csv,USA reference export,"PARTIAL - Family 15 (Stainless Steel) OxyFuel/Plasma Cut/Plasma Punch complete; Family 2 (Steel) Fiber Laser Cut in progress, stopped at Oxygen/1500W/5.00mm confirmed (6.00mm row flagged low-confidence, pierce time cut off).",2079,15,Laser Cut,,6000,1.02,6479.0,5183.0,1.23,Stainless Steel
sheetMetalNestingCutRate,lookupTables/Component/sheetMetalNestingCutRate.csv,USA reference export,"PARTIAL - Family 15 (Stainless Steel) OxyFuel/Plasma Cut/Plasma Punch complete; Family 2 (Steel) Fiber Laser Cut in progress, stopped at Oxygen/1500W/5.00mm confirmed (6.00mm row flagged low-confidence, pierce time cut off).",2079,15,Laser Cut,,6000,1.52,4998.0,3887.0,1.23,Stainless Steel
sheetMetalNestingCutRate,lookupTables/Component/sheetMetalNestingCutRate.csv,USA reference export,"PARTIAL - Family 15 (Stainless Steel) OxyFuel/Plasma Cut/Plasma Punch complete; Family 2 (Steel) Fiber Laser Cut in progress, stopped at Oxygen/1500W/5.00mm confirmed (6.00mm row flagged low-confidence, pierce time cut off).",2079,15,Laser Cut,,6000,2.03,4258.0,3147.0,1.23,Stainless Steel
sheetMetalNestingCutRate,lookupTables/Component/sheetMetalNestingCutRate.csv,USA reference export,"PARTIAL - Family 15 (Stainless Steel) OxyFuel/Plasma Cut/Plasma Punch complete; Family 2 (Steel) Fiber Laser Cut in progress, stopped at Oxygen/1500W/5.00mm confirmed (6.00mm row flagged low-confidence, pierce time cut off).",2079,15,Laser Cut,,6000,2.54,3517.0,2930.83,1.23,Stainless Steel
sheetMetalNestingCutRate,lookupTables/Component/sheetMetalNestingCutRate.csv,USA reference export,"PARTIAL - Family 15 (Stainless Steel) OxyFuel/Plasma Cut/Plasma Punch complete; Family 2 (Steel) Fiber Laser Cut in progress, stopped at Oxygen/1500W/5.00mm confirmed (6.00mm row flagged low-confidence, pierce time cut off).",2079,15,Laser Cut,,6000,3.05,3332.0,2776.67,1.23,Stainless Steel
sheetMetalNestingCutRate,lookupTables/Component/sheetMetalNestingCutRate.csv,USA reference export,"PARTIAL - Family 15 (Stainless Steel) OxyFuel/Plasma Cut/Plasma Punch complete; Family 2 (Steel) Fiber Laser Cut in progress, stopped at Oxygen/1500W/5.00mm confirmed (6.00mm row flagged low-confidence, pierce time cut off).",2079,15,Laser Cut,,6000,4.57,2962.0,2592.0,2.1,Stainless Steel
sheetMetalNestingCutRate,lookupTables/Component/sheetMetalNestingCutRate.csv,USA reference export,"PARTIAL - Family 15 (Stainless Steel) OxyFuel/Plasma Cut/Plasma Punch complete; Family 2 (Steel) Fiber Laser Cut in progress, stopped at Oxygen/1500W/5.00mm confirmed (6.00mm row flagged low-confidence, pierce time cut off).",2079,15,Laser Cut,,6000,6.35,2592.0,2406.0,3.54,Stainless Steel
sheetMetalNestingCutRate,lookupTables/Component/sheetMetalNestingCutRate.csv,USA reference export,"PARTIAL - Family 15 (Stainless Steel) OxyFuel/Plasma Cut/Plasma Punch complete; Family 2 (Steel) Fiber Laser Cut in progress, stopped at Oxygen/1500W/5.00mm confirmed (6.00mm row flagged low-confidence, pierce time cut off).",2079,15,Laser Cut,,6000,9.53,1851.0,1759.0,7.7,Stainless Steel
sheetMetalNestingCutRate,lookupTables/Component/sheetMetalNestingCutRate.csv,USA reference export,"PARTIAL - Family 15 (Stainless Steel) OxyFuel/Plasma Cut/Plasma Punch complete; Family 2 (Steel) Fiber Laser Cut in progress, stopped at Oxygen/1500W/5.00mm confirmed (6.00mm row flagged low-confidence, pierce time cut off).",2079,15,Laser Cut,,6000,12.7,1573.0,1388.0,11.7,Stainless Steel
sheetMetalNestingCutRate,lookupTables/Component/sheetMetalNestingCutRate.csv,USA reference export,"PARTIAL - Family 15 (Stainless Steel) OxyFuel/Plasma Cut/Plasma Punch complete; Family 2 (Steel) Fiber Laser Cut in progress, stopped at Oxygen/1500W/5.00mm confirmed (6.00mm row flagged low-confidence, pierce time cut off).",2079,15,Laser Cut,,6000,15.88,1296.0,1203.0,13.79,Stainless Steel
sheetMetalNestingCutRate,lookupTables/Component/sheetMetalNestingCutRate.csv,USA reference export,"PARTIAL - Family 15 (Stainless Steel) OxyFuel/Plasma Cut/Plasma Punch complete; Family 2 (Steel) Fiber Laser Cut in progress, stopped at Oxygen/1500W/5.00mm confirmed (6.00mm row flagged low-confidence, pierce time cut off).",2079,15,Laser Cut,,6000,19.05,851.0,778.0,14.82,Stainless Steel
sheetMetalNestingCutRate,lookupTables/Component/sheetMetalNestingCutRate.csv,USA reference export,"PARTIAL - Family 15 (Stainless Steel) OxyFuel/Plasma Cut/Plasma Punch complete; Family 2 (Steel) Fiber Laser Cut in progress, stopped at Oxygen/1500W/5.00mm confirmed (6.00mm row flagged low-confidence, pierce time cut off).",2079,15,Laser Cut,,6000,25.4,648.0,648.0,15.37,Stainless Steel
sheetMetalNestingCutRate,lookupTables/Component/sheetMetalNestingCutRate.csv,USA reference export,"PARTIAL - Family 15 (Stainless Steel) OxyFuel/Plasma Cut/Plasma Punch complete; Family 2 (Steel) Fiber Laser Cut in progress, stopped at Oxygen/1500W/5.00mm confirmed (6.00mm row flagged low-confidence, pierce time cut off).",2079,15,Laser Cut,,8000,1.02,6479.0,5183.0,1.23,Stainless Steel
sheetMetalNestingCutRate,lookupTables/Component/sheetMetalNestingCutRate.csv,USA reference export,"PARTIAL - Family 15 (Stainless Steel) OxyFuel/Plasma Cut/Plasma Punch complete; Family 2 (Steel) Fiber Laser Cut in progress, stopped at Oxygen/1500W/5.00mm confirmed (6.00mm row flagged low-confidence, pierce time cut off).",2079,15,Laser Cut,,8000,1.52,4998.0,3887.0,1.23,Stainless Steel
sheetMetalNestingCutRate,lookupTables/Component/sheetMetalNestingCutRate.csv,USA reference export,"PARTIAL - Family 15 (Stainless Steel) OxyFuel/Plasma Cut/Plasma Punch complete; Family 2 (Steel) Fiber Laser Cut in progress, stopped at Oxygen/1500W/5.00mm confirmed (6.00mm row flagged low-confidence, pierce time cut off).",2079,15,Laser Cut,,8000,2.03,4258.0,3147.0,1.23,Stainless Steel
sheetMetalNestingCutRate,lookupTables/Component/sheetMetalNestingCutRate.csv,USA reference export,"PARTIAL - Family 15 (Stainless Steel) OxyFuel/Plasma Cut/Plasma Punch complete; Family 2 (Steel) Fiber Laser Cut in progress, stopped at Oxygen/1500W/5.00mm confirmed (6.00mm row flagged low-confidence, pierce time cut off).",2079,15,Laser Cut,,8000,2.54,3517.0,2930.83,1.23,Stainless Steel
sheetMetalNestingCutRate,lookupTables/Component/sheetMetalNestingCutRate.csv,USA reference export,"PARTIAL - Family 15 (Stainless Steel) OxyFuel/Plasma Cut/Plasma Punch complete; Family 2 (Steel) Fiber Laser Cut in progress, stopped at Oxygen/1500W/5.00mm confirmed (6.00mm row flagged low-confidence, pierce time cut off).",2079,15,Laser Cut,,8000,3.05,3332.0,2776.67,1.23,Stainless Steel
sheetMetalNestingCutRate,lookupTables/Component/sheetMetalNestingCutRate.csv,USA reference export,"PARTIAL - Family 15 (Stainless Steel) OxyFuel/Plasma Cut/Plasma Punch complete; Family 2 (Steel) Fiber Laser Cut in progress, stopped at Oxygen/1500W/5.00mm confirmed (6.00mm row flagged low-confidence, pierce time cut off).",2079,15,Laser Cut,,8000,4.57,2962.0,2592.0,2.1,Stainless Steel
sheetMetalNestingCutRate,lookupTables/Component/sheetMetalNestingCutRate.csv,USA reference export,"PARTIAL - Family 15 (Stainless Steel) OxyFuel/Plasma Cut/Plasma Punch complete; Family 2 (Steel) Fiber Laser Cut in progress, stopped at Oxygen/1500W/5.00mm confirmed (6.00mm row flagged low-confidence, pierce time cut off).",2079,15,Laser Cut,,8000,6.35,2592.0,2406.0,3.54,Stainless Steel
sheetMetalNestingCutRate,lookupTables/Component/sheetMetalNestingCutRate.csv,USA reference export,"PARTIAL - Family 15 (Stainless Steel) OxyFuel/Plasma Cut/Plasma Punch complete; Family 2 (Steel) Fiber Laser Cut in progress, stopped at Oxygen/1500W/5.00mm confirmed (6.00mm row flagged low-confidence, pierce time cut off).",2079,15,Laser Cut,,8000,9.53,1851.0,1759.0,7.7,Stainless Steel
sheetMetalNestingCutRate,lookupTables/Component/sheetMetalNestingCutRate.csv,USA reference export,"PARTIAL - Family 15 (Stainless Steel) OxyFuel/Plasma Cut/Plasma Punch complete; Family 2 (Steel) Fiber Laser Cut in progress, stopped at Oxygen/1500W/5.00mm confirmed (6.00mm row flagged low-confidence, pierce time cut off).",2079,15,Laser Cut,,8000,12.7,1612.0,1423.0,10.83,Stainless Steel
sheetMetalNestingCutRate,lookupTables/Component/sheetMetalNestingCutRate.csv,USA reference export,"PARTIAL - Family 15 (Stainless Steel) OxyFuel/Plasma Cut/Plasma Punch complete; Family 2 (Steel) Fiber Laser Cut in progress, stopped at Oxygen/1500W/5.00mm confirmed (6.00mm row flagged low-confidence, pierce time cut off).",2079,15,Laser Cut,,8000,15.88,1328.0,1233.0,12.75,Stainless Steel
sheetMetalNestingCutRate,lookupTables/Component/sheetMetalNestingCutRate.csv,USA reference export,"PARTIAL - Family 15 (Stainless Steel) OxyFuel/Plasma Cut/Plasma Punch complete; Family 2 (Steel) Fiber Laser Cut in progress, stopped at Oxygen/1500W/5.00mm confirmed (6.00mm row flagged low-confidence, pierce time cut off).",2079,15,Laser Cut,,8000,19.05,872.0,797.0,13.96,Stainless Steel
sheetMetalNestingCutRate,lookupTables/Component/sheetMetalNestingCutRate.csv,USA reference export,"PARTIAL - Family 15 (Stainless Steel) OxyFuel/Plasma Cut/Plasma Punch complete; Family 2 (Steel) Fiber Laser Cut in progress, stopped at Oxygen/1500W/5.00mm confirmed (6.00mm row flagged low-confidence, pierce time cut off).",2079,15,Laser Cut,,8000,25.4,664.0,664.0,14.55,Stainless Steel
sheetMetalNestingCutRate,lookupTables/Component/sheetMetalNestingCutRate.csv,USA reference export,"PARTIAL - Family 15 (Stainless Steel) OxyFuel/Plasma Cut/Plasma Punch complete; Family 2 (Steel) Fiber Laser Cut in progress, stopped at Oxygen/1500W/5.00mm confirmed (6.00mm row flagged low-confidence, pierce time cut off).",2079,15,Laser Cut,,8000,50.0,592.0,592.0,16.84,Stainless Steel
sheetMetalNestingCutRate,lookupTables/Component/sheetMetalNestingCutRate.csv,USA reference export,"PARTIAL - Family 15 (Stainless Steel) OxyFuel/Plasma Cut/Plasma Punch complete; Family 2 (Steel) Fiber Laser Cut in progress, stopped at Oxygen/1500W/5.00mm confirmed (6.00mm row flagged low-confidence, pierce time cut off).",2079,15,Laser Cut,,10000,1.02,6479.0,5183.0,1.23,Stainless Steel
sheetMetalNestingCutRate,lookupTables/Component/sheetMetalNestingCutRate.csv,USA reference export,"PARTIAL - Family 15 (Stainless Steel) OxyFuel/Plasma Cut/Plasma Punch complete; Family 2 (Steel) Fiber Laser Cut in progress, stopped at Oxygen/1500W/5.00mm confirmed (6.00mm row flagged low-confidence, pierce time cut off).",2079,15,Laser Cut,,10000,1.52,4998.0,3887.0,1.23,Stainless Steel
sheetMetalNestingCutRate,lookupTables/Component/sheetMetalNestingCutRate.csv,USA reference export,"PARTIAL - Family 15 (Stainless Steel) OxyFuel/Plasma Cut/Plasma Punch complete; Family 2 (Steel) Fiber Laser Cut in progress, stopped at Oxygen/1500W/5.00mm confirmed (6.00mm row flagged low-confidence, pierce time cut off).",2079,15,Laser Cut,,10000,2.03,4258.0,3147.0,1.23,Stainless Steel
sheetMetalNestingCutRate,lookupTables/Component/sheetMetalNestingCutRate.csv,USA reference export,"PARTIAL - Family 15 (Stainless Steel) OxyFuel/Plasma Cut/Plasma Punch complete; Family 2 (Steel) Fiber Laser Cut in progress, stopped at Oxygen/1500W/5.00mm confirmed (6.00mm row flagged low-confidence, pierce time cut off).",2079,15,Laser Cut,,10000,2.54,3517.0,2930.83,1.23,Stainless Steel
sheetMetalNestingCutRate,lookupTables/Component/sheetMetalNestingCutRate.csv,USA reference export,"PARTIAL - Family 15 (Stainless Steel) OxyFuel/Plasma Cut/Plasma Punch complete; Family 2 (Steel) Fiber Laser Cut in progress, stopped at Oxygen/1500W/5.00mm confirmed (6.00mm row flagged low-confidence, pierce time cut off).",2079,15,Laser Cut,,10000,3.05,3332.0,2776.67,1.23,Stainless Steel
sheetMetalNestingCutRate,lookupTables/Component/sheetMetalNestingCutRate.csv,USA reference export,"PARTIAL - Family 15 (Stainless Steel) OxyFuel/Plasma Cut/Plasma Punch complete; Family 2 (Steel) Fiber Laser Cut in progress, stopped at Oxygen/1500W/5.00mm confirmed (6.00mm row flagged low-confidence, pierce time cut off).",2079,15,Laser Cut,,10000,4.57,2962.0,2592.0,2.1,Stainless Steel
sheetMetalNestingCutRate,lookupTables/Component/sheetMetalNestingCutRate.csv,USA reference export,"PARTIAL - Family 15 (Stainless Steel) OxyFuel/Plasma Cut/Plasma Punch complete; Family 2 (Steel) Fiber Laser Cut in progress, stopped at Oxygen/1500W/5.00mm confirmed (6.00mm row flagged low-confidence, pierce time cut off).",2079,15,Laser Cut,,10000,6.35,2592.0,2406.0,3.54,Stainless Steel
sheetMetalNestingCutRate,lookupTables/Component/sheetMetalNestingCutRate.csv,USA reference export,"PARTIAL - Family 15 (Stainless Steel) OxyFuel/Plasma Cut/Plasma Punch complete; Family 2 (Steel) Fiber Laser Cut in progress, stopped at Oxygen/1500W/5.00mm confirmed (6.00mm row flagged low-confidence, pierce time cut off).",2079,15,Laser Cut,,10000,9.53,1851.0,1759.0,7.7,Stainless Steel
sheetMetalNestingCutRate,lookupTables/Component/sheetMetalNestingCutRate.csv,USA reference export,"PARTIAL - Family 15 (Stainless Steel) OxyFuel/Plasma Cut/Plasma Punch complete; Family 2 (Steel) Fiber Laser Cut in progress, stopped at Oxygen/1500W/5.00mm confirmed (6.00mm row flagged low-confidence, pierce time cut off).",2079,15,Laser Cut,,10000,12.7,1652.0,1457.0,9.97,Stainless Steel
sheetMetalNestingCutRate,lookupTables/Component/sheetMetalNestingCutRate.csv,USA reference export,"PARTIAL - Family 15 (Stainless Steel) OxyFuel/Plasma Cut/Plasma Punch complete; Family 2 (Steel) Fiber Laser Cut in progress, stopped at Oxygen/1500W/5.00mm confirmed (6.00mm row flagged low-confidence, pierce time cut off).",2079,15,Laser Cut,,10000,15.88,1361.0,1263.0,11.71,Stainless Steel
sheetMetalNestingCutRate,lookupTables/Component/sheetMetalNestingCutRate.csv,USA reference export,"PARTIAL - Family 15 (Stainless Steel) OxyFuel/Plasma Cut/Plasma Punch complete; Family 2 (Steel) Fiber Laser Cut in progress, stopped at Oxygen/1500W/5.00mm confirmed (6.00mm row flagged low-confidence, pierce time cut off).",2079,15,Laser Cut,,10000,19.05,894.0,817.0,13.2,Stainless Steel
sheetMetalNestingCutRate,lookupTables/Component/sheetMetalNestingCutRate.csv,USA reference export,"PARTIAL - Family 15 (Stainless Steel) OxyFuel/Plasma Cut/Plasma Punch complete; Family 2 (Steel) Fiber Laser Cut in progress, stopped at Oxygen/1500W/5.00mm confirmed (6.00mm row flagged low-confidence, pierce time cut off).",2079,15,Laser Cut,,10000,25.4,680.0,680.0,13.73,Stainless Steel
sheetMetalNestingCutRate,lookupTables/Component/sheetMetalNestingCutRate.csv,USA reference export,"PARTIAL - Family 15 (Stainless Steel) OxyFuel/Plasma Cut/Plasma Punch complete; Family 2 (Steel) Fiber Laser Cut in progress, stopped at Oxygen/1500W/5.00mm confirmed (6.00mm row flagged low-confidence, pierce time cut off).",2079,15,Laser Cut,,10000,50.0,648.0,648.0,15.78,Stainless Steel
sheetMetalNestingCutRate,lookupTables/Component/sheetMetalNestingCutRate.csv,USA reference export,"PARTIAL - Family 15 (Stainless Steel) OxyFuel/Plasma Cut/Plasma Punch complete; Family 2 (Steel) Fiber Laser Cut in progress, stopped at Oxygen/1500W/5.00mm confirmed (6.00mm row flagged low-confidence, pierce time cut off).",2079,15,OxyFuel Cut,,200,3.0,842.02,421.01,13.0,Stainless Steel
sheetMetalNestingCutRate,lookupTables/Component/sheetMetalNestingCutRate.csv,USA reference export,"PARTIAL - Family 15 (Stainless Steel) OxyFuel/Plasma Cut/Plasma Punch complete; Family 2 (Steel) Fiber Laser Cut in progress, stopped at Oxygen/1500W/5.00mm confirmed (6.00mm row flagged low-confidence, pierce time cut off).",2079,15,OxyFuel Cut,,200,4.0,733.02,366.01,13.0,Stainless Steel
sheetMetalNestingCutRate,lookupTables/Component/sheetMetalNestingCutRate.csv,USA reference export,"PARTIAL - Family 15 (Stainless Steel) OxyFuel/Plasma Cut/Plasma Punch complete; Family 2 (Steel) Fiber Laser Cut in progress, stopped at Oxygen/1500W/5.00mm confirmed (6.00mm row flagged low-confidence, pierce time cut off).",2079,15,OxyFuel Cut,,200,5.0,658.02,329.01,13.0,Stainless Steel
sheetMetalNestingCutRate,lookupTables/Component/sheetMetalNestingCutRate.csv,USA reference export,"PARTIAL - Family 15 (Stainless Steel) OxyFuel/Plasma Cut/Plasma Punch complete; Family 2 (Steel) Fiber Laser Cut in progress, stopped at Oxygen/1500W/5.00mm confirmed (6.00mm row flagged low-confidence, pierce time cut off).",2079,15,OxyFuel Cut,,200,6.0,603.02,301.01,13.0,Stainless Steel
sheetMetalNestingCutRate,lookupTables/Component/sheetMetalNestingCutRate.csv,USA reference export,"PARTIAL - Family 15 (Stainless Steel) OxyFuel/Plasma Cut/Plasma Punch complete; Family 2 (Steel) Fiber Laser Cut in progress, stopped at Oxygen/1500W/5.00mm confirmed (6.00mm row flagged low-confidence, pierce time cut off).",2079,15,OxyFuel Cut,,200,7.0,559.02,280.01,13.0,Stainless Steel
sheetMetalNestingCutRate,lookupTables/Component/sheetMetalNestingCutRate.csv,USA reference export,"PARTIAL - Family 15 (Stainless Steel) OxyFuel/Plasma Cut/Plasma Punch complete; Family 2 (Steel) Fiber Laser Cut in progress, stopped at Oxygen/1500W/5.00mm confirmed (6.00mm row flagged low-confidence, pierce time cut off).",2079,15,OxyFuel Cut,,200,8.0,524.01,262.01,13.0,Stainless Steel
sheetMetalNestingCutRate,lookupTables/Component/sheetMetalNestingCutRate.csv,USA reference export,"PARTIAL - Family 15 (Stainless Steel) OxyFuel/Plasma Cut/Plasma Punch complete; Family 2 (Steel) Fiber Laser Cut in progress, stopped at Oxygen/1500W/5.00mm confirmed (6.00mm row flagged low-confidence, pierce time cut off).",2079,15,OxyFuel Cut,,200,9.0,495.01,248.01,13.0,Stainless Steel
sheetMetalNestingCutRate,lookupTables/Component/sheetMetalNestingCutRate.csv,USA reference export,"PARTIAL - Family 15 (Stainless Steel) OxyFuel/Plasma Cut/Plasma Punch complete; Family 2 (Steel) Fiber Laser Cut in progress, stopped at Oxygen/1500W/5.00mm confirmed (6.00mm row flagged low-confidence, pierce time cut off).",2079,15,OxyFuel Cut,,200,10.0,471.01,235.01,13.0,Stainless Steel
sheetMetalNestingCutRate,lookupTables/Component/sheetMetalNestingCutRate.csv,USA reference export,"PARTIAL - Family 15 (Stainless Steel) OxyFuel/Plasma Cut/Plasma Punch complete; Family 2 (Steel) Fiber Laser Cut in progress, stopped at Oxygen/1500W/5.00mm confirmed (6.00mm row flagged low-confidence, pierce time cut off).",2079,15,OxyFuel Cut,,200,11.0,450.01,225.01,13.0,Stainless Steel
sheetMetalNestingCutRate,lookupTables/Component/sheetMetalNestingCutRate.csv,USA reference export,"PARTIAL - Family 15 (Stainless Steel) OxyFuel/Plasma Cut/Plasma Punch complete; Family 2 (Steel) Fiber Laser Cut in progress, stopped at Oxygen/1500W/5.00mm confirmed (6.00mm row flagged low-confidence, pierce time cut off).",2079,15,OxyFuel Cut,,200,12.0,431.01,216.01,13.0,Stainless Steel
sheetMetalNestingCutRate,lookupTables/Component/sheetMetalNestingCutRate.csv,USA reference export,"PARTIAL - Family 15 (Stainless Steel) OxyFuel/Plasma Cut/Plasma Punch complete; Family 2 (Steel) Fiber Laser Cut in progress, stopped at Oxygen/1500W/5.00mm confirmed (6.00mm row flagged low-confidence, pierce time cut off).",2079,15,OxyFuel Cut,,200,13.0,415.01,207.01,13.0,Stainless Steel
sheetMetalNestingCutRate,lookupTables/Component/sheetMetalNestingCutRate.csv,USA reference export,"PARTIAL - Family 15 (Stainless Steel) OxyFuel/Plasma Cut/Plasma Punch complete; Family 2 (Steel) Fiber Laser Cut in progress, stopped at Oxygen/1500W/5.00mm confirmed (6.00mm row flagged low-confidence, pierce time cut off).",2079,15,OxyFuel Cut,,200,14.0,400.01,200.01,13.0,Stainless Steel
sheetMetalNestingCutRate,lookupTables/Component/sheetMetalNestingCutRate.csv,USA reference export,"PARTIAL - Family 15 (Stainless Steel) OxyFuel/Plasma Cut/Plasma Punch complete; Family 2 (Steel) Fiber Laser Cut in progress, stopped at Oxygen/1500W/5.00mm confirmed (6.00mm row flagged low-confidence, pierce time cut off).",2079,15,OxyFuel Cut,,200,15.0,387.01,194.01,13.0,Stainless Steel
sheetMetalNestingCutRate,lookupTables/Component/sheetMetalNestingCutRate.csv,USA reference export,"PARTIAL - Family 15 (Stainless Steel) OxyFuel/Plasma Cut/Plasma Punch complete; Family 2 (Steel) Fiber Laser Cut in progress, stopped at Oxygen/1500W/5.00mm confirmed (6.00mm row flagged low-confidence, pierce time cut off).",2079,15,OxyFuel Cut,,200,16.0,375.01,188.01,13.0,Stainless Steel
sheetMetalNestingCutRate,lookupTables/Component/sheetMetalNestingCutRate.csv,USA reference export,"PARTIAL - Family 15 (Stainless Steel) OxyFuel/Plasma Cut/Plasma Punch complete; Family 2 (Steel) Fiber Laser Cut in progress, stopped at Oxygen/1500W/5.00mm confirmed (6.00mm row flagged low-confidence, pierce time cut off).",2079,15,OxyFuel Cut,,200,17.0,365.01,182.01,13.0,Stainless Steel
sheetMetalNestingCutRate,lookupTables/Component/sheetMetalNestingCutRate.csv,USA reference export,"PARTIAL - Family 15 (Stainless Steel) OxyFuel/Plasma Cut/Plasma Punch complete; Family 2 (Steel) Fiber Laser Cut in progress, stopped at Oxygen/1500W/5.00mm confirmed (6.00mm row flagged low-confidence, pierce time cut off).",2079,15,OxyFuel Cut,,200,18.0,355.01,177.01,13.0,Stainless Steel
sheetMetalNestingCutRate,lookupTables/Component/sheetMetalNestingCutRate.csv,USA reference export,"PARTIAL - Family 15 (Stainless Steel) OxyFuel/Plasma Cut/Plasma Punch complete; Family 2 (Steel) Fiber Laser Cut in progress, stopped at Oxygen/1500W/5.00mm confirmed (6.00mm row flagged low-confidence, pierce time cut off).",2079,15,OxyFuel Cut,,200,19.0,346.01,173.0,13.0,Stainless Steel
sheetMetalNestingCutRate,lookupTables/Component/sheetMetalNestingCutRate.csv,USA reference export,"PARTIAL - Family 15 (Stainless Steel) OxyFuel/Plasma Cut/Plasma Punch complete; Family 2 (Steel) Fiber Laser Cut in progress, stopped at Oxygen/1500W/5.00mm confirmed (6.00mm row flagged low-confidence, pierce time cut off).",2079,15,OxyFuel Cut,,200,20.0,337.01,169.0,13.0,Stainless Steel
sheetMetalNestingCutRate,lookupTables/Component/sheetMetalNestingCutRate.csv,USA reference export,"PARTIAL - Family 15 (Stainless Steel) OxyFuel/Plasma Cut/Plasma Punch complete; Family 2 (Steel) Fiber Laser Cut in progress, stopped at Oxygen/1500W/5.00mm confirmed (6.00mm row flagged low-confidence, pierce time cut off).",2079,15,OxyFuel Cut,,200,21.0,329.01,165.0,13.0,Stainless Steel
sheetMetalNestingCutRate,lookupTables/Component/sheetMetalNestingCutRate.csv,USA reference export,"PARTIAL - Family 15 (Stainless Steel) OxyFuel/Plasma Cut/Plasma Punch complete; Family 2 (Steel) Fiber Laser Cut in progress, stopped at Oxygen/1500W/5.00mm confirmed (6.00mm row flagged low-confidence, pierce time cut off).",2079,15,OxyFuel Cut,,200,22.0,322.01,161.0,13.0,Stainless Steel
sheetMetalNestingCutRate,lookupTables/Component/sheetMetalNestingCutRate.csv,USA reference export,"PARTIAL - Family 15 (Stainless Steel) OxyFuel/Plasma Cut/Plasma Punch complete; Family 2 (Steel) Fiber Laser Cut in progress, stopped at Oxygen/1500W/5.00mm confirmed (6.00mm row flagged low-confidence, pierce time cut off).",2079,15,OxyFuel Cut,,200,23.0,315.01,158.0,13.0,Stainless Steel
sheetMetalNestingCutRate,lookupTables/Component/sheetMetalNestingCutRate.csv,USA reference export,"PARTIAL - Family 15 (Stainless Steel) OxyFuel/Plasma Cut/Plasma Punch complete; Family 2 (Steel) Fiber Laser Cut in progress, stopped at Oxygen/1500W/5.00mm confirmed (6.00mm row flagged low-confidence, pierce time cut off).",2079,15,OxyFuel Cut,,200,24.0,309.01,154.0,13.0,Stainless Steel
sheetMetalNestingCutRate,lookupTables/Component/sheetMetalNestingCutRate.csv,USA reference export,"PARTIAL - Family 15 (Stainless Steel) OxyFuel/Plasma Cut/Plasma Punch complete; Family 2 (Steel) Fiber Laser Cut in progress, stopped at Oxygen/1500W/5.00mm confirmed (6.00mm row flagged low-confidence, pierce time cut off).",2079,15,OxyFuel Cut,,200,80.0,173.0,86.0,13.0,Stainless Steel
sheetMetalNestingCutRate,lookupTables/Component/sheetMetalNestingCutRate.csv,USA reference export,"PARTIAL - Family 15 (Stainless Steel) OxyFuel/Plasma Cut/Plasma Punch complete; Family 2 (Steel) Fiber Laser Cut in progress, stopped at Oxygen/1500W/5.00mm confirmed (6.00mm row flagged low-confidence, pierce time cut off).",2079,15,OxyFuel Cut,,200,82.0,171.0,85.0,13.0,Stainless Steel
sheetMetalNestingCutRate,lookupTables/Component/sheetMetalNestingCutRate.csv,USA reference export,"PARTIAL - Family 15 (Stainless Steel) OxyFuel/Plasma Cut/Plasma Punch complete; Family 2 (Steel) Fiber Laser Cut in progress, stopped at Oxygen/1500W/5.00mm confirmed (6.00mm row flagged low-confidence, pierce time cut off).",2079,15,OxyFuel Cut,,200,84.0,169.0,84.0,13.0,Stainless Steel
sheetMetalNestingCutRate,lookupTables/Component/sheetMetalNestingCutRate.csv,USA reference export,"PARTIAL - Family 15 (Stainless Steel) OxyFuel/Plasma Cut/Plasma Punch complete; Family 2 (Steel) Fiber Laser Cut in progress, stopped at Oxygen/1500W/5.00mm confirmed (6.00mm row flagged low-confidence, pierce time cut off).",2079,15,OxyFuel Cut,,200,86.0,167.0,83.0,13.0,Stainless Steel
sheetMetalNestingCutRate,lookupTables/Component/sheetMetalNestingCutRate.csv,USA reference export,"PARTIAL - Family 15 (Stainless Steel) OxyFuel/Plasma Cut/Plasma Punch complete; Family 2 (Steel) Fiber Laser Cut in progress, stopped at Oxygen/1500W/5.00mm confirmed (6.00mm row flagged low-confidence, pierce time cut off).",2079,15,OxyFuel Cut,,200,88.0,165.0,82.0,13.0,Stainless Steel
sheetMetalNestingCutRate,lookupTables/Component/sheetMetalNestingCutRate.csv,USA reference export,"PARTIAL - Family 15 (Stainless Steel) OxyFuel/Plasma Cut/Plasma Punch complete; Family 2 (Steel) Fiber Laser Cut in progress, stopped at Oxygen/1500W/5.00mm confirmed (6.00mm row flagged low-confidence, pierce time cut off).",2079,15,OxyFuel Cut,,200,90.0,163.0,82.0,13.0,Stainless Steel
sheetMetalNestingCutRate,lookupTables/Component/sheetMetalNestingCutRate.csv,USA reference export,"PARTIAL - Family 15 (Stainless Steel) OxyFuel/Plasma Cut/Plasma Punch complete; Family 2 (Steel) Fiber Laser Cut in progress, stopped at Oxygen/1500W/5.00mm confirmed (6.00mm row flagged low-confidence, pierce time cut off).",2079,15,OxyFuel Cut,,200,92.0,161.0,81.0,13.0,Stainless Steel
sheetMetalNestingCutRate,lookupTables/Component/sheetMetalNestingCutRate.csv,USA reference export,"PARTIAL - Family 15 (Stainless Steel) OxyFuel/Plasma Cut/Plasma Punch complete; Family 2 (Steel) Fiber Laser Cut in progress, stopped at Oxygen/1500W/5.00mm confirmed (6.00mm row flagged low-confidence, pierce time cut off).",2079,15,OxyFuel Cut,,200,94.0,160.0,80.0,13.0,Stainless Steel
sheetMetalNestingCutRate,lookupTables/Component/sheetMetalNestingCutRate.csv,USA reference export,"PARTIAL - Family 15 (Stainless Steel) OxyFuel/Plasma Cut/Plasma Punch complete; Family 2 (Steel) Fiber Laser Cut in progress, stopped at Oxygen/1500W/5.00mm confirmed (6.00mm row flagged low-confidence, pierce time cut off).",2079,15,OxyFuel Cut,,200,96.0,158.0,79.0,13.0,Stainless Steel
sheetMetalNestingCutRate,lookupTables/Component/sheetMetalNestingCutRate.csv,USA reference export,"PARTIAL - Family 15 (Stainless Steel) OxyFuel/Plasma Cut/Plasma Punch complete; Family 2 (Steel) Fiber Laser Cut in progress, stopped at Oxygen/1500W/5.00mm confirmed (6.00mm row flagged low-confidence, pierce time cut off).",2079,15,OxyFuel Cut,,200,98.0,157.0,78.0,13.0,Stainless Steel
sheetMetalNestingCutRate,lookupTables/Component/sheetMetalNestingCutRate.csv,USA reference export,"PARTIAL - Family 15 (Stainless Steel) OxyFuel/Plasma Cut/Plasma Punch complete; Family 2 (Steel) Fiber Laser Cut in progress, stopped at Oxygen/1500W/5.00mm confirmed (6.00mm row flagged low-confidence, pierce time cut off).",2079,15,OxyFuel Cut,,200,100.0,155.0,78.0,13.0,Stainless Steel
sheetMetalNestingCutRate,lookupTables/Component/sheetMetalNestingCutRate.csv,USA reference export,"PARTIAL - Family 15 (Stainless Steel) OxyFuel/Plasma Cut/Plasma Punch complete; Family 2 (Steel) Fiber Laser Cut in progress, stopped at Oxygen/1500W/5.00mm confirmed (6.00mm row flagged low-confidence, pierce time cut off).",2079,15,OxyFuel Cut,,200,105.0,151.0,76.0,13.0,Stainless Steel
sheetMetalNestingCutRate,lookupTables/Component/sheetMetalNestingCutRate.csv,USA reference export,"PARTIAL - Family 15 (Stainless Steel) OxyFuel/Plasma Cut/Plasma Punch complete; Family 2 (Steel) Fiber Laser Cut in progress, stopped at Oxygen/1500W/5.00mm confirmed (6.00mm row flagged low-confidence, pierce time cut off).",2079,15,OxyFuel Cut,,200,110.0,148.0,74.0,13.0,Stainless Steel
sheetMetalNestingCutRate,lookupTables/Component/sheetMetalNestingCutRate.csv,USA reference export,"PARTIAL - Family 15 (Stainless Steel) OxyFuel/Plasma Cut/Plasma Punch complete; Family 2 (Steel) Fiber Laser Cut in progress, stopped at Oxygen/1500W/5.00mm confirmed (6.00mm row flagged low-confidence, pierce time cut off).",2079,15,OxyFuel Cut,,200,115.0,145.0,72.0,13.0,Stainless Steel
sheetMetalNestingCutRate,lookupTables/Component/sheetMetalNestingCutRate.csv,USA reference export,"PARTIAL - Family 15 (Stainless Steel) OxyFuel/Plasma Cut/Plasma Punch complete; Family 2 (Steel) Fiber Laser Cut in progress, stopped at Oxygen/1500W/5.00mm confirmed (6.00mm row flagged low-confidence, pierce time cut off).",2079,15,OxyFuel Cut,,200,120.0,142.0,71.0,13.0,Stainless Steel
sheetMetalNestingCutRate,lookupTables/Component/sheetMetalNestingCutRate.csv,USA reference export,"PARTIAL - Family 15 (Stainless Steel) OxyFuel/Plasma Cut/Plasma Punch complete; Family 2 (Steel) Fiber Laser Cut in progress, stopped at Oxygen/1500W/5.00mm confirmed (6.00mm row flagged low-confidence, pierce time cut off).",2079,15,OxyFuel Cut,,200,125.0,139.0,70.0,13.0,Stainless Steel
sheetMetalNestingCutRate,lookupTables/Component/sheetMetalNestingCutRate.csv,USA reference export,"PARTIAL - Family 15 (Stainless Steel) OxyFuel/Plasma Cut/Plasma Punch complete; Family 2 (Steel) Fiber Laser Cut in progress, stopped at Oxygen/1500W/5.00mm confirmed (6.00mm row flagged low-confidence, pierce time cut off).",2079,15,OxyFuel Cut,,200,130.0,137.0,68.0,13.0,Stainless Steel
sheetMetalNestingCutRate,lookupTables/Component/sheetMetalNestingCutRate.csv,USA reference export,"PARTIAL - Family 15 (Stainless Steel) OxyFuel/Plasma Cut/Plasma Punch complete; Family 2 (Steel) Fiber Laser Cut in progress, stopped at Oxygen/1500W/5.00mm confirmed (6.00mm row flagged low-confidence, pierce time cut off).",2079,15,OxyFuel Cut,,200,135.0,134.0,67.0,13.0,Stainless Steel
sheetMetalNestingCutRate,lookupTables/Component/sheetMetalNestingCutRate.csv,USA reference export,"PARTIAL - Family 15 (Stainless Steel) OxyFuel/Plasma Cut/Plasma Punch complete; Family 2 (Steel) Fiber Laser Cut in progress, stopped at Oxygen/1500W/5.00mm confirmed (6.00mm row flagged low-confidence, pierce time cut off).",2079,15,OxyFuel Cut,,200,140.0,132.0,66.0,13.0,Stainless Steel
sheetMetalNestingCutRate,lookupTables/Component/sheetMetalNestingCutRate.csv,USA reference export,"PARTIAL - Family 15 (Stainless Steel) OxyFuel/Plasma Cut/Plasma Punch complete; Family 2 (Steel) Fiber Laser Cut in progress, stopped at Oxygen/1500W/5.00mm confirmed (6.00mm row flagged low-confidence, pierce time cut off).",2079,15,OxyFuel Cut,,200,145.0,130.0,65.0,13.0,Stainless Steel
sheetMetalNestingCutRate,lookupTables/Component/sheetMetalNestingCutRate.csv,USA reference export,"PARTIAL - Family 15 (Stainless Steel) OxyFuel/Plasma Cut/Plasma Punch complete; Family 2 (Steel) Fiber Laser Cut in progress, stopped at Oxygen/1500W/5.00mm confirmed (6.00mm row flagged low-confidence, pierce time cut off).",2079,15,OxyFuel Cut,,200,150.0,127.0,64.0,13.0,Stainless Steel
sheetMetalNestingCutRate,lookupTables/Component/sheetMetalNestingCutRate.csv,USA reference export,"PARTIAL - Family 15 (Stainless Steel) OxyFuel/Plasma Cut/Plasma Punch complete; Family 2 (Steel) Fiber Laser Cut in progress, stopped at Oxygen/1500W/5.00mm confirmed (6.00mm row flagged low-confidence, pierce time cut off).",2079,15,OxyFuel Cut,,200,155.0,125.0,63.0,13.0,Stainless Steel
sheetMetalNestingCutRate,lookupTables/Component/sheetMetalNestingCutRate.csv,USA reference export,"PARTIAL - Family 15 (Stainless Steel) OxyFuel/Plasma Cut/Plasma Punch complete; Family 2 (Steel) Fiber Laser Cut in progress, stopped at Oxygen/1500W/5.00mm confirmed (6.00mm row flagged low-confidence, pierce time cut off).",2079,15,OxyFuel Cut,,200,160.0,124.0,62.0,13.0,Stainless Steel
sheetMetalNestingCutRate,lookupTables/Component/sheetMetalNestingCutRate.csv,USA reference export,"PARTIAL - Family 15 (Stainless Steel) OxyFuel/Plasma Cut/Plasma Punch complete; Family 2 (Steel) Fiber Laser Cut in progress, stopped at Oxygen/1500W/5.00mm confirmed (6.00mm row flagged low-confidence, pierce time cut off).",2079,15,OxyFuel Cut,,200,165.0,122.0,61.0,13.0,Stainless Steel
sheetMetalNestingCutRate,lookupTables/Component/sheetMetalNestingCutRate.csv,USA reference export,"PARTIAL - Family 15 (Stainless Steel) OxyFuel/Plasma Cut/Plasma Punch complete; Family 2 (Steel) Fiber Laser Cut in progress, stopped at Oxygen/1500W/5.00mm confirmed (6.00mm row flagged low-confidence, pierce time cut off).",2079,15,OxyFuel Cut,,200,170.0,120.0,60.0,13.0,Stainless Steel
sheetMetalNestingCutRate,lookupTables/Component/sheetMetalNestingCutRate.csv,USA reference export,"PARTIAL - Family 15 (Stainless Steel) OxyFuel/Plasma Cut/Plasma Punch complete; Family 2 (Steel) Fiber Laser Cut in progress, stopped at Oxygen/1500W/5.00mm confirmed (6.00mm row flagged low-confidence, pierce time cut off).",2079,15,OxyFuel Cut,,200,175.0,118.0,59.0,13.0,Stainless Steel
sheetMetalNestingCutRate,lookupTables/Component/sheetMetalNestingCutRate.csv,USA reference export,"PARTIAL - Family 15 (Stainless Steel) OxyFuel/Plasma Cut/Plasma Punch complete; Family 2 (Steel) Fiber Laser Cut in progress, stopped at Oxygen/1500W/5.00mm confirmed (6.00mm row flagged low-confidence, pierce time cut off).",2079,15,OxyFuel Cut,,200,180.0,117.0,58.0,13.0,Stainless Steel
sheetMetalNestingCutRate,lookupTables/Component/sheetMetalNestingCutRate.csv,USA reference export,"PARTIAL - Family 15 (Stainless Steel) OxyFuel/Plasma Cut/Plasma Punch complete; Family 2 (Steel) Fiber Laser Cut in progress, stopped at Oxygen/1500W/5.00mm confirmed (6.00mm row flagged low-confidence, pierce time cut off).",2079,15,OxyFuel Cut,,200,185.0,115.0,58.0,13.0,Stainless Steel
sheetMetalNestingCutRate,lookupTables/Component/sheetMetalNestingCutRate.csv,USA reference export,"PARTIAL - Family 15 (Stainless Steel) OxyFuel/Plasma Cut/Plasma Punch complete; Family 2 (Steel) Fiber Laser Cut in progress, stopped at Oxygen/1500W/5.00mm confirmed (6.00mm row flagged low-confidence, pierce time cut off).",2079,15,OxyFuel Cut,,200,190.0,114.0,57.0,13.0,Stainless Steel
sheetMetalNestingCutRate,lookupTables/Component/sheetMetalNestingCutRate.csv,USA reference export,"PARTIAL - Family 15 (Stainless Steel) OxyFuel/Plasma Cut/Plasma Punch complete; Family 2 (Steel) Fiber Laser Cut in progress, stopped at Oxygen/1500W/5.00mm confirmed (6.00mm row flagged low-confidence, pierce time cut off).",2079,15,OxyFuel Cut,,200,195.0,112.0,56.0,13.0,Stainless Steel
sheetMetalNestingCutRate,lookupTables/Component/sheetMetalNestingCutRate.csv,USA reference export,"PARTIAL - Family 15 (Stainless Steel) OxyFuel/Plasma Cut/Plasma Punch complete; Family 2 (Steel) Fiber Laser Cut in progress, stopped at Oxygen/1500W/5.00mm confirmed (6.00mm row flagged low-confidence, pierce time cut off).",2079,15,OxyFuel Cut,,200,200.0,111.0,55.0,13.0,Stainless Steel
sheetMetalNestingCutRate,lookupTables/Component/sheetMetalNestingCutRate.csv,USA reference export,"PARTIAL - Family 15 (Stainless Steel) OxyFuel/Plasma Cut/Plasma Punch complete; Family 2 (Steel) Fiber Laser Cut in progress, stopped at Oxygen/1500W/5.00mm confirmed (6.00mm row flagged low-confidence, pierce time cut off).",2079,15,OxyFuel Cut,,200,205.0,110.0,55.0,13.0,Stainless Steel
sheetMetalNestingCutRate,lookupTables/Component/sheetMetalNestingCutRate.csv,USA reference export,"PARTIAL - Family 15 (Stainless Steel) OxyFuel/Plasma Cut/Plasma Punch complete; Family 2 (Steel) Fiber Laser Cut in progress, stopped at Oxygen/1500W/5.00mm confirmed (6.00mm row flagged low-confidence, pierce time cut off).",2079,15,OxyFuel Cut,,200,210.0,108.0,54.0,13.0,Stainless Steel
sheetMetalNestingCutRate,lookupTables/Component/sheetMetalNestingCutRate.csv,USA reference export,"PARTIAL - Family 15 (Stainless Steel) OxyFuel/Plasma Cut/Plasma Punch complete; Family 2 (Steel) Fiber Laser Cut in progress, stopped at Oxygen/1500W/5.00mm confirmed (6.00mm row flagged low-confidence, pierce time cut off).",2079,15,OxyFuel Cut,,200,215.0,107.0,54.0,13.0,Stainless Steel
sheetMetalNestingCutRate,lookupTables/Component/sheetMetalNestingCutRate.csv,USA reference export,"PARTIAL - Family 15 (Stainless Steel) OxyFuel/Plasma Cut/Plasma Punch complete; Family 2 (Steel) Fiber Laser Cut in progress, stopped at Oxygen/1500W/5.00mm confirmed (6.00mm row flagged low-confidence, pierce time cut off).",2079,15,OxyFuel Cut,,200,220.0,106.0,53.0,13.0,Stainless Steel
sheetMetalNestingCutRate,lookupTables/Component/sheetMetalNestingCutRate.csv,USA reference export,"PARTIAL - Family 15 (Stainless Steel) OxyFuel/Plasma Cut/Plasma Punch complete; Family 2 (Steel) Fiber Laser Cut in progress, stopped at Oxygen/1500W/5.00mm confirmed (6.00mm row flagged low-confidence, pierce time cut off).",2079,15,OxyFuel Cut,,200,225.0,105.0,52.0,13.0,Stainless Steel
sheetMetalNestingCutRate,lookupTables/Component/sheetMetalNestingCutRate.csv,USA reference export,"PARTIAL - Family 15 (Stainless Steel) OxyFuel/Plasma Cut/Plasma Punch complete; Family 2 (Steel) Fiber Laser Cut in progress, stopped at Oxygen/1500W/5.00mm confirmed (6.00mm row flagged low-confidence, pierce time cut off).",2079,15,OxyFuel Cut,,200,230.0,104.0,52.0,13.0,Stainless Steel
sheetMetalNestingCutRate,lookupTables/Component/sheetMetalNestingCutRate.csv,USA reference export,"PARTIAL - Family 15 (Stainless Steel) OxyFuel/Plasma Cut/Plasma Punch complete; Family 2 (Steel) Fiber Laser Cut in progress, stopped at Oxygen/1500W/5.00mm confirmed (6.00mm row flagged low-confidence, pierce time cut off).",2079,15,OxyFuel Cut,,200,235.0,103.0,51.0,13.0,Stainless Steel
sheetMetalNestingCutRate,lookupTables/Component/sheetMetalNestingCutRate.csv,USA reference export,"PARTIAL - Family 15 (Stainless Steel) OxyFuel/Plasma Cut/Plasma Punch complete; Family 2 (Steel) Fiber Laser Cut in progress, stopped at Oxygen/1500W/5.00mm confirmed (6.00mm row flagged low-confidence, pierce time cut off).",2079,15,OxyFuel Cut,,200,240.0,102.0,51.0,13.0,Stainless Steel
sheetMetalNestingCutRate,lookupTables/Component/sheetMetalNestingCutRate.csv,USA reference export,"PARTIAL - Family 15 (Stainless Steel) OxyFuel/Plasma Cut/Plasma Punch complete; Family 2 (Steel) Fiber Laser Cut in progress, stopped at Oxygen/1500W/5.00mm confirmed (6.00mm row flagged low-confidence, pierce time cut off).",2079,15,OxyFuel Cut,,200,245.0,101.0,50.0,13.0,Stainless Steel
sheetMetalNestingCutRate,lookupTables/Component/sheetMetalNestingCutRate.csv,USA reference export,"PARTIAL - Family 15 (Stainless Steel) OxyFuel/Plasma Cut/Plasma Punch complete; Family 2 (Steel) Fiber Laser Cut in progress, stopped at Oxygen/1500W/5.00mm confirmed (6.00mm row flagged low-confidence, pierce time cut off).",2079,15,OxyFuel Cut,,200,250.0,100.0,50.0,13.0,Stainless Steel
sheetMetalNestingCutRate,lookupTables/Component/sheetMetalNestingCutRate.csv,USA reference export,"PARTIAL - Family 15 (Stainless Steel) OxyFuel/Plasma Cut/Plasma Punch complete; Family 2 (Steel) Fiber Laser Cut in progress, stopped at Oxygen/1500W/5.00mm confirmed (6.00mm row flagged low-confidence, pierce time cut off).",2079,15,OxyFuel Cut,,200,255.0,99.0,49.0,13.0,Stainless Steel
sheetMetalNestingCutRate,lookupTables/Component/sheetMetalNestingCutRate.csv,USA reference export,"PARTIAL - Family 15 (Stainless Steel) OxyFuel/Plasma Cut/Plasma Punch complete; Family 2 (Steel) Fiber Laser Cut in progress, stopped at Oxygen/1500W/5.00mm confirmed (6.00mm row flagged low-confidence, pierce time cut off).",2079,15,OxyFuel Cut,,200,260.0,98.0,49.0,13.0,Stainless Steel
sheetMetalNestingCutRate,lookupTables/Component/sheetMetalNestingCutRate.csv,USA reference export,"PARTIAL - Family 15 (Stainless Steel) OxyFuel/Plasma Cut/Plasma Punch complete; Family 2 (Steel) Fiber Laser Cut in progress, stopped at Oxygen/1500W/5.00mm confirmed (6.00mm row flagged low-confidence, pierce time cut off).",2079,15,OxyFuel Cut,,200,265.0,97.0,48.0,13.0,Stainless Steel
sheetMetalNestingCutRate,lookupTables/Component/sheetMetalNestingCutRate.csv,USA reference export,"PARTIAL - Family 15 (Stainless Steel) OxyFuel/Plasma Cut/Plasma Punch complete; Family 2 (Steel) Fiber Laser Cut in progress, stopped at Oxygen/1500W/5.00mm confirmed (6.00mm row flagged low-confidence, pierce time cut off).",2079,15,OxyFuel Cut,,200,270.0,96.0,48.0,13.0,Stainless Steel
sheetMetalNestingCutRate,lookupTables/Component/sheetMetalNestingCutRate.csv,USA reference export,"PARTIAL - Family 15 (Stainless Steel) OxyFuel/Plasma Cut/Plasma Punch complete; Family 2 (Steel) Fiber Laser Cut in progress, stopped at Oxygen/1500W/5.00mm confirmed (6.00mm row flagged low-confidence, pierce time cut off).",2079,15,OxyFuel Cut,,200,275.0,95.0,48.0,13.0,Stainless Steel
sheetMetalNestingCutRate,lookupTables/Component/sheetMetalNestingCutRate.csv,USA reference export,"PARTIAL - Family 15 (Stainless Steel) OxyFuel/Plasma Cut/Plasma Punch complete; Family 2 (Steel) Fiber Laser Cut in progress, stopped at Oxygen/1500W/5.00mm confirmed (6.00mm row flagged low-confidence, pierce time cut off).",2079,15,OxyFuel Cut,,200,280.0,94.0,47.0,13.0,Stainless Steel
sheetMetalNestingCutRate,lookupTables/Component/sheetMetalNestingCutRate.csv,USA reference export,"PARTIAL - Family 15 (Stainless Steel) OxyFuel/Plasma Cut/Plasma Punch complete; Family 2 (Steel) Fiber Laser Cut in progress, stopped at Oxygen/1500W/5.00mm confirmed (6.00mm row flagged low-confidence, pierce time cut off).",2079,15,OxyFuel Cut,,200,285.0,94.0,47.0,13.0,Stainless Steel
sheetMetalNestingCutRate,lookupTables/Component/sheetMetalNestingCutRate.csv,USA reference export,"PARTIAL - Family 15 (Stainless Steel) OxyFuel/Plasma Cut/Plasma Punch complete; Family 2 (Steel) Fiber Laser Cut in progress, stopped at Oxygen/1500W/5.00mm confirmed (6.00mm row flagged low-confidence, pierce time cut off).",2079,15,OxyFuel Cut,,200,290.0,93.0,46.0,13.0,Stainless Steel
sheetMetalNestingCutRate,lookupTables/Component/sheetMetalNestingCutRate.csv,USA reference export,"PARTIAL - Family 15 (Stainless Steel) OxyFuel/Plasma Cut/Plasma Punch complete; Family 2 (Steel) Fiber Laser Cut in progress, stopped at Oxygen/1500W/5.00mm confirmed (6.00mm row flagged low-confidence, pierce time cut off).",2079,15,OxyFuel Cut,,200,295.0,92.0,46.0,13.0,Stainless Steel
sheetMetalNestingCutRate,lookupTables/Component/sheetMetalNestingCutRate.csv,USA reference export,"PARTIAL - Family 15 (Stainless Steel) OxyFuel/Plasma Cut/Plasma Punch complete; Family 2 (Steel) Fiber Laser Cut in progress, stopped at Oxygen/1500W/5.00mm confirmed (6.00mm row flagged low-confidence, pierce time cut off).",2079,15,OxyFuel Cut,,200,300.0,91.0,46.0,13.0,Stainless Steel
sheetMetalNestingCutRate,lookupTables/Component/sheetMetalNestingCutRate.csv,USA reference export,"PARTIAL - Family 15 (Stainless Steel) OxyFuel/Plasma Cut/Plasma Punch complete; Family 2 (Steel) Fiber Laser Cut in progress, stopped at Oxygen/1500W/5.00mm confirmed (6.00mm row flagged low-confidence, pierce time cut off).",2079,15,OxyFuel Cut,,200,305.0,91.0,45.0,13.0,Stainless Steel
sheetMetalNestingCutRate,lookupTables/Component/sheetMetalNestingCutRate.csv,USA reference export,"PARTIAL - Family 15 (Stainless Steel) OxyFuel/Plasma Cut/Plasma Punch complete; Family 2 (Steel) Fiber Laser Cut in progress, stopped at Oxygen/1500W/5.00mm confirmed (6.00mm row flagged low-confidence, pierce time cut off).",2079,15,Plasma Cut,,100,6.4,1037.03,519.01,7.0,Stainless Steel
sheetMetalNestingCutRate,lookupTables/Component/sheetMetalNestingCutRate.csv,USA reference export,"PARTIAL - Family 15 (Stainless Steel) OxyFuel/Plasma Cut/Plasma Punch complete; Family 2 (Steel) Fiber Laser Cut in progress, stopped at Oxygen/1500W/5.00mm confirmed (6.00mm row flagged low-confidence, pierce time cut off).",2079,15,Plasma Cut,,100,7.0,934.03,467.01,7.0,Stainless Steel
sheetMetalNestingCutRate,lookupTables/Component/sheetMetalNestingCutRate.csv,USA reference export,"PARTIAL - Family 15 (Stainless Steel) OxyFuel/Plasma Cut/Plasma Punch complete; Family 2 (Steel) Fiber Laser Cut in progress, stopped at Oxygen/1500W/5.00mm confirmed (6.00mm row flagged low-confidence, pierce time cut off).",2079,15,Plasma Cut,,100,8.0,798.02,399.01,7.0,Stainless Steel
sheetMetalNestingCutRate,lookupTables/Component/sheetMetalNestingCutRate.csv,USA reference export,"PARTIAL - Family 15 (Stainless Steel) OxyFuel/Plasma Cut/Plasma Punch complete; Family 2 (Steel) Fiber Laser Cut in progress, stopped at Oxygen/1500W/5.00mm confirmed (6.00mm row flagged low-confidence, pierce time cut off).",2079,15,Plasma Cut,,100,9.0,695.02,348.01,7.0,Stainless Steel
sheetMetalNestingCutRate,lookupTables/Component/sheetMetalNestingCutRate.csv,USA reference export,"PARTIAL - Family 15 (Stainless Steel) OxyFuel/Plasma Cut/Plasma Punch complete; Family 2 (Steel) Fiber Laser Cut in progress, stopped at Oxygen/1500W/5.00mm confirmed (6.00mm row flagged low-confidence, pierce time cut off).",2079,15,Plasma Cut,,100,10.0,614.02,307.01,7.0,Stainless Steel
sheetMetalNestingCutRate,lookupTables/Component/sheetMetalNestingCutRate.csv,USA reference export,"PARTIAL - Family 15 (Stainless Steel) OxyFuel/Plasma Cut/Plasma Punch complete; Family 2 (Steel) Fiber Laser Cut in progress, stopped at Oxygen/1500W/5.00mm confirmed (6.00mm row flagged low-confidence, pierce time cut off).",2079,15,Plasma Cut,,100,11.0,549.02,275.01,7.0,Stainless Steel
sheetMetalNestingCutRate,lookupTables/Component/sheetMetalNestingCutRate.csv,USA reference export,"PARTIAL - Family 15 (Stainless Steel) OxyFuel/Plasma Cut/Plasma Punch complete; Family 2 (Steel) Fiber Laser Cut in progress, stopped at Oxygen/1500W/5.00mm confirmed (6.00mm row flagged low-confidence, pierce time cut off).",2079,15,Plasma Cut,,100,12.0,496.01,248.01,7.0,Stainless Steel
sheetMetalNestingCutRate,lookupTables/Component/sheetMetalNestingCutRate.csv,USA reference export,"PARTIAL - Family 15 (Stainless Steel) OxyFuel/Plasma Cut/Plasma Punch complete; Family 2 (Steel) Fiber Laser Cut in progress, stopped at Oxygen/1500W/5.00mm confirmed (6.00mm row flagged low-confidence, pierce time cut off).",2079,15,Plasma Cut,,100,13.0,452.01,226.01,7.0,Stainless Steel
sheetMetalNestingCutRate,lookupTables/Component/sheetMetalNestingCutRate.csv,USA reference export,"PARTIAL - Family 15 (Stainless Steel) OxyFuel/Plasma Cut/Plasma Punch complete; Family 2 (Steel) Fiber Laser Cut in progress, stopped at Oxygen/1500W/5.00mm confirmed (6.00mm row flagged low-confidence, pierce time cut off).",2079,15,Plasma Cut,,200,6.4,1280.04,640.02,7.0,Stainless Steel
sheetMetalNestingCutRate,lookupTables/Component/sheetMetalNestingCutRate.csv,USA reference export,"PARTIAL - Family 15 (Stainless Steel) OxyFuel/Plasma Cut/Plasma Punch complete; Family 2 (Steel) Fiber Laser Cut in progress, stopped at Oxygen/1500W/5.00mm confirmed (6.00mm row flagged low-confidence, pierce time cut off).",2079,15,Plasma Cut,,200,7.0,1188.03,594.02,7.0,Stainless Steel
sheetMetalNestingCutRate,lookupTables/Component/sheetMetalNestingCutRate.csv,USA reference export,"PARTIAL - Family 15 (Stainless Steel) OxyFuel/Plasma Cut/Plasma Punch complete; Family 2 (Steel) Fiber Laser Cut in progress, stopped at Oxygen/1500W/5.00mm confirmed (6.00mm row flagged low-confidence, pierce time cut off).",2079,15,Plasma Cut,,200,8.0,1063.02,531.02,7.0,Stainless Steel
sheetMetalNestingCutRate,lookupTables/Component/sheetMetalNestingCutRate.csv,USA reference export,"PARTIAL - Family 15 (Stainless Steel) OxyFuel/Plasma Cut/Plasma Punch complete; Family 2 (Steel) Fiber Laser Cut in progress, stopped at Oxygen/1500W/5.00mm confirmed (6.00mm row flagged low-confidence, pierce time cut off).",2079,15,Plasma Cut,,200,9.0,963.03,482.01,7.0,Stainless Steel
sheetMetalNestingCutRate,lookupTables/Component/sheetMetalNestingCutRate.csv,USA reference export,"PARTIAL - Family 15 (Stainless Steel) OxyFuel/Plasma Cut/Plasma Punch complete; Family 2 (Steel) Fiber Laser Cut in progress, stopped at Oxygen/1500W/5.00mm confirmed (6.00mm row flagged low-confidence, pierce time cut off).",2079,15,Plasma Cut,,200,10.0,882.03,441.01,7.0,Stainless Steel
sheetMetalNestingCutRate,lookupTables/Component/sheetMetalNestingCutRate.csv,USA reference export,"PARTIAL - Family 15 (Stainless Steel) OxyFuel/Plasma Cut/Plasma Punch complete; Family 2 (Steel) Fiber Laser Cut in progress, stopped at Oxygen/1500W/5.00mm confirmed (6.00mm row flagged low-confidence, pierce time cut off).",2079,15,Plasma Cut,,200,11.0,815.02,408.01,7.0,Stainless Steel
sheetMetalNestingCutRate,lookupTables/Component/sheetMetalNestingCutRate.csv,USA reference export,"PARTIAL - Family 15 (Stainless Steel) OxyFuel/Plasma Cut/Plasma Punch complete; Family 2 (Steel) Fiber Laser Cut in progress, stopped at Oxygen/1500W/5.00mm confirmed (6.00mm row flagged low-confidence, pierce time cut off).",2079,15,Plasma Cut,,200,12.0,758.02,379.01,7.0,Stainless Steel
sheetMetalNestingCutRate,lookupTables/Component/sheetMetalNestingCutRate.csv,USA reference export,"PARTIAL - Family 15 (Stainless Steel) OxyFuel/Plasma Cut/Plasma Punch complete; Family 2 (Steel) Fiber Laser Cut in progress, stopped at Oxygen/1500W/5.00mm confirmed (6.00mm row flagged low-confidence, pierce time cut off).",2079,15,Plasma Cut,,200,13.0,709.02,355.01,7.0,Stainless Steel
sheetMetalNestingCutRate,lookupTables/Component/sheetMetalNestingCutRate.csv,USA reference export,"PARTIAL - Family 15 (Stainless Steel) OxyFuel/Plasma Cut/Plasma Punch complete; Family 2 (Steel) Fiber Laser Cut in progress, stopped at Oxygen/1500W/5.00mm confirmed (6.00mm row flagged low-confidence, pierce time cut off).",2079,15,Plasma Cut,,200,14.0,667.02,333.01,7.0,Stainless Steel
sheetMetalNestingCutRate,lookupTables/Component/sheetMetalNestingCutRate.csv,USA reference export,"PARTIAL - Family 15 (Stainless Steel) OxyFuel/Plasma Cut/Plasma Punch complete; Family 2 (Steel) Fiber Laser Cut in progress, stopped at Oxygen/1500W/5.00mm confirmed (6.00mm row flagged low-confidence, pierce time cut off).",2079,15,Plasma Cut,,200,15.0,629.02,315.01,7.0,Stainless Steel
sheetMetalNestingCutRate,lookupTables/Component/sheetMetalNestingCutRate.csv,USA reference export,"PARTIAL - Family 15 (Stainless Steel) OxyFuel/Plasma Cut/Plasma Punch complete; Family 2 (Steel) Fiber Laser Cut in progress, stopped at Oxygen/1500W/5.00mm confirmed (6.00mm row flagged low-confidence, pierce time cut off).",2079,15,Plasma Cut,,200,16.0,596.02,298.01,7.0,Stainless Steel
sheetMetalNestingCutRate,lookupTables/Component/sheetMetalNestingCutRate.csv,USA reference export,"PARTIAL - Family 15 (Stainless Steel) OxyFuel/Plasma Cut/Plasma Punch complete; Family 2 (Steel) Fiber Laser Cut in progress, stopped at Oxygen/1500W/5.00mm confirmed (6.00mm row flagged low-confidence, pierce time cut off).",2079,15,Plasma Cut,,200,17.0,567.02,284.01,7.0,Stainless Steel
sheetMetalNestingCutRate,lookupTables/Component/sheetMetalNestingCutRate.csv,USA reference export,"PARTIAL - Family 15 (Stainless Steel) OxyFuel/Plasma Cut/Plasma Punch complete; Family 2 (Steel) Fiber Laser Cut in progress, stopped at Oxygen/1500W/5.00mm confirmed (6.00mm row flagged low-confidence, pierce time cut off).",2079,15,Plasma Cut,,200,18.0,541.02,270.01,7.0,Stainless Steel
sheetMetalNestingCutRate,lookupTables/Component/sheetMetalNestingCutRate.csv,USA reference export,"PARTIAL - Family 15 (Stainless Steel) OxyFuel/Plasma Cut/Plasma Punch complete; Family 2 (Steel) Fiber Laser Cut in progress, stopped at Oxygen/1500W/5.00mm confirmed (6.00mm row flagged low-confidence, pierce time cut off).",2079,15,Plasma Cut,,200,19.0,517.01,258.01,7.0,Stainless Steel
sheetMetalNestingCutRate,lookupTables/Component/sheetMetalNestingCutRate.csv,USA reference export,"PARTIAL - Family 15 (Stainless Steel) OxyFuel/Plasma Cut/Plasma Punch complete; Family 2 (Steel) Fiber Laser Cut in progress, stopped at Oxygen/1500W/5.00mm confirmed (6.00mm row flagged low-confidence, pierce time cut off).",2079,15,Plasma Cut,,200,20.0,495.01,248.01,7.0,Stainless Steel
sheetMetalNestingCutRate,lookupTables/Component/sheetMetalNestingCutRate.csv,USA reference export,"PARTIAL - Family 15 (Stainless Steel) OxyFuel/Plasma Cut/Plasma Punch complete; Family 2 (Steel) Fiber Laser Cut in progress, stopped at Oxygen/1500W/5.00mm confirmed (6.00mm row flagged low-confidence, pierce time cut off).",2079,15,Plasma Cut,,200,21.0,476.01,238.01,7.0,Stainless Steel
sheetMetalNestingCutRate,lookupTables/Component/sheetMetalNestingCutRate.csv,USA reference export,"PARTIAL - Family 15 (Stainless Steel) OxyFuel/Plasma Cut/Plasma Punch complete; Family 2 (Steel) Fiber Laser Cut in progress, stopped at Oxygen/1500W/5.00mm confirmed (6.00mm row flagged low-confidence, pierce time cut off).",2079,15,Plasma Cut,,200,22.0,457.01,229.01,7.0,Stainless Steel
sheetMetalNestingCutRate,lookupTables/Component/sheetMetalNestingCutRate.csv,USA reference export,"PARTIAL - Family 15 (Stainless Steel) OxyFuel/Plasma Cut/Plasma Punch complete; Family 2 (Steel) Fiber Laser Cut in progress, stopped at Oxygen/1500W/5.00mm confirmed (6.00mm row flagged low-confidence, pierce time cut off).",2079,15,Plasma Cut,,200,23.0,441.01,220.01,7.0,Stainless Steel
sheetMetalNestingCutRate,lookupTables/Component/sheetMetalNestingCutRate.csv,USA reference export,"PARTIAL - Family 15 (Stainless Steel) OxyFuel/Plasma Cut/Plasma Punch complete; Family 2 (Steel) Fiber Laser Cut in progress, stopped at Oxygen/1500W/5.00mm confirmed (6.00mm row flagged low-confidence, pierce time cut off).",2079,15,Plasma Cut,,200,24.0,425.01,213.01,7.0,Stainless Steel
sheetMetalNestingCutRate,lookupTables/Component/sheetMetalNestingCutRate.csv,USA reference export,"PARTIAL - Family 15 (Stainless Steel) OxyFuel/Plasma Cut/Plasma Punch complete; Family 2 (Steel) Fiber Laser Cut in progress, stopped at Oxygen/1500W/5.00mm confirmed (6.00mm row flagged low-confidence, pierce time cut off).",2079,15,Plasma Cut,,200,25.0,411.01,206.01,7.0,Stainless Steel
sheetMetalNestingCutRate,lookupTables/Component/sheetMetalNestingCutRate.csv,USA reference export,"PARTIAL - Family 15 (Stainless Steel) OxyFuel/Plasma Cut/Plasma Punch complete; Family 2 (Steel) Fiber Laser Cut in progress, stopped at Oxygen/1500W/5.00mm confirmed (6.00mm row flagged low-confidence, pierce time cut off).",2079,15,Plasma Cut,,200,26.0,398.01,199.01,7.0,Stainless Steel
sheetMetalNestingCutRate,lookupTables/Component/sheetMetalNestingCutRate.csv,USA reference export,"PARTIAL - Family 15 (Stainless Steel) OxyFuel/Plasma Cut/Plasma Punch complete; Family 2 (Steel) Fiber Laser Cut in progress, stopped at Oxygen/1500W/5.00mm confirmed (6.00mm row flagged low-confidence, pierce time cut off).",2079,15,Plasma Cut,,300,6.4,1573.04,787.02,7.0,Stainless Steel
sheetMetalNestingCutRate,lookupTables/Component/sheetMetalNestingCutRate.csv,USA reference export,"PARTIAL - Family 15 (Stainless Steel) OxyFuel/Plasma Cut/Plasma Punch complete; Family 2 (Steel) Fiber Laser Cut in progress, stopped at Oxygen/1500W/5.00mm confirmed (6.00mm row flagged low-confidence, pierce time cut off).",2079,15,Plasma Cut,,300,7.0,1464.04,732.02,7.0,Stainless Steel
sheetMetalNestingCutRate,lookupTables/Component/sheetMetalNestingCutRate.csv,USA reference export,"PARTIAL - Family 15 (Stainless Steel) OxyFuel/Plasma Cut/Plasma Punch complete; Family 2 (Steel) Fiber Laser Cut in progress, stopped at Oxygen/1500W/5.00mm confirmed (6.00mm row flagged low-confidence, pierce time cut off).",2079,15,Plasma Cut,,300,8.0,1314.04,657.02,7.0,Stainless Steel
sheetMetalNestingCutRate,lookupTables/Component/sheetMetalNestingCutRate.csv,USA reference export,"PARTIAL - Family 15 (Stainless Steel) OxyFuel/Plasma Cut/Plasma Punch complete; Family 2 (Steel) Fiber Laser Cut in progress, stopped at Oxygen/1500W/5.00mm confirmed (6.00mm row flagged low-confidence, pierce time cut off).",2079,15,Plasma Cut,,300,9.0,1195.03,598.02,7.0,Stainless Steel
sheetMetalNestingCutRate,lookupTables/Component/sheetMetalNestingCutRate.csv,USA reference export,"PARTIAL - Family 15 (Stainless Steel) OxyFuel/Plasma Cut/Plasma Punch complete; Family 2 (Steel) Fiber Laser Cut in progress, stopped at Oxygen/1500W/5.00mm confirmed (6.00mm row flagged low-confidence, pierce time cut off).",2079,15,Plasma Cut,,300,10.0,1098.03,549.02,7.0,Stainless Steel
sheetMetalNestingCutRate,lookupTables/Component/sheetMetalNestingCutRate.csv,USA reference export,"PARTIAL - Family 15 (Stainless Steel) OxyFuel/Plasma Cut/Plasma Punch complete; Family 2 (Steel) Fiber Laser Cut in progress, stopped at Oxygen/1500W/5.00mm confirmed (6.00mm row flagged low-confidence, pierce time cut off).",2079,15,Plasma Cut,,300,11.0,1017.03,508.01,7.0,Stainless Steel
sheetMetalNestingCutRate,lookupTables/Component/sheetMetalNestingCutRate.csv,USA reference export,"PARTIAL - Family 15 (Stainless Steel) OxyFuel/Plasma Cut/Plasma Punch complete; Family 2 (Steel) Fiber Laser Cut in progress, stopped at Oxygen/1500W/5.00mm confirmed (6.00mm row flagged low-confidence, pierce time cut off).",2079,15,Plasma Cut,,300,12.0,948.03,474.01,7.0,Stainless Steel
sheetMetalNestingCutRate,lookupTables/Component/sheetMetalNestingCutRate.csv,USA reference export,"PARTIAL - Family 15 (Stainless Steel) OxyFuel/Plasma Cut/Plasma Punch complete; Family 2 (Steel) Fiber Laser Cut in progress, stopped at Oxygen/1500W/5.00mm confirmed (6.00mm row flagged low-confidence, pierce time cut off).",2079,15,Plasma Cut,,300,13.0,889.03,444.01,7.0,Stainless Steel
sheetMetalNestingCutRate,lookupTables/Component/sheetMetalNestingCutRate.csv,USA reference export,"PARTIAL - Family 15 (Stainless Steel) OxyFuel/Plasma Cut/Plasma Punch complete; Family 2 (Steel) Fiber Laser Cut in progress, stopped at Oxygen/1500W/5.00mm confirmed (6.00mm row flagged low-confidence, pierce time cut off).",2079,15,Plasma Cut,,300,14.0,837.02,419.01,7.0,Stainless Steel
sheetMetalNestingCutRate,lookupTables/Component/sheetMetalNestingCutRate.csv,USA reference export,"PARTIAL - Family 15 (Stainless Steel) OxyFuel/Plasma Cut/Plasma Punch complete; Family 2 (Steel) Fiber Laser Cut in progress, stopped at Oxygen/1500W/5.00mm confirmed (6.00mm row flagged low-confidence, pierce time cut off).",2079,15,Plasma Cut,,300,15.0,792.02,396.01,7.0,Stainless Steel
sheetMetalNestingCutRate,lookupTables/Component/sheetMetalNestingCutRate.csv,USA reference export,"PARTIAL - Family 15 (Stainless Steel) OxyFuel/Plasma Cut/Plasma Punch complete; Family 2 (Steel) Fiber Laser Cut in progress, stopped at Oxygen/1500W/5.00mm confirmed (6.00mm row flagged low-confidence, pierce time cut off).",2079,15,Plasma Cut,,300,16.0,752.02,376.01,7.0,Stainless Steel
sheetMetalNestingCutRate,lookupTables/Component/sheetMetalNestingCutRate.csv,USA reference export,"PARTIAL - Family 15 (Stainless Steel) OxyFuel/Plasma Cut/Plasma Punch complete; Family 2 (Steel) Fiber Laser Cut in progress, stopped at Oxygen/1500W/5.00mm confirmed (6.00mm row flagged low-confidence, pierce time cut off).",2079,15,Plasma Cut,,300,17.0,716.02,358.01,7.0,Stainless Steel
sheetMetalNestingCutRate,lookupTables/Component/sheetMetalNestingCutRate.csv,USA reference export,"PARTIAL - Family 15 (Stainless Steel) OxyFuel/Plasma Cut/Plasma Punch complete; Family 2 (Steel) Fiber Laser Cut in progress, stopped at Oxygen/1500W/5.00mm confirmed (6.00mm row flagged low-confidence, pierce time cut off).",2079,15,Plasma Cut,,300,18.0,684.02,342.01,7.0,Stainless Steel
sheetMetalNestingCutRate,lookupTables/Component/sheetMetalNestingCutRate.csv,USA reference export,"PARTIAL - Family 15 (Stainless Steel) OxyFuel/Plasma Cut/Plasma Punch complete; Family 2 (Steel) Fiber Laser Cut in progress, stopped at Oxygen/1500W/5.00mm confirmed (6.00mm row flagged low-confidence, pierce time cut off).",2079,15,Plasma Cut,,300,19.0,654.02,327.01,7.0,Stainless Steel
sheetMetalNestingCutRate,lookupTables/Component/sheetMetalNestingCutRate.csv,USA reference export,"PARTIAL - Family 15 (Stainless Steel) OxyFuel/Plasma Cut/Plasma Punch complete; Family 2 (Steel) Fiber Laser Cut in progress, stopped at Oxygen/1500W/5.00mm confirmed (6.00mm row flagged low-confidence, pierce time cut off).",2079,15,Plasma Cut,,300,20.0,628.02,314.01,7.0,Stainless Steel
sheetMetalNestingCutRate,lookupTables/Component/sheetMetalNestingCutRate.csv,USA reference export,"PARTIAL - Family 15 (Stainless Steel) OxyFuel/Plasma Cut/Plasma Punch complete; Family 2 (Steel) Fiber Laser Cut in progress, stopped at Oxygen/1500W/5.00mm confirmed (6.00mm row flagged low-confidence, pierce time cut off).",2079,15,Plasma Cut,,300,21.0,604.02,302.01,7.0,Stainless Steel
sheetMetalNestingCutRate,lookupTables/Component/sheetMetalNestingCutRate.csv,USA reference export,"PARTIAL - Family 15 (Stainless Steel) OxyFuel/Plasma Cut/Plasma Punch complete; Family 2 (Steel) Fiber Laser Cut in progress, stopped at Oxygen/1500W/5.00mm confirmed (6.00mm row flagged low-confidence, pierce time cut off).",2079,15,Plasma Cut,,300,22.0,582.02,291.01,7.0,Stainless Steel
sheetMetalNestingCutRate,lookupTables/Component/sheetMetalNestingCutRate.csv,USA reference export,"PARTIAL - Family 15 (Stainless Steel) OxyFuel/Plasma Cut/Plasma Punch complete; Family 2 (Steel) Fiber Laser Cut in progress, stopped at Oxygen/1500W/5.00mm confirmed (6.00mm row flagged low-confidence, pierce time cut off).",2079,15,Plasma Cut,,300,23.0,561.02,281.01,7.0,Stainless Steel
sheetMetalNestingCutRate,lookupTables/Component/sheetMetalNestingCutRate.csv,USA reference export,"PARTIAL - Family 15 (Stainless Steel) OxyFuel/Plasma Cut/Plasma Punch complete; Family 2 (Steel) Fiber Laser Cut in progress, stopped at Oxygen/1500W/5.00mm confirmed (6.00mm row flagged low-confidence, pierce time cut off).",2079,15,Plasma Cut,,300,24.0,542.02,271.01,7.0,Stainless Steel
sheetMetalNestingCutRate,lookupTables/Component/sheetMetalNestingCutRate.csv,USA reference export,"PARTIAL - Family 15 (Stainless Steel) OxyFuel/Plasma Cut/Plasma Punch complete; Family 2 (Steel) Fiber Laser Cut in progress, stopped at Oxygen/1500W/5.00mm confirmed (6.00mm row flagged low-confidence, pierce time cut off).",2079,15,Plasma Cut,,300,25.0,525.01,262.01,7.0,Stainless Steel
sheetMetalNestingCutRate,lookupTables/Component/sheetMetalNestingCutRate.csv,USA reference export,"PARTIAL - Family 15 (Stainless Steel) OxyFuel/Plasma Cut/Plasma Punch complete; Family 2 (Steel) Fiber Laser Cut in progress, stopped at Oxygen/1500W/5.00mm confirmed (6.00mm row flagged low-confidence, pierce time cut off).",2079,15,Plasma Cut,,300,26.0,508.01,254.01,7.0,Stainless Steel
sheetMetalNestingCutRate,lookupTables/Component/sheetMetalNestingCutRate.csv,USA reference export,"PARTIAL - Family 15 (Stainless Steel) OxyFuel/Plasma Cut/Plasma Punch complete; Family 2 (Steel) Fiber Laser Cut in progress, stopped at Oxygen/1500W/5.00mm confirmed (6.00mm row flagged low-confidence, pierce time cut off).",2079,15,Plasma Cut,,300,27.0,493.01,247.01,7.0,Stainless Steel
sheetMetalNestingCutRate,lookupTables/Component/sheetMetalNestingCutRate.csv,USA reference export,"PARTIAL - Family 15 (Stainless Steel) OxyFuel/Plasma Cut/Plasma Punch complete; Family 2 (Steel) Fiber Laser Cut in progress, stopped at Oxygen/1500W/5.00mm confirmed (6.00mm row flagged low-confidence, pierce time cut off).",2079,15,Plasma Cut,,300,28.0,479.01,239.01,7.0,Stainless Steel
sheetMetalNestingCutRate,lookupTables/Component/sheetMetalNestingCutRate.csv,USA reference export,"PARTIAL - Family 15 (Stainless Steel) OxyFuel/Plasma Cut/Plasma Punch complete; Family 2 (Steel) Fiber Laser Cut in progress, stopped at Oxygen/1500W/5.00mm confirmed (6.00mm row flagged low-confidence, pierce time cut off).",2079,15,Plasma Cut,,300,29.0,465.01,233.01,7.0,Stainless Steel
sheetMetalNestingCutRate,lookupTables/Component/sheetMetalNestingCutRate.csv,USA reference export,"PARTIAL - Family 15 (Stainless Steel) OxyFuel/Plasma Cut/Plasma Punch complete; Family 2 (Steel) Fiber Laser Cut in progress, stopped at Oxygen/1500W/5.00mm confirmed (6.00mm row flagged low-confidence, pierce time cut off).",2079,15,Plasma Cut,,300,30.0,453.01,226.01,7.0,Stainless Steel
sheetMetalNestingCutRate,lookupTables/Component/sheetMetalNestingCutRate.csv,USA reference export,"PARTIAL - Family 15 (Stainless Steel) OxyFuel/Plasma Cut/Plasma Punch complete; Family 2 (Steel) Fiber Laser Cut in progress, stopped at Oxygen/1500W/5.00mm confirmed (6.00mm row flagged low-confidence, pierce time cut off).",2079,15,Plasma Cut,,300,31.0,441.01,221.01,7.0,Stainless Steel
sheetMetalNestingCutRate,lookupTables/Component/sheetMetalNestingCutRate.csv,USA reference export,"PARTIAL - Family 15 (Stainless Steel) OxyFuel/Plasma Cut/Plasma Punch complete; Family 2 (Steel) Fiber Laser Cut in progress, stopped at Oxygen/1500W/5.00mm confirmed (6.00mm row flagged low-confidence, pierce time cut off).",2079,15,Plasma Cut,,300,32.0,430.01,215.01,7.0,Stainless Steel
sheetMetalNestingCutRate,lookupTables/Component/sheetMetalNestingCutRate.csv,USA reference export,"PARTIAL - Family 15 (Stainless Steel) OxyFuel/Plasma Cut/Plasma Punch complete; Family 2 (Steel) Fiber Laser Cut in progress, stopped at Oxygen/1500W/5.00mm confirmed (6.00mm row flagged low-confidence, pierce time cut off).",2079,15,Plasma Cut,,300,33.0,419.01,210.01,7.0,Stainless Steel
sheetMetalNestingCutRate,lookupTables/Component/sheetMetalNestingCutRate.csv,USA reference export,"PARTIAL - Family 15 (Stainless Steel) OxyFuel/Plasma Cut/Plasma Punch complete; Family 2 (Steel) Fiber Laser Cut in progress, stopped at Oxygen/1500W/5.00mm confirmed (6.00mm row flagged low-confidence, pierce time cut off).",2079,15,Plasma Cut,,300,34.0,409.01,205.01,7.0,Stainless Steel
sheetMetalNestingCutRate,lookupTables/Component/sheetMetalNestingCutRate.csv,USA reference export,"PARTIAL - Family 15 (Stainless Steel) OxyFuel/Plasma Cut/Plasma Punch complete; Family 2 (Steel) Fiber Laser Cut in progress, stopped at Oxygen/1500W/5.00mm confirmed (6.00mm row flagged low-confidence, pierce time cut off).",2079,15,Plasma Cut,,300,35.0,400.01,200.01,7.0,Stainless Steel
sheetMetalNestingCutRate,lookupTables/Component/sheetMetalNestingCutRate.csv,USA reference export,"PARTIAL - Family 15 (Stainless Steel) OxyFuel/Plasma Cut/Plasma Punch complete; Family 2 (Steel) Fiber Laser Cut in progress, stopped at Oxygen/1500W/5.00mm confirmed (6.00mm row flagged low-confidence, pierce time cut off).",2079,15,Plasma Cut,,300,36.0,391.01,195.01,7.0,Stainless Steel
sheetMetalNestingCutRate,lookupTables/Component/sheetMetalNestingCutRate.csv,USA reference export,"PARTIAL - Family 15 (Stainless Steel) OxyFuel/Plasma Cut/Plasma Punch complete; Family 2 (Steel) Fiber Laser Cut in progress, stopped at Oxygen/1500W/5.00mm confirmed (6.00mm row flagged low-confidence, pierce time cut off).",2079,15,Plasma Cut,,300,37.0,382.01,191.01,7.0,Stainless Steel
sheetMetalNestingCutRate,lookupTables/Component/sheetMetalNestingCutRate.csv,USA reference export,"PARTIAL - Family 15 (Stainless Steel) OxyFuel/Plasma Cut/Plasma Punch complete; Family 2 (Steel) Fiber Laser Cut in progress, stopped at Oxygen/1500W/5.00mm confirmed (6.00mm row flagged low-confidence, pierce time cut off).",2079,15,Plasma Cut,,300,38.0,374.01,187.01,7.0,Stainless Steel
sheetMetalNestingCutRate,lookupTables/Component/sheetMetalNestingCutRate.csv,USA reference export,"PARTIAL - Family 15 (Stainless Steel) OxyFuel/Plasma Cut/Plasma Punch complete; Family 2 (Steel) Fiber Laser Cut in progress, stopped at Oxygen/1500W/5.00mm confirmed (6.00mm row flagged low-confidence, pierce time cut off).",2079,15,Plasma Cut,,300,39.0,367.01,183.01,7.0,Stainless Steel
sheetMetalNestingCutRate,lookupTables/Component/sheetMetalNestingCutRate.csv,USA reference export,"PARTIAL - Family 15 (Stainless Steel) OxyFuel/Plasma Cut/Plasma Punch complete; Family 2 (Steel) Fiber Laser Cut in progress, stopped at Oxygen/1500W/5.00mm confirmed (6.00mm row flagged low-confidence, pierce time cut off).",2079,15,Plasma Cut,,400,12.7,1075.03,537.02,7.0,Stainless Steel
sheetMetalNestingCutRate,lookupTables/Component/sheetMetalNestingCutRate.csv,USA reference export,"PARTIAL - Family 15 (Stainless Steel) OxyFuel/Plasma Cut/Plasma Punch complete; Family 2 (Steel) Fiber Laser Cut in progress, stopped at Oxygen/1500W/5.00mm confirmed (6.00mm row flagged low-confidence, pierce time cut off).",2079,15,Plasma Cut,,400,13.0,1055.03,528.02,7.0,Stainless Steel
sheetMetalNestingCutRate,lookupTables/Component/sheetMetalNestingCutRate.csv,USA reference export,"PARTIAL - Family 15 (Stainless Steel) OxyFuel/Plasma Cut/Plasma Punch complete; Family 2 (Steel) Fiber Laser Cut in progress, stopped at Oxygen/1500W/5.00mm confirmed (6.00mm row flagged low-confidence, pierce time cut off).",2079,15,Plasma Cut,,400,14.0,996.03,498.01,7.0,Stainless Steel
sheetMetalNestingCutRate,lookupTables/Component/sheetMetalNestingCutRate.csv,USA reference export,"PARTIAL - Family 15 (Stainless Steel) OxyFuel/Plasma Cut/Plasma Punch complete; Family 2 (Steel) Fiber Laser Cut in progress, stopped at Oxygen/1500W/5.00mm confirmed (6.00mm row flagged low-confidence, pierce time cut off).",2079,15,Plasma Cut,,400,15.0,944.03,472.01,7.0,Stainless Steel
sheetMetalNestingCutRate,lookupTables/Component/sheetMetalNestingCutRate.csv,USA reference export,"PARTIAL - Family 15 (Stainless Steel) OxyFuel/Plasma Cut/Plasma Punch complete; Family 2 (Steel) Fiber Laser Cut in progress, stopped at Oxygen/1500W/5.00mm confirmed (6.00mm row flagged low-confidence, pierce time cut off).",2079,15,Plasma Cut,,400,16.0,898.03,449.01,7.0,Stainless Steel
sheetMetalNestingCutRate,lookupTables/Component/sheetMetalNestingCutRate.csv,USA reference export,"PARTIAL - Family 15 (Stainless Steel) OxyFuel/Plasma Cut/Plasma Punch complete; Family 2 (Steel) Fiber Laser Cut in progress, stopped at Oxygen/1500W/5.00mm confirmed (6.00mm row flagged low-confidence, pierce time cut off).",2079,15,Plasma Cut,,400,17.0,856.02,428.01,7.0,Stainless Steel
sheetMetalNestingCutRate,lookupTables/Component/sheetMetalNestingCutRate.csv,USA reference export,"PARTIAL - Family 15 (Stainless Steel) OxyFuel/Plasma Cut/Plasma Punch complete; Family 2 (Steel) Fiber Laser Cut in progress, stopped at Oxygen/1500W/5.00mm confirmed (6.00mm row flagged low-confidence, pierce time cut off).",2079,15,Plasma Cut,,400,18.0,819.02,409.01,7.0,Stainless Steel
sheetMetalNestingCutRate,lookupTables/Component/sheetMetalNestingCutRate.csv,USA reference export,"PARTIAL - Family 15 (Stainless Steel) OxyFuel/Plasma Cut/Plasma Punch complete; Family 2 (Steel) Fiber Laser Cut in progress, stopped at Oxygen/1500W/5.00mm confirmed (6.00mm row flagged low-confidence, pierce time cut off).",2079,15,Plasma Cut,,400,19.0,785.02,392.01,7.0,Stainless Steel
sheetMetalNestingCutRate,lookupTables/Component/sheetMetalNestingCutRate.csv,USA reference export,"PARTIAL - Family 15 (Stainless Steel) OxyFuel/Plasma Cut/Plasma Punch complete; Family 2 (Steel) Fiber Laser Cut in progress, stopped at Oxygen/1500W/5.00mm confirmed (6.00mm row flagged low-confidence, pierce time cut off).",2079,15,Plasma Cut,,400,20.0,754.02,377.01,7.0,Stainless Steel
sheetMetalNestingCutRate,lookupTables/Component/sheetMetalNestingCutRate.csv,USA reference export,"PARTIAL - Family 15 (Stainless Steel) OxyFuel/Plasma Cut/Plasma Punch complete; Family 2 (Steel) Fiber Laser Cut in progress, stopped at Oxygen/1500W/5.00mm confirmed (6.00mm row flagged low-confidence, pierce time cut off).",2079,15,Plasma Cut,,400,21.0,726.02,363.01,7.0,Stainless Steel
sheetMetalNestingCutRate,lookupTables/Component/sheetMetalNestingCutRate.csv,USA reference export,"PARTIAL - Family 15 (Stainless Steel) OxyFuel/Plasma Cut/Plasma Punch complete; Family 2 (Steel) Fiber Laser Cut in progress, stopped at Oxygen/1500W/5.00mm confirmed (6.00mm row flagged low-confidence, pierce time cut off).",2079,15,Plasma Cut,,400,22.0,700.02,350.01,7.0,Stainless Steel
sheetMetalNestingCutRate,lookupTables/Component/sheetMetalNestingCutRate.csv,USA reference export,"PARTIAL - Family 15 (Stainless Steel) OxyFuel/Plasma Cut/Plasma Punch complete; Family 2 (Steel) Fiber Laser Cut in progress, stopped at Oxygen/1500W/5.00mm confirmed (6.00mm row flagged low-confidence, pierce time cut off).",2079,15,Plasma Cut,,400,23.0,676.02,338.01,7.0,Stainless Steel
sheetMetalNestingCutRate,lookupTables/Component/sheetMetalNestingCutRate.csv,USA reference export,"PARTIAL - Family 15 (Stainless Steel) OxyFuel/Plasma Cut/Plasma Punch complete; Family 2 (Steel) Fiber Laser Cut in progress, stopped at Oxygen/1500W/5.00mm confirmed (6.00mm row flagged low-confidence, pierce time cut off).",2079,15,Plasma Cut,,400,24.0,654.02,327.01,7.0,Stainless Steel
sheetMetalNestingCutRate,lookupTables/Component/sheetMetalNestingCutRate.csv,USA reference export,"PARTIAL - Family 15 (Stainless Steel) OxyFuel/Plasma Cut/Plasma Punch complete; Family 2 (Steel) Fiber Laser Cut in progress, stopped at Oxygen/1500W/5.00mm confirmed (6.00mm row flagged low-confidence, pierce time cut off).",2079,15,Plasma Cut,,400,25.0,634.02,317.01,7.0,Stainless Steel
sheetMetalNestingCutRate,lookupTables/Component/sheetMetalNestingCutRate.csv,USA reference export,"PARTIAL - Family 15 (Stainless Steel) OxyFuel/Plasma Cut/Plasma Punch complete; Family 2 (Steel) Fiber Laser Cut in progress, stopped at Oxygen/1500W/5.00mm confirmed (6.00mm row flagged low-confidence, pierce time cut off).",2079,15,Plasma Cut,,400,26.0,615.02,307.01,7.0,Stainless Steel
sheetMetalNestingCutRate,lookupTables/Component/sheetMetalNestingCutRate.csv,USA reference export,"PARTIAL - Family 15 (Stainless Steel) OxyFuel/Plasma Cut/Plasma Punch complete; Family 2 (Steel) Fiber Laser Cut in progress, stopped at Oxygen/1500W/5.00mm confirmed (6.00mm row flagged low-confidence, pierce time cut off).",2079,15,Plasma Cut,,400,27.0,597.02,298.01,7.0,Stainless Steel
sheetMetalNestingCutRate,lookupTables/Component/sheetMetalNestingCutRate.csv,USA reference export,"PARTIAL - Family 15 (Stainless Steel) OxyFuel/Plasma Cut/Plasma Punch complete; Family 2 (Steel) Fiber Laser Cut in progress, stopped at Oxygen/1500W/5.00mm confirmed (6.00mm row flagged low-confidence, pierce time cut off).",2079,15,Plasma Cut,,400,28.0,580.02,290.01,7.0,Stainless Steel
sheetMetalNestingCutRate,lookupTables/Component/sheetMetalNestingCutRate.csv,USA reference export,"PARTIAL - Family 15 (Stainless Steel) OxyFuel/Plasma Cut/Plasma Punch complete; Family 2 (Steel) Fiber Laser Cut in progress, stopped at Oxygen/1500W/5.00mm confirmed (6.00mm row flagged low-confidence, pierce time cut off).",2079,15,Plasma Cut,,400,29.0,564.02,282.01,7.0,Stainless Steel
sheetMetalNestingCutRate,lookupTables/Component/sheetMetalNestingCutRate.csv,USA reference export,"PARTIAL - Family 15 (Stainless Steel) OxyFuel/Plasma Cut/Plasma Punch complete; Family 2 (Steel) Fiber Laser Cut in progress, stopped at Oxygen/1500W/5.00mm confirmed (6.00mm row flagged low-confidence, pierce time cut off).",2079,15,Plasma Cut,,400,30.0,550.02,275.01,7.0,Stainless Steel
sheetMetalNestingCutRate,lookupTables/Component/sheetMetalNestingCutRate.csv,USA reference export,"PARTIAL - Family 15 (Stainless Steel) OxyFuel/Plasma Cut/Plasma Punch complete; Family 2 (Steel) Fiber Laser Cut in progress, stopped at Oxygen/1500W/5.00mm confirmed (6.00mm row flagged low-confidence, pierce time cut off).",2079,15,Plasma Cut,,400,31.0,536.02,268.01,7.0,Stainless Steel
sheetMetalNestingCutRate,lookupTables/Component/sheetMetalNestingCutRate.csv,USA reference export,"PARTIAL - Family 15 (Stainless Steel) OxyFuel/Plasma Cut/Plasma Punch complete; Family 2 (Steel) Fiber Laser Cut in progress, stopped at Oxygen/1500W/5.00mm confirmed (6.00mm row flagged low-confidence, pierce time cut off).",2079,15,Plasma Cut,,400,32.0,523.01,261.01,7.0,Stainless Steel
sheetMetalNestingCutRate,lookupTables/Component/sheetMetalNestingCutRate.csv,USA reference export,"PARTIAL - Family 15 (Stainless Steel) OxyFuel/Plasma Cut/Plasma Punch complete; Family 2 (Steel) Fiber Laser Cut in progress, stopped at Oxygen/1500W/5.00mm confirmed (6.00mm row flagged low-confidence, pierce time cut off).",2079,15,Plasma Cut,,400,33.0,510.01,255.01,7.0,Stainless Steel
sheetMetalNestingCutRate,lookupTables/Component/sheetMetalNestingCutRate.csv,USA reference export,"PARTIAL - Family 15 (Stainless Steel) OxyFuel/Plasma Cut/Plasma Punch complete; Family 2 (Steel) Fiber Laser Cut in progress, stopped at Oxygen/1500W/5.00mm confirmed (6.00mm row flagged low-confidence, pierce time cut off).",2079,15,Plasma Cut,,400,34.0,499.01,249.01,7.0,Stainless Steel
sheetMetalNestingCutRate,lookupTables/Component/sheetMetalNestingCutRate.csv,USA reference export,"PARTIAL - Family 15 (Stainless Steel) OxyFuel/Plasma Cut/Plasma Punch complete; Family 2 (Steel) Fiber Laser Cut in progress, stopped at Oxygen/1500W/5.00mm confirmed (6.00mm row flagged low-confidence, pierce time cut off).",2079,15,Plasma Cut,,400,35.0,487.01,244.01,7.0,Stainless Steel
sheetMetalNestingCutRate,lookupTables/Component/sheetMetalNestingCutRate.csv,USA reference export,"PARTIAL - Family 15 (Stainless Steel) OxyFuel/Plasma Cut/Plasma Punch complete; Family 2 (Steel) Fiber Laser Cut in progress, stopped at Oxygen/1500W/5.00mm confirmed (6.00mm row flagged low-confidence, pierce time cut off).",2079,15,Plasma Cut,,400,36.0,477.01,238.01,7.0,Stainless Steel
sheetMetalNestingCutRate,lookupTables/Component/sheetMetalNestingCutRate.csv,USA reference export,"PARTIAL - Family 15 (Stainless Steel) OxyFuel/Plasma Cut/Plasma Punch complete; Family 2 (Steel) Fiber Laser Cut in progress, stopped at Oxygen/1500W/5.00mm confirmed (6.00mm row flagged low-confidence, pierce time cut off).",2079,15,Plasma Cut,,400,37.0,467.01,233.01,7.0,Stainless Steel
sheetMetalNestingCutRate,lookupTables/Component/sheetMetalNestingCutRate.csv,USA reference export,"PARTIAL - Family 15 (Stainless Steel) OxyFuel/Plasma Cut/Plasma Punch complete; Family 2 (Steel) Fiber Laser Cut in progress, stopped at Oxygen/1500W/5.00mm confirmed (6.00mm row flagged low-confidence, pierce time cut off).",2079,15,Plasma Cut,,400,38.0,457.01,229.01,7.0,Stainless Steel
sheetMetalNestingCutRate,lookupTables/Component/sheetMetalNestingCutRate.csv,USA reference export,"PARTIAL - Family 15 (Stainless Steel) OxyFuel/Plasma Cut/Plasma Punch complete; Family 2 (Steel) Fiber Laser Cut in progress, stopped at Oxygen/1500W/5.00mm confirmed (6.00mm row flagged low-confidence, pierce time cut off).",2079,15,Plasma Cut,,400,39.0,448.01,224.01,7.0,Stainless Steel
sheetMetalNestingCutRate,lookupTables/Component/sheetMetalNestingCutRate.csv,USA reference export,"PARTIAL - Family 15 (Stainless Steel) OxyFuel/Plasma Cut/Plasma Punch complete; Family 2 (Steel) Fiber Laser Cut in progress, stopped at Oxygen/1500W/5.00mm confirmed (6.00mm row flagged low-confidence, pierce time cut off).",2079,15,Plasma Cut,,400,40.0,439.01,220.01,7.0,Stainless Steel
sheetMetalNestingCutRate,lookupTables/Component/sheetMetalNestingCutRate.csv,USA reference export,"PARTIAL - Family 15 (Stainless Steel) OxyFuel/Plasma Cut/Plasma Punch complete; Family 2 (Steel) Fiber Laser Cut in progress, stopped at Oxygen/1500W/5.00mm confirmed (6.00mm row flagged low-confidence, pierce time cut off).",2079,15,Plasma Cut,,400,41.0,431.01,215.01,7.0,Stainless Steel
sheetMetalNestingCutRate,lookupTables/Component/sheetMetalNestingCutRate.csv,USA reference export,"PARTIAL - Family 15 (Stainless Steel) OxyFuel/Plasma Cut/Plasma Punch complete; Family 2 (Steel) Fiber Laser Cut in progress, stopped at Oxygen/1500W/5.00mm confirmed (6.00mm row flagged low-confidence, pierce time cut off).",2079,15,Plasma Cut,,400,42.0,423.01,211.01,7.0,Stainless Steel
sheetMetalNestingCutRate,lookupTables/Component/sheetMetalNestingCutRate.csv,USA reference export,"PARTIAL - Family 15 (Stainless Steel) OxyFuel/Plasma Cut/Plasma Punch complete; Family 2 (Steel) Fiber Laser Cut in progress, stopped at Oxygen/1500W/5.00mm confirmed (6.00mm row flagged low-confidence, pierce time cut off).",2079,15,Plasma Cut,,400,43.0,415.01,208.01,7.0,Stainless Steel
sheetMetalNestingCutRate,lookupTables/Component/sheetMetalNestingCutRate.csv,USA reference export,"PARTIAL - Family 15 (Stainless Steel) OxyFuel/Plasma Cut/Plasma Punch complete; Family 2 (Steel) Fiber Laser Cut in progress, stopped at Oxygen/1500W/5.00mm confirmed (6.00mm row flagged low-confidence, pierce time cut off).",2079,15,Plasma Cut,,400,44.0,408.01,204.01,7.0,Stainless Steel
sheetMetalNestingCutRate,lookupTables/Component/sheetMetalNestingCutRate.csv,USA reference export,"PARTIAL - Family 15 (Stainless Steel) OxyFuel/Plasma Cut/Plasma Punch complete; Family 2 (Steel) Fiber Laser Cut in progress, stopped at Oxygen/1500W/5.00mm confirmed (6.00mm row flagged low-confidence, pierce time cut off).",2079,15,Plasma Cut,,400,45.0,401.01,200.01,7.0,Stainless Steel
sheetMetalNestingCutRate,lookupTables/Component/sheetMetalNestingCutRate.csv,USA reference export,"PARTIAL - Family 15 (Stainless Steel) OxyFuel/Plasma Cut/Plasma Punch complete; Family 2 (Steel) Fiber Laser Cut in progress, stopped at Oxygen/1500W/5.00mm confirmed (6.00mm row flagged low-confidence, pierce time cut off).",2079,15,Plasma Cut,,400,46.0,394.01,197.01,7.0,Stainless Steel
sheetMetalNestingCutRate,lookupTables/Component/sheetMetalNestingCutRate.csv,USA reference export,"PARTIAL - Family 15 (Stainless Steel) OxyFuel/Plasma Cut/Plasma Punch complete; Family 2 (Steel) Fiber Laser Cut in progress, stopped at Oxygen/1500W/5.00mm confirmed (6.00mm row flagged low-confidence, pierce time cut off).",2079,15,Plasma Cut,,400,47.0,387.01,194.01,7.0,Stainless Steel
sheetMetalNestingCutRate,lookupTables/Component/sheetMetalNestingCutRate.csv,USA reference export,"PARTIAL - Family 15 (Stainless Steel) OxyFuel/Plasma Cut/Plasma Punch complete; Family 2 (Steel) Fiber Laser Cut in progress, stopped at Oxygen/1500W/5.00mm confirmed (6.00mm row flagged low-confidence, pierce time cut off).",2079,15,Plasma Cut,,400,48.0,381.01,191.01,7.0,Stainless Steel
sheetMetalNestingCutRate,lookupTables/Component/sheetMetalNestingCutRate.csv,USA reference export,"PARTIAL - Family 15 (Stainless Steel) OxyFuel/Plasma Cut/Plasma Punch complete; Family 2 (Steel) Fiber Laser Cut in progress, stopped at Oxygen/1500W/5.00mm confirmed (6.00mm row flagged low-confidence, pierce time cut off).",2079,15,Plasma Cut,,400,49.0,375.01,187.01,7.0,Stainless Steel
sheetMetalNestingCutRate,lookupTables/Component/sheetMetalNestingCutRate.csv,USA reference export,"PARTIAL - Family 15 (Stainless Steel) OxyFuel/Plasma Cut/Plasma Punch complete; Family 2 (Steel) Fiber Laser Cut in progress, stopped at Oxygen/1500W/5.00mm confirmed (6.00mm row flagged low-confidence, pierce time cut off).",2079,15,Plasma Cut,,400,50.0,369.01,185.01,7.0,Stainless Steel
sheetMetalNestingCutRate,lookupTables/Component/sheetMetalNestingCutRate.csv,USA reference export,"PARTIAL - Family 15 (Stainless Steel) OxyFuel/Plasma Cut/Plasma Punch complete; Family 2 (Steel) Fiber Laser Cut in progress, stopped at Oxygen/1500W/5.00mm confirmed (6.00mm row flagged low-confidence, pierce time cut off).",2079,15,Plasma Cut,,400,51.0,363.01,182.01,7.0,Stainless Steel
sheetMetalNestingCutRate,lookupTables/Component/sheetMetalNestingCutRate.csv,USA reference export,"PARTIAL - Family 15 (Stainless Steel) OxyFuel/Plasma Cut/Plasma Punch complete; Family 2 (Steel) Fiber Laser Cut in progress, stopped at Oxygen/1500W/5.00mm confirmed (6.00mm row flagged low-confidence, pierce time cut off).",2079,15,Plasma Cut,,400,52.0,358.01,179.01,7.0,Stainless Steel
sheetMetalNestingCutRate,lookupTables/Component/sheetMetalNestingCutRate.csv,USA reference export,"PARTIAL - Family 15 (Stainless Steel) OxyFuel/Plasma Cut/Plasma Punch complete; Family 2 (Steel) Fiber Laser Cut in progress, stopped at Oxygen/1500W/5.00mm confirmed (6.00mm row flagged low-confidence, pierce time cut off).",2079,15,Plasma Cut,,400,53.0,353.01,176.01,7.0,Stainless Steel
sheetMetalNestingCutRate,lookupTables/Component/sheetMetalNestingCutRate.csv,USA reference export,"PARTIAL - Family 15 (Stainless Steel) OxyFuel/Plasma Cut/Plasma Punch complete; Family 2 (Steel) Fiber Laser Cut in progress, stopped at Oxygen/1500W/5.00mm confirmed (6.00mm row flagged low-confidence, pierce time cut off).",2079,15,Plasma Cut,,400,54.0,348.01,174.0,7.0,Stainless Steel
sheetMetalNestingCutRate,lookupTables/Component/sheetMetalNestingCutRate.csv,USA reference export,"PARTIAL - Family 15 (Stainless Steel) OxyFuel/Plasma Cut/Plasma Punch complete; Family 2 (Steel) Fiber Laser Cut in progress, stopped at Oxygen/1500W/5.00mm confirmed (6.00mm row flagged low-confidence, pierce time cut off).",2079,15,Plasma Cut,,400,55.0,343.01,171.0,7.0,Stainless Steel
sheetMetalNestingCutRate,lookupTables/Component/sheetMetalNestingCutRate.csv,USA reference export,"PARTIAL - Family 15 (Stainless Steel) OxyFuel/Plasma Cut/Plasma Punch complete; Family 2 (Steel) Fiber Laser Cut in progress, stopped at Oxygen/1500W/5.00mm confirmed (6.00mm row flagged low-confidence, pierce time cut off).",2079,15,Plasma Cut,,400,56.0,338.01,169.0,7.0,Stainless Steel
sheetMetalNestingCutRate,lookupTables/Component/sheetMetalNestingCutRate.csv,USA reference export,"PARTIAL - Family 15 (Stainless Steel) OxyFuel/Plasma Cut/Plasma Punch complete; Family 2 (Steel) Fiber Laser Cut in progress, stopped at Oxygen/1500W/5.00mm confirmed (6.00mm row flagged low-confidence, pierce time cut off).",2079,15,Plasma Cut,,400,57.0,333.01,167.0,7.0,Stainless Steel
sheetMetalNestingCutRate,lookupTables/Component/sheetMetalNestingCutRate.csv,USA reference export,"PARTIAL - Family 15 (Stainless Steel) OxyFuel/Plasma Cut/Plasma Punch complete; Family 2 (Steel) Fiber Laser Cut in progress, stopped at Oxygen/1500W/5.00mm confirmed (6.00mm row flagged low-confidence, pierce time cut off).",2079,15,Plasma Cut,,400,58.0,329.01,164.0,7.0,Stainless Steel
sheetMetalNestingCutRate,lookupTables/Component/sheetMetalNestingCutRate.csv,USA reference export,"PARTIAL - Family 15 (Stainless Steel) OxyFuel/Plasma Cut/Plasma Punch complete; Family 2 (Steel) Fiber Laser Cut in progress, stopped at Oxygen/1500W/5.00mm confirmed (6.00mm row flagged low-confidence, pierce time cut off).",2079,15,Plasma Cut,,400,59.0,324.01,162.0,7.0,Stainless Steel
sheetMetalNestingCutRate,lookupTables/Component/sheetMetalNestingCutRate.csv,USA reference export,"PARTIAL - Family 15 (Stainless Steel) OxyFuel/Plasma Cut/Plasma Punch complete; Family 2 (Steel) Fiber Laser Cut in progress, stopped at Oxygen/1500W/5.00mm confirmed (6.00mm row flagged low-confidence, pierce time cut off).",2079,15,Plasma Cut,,400,60.0,320.01,160.0,7.0,Stainless Steel
sheetMetalNestingCutRate,lookupTables/Component/sheetMetalNestingCutRate.csv,USA reference export,"PARTIAL - Family 15 (Stainless Steel) OxyFuel/Plasma Cut/Plasma Punch complete; Family 2 (Steel) Fiber Laser Cut in progress, stopped at Oxygen/1500W/5.00mm confirmed (6.00mm row flagged low-confidence, pierce time cut off).",2079,15,Plasma Cut,,400,61.0,316.01,158.0,7.0,Stainless Steel
sheetMetalNestingCutRate,lookupTables/Component/sheetMetalNestingCutRate.csv,USA reference export,"PARTIAL - Family 15 (Stainless Steel) OxyFuel/Plasma Cut/Plasma Punch complete; Family 2 (Steel) Fiber Laser Cut in progress, stopped at Oxygen/1500W/5.00mm confirmed (6.00mm row flagged low-confidence, pierce time cut off).",2079,15,Plasma Cut,,400,62.0,312.01,156.0,7.0,Stainless Steel
sheetMetalNestingCutRate,lookupTables/Component/sheetMetalNestingCutRate.csv,USA reference export,"PARTIAL - Family 15 (Stainless Steel) OxyFuel/Plasma Cut/Plasma Punch complete; Family 2 (Steel) Fiber Laser Cut in progress, stopped at Oxygen/1500W/5.00mm confirmed (6.00mm row flagged low-confidence, pierce time cut off).",2079,15,Plasma Cut,,400,63.0,308.01,154.0,7.0,Stainless Steel
sheetMetalNestingCutRate,lookupTables/Component/sheetMetalNestingCutRate.csv,USA reference export,"PARTIAL - Family 15 (Stainless Steel) OxyFuel/Plasma Cut/Plasma Punch complete; Family 2 (Steel) Fiber Laser Cut in progress, stopped at Oxygen/1500W/5.00mm confirmed (6.00mm row flagged low-confidence, pierce time cut off).",2079,15,Plasma Cut,,400,64.0,304.01,152.0,7.0,Stainless Steel
sheetMetalNestingCutRate,lookupTables/Component/sheetMetalNestingCutRate.csv,USA reference export,"PARTIAL - Family 15 (Stainless Steel) OxyFuel/Plasma Cut/Plasma Punch complete; Family 2 (Steel) Fiber Laser Cut in progress, stopped at Oxygen/1500W/5.00mm confirmed (6.00mm row flagged low-confidence, pierce time cut off).",2079,15,Plasma Cut,,400,65.0,301.01,150.0,7.0,Stainless Steel
sheetMetalNestingCutRate,lookupTables/Component/sheetMetalNestingCutRate.csv,USA reference export,"PARTIAL - Family 15 (Stainless Steel) OxyFuel/Plasma Cut/Plasma Punch complete; Family 2 (Steel) Fiber Laser Cut in progress, stopped at Oxygen/1500W/5.00mm confirmed (6.00mm row flagged low-confidence, pierce time cut off).",2079,15,Plasma Cut,,400,66.0,297.01,149.0,7.0,Stainless Steel
sheetMetalNestingCutRate,lookupTables/Component/sheetMetalNestingCutRate.csv,USA reference export,"PARTIAL - Family 15 (Stainless Steel) OxyFuel/Plasma Cut/Plasma Punch complete; Family 2 (Steel) Fiber Laser Cut in progress, stopped at Oxygen/1500W/5.00mm confirmed (6.00mm row flagged low-confidence, pierce time cut off).",2079,15,Plasma Cut,,400,67.0,294.01,147.0,7.0,Stainless Steel
sheetMetalNestingCutRate,lookupTables/Component/sheetMetalNestingCutRate.csv,USA reference export,"PARTIAL - Family 15 (Stainless Steel) OxyFuel/Plasma Cut/Plasma Punch complete; Family 2 (Steel) Fiber Laser Cut in progress, stopped at Oxygen/1500W/5.00mm confirmed (6.00mm row flagged low-confidence, pierce time cut off).",2079,15,Plasma Cut,,400,68.0,290.01,145.0,7.0,Stainless Steel
sheetMetalNestingCutRate,lookupTables/Component/sheetMetalNestingCutRate.csv,USA reference export,"PARTIAL - Family 15 (Stainless Steel) OxyFuel/Plasma Cut/Plasma Punch complete; Family 2 (Steel) Fiber Laser Cut in progress, stopped at Oxygen/1500W/5.00mm confirmed (6.00mm row flagged low-confidence, pierce time cut off).",2079,15,Plasma Cut,,400,69.0,287.01,144.0,7.0,Stainless Steel
sheetMetalNestingCutRate,lookupTables/Component/sheetMetalNestingCutRate.csv,USA reference export,"PARTIAL - Family 15 (Stainless Steel) OxyFuel/Plasma Cut/Plasma Punch complete; Family 2 (Steel) Fiber Laser Cut in progress, stopped at Oxygen/1500W/5.00mm confirmed (6.00mm row flagged low-confidence, pierce time cut off).",2079,15,Plasma Cut,,400,70.0,284.01,142.0,7.0,Stainless Steel
sheetMetalNestingCutRate,lookupTables/Component/sheetMetalNestingCutRate.csv,USA reference export,"PARTIAL - Family 15 (Stainless Steel) OxyFuel/Plasma Cut/Plasma Punch complete; Family 2 (Steel) Fiber Laser Cut in progress, stopped at Oxygen/1500W/5.00mm confirmed (6.00mm row flagged low-confidence, pierce time cut off).",2079,15,Plasma Cut,,400,71.0,281.01,140.0,7.0,Stainless Steel
sheetMetalNestingCutRate,lookupTables/Component/sheetMetalNestingCutRate.csv,USA reference export,"PARTIAL - Family 15 (Stainless Steel) OxyFuel/Plasma Cut/Plasma Punch complete; Family 2 (Steel) Fiber Laser Cut in progress, stopped at Oxygen/1500W/5.00mm confirmed (6.00mm row flagged low-confidence, pierce time cut off).",2079,15,Plasma Cut,,400,72.0,278.01,139.0,7.0,Stainless Steel
sheetMetalNestingCutRate,lookupTables/Component/sheetMetalNestingCutRate.csv,USA reference export,"PARTIAL - Family 15 (Stainless Steel) OxyFuel/Plasma Cut/Plasma Punch complete; Family 2 (Steel) Fiber Laser Cut in progress, stopped at Oxygen/1500W/5.00mm confirmed (6.00mm row flagged low-confidence, pierce time cut off).",2079,15,Plasma Cut,,400,73.0,275.01,137.0,7.0,Stainless Steel
sheetMetalNestingCutRate,lookupTables/Component/sheetMetalNestingCutRate.csv,USA reference export,"PARTIAL - Family 15 (Stainless Steel) OxyFuel/Plasma Cut/Plasma Punch complete; Family 2 (Steel) Fiber Laser Cut in progress, stopped at Oxygen/1500W/5.00mm confirmed (6.00mm row flagged low-confidence, pierce time cut off).",2079,15,Plasma Cut,,400,74.0,272.01,136.0,7.0,Stainless Steel
sheetMetalNestingCutRate,lookupTables/Component/sheetMetalNestingCutRate.csv,USA reference export,"PARTIAL - Family 15 (Stainless Steel) OxyFuel/Plasma Cut/Plasma Punch complete; Family 2 (Steel) Fiber Laser Cut in progress, stopped at Oxygen/1500W/5.00mm confirmed (6.00mm row flagged low-confidence, pierce time cut off).",2079,15,Plasma Cut,,400,75.0,269.01,135.0,7.0,Stainless Steel
sheetMetalNestingCutRate,lookupTables/Component/sheetMetalNestingCutRate.csv,USA reference export,"PARTIAL - Family 15 (Stainless Steel) OxyFuel/Plasma Cut/Plasma Punch complete; Family 2 (Steel) Fiber Laser Cut in progress, stopped at Oxygen/1500W/5.00mm confirmed (6.00mm row flagged low-confidence, pierce time cut off).",2079,15,Plasma Cut,,400,76.0,266.01,133.0,7.0,Stainless Steel
sheetMetalNestingCutRate,lookupTables/Component/sheetMetalNestingCutRate.csv,USA reference export,"PARTIAL - Family 15 (Stainless Steel) OxyFuel/Plasma Cut/Plasma Punch complete; Family 2 (Steel) Fiber Laser Cut in progress, stopped at Oxygen/1500W/5.00mm confirmed (6.00mm row flagged low-confidence, pierce time cut off).",2079,15,Plasma Cut,,400,77.0,264.01,132.0,7.0,Stainless Steel
sheetMetalNestingCutRate,lookupTables/Component/sheetMetalNestingCutRate.csv,USA reference export,"PARTIAL - Family 15 (Stainless Steel) OxyFuel/Plasma Cut/Plasma Punch complete; Family 2 (Steel) Fiber Laser Cut in progress, stopped at Oxygen/1500W/5.00mm confirmed (6.00mm row flagged low-confidence, pierce time cut off).",2079,15,Plasma Cut,,1000,12.7,3068.09,1534.04,7.0,Stainless Steel
sheetMetalNestingCutRate,lookupTables/Component/sheetMetalNestingCutRate.csv,USA reference export,"PARTIAL - Family 15 (Stainless Steel) OxyFuel/Plasma Cut/Plasma Punch complete; Family 2 (Steel) Fiber Laser Cut in progress, stopped at Oxygen/1500W/5.00mm confirmed (6.00mm row flagged low-confidence, pierce time cut off).",2079,15,Plasma Cut,,1000,13.0,2997.09,1499.04,7.0,Stainless Steel
sheetMetalNestingCutRate,lookupTables/Component/sheetMetalNestingCutRate.csv,USA reference export,"PARTIAL - Family 15 (Stainless Steel) OxyFuel/Plasma Cut/Plasma Punch complete; Family 2 (Steel) Fiber Laser Cut in progress, stopped at Oxygen/1500W/5.00mm confirmed (6.00mm row flagged low-confidence, pierce time cut off).",2079,15,Plasma Cut,,1000,14.0,2783.08,1392.04,7.0,Stainless Steel
sheetMetalNestingCutRate,lookupTables/Component/sheetMetalNestingCutRate.csv,USA reference export,"PARTIAL - Family 15 (Stainless Steel) OxyFuel/Plasma Cut/Plasma Punch complete; Family 2 (Steel) Fiber Laser Cut in progress, stopped at Oxygen/1500W/5.00mm confirmed (6.00mm row flagged low-confidence, pierce time cut off).",2079,15,Plasma Cut,,1000,15.0,2598.07,1299.04,7.0,Stainless Steel
sheetMetalNestingCutRate,lookupTables/Component/sheetMetalNestingCutRate.csv,USA reference export,"PARTIAL - Family 15 (Stainless Steel) OxyFuel/Plasma Cut/Plasma Punch complete; Family 2 (Steel) Fiber Laser Cut in progress, stopped at Oxygen/1500W/5.00mm confirmed (6.00mm row flagged low-confidence, pierce time cut off).",2079,15,Plasma Cut,,1000,16.0,2435.07,1218.03,7.0,Stainless Steel
sheetMetalNestingCutRate,lookupTables/Component/sheetMetalNestingCutRate.csv,USA reference export,"PARTIAL - Family 15 (Stainless Steel) OxyFuel/Plasma Cut/Plasma Punch complete; Family 2 (Steel) Fiber Laser Cut in progress, stopped at Oxygen/1500W/5.00mm confirmed (6.00mm row flagged low-confidence, pierce time cut off).",2079,15,Plasma Cut,,1000,17.0,2292.07,1146.03,7.0,Stainless Steel
sheetMetalNestingCutRate,lookupTables/Component/sheetMetalNestingCutRate.csv,USA reference export,"PARTIAL - Family 15 (Stainless Steel) OxyFuel/Plasma Cut/Plasma Punch complete; Family 2 (Steel) Fiber Laser Cut in progress, stopped at Oxygen/1500W/5.00mm confirmed (6.00mm row flagged low-confidence, pierce time cut off).",2079,15,Plasma Cut,,1000,18.0,2165.06,1082.03,7.0,Stainless Steel
sheetMetalNestingCutRate,lookupTables/Component/sheetMetalNestingCutRate.csv,USA reference export,"PARTIAL - Family 15 (Stainless Steel) OxyFuel/Plasma Cut/Plasma Punch complete; Family 2 (Steel) Fiber Laser Cut in progress, stopped at Oxygen/1500W/5.00mm confirmed (6.00mm row flagged low-confidence, pierce time cut off).",2079,15,Plasma Cut,,1000,19.0,2051.06,1025.03,7.0,Stainless Steel
sheetMetalNestingCutRate,lookupTables/Component/sheetMetalNestingCutRate.csv,USA reference export,"PARTIAL - Family 15 (Stainless Steel) OxyFuel/Plasma Cut/Plasma Punch complete; Family 2 (Steel) Fiber Laser Cut in progress, stopped at Oxygen/1500W/5.00mm confirmed (6.00mm row flagged low-confidence, pierce time cut off).",2079,15,Plasma Cut,,1000,20.0,1948.06,974.03,7.0,Stainless Steel
sheetMetalNestingCutRate,lookupTables/Component/sheetMetalNestingCutRate.csv,USA reference export,"PARTIAL - Family 15 (Stainless Steel) OxyFuel/Plasma Cut/Plasma Punch complete; Family 2 (Steel) Fiber Laser Cut in progress, stopped at Oxygen/1500W/5.00mm confirmed (6.00mm row flagged low-confidence, pierce time cut off).",2079,15,Plasma Cut,,1000,21.0,1855.05,928.03,7.0,Stainless Steel
sheetMetalNestingCutRate,lookupTables/Component/sheetMetalNestingCutRate.csv,USA reference export,"PARTIAL - Family 15 (Stainless Steel) OxyFuel/Plasma Cut/Plasma Punch complete; Family 2 (Steel) Fiber Laser Cut in progress, stopped at Oxygen/1500W/5.00mm confirmed (6.00mm row flagged low-confidence, pierce time cut off).",2079,15,Plasma Cut,,1000,22.0,1771.05,886.03,7.0,Stainless Steel
sheetMetalNestingCutRate,lookupTables/Component/sheetMetalNestingCutRate.csv,USA reference export,"PARTIAL - Family 15 (Stainless Steel) OxyFuel/Plasma Cut/Plasma Punch complete; Family 2 (Steel) Fiber Laser Cut in progress, stopped at Oxygen/1500W/5.00mm confirmed (6.00mm row flagged low-confidence, pierce time cut off).",2079,15,Plasma Cut,,1000,23.0,1694.05,847.02,7.0,Stainless Steel
sheetMetalNestingCutRate,lookupTables/Component/sheetMetalNestingCutRate.csv,USA reference export,"PARTIAL - Family 15 (Stainless Steel) OxyFuel/Plasma Cut/Plasma Punch complete; Family 2 (Steel) Fiber Laser Cut in progress, stopped at Oxygen/1500W/5.00mm confirmed (6.00mm row flagged low-confidence, pierce time cut off).",2079,15,Plasma Cut,,1000,24.0,1624.05,812.02,7.0,Stainless Steel
sheetMetalNestingCutRate,lookupTables/Component/sheetMetalNestingCutRate.csv,USA reference export,"PARTIAL - Family 15 (Stainless Steel) OxyFuel/Plasma Cut/Plasma Punch complete; Family 2 (Steel) Fiber Laser Cut in progress, stopped at Oxygen/1500W/5.00mm confirmed (6.00mm row flagged low-confidence, pierce time cut off).",2079,15,Plasma Cut,,1000,25.0,1559.04,779.02,7.0,Stainless Steel
sheetMetalNestingCutRate,lookupTables/Component/sheetMetalNestingCutRate.csv,USA reference export,"PARTIAL - Family 15 (Stainless Steel) OxyFuel/Plasma Cut/Plasma Punch complete; Family 2 (Steel) Fiber Laser Cut in progress, stopped at Oxygen/1500W/5.00mm confirmed (6.00mm row flagged low-confidence, pierce time cut off).",2079,15,Plasma Cut,,1000,26.0,1499.04,749.02,7.0,Stainless Steel
sheetMetalNestingCutRate,lookupTables/Component/sheetMetalNestingCutRate.csv,USA reference export,"PARTIAL - Family 15 (Stainless Steel) OxyFuel/Plasma Cut/Plasma Punch complete; Family 2 (Steel) Fiber Laser Cut in progress, stopped at Oxygen/1500W/5.00mm confirmed (6.00mm row flagged low-confidence, pierce time cut off).",2079,15,Plasma Cut,,1000,27.0,1443.04,722.02,7.0,Stainless Steel
sheetMetalNestingCutRate,lookupTables/Component/sheetMetalNestingCutRate.csv,USA reference export,"PARTIAL - Family 15 (Stainless Steel) OxyFuel/Plasma Cut/Plasma Punch complete; Family 2 (Steel) Fiber Laser Cut in progress, stopped at Oxygen/1500W/5.00mm confirmed (6.00mm row flagged low-confidence, pierce time cut off).",2079,15,Plasma Cut,,1000,28.0,1392.04,696.02,7.0,Stainless Steel
sheetMetalNestingCutRate,lookupTables/Component/sheetMetalNestingCutRate.csv,USA reference export,"PARTIAL - Family 15 (Stainless Steel) OxyFuel/Plasma Cut/Plasma Punch complete; Family 2 (Steel) Fiber Laser Cut in progress, stopped at Oxygen/1500W/5.00mm confirmed (6.00mm row flagged low-confidence, pierce time cut off).",2079,15,Plasma Cut,,1000,29.0,1344.04,672.02,7.0,Stainless Steel
sheetMetalNestingCutRate,lookupTables/Component/sheetMetalNestingCutRate.csv,USA reference export,"PARTIAL - Family 15 (Stainless Steel) OxyFuel/Plasma Cut/Plasma Punch complete; Family 2 (Steel) Fiber Laser Cut in progress, stopped at Oxygen/1500W/5.00mm confirmed (6.00mm row flagged low-confidence, pierce time cut off).",2079,15,Plasma Cut,,1000,30.0,1299.04,649.02,7.0,Stainless Steel
sheetMetalNestingCutRate,lookupTables/Component/sheetMetalNestingCutRate.csv,USA reference export,"PARTIAL - Family 15 (Stainless Steel) OxyFuel/Plasma Cut/Plasma Punch complete; Family 2 (Steel) Fiber Laser Cut in progress, stopped at Oxygen/1500W/5.00mm confirmed (6.00mm row flagged low-confidence, pierce time cut off).",2079,15,Plasma Cut,,1000,31.0,1257.04,628.02,7.0,Stainless Steel
sheetMetalNestingCutRate,lookupTables/Component/sheetMetalNestingCutRate.csv,USA reference export,"PARTIAL - Family 15 (Stainless Steel) OxyFuel/Plasma Cut/Plasma Punch complete; Family 2 (Steel) Fiber Laser Cut in progress, stopped at Oxygen/1500W/5.00mm confirmed (6.00mm row flagged low-confidence, pierce time cut off).",2079,15,Plasma Cut,,1000,32.0,1218.03,609.02,7.0,Stainless Steel
sheetMetalNestingCutRate,lookupTables/Component/sheetMetalNestingCutRate.csv,USA reference export,"PARTIAL - Family 15 (Stainless Steel) OxyFuel/Plasma Cut/Plasma Punch complete; Family 2 (Steel) Fiber Laser Cut in progress, stopped at Oxygen/1500W/5.00mm confirmed (6.00mm row flagged low-confidence, pierce time cut off).",2079,15,Plasma Cut,,1000,33.0,1181.03,590.02,7.0,Stainless Steel
sheetMetalNestingCutRate,lookupTables/Component/sheetMetalNestingCutRate.csv,USA reference export,"PARTIAL - Family 15 (Stainless Steel) OxyFuel/Plasma Cut/Plasma Punch complete; Family 2 (Steel) Fiber Laser Cut in progress, stopped at Oxygen/1500W/5.00mm confirmed (6.00mm row flagged low-confidence, pierce time cut off).",2079,15,Plasma Cut,,1000,34.0,1146.03,573.02,7.0,Stainless Steel
sheetMetalNestingCutRate,lookupTables/Component/sheetMetalNestingCutRate.csv,USA reference export,"PARTIAL - Family 15 (Stainless Steel) OxyFuel/Plasma Cut/Plasma Punch complete; Family 2 (Steel) Fiber Laser Cut in progress, stopped at Oxygen/1500W/5.00mm confirmed (6.00mm row flagged low-confidence, pierce time cut off).",2079,15,Plasma Cut,,1000,35.0,1113.03,557.02,7.0,Stainless Steel
sheetMetalNestingCutRate,lookupTables/Component/sheetMetalNestingCutRate.csv,USA reference export,"PARTIAL - Family 15 (Stainless Steel) OxyFuel/Plasma Cut/Plasma Punch complete; Family 2 (Steel) Fiber Laser Cut in progress, stopped at Oxygen/1500W/5.00mm confirmed (6.00mm row flagged low-confidence, pierce time cut off).",2079,15,Plasma Cut,,1000,36.0,1082.03,541.02,7.0,Stainless Steel
sheetMetalNestingCutRate,lookupTables/Component/sheetMetalNestingCutRate.csv,USA reference export,"PARTIAL - Family 15 (Stainless Steel) OxyFuel/Plasma Cut/Plasma Punch complete; Family 2 (Steel) Fiber Laser Cut in progress, stopped at Oxygen/1500W/5.00mm confirmed (6.00mm row flagged low-confidence, pierce time cut off).",2079,15,Plasma Cut,,1000,37.0,1053.03,527.01,7.0,Stainless Steel
sheetMetalNestingCutRate,lookupTables/Component/sheetMetalNestingCutRate.csv,USA reference export,"PARTIAL - Family 15 (Stainless Steel) OxyFuel/Plasma Cut/Plasma Punch complete; Family 2 (Steel) Fiber Laser Cut in progress, stopped at Oxygen/1500W/5.00mm confirmed (6.00mm row flagged low-confidence, pierce time cut off).",2079,15,Plasma Cut,,1000,38.0,1025.03,513.01,7.0,Stainless Steel
sheetMetalNestingCutRate,lookupTables/Component/sheetMetalNestingCutRate.csv,USA reference export,"PARTIAL - Family 15 (Stainless Steel) OxyFuel/Plasma Cut/Plasma Punch complete; Family 2 (Steel) Fiber Laser Cut in progress, stopped at Oxygen/1500W/5.00mm confirmed (6.00mm row flagged low-confidence, pierce time cut off).",2079,15,Plasma Cut,,1000,39.0,999.03,500.01,7.0,Stainless Steel
sheetMetalNestingCutRate,lookupTables/Component/sheetMetalNestingCutRate.csv,USA reference export,"PARTIAL - Family 15 (Stainless Steel) OxyFuel/Plasma Cut/Plasma Punch complete; Family 2 (Steel) Fiber Laser Cut in progress, stopped at Oxygen/1500W/5.00mm confirmed (6.00mm row flagged low-confidence, pierce time cut off).",2079,15,Plasma Cut,,1000,40.0,974.03,487.01,7.0,Stainless Steel
sheetMetalNestingCutRate,lookupTables/Component/sheetMetalNestingCutRate.csv,USA reference export,"PARTIAL - Family 15 (Stainless Steel) OxyFuel/Plasma Cut/Plasma Punch complete; Family 2 (Steel) Fiber Laser Cut in progress, stopped at Oxygen/1500W/5.00mm confirmed (6.00mm row flagged low-confidence, pierce time cut off).",2079,15,Plasma Cut,,1000,41.0,950.03,475.01,7.0,Stainless Steel
sheetMetalNestingCutRate,lookupTables/Component/sheetMetalNestingCutRate.csv,USA reference export,"PARTIAL - Family 15 (Stainless Steel) OxyFuel/Plasma Cut/Plasma Punch complete; Family 2 (Steel) Fiber Laser Cut in progress, stopped at Oxygen/1500W/5.00mm confirmed (6.00mm row flagged low-confidence, pierce time cut off).",2079,15,Plasma Cut,,1000,42.0,928.03,464.01,7.0,Stainless Steel
sheetMetalNestingCutRate,lookupTables/Component/sheetMetalNestingCutRate.csv,USA reference export,"PARTIAL - Family 15 (Stainless Steel) OxyFuel/Plasma Cut/Plasma Punch complete; Family 2 (Steel) Fiber Laser Cut in progress, stopped at Oxygen/1500W/5.00mm confirmed (6.00mm row flagged low-confidence, pierce time cut off).",2079,15,Plasma Cut,,1000,43.0,906.03,453.01,7.0,Stainless Steel
sheetMetalNestingCutRate,lookupTables/Component/sheetMetalNestingCutRate.csv,USA reference export,"PARTIAL - Family 15 (Stainless Steel) OxyFuel/Plasma Cut/Plasma Punch complete; Family 2 (Steel) Fiber Laser Cut in progress, stopped at Oxygen/1500W/5.00mm confirmed (6.00mm row flagged low-confidence, pierce time cut off).",2079,15,Plasma Cut,,1000,44.0,886.03,443.01,7.0,Stainless Steel
sheetMetalNestingCutRate,lookupTables/Component/sheetMetalNestingCutRate.csv,USA reference export,"PARTIAL - Family 15 (Stainless Steel) OxyFuel/Plasma Cut/Plasma Punch complete; Family 2 (Steel) Fiber Laser Cut in progress, stopped at Oxygen/1500W/5.00mm confirmed (6.00mm row flagged low-confidence, pierce time cut off).",2079,15,Plasma Cut,,1000,45.0,866.02,433.01,7.0,Stainless Steel
sheetMetalNestingCutRate,lookupTables/Component/sheetMetalNestingCutRate.csv,USA reference export,"PARTIAL - Family 15 (Stainless Steel) OxyFuel/Plasma Cut/Plasma Punch complete; Family 2 (Steel) Fiber Laser Cut in progress, stopped at Oxygen/1500W/5.00mm confirmed (6.00mm row flagged low-confidence, pierce time cut off).",2079,15,Plasma Cut,,1000,46.0,847.02,424.01,7.0,Stainless Steel
sheetMetalNestingCutRate,lookupTables/Component/sheetMetalNestingCutRate.csv,USA reference export,"PARTIAL - Family 15 (Stainless Steel) OxyFuel/Plasma Cut/Plasma Punch complete; Family 2 (Steel) Fiber Laser Cut in progress, stopped at Oxygen/1500W/5.00mm confirmed (6.00mm row flagged low-confidence, pierce time cut off).",2079,15,Plasma Cut,,1000,47.0,829.02,415.01,7.0,Stainless Steel
sheetMetalNestingCutRate,lookupTables/Component/sheetMetalNestingCutRate.csv,USA reference export,"PARTIAL - Family 15 (Stainless Steel) OxyFuel/Plasma Cut/Plasma Punch complete; Family 2 (Steel) Fiber Laser Cut in progress, stopped at Oxygen/1500W/5.00mm confirmed (6.00mm row flagged low-confidence, pierce time cut off).",2079,15,Plasma Cut,,1000,48.0,812.02,406.01,7.0,Stainless Steel
sheetMetalNestingCutRate,lookupTables/Component/sheetMetalNestingCutRate.csv,USA reference export,"PARTIAL - Family 15 (Stainless Steel) OxyFuel/Plasma Cut/Plasma Punch complete; Family 2 (Steel) Fiber Laser Cut in progress, stopped at Oxygen/1500W/5.00mm confirmed (6.00mm row flagged low-confidence, pierce time cut off).",2079,15,Plasma Cut,,1000,49.0,795.02,398.01,7.0,Stainless Steel
sheetMetalNestingCutRate,lookupTables/Component/sheetMetalNestingCutRate.csv,USA reference export,"PARTIAL - Family 15 (Stainless Steel) OxyFuel/Plasma Cut/Plasma Punch complete; Family 2 (Steel) Fiber Laser Cut in progress, stopped at Oxygen/1500W/5.00mm confirmed (6.00mm row flagged low-confidence, pierce time cut off).",2079,15,Plasma Cut,,1000,50.0,779.02,390.01,7.0,Stainless Steel
sheetMetalNestingCutRate,lookupTables/Component/sheetMetalNestingCutRate.csv,USA reference export,"PARTIAL - Family 15 (Stainless Steel) OxyFuel/Plasma Cut/Plasma Punch complete; Family 2 (Steel) Fiber Laser Cut in progress, stopped at Oxygen/1500W/5.00mm confirmed (6.00mm row flagged low-confidence, pierce time cut off).",2079,15,Plasma Cut,,1000,51.0,764.02,382.01,7.0,Stainless Steel
sheetMetalNestingCutRate,lookupTables/Component/sheetMetalNestingCutRate.csv,USA reference export,"PARTIAL - Family 15 (Stainless Steel) OxyFuel/Plasma Cut/Plasma Punch complete; Family 2 (Steel) Fiber Laser Cut in progress, stopped at Oxygen/1500W/5.00mm confirmed (6.00mm row flagged low-confidence, pierce time cut off).",2079,15,Plasma Cut,,1000,52.0,749.02,375.01,7.0,Stainless Steel
sheetMetalNestingCutRate,lookupTables/Component/sheetMetalNestingCutRate.csv,USA reference export,"PARTIAL - Family 15 (Stainless Steel) OxyFuel/Plasma Cut/Plasma Punch complete; Family 2 (Steel) Fiber Laser Cut in progress, stopped at Oxygen/1500W/5.00mm confirmed (6.00mm row flagged low-confidence, pierce time cut off).",2079,15,Plasma Cut,,1000,53.0,735.02,368.01,7.0,Stainless Steel
sheetMetalNestingCutRate,lookupTables/Component/sheetMetalNestingCutRate.csv,USA reference export,"PARTIAL - Family 15 (Stainless Steel) OxyFuel/Plasma Cut/Plasma Punch complete; Family 2 (Steel) Fiber Laser Cut in progress, stopped at Oxygen/1500W/5.00mm confirmed (6.00mm row flagged low-confidence, pierce time cut off).",2079,15,Plasma Cut,,1000,54.0,722.02,361.01,7.0,Stainless Steel
sheetMetalNestingCutRate,lookupTables/Component/sheetMetalNestingCutRate.csv,USA reference export,"PARTIAL - Family 15 (Stainless Steel) OxyFuel/Plasma Cut/Plasma Punch complete; Family 2 (Steel) Fiber Laser Cut in progress, stopped at Oxygen/1500W/5.00mm confirmed (6.00mm row flagged low-confidence, pierce time cut off).",2079,15,Plasma Cut,,1000,55.0,709.02,354.01,7.0,Stainless Steel
sheetMetalNestingCutRate,lookupTables/Component/sheetMetalNestingCutRate.csv,USA reference export,"PARTIAL - Family 15 (Stainless Steel) OxyFuel/Plasma Cut/Plasma Punch complete; Family 2 (Steel) Fiber Laser Cut in progress, stopped at Oxygen/1500W/5.00mm confirmed (6.00mm row flagged low-confidence, pierce time cut off).",2079,15,Plasma Cut,,1000,56.0,696.02,348.01,7.0,Stainless Steel
sheetMetalNestingCutRate,lookupTables/Component/sheetMetalNestingCutRate.csv,USA reference export,"PARTIAL - Family 15 (Stainless Steel) OxyFuel/Plasma Cut/Plasma Punch complete; Family 2 (Steel) Fiber Laser Cut in progress, stopped at Oxygen/1500W/5.00mm confirmed (6.00mm row flagged low-confidence, pierce time cut off).",2079,15,Plasma Cut,,1000,57.0,684.02,342.01,7.0,Stainless Steel
sheetMetalNestingCutRate,lookupTables/Component/sheetMetalNestingCutRate.csv,USA reference export,"PARTIAL - Family 15 (Stainless Steel) OxyFuel/Plasma Cut/Plasma Punch complete; Family 2 (Steel) Fiber Laser Cut in progress, stopped at Oxygen/1500W/5.00mm confirmed (6.00mm row flagged low-confidence, pierce time cut off).",2079,15,Plasma Cut,,1000,58.0,672.02,336.01,7.0,Stainless Steel
sheetMetalNestingCutRate,lookupTables/Component/sheetMetalNestingCutRate.csv,USA reference export,"PARTIAL - Family 15 (Stainless Steel) OxyFuel/Plasma Cut/Plasma Punch complete; Family 2 (Steel) Fiber Laser Cut in progress, stopped at Oxygen/1500W/5.00mm confirmed (6.00mm row flagged low-confidence, pierce time cut off).",2079,15,Plasma Cut,,1000,59.0,660.02,330.01,7.0,Stainless Steel
sheetMetalNestingCutRate,lookupTables/Component/sheetMetalNestingCutRate.csv,USA reference export,"PARTIAL - Family 15 (Stainless Steel) OxyFuel/Plasma Cut/Plasma Punch complete; Family 2 (Steel) Fiber Laser Cut in progress, stopped at Oxygen/1500W/5.00mm confirmed (6.00mm row flagged low-confidence, pierce time cut off).",2079,15,Plasma Cut,,1000,60.0,649.02,325.01,7.0,Stainless Steel
sheetMetalNestingCutRate,lookupTables/Component/sheetMetalNestingCutRate.csv,USA reference export,"PARTIAL - Family 15 (Stainless Steel) OxyFuel/Plasma Cut/Plasma Punch complete; Family 2 (Steel) Fiber Laser Cut in progress, stopped at Oxygen/1500W/5.00mm confirmed (6.00mm row flagged low-confidence, pierce time cut off).",2079,15,Plasma Cut,,1000,61.0,639.02,319.01,7.0,Stainless Steel
sheetMetalNestingCutRate,lookupTables/Component/sheetMetalNestingCutRate.csv,USA reference export,"PARTIAL - Family 15 (Stainless Steel) OxyFuel/Plasma Cut/Plasma Punch complete; Family 2 (Steel) Fiber Laser Cut in progress, stopped at Oxygen/1500W/5.00mm confirmed (6.00mm row flagged low-confidence, pierce time cut off).",2079,15,Plasma Cut,,1000,62.0,629.02,314.01,7.0,Stainless Steel
sheetMetalNestingCutRate,lookupTables/Component/sheetMetalNestingCutRate.csv,USA reference export,"PARTIAL - Family 15 (Stainless Steel) OxyFuel/Plasma Cut/Plasma Punch complete; Family 2 (Steel) Fiber Laser Cut in progress, stopped at Oxygen/1500W/5.00mm confirmed (6.00mm row flagged low-confidence, pierce time cut off).",2079,15,Plasma Cut,,1000,63.0,619.02,309.01,7.0,Stainless Steel
sheetMetalNestingCutRate,lookupTables/Component/sheetMetalNestingCutRate.csv,USA reference export,"PARTIAL - Family 15 (Stainless Steel) OxyFuel/Plasma Cut/Plasma Punch complete; Family 2 (Steel) Fiber Laser Cut in progress, stopped at Oxygen/1500W/5.00mm confirmed (6.00mm row flagged low-confidence, pierce time cut off).",2079,15,Plasma Cut,,1000,64.0,609.02,304.01,7.0,Stainless Steel
sheetMetalNestingCutRate,lookupTables/Component/sheetMetalNestingCutRate.csv,USA reference export,"PARTIAL - Family 15 (Stainless Steel) OxyFuel/Plasma Cut/Plasma Punch complete; Family 2 (Steel) Fiber Laser Cut in progress, stopped at Oxygen/1500W/5.00mm confirmed (6.00mm row flagged low-confidence, pierce time cut off).",2079,15,Plasma Cut,,1000,65.0,600.02,300.01,7.0,Stainless Steel
sheetMetalNestingCutRate,lookupTables/Component/sheetMetalNestingCutRate.csv,USA reference export,"PARTIAL - Family 15 (Stainless Steel) OxyFuel/Plasma Cut/Plasma Punch complete; Family 2 (Steel) Fiber Laser Cut in progress, stopped at Oxygen/1500W/5.00mm confirmed (6.00mm row flagged low-confidence, pierce time cut off).",2079,15,Plasma Cut,,1000,66.0,590.02,295.01,7.0,Stainless Steel
sheetMetalNestingCutRate,lookupTables/Component/sheetMetalNestingCutRate.csv,USA reference export,"PARTIAL - Family 15 (Stainless Steel) OxyFuel/Plasma Cut/Plasma Punch complete; Family 2 (Steel) Fiber Laser Cut in progress, stopped at Oxygen/1500W/5.00mm confirmed (6.00mm row flagged low-confidence, pierce time cut off).",2079,15,Plasma Cut,,1000,67.0,582.02,291.01,7.0,Stainless Steel
sheetMetalNestingCutRate,lookupTables/Component/sheetMetalNestingCutRate.csv,USA reference export,"PARTIAL - Family 15 (Stainless Steel) OxyFuel/Plasma Cut/Plasma Punch complete; Family 2 (Steel) Fiber Laser Cut in progress, stopped at Oxygen/1500W/5.00mm confirmed (6.00mm row flagged low-confidence, pierce time cut off).",2079,15,Plasma Cut,,1000,68.0,573.02,287.01,7.0,Stainless Steel
sheetMetalNestingCutRate,lookupTables/Component/sheetMetalNestingCutRate.csv,USA reference export,"PARTIAL - Family 15 (Stainless Steel) OxyFuel/Plasma Cut/Plasma Punch complete; Family 2 (Steel) Fiber Laser Cut in progress, stopped at Oxygen/1500W/5.00mm confirmed (6.00mm row flagged low-confidence, pierce time cut off).",2079,15,Plasma Cut,,1000,69.0,565.02,282.01,7.0,Stainless Steel
sheetMetalNestingCutRate,lookupTables/Component/sheetMetalNestingCutRate.csv,USA reference export,"PARTIAL - Family 15 (Stainless Steel) OxyFuel/Plasma Cut/Plasma Punch complete; Family 2 (Steel) Fiber Laser Cut in progress, stopped at Oxygen/1500W/5.00mm confirmed (6.00mm row flagged low-confidence, pierce time cut off).",2079,15,Plasma Cut,,1000,70.0,557.02,278.01,7.0,Stainless Steel
sheetMetalNestingCutRate,lookupTables/Component/sheetMetalNestingCutRate.csv,USA reference export,"PARTIAL - Family 15 (Stainless Steel) OxyFuel/Plasma Cut/Plasma Punch complete; Family 2 (Steel) Fiber Laser Cut in progress, stopped at Oxygen/1500W/5.00mm confirmed (6.00mm row flagged low-confidence, pierce time cut off).",2079,15,Plasma Cut,,1000,71.0,549.02,274.01,7.0,Stainless Steel
sheetMetalNestingCutRate,lookupTables/Component/sheetMetalNestingCutRate.csv,USA reference export,"PARTIAL - Family 15 (Stainless Steel) OxyFuel/Plasma Cut/Plasma Punch complete; Family 2 (Steel) Fiber Laser Cut in progress, stopped at Oxygen/1500W/5.00mm confirmed (6.00mm row flagged low-confidence, pierce time cut off).",2079,15,Plasma Cut,,1000,72.0,541.02,271.01,7.0,Stainless Steel
sheetMetalNestingCutRate,lookupTables/Component/sheetMetalNestingCutRate.csv,USA reference export,"PARTIAL - Family 15 (Stainless Steel) OxyFuel/Plasma Cut/Plasma Punch complete; Family 2 (Steel) Fiber Laser Cut in progress, stopped at Oxygen/1500W/5.00mm confirmed (6.00mm row flagged low-confidence, pierce time cut off).",2079,15,Plasma Cut,,1000,73.0,534.02,267.01,7.0,Stainless Steel
sheetMetalNestingCutRate,lookupTables/Component/sheetMetalNestingCutRate.csv,USA reference export,"PARTIAL - Family 15 (Stainless Steel) OxyFuel/Plasma Cut/Plasma Punch complete; Family 2 (Steel) Fiber Laser Cut in progress, stopped at Oxygen/1500W/5.00mm confirmed (6.00mm row flagged low-confidence, pierce time cut off).",2079,15,Plasma Cut,,1000,74.0,527.01,263.01,7.0,Stainless Steel
sheetMetalNestingCutRate,lookupTables/Component/sheetMetalNestingCutRate.csv,USA reference export,"PARTIAL - Family 15 (Stainless Steel) OxyFuel/Plasma Cut/Plasma Punch complete; Family 2 (Steel) Fiber Laser Cut in progress, stopped at Oxygen/1500W/5.00mm confirmed (6.00mm row flagged low-confidence, pierce time cut off).",2079,15,Plasma Cut,,1000,75.0,520.01,260.01,7.0,Stainless Steel
sheetMetalNestingCutRate,lookupTables/Component/sheetMetalNestingCutRate.csv,USA reference export,"PARTIAL - Family 15 (Stainless Steel) OxyFuel/Plasma Cut/Plasma Punch complete; Family 2 (Steel) Fiber Laser Cut in progress, stopped at Oxygen/1500W/5.00mm confirmed (6.00mm row flagged low-confidence, pierce time cut off).",2079,15,Plasma Cut,,1000,76.0,513.01,256.01,7.0,Stainless Steel
sheetMetalNestingCutRate,lookupTables/Component/sheetMetalNestingCutRate.csv,USA reference export,"PARTIAL - Family 15 (Stainless Steel) OxyFuel/Plasma Cut/Plasma Punch complete; Family 2 (Steel) Fiber Laser Cut in progress, stopped at Oxygen/1500W/5.00mm confirmed (6.00mm row flagged low-confidence, pierce time cut off).",2079,15,Plasma Cut,,1000,77.0,506.01,253.01,7.0,Stainless Steel
sheetMetalNestingCutRate,lookupTables/Component/sheetMetalNestingCutRate.csv,USA reference export,"PARTIAL - Family 15 (Stainless Steel) OxyFuel/Plasma Cut/Plasma Punch complete; Family 2 (Steel) Fiber Laser Cut in progress, stopped at Oxygen/1500W/5.00mm confirmed (6.00mm row flagged low-confidence, pierce time cut off).",2079,15,Plasma Cut,,30000,6.4,81162.19,40582.17,7.0,Stainless Steel
sheetMetalNestingCutRate,lookupTables/Component/sheetMetalNestingCutRate.csv,USA reference export,"PARTIAL - Family 15 (Stainless Steel) OxyFuel/Plasma Cut/Plasma Punch complete; Family 2 (Steel) Fiber Laser Cut in progress, stopped at Oxygen/1500W/5.00mm confirmed (6.00mm row flagged low-confidence, pierce time cut off).",2079,15,Plasma Cut,,30000,7.0,80166.86,40084.17,7.0,Stainless Steel
sheetMetalNestingCutRate,lookupTables/Component/sheetMetalNestingCutRate.csv,USA reference export,"PARTIAL - Family 15 (Stainless Steel) OxyFuel/Plasma Cut/Plasma Punch complete; Family 2 (Steel) Fiber Laser Cut in progress, stopped at Oxygen/1500W/5.00mm confirmed (6.00mm row flagged low-confidence, pierce time cut off).",2079,15,Plasma Cut,,30000,8.0,77945.34,38972.51,7.0,Stainless Steel
sheetMetalNestingCutRate,lookupTables/Component/sheetMetalNestingCutRate.csv,USA reference export,"PARTIAL - Family 15 (Stainless Steel) OxyFuel/Plasma Cut/Plasma Punch complete; Family 2 (Steel) Fiber Laser Cut in progress, stopped at Oxygen/1500W/5.00mm confirmed (6.00mm row flagged low-confidence, pierce time cut off).",2079,15,Plasma Cut,,30000,9.0,75452.52,37727.5,7.0,Stainless Steel
sheetMetalNestingCutRate,lookupTables/Component/sheetMetalNestingCutRate.csv,USA reference export,"PARTIAL - Family 15 (Stainless Steel) OxyFuel/Plasma Cut/Plasma Punch complete; Family 2 (Steel) Fiber Laser Cut in progress, stopped at Oxygen/1500W/5.00mm confirmed (6.00mm row flagged low-confidence, pierce time cut off).",2079,15,Plasma Cut,,30000,10.0,72982.18,36491.84,7.0,Stainless Steel
sheetMetalNestingCutRate,lookupTables/Component/sheetMetalNestingCutRate.csv,USA reference export,"PARTIAL - Family 15 (Stainless Steel) OxyFuel/Plasma Cut/Plasma Punch complete; Family 2 (Steel) Fiber Laser Cut in progress, stopped at Oxygen/1500W/5.00mm confirmed (6.00mm row flagged low-confidence, pierce time cut off).",2079,15,Plasma Cut,,30000,11.0,70527.18,35114.01,7.0,Stainless Steel
sheetMetalNestingCutRate,lookupTables/Component/sheetMetalNestingCutRate.csv,USA reference export,"PARTIAL - Family 15 (Stainless Steel) OxyFuel/Plasma Cut/Plasma Punch complete; Family 2 (Steel) Fiber Laser Cut in progress, stopped at Oxygen/1500W/5.00mm confirmed (6.00mm row flagged low-confidence, pierce time cut off).",2079,15,Plasma Cut,,30000,12.0,68085.0,34041.01,7.0,Stainless Steel
sheetMetalNestingCutRate,lookupTables/Component/sheetMetalNestingCutRate.csv,USA reference export,"PARTIAL - Family 15 (Stainless Steel) OxyFuel/Plasma Cut/Plasma Punch complete; Family 2 (Steel) Fiber Laser Cut in progress, stopped at Oxygen/1500W/5.00mm confirmed (6.00mm row flagged low-confidence, pierce time cut off).",2079,15,Plasma Cut,,30000,12.7,99399.32,49723.34,7.0,Stainless Steel
sheetMetalNestingCutRate,lookupTables/Component/sheetMetalNestingCutRate.csv,USA reference export,"PARTIAL - Family 15 (Stainless Steel) OxyFuel/Plasma Cut/Plasma Punch complete; Family 2 (Steel) Fiber Laser Cut in progress, stopped at Oxygen/1500W/5.00mm confirmed (6.00mm row flagged low-confidence, pierce time cut off).",2079,15,Plasma Cut,,30000,13.0,85991.52,43010.52,7.0,Stainless Steel
sheetMetalNestingCutRate,lookupTables/Component/sheetMetalNestingCutRate.csv,USA reference export,"PARTIAL - Family 15 (Stainless Steel) OxyFuel/Plasma Cut/Plasma Punch complete; Family 2 (Steel) Fiber Laser Cut in progress, stopped at Oxygen/1500W/5.00mm confirmed (6.00mm row flagged low-confidence, pierce time cut off).",2079,15,Plasma Cut,,30000,14.0,81819.71,40933.82,7.0,Stainless Steel
sheetMetalNestingCutRate,lookupTables/Component/sheetMetalNestingCutRate.csv,USA reference export,"PARTIAL - Family 15 (Stainless Steel) OxyFuel/Plasma Cut/Plasma Punch complete; Family 2 (Steel) Fiber Laser Cut in progress, stopped at Oxygen/1500W/5.00mm confirmed (6.00mm row flagged low-confidence, pierce time cut off).",2079,15,Plasma Cut,,30000,15.0,76032.41,38006.08,7.0,Stainless Steel
sheetMetalNestingCutRate,lookupTables/Component/sheetMetalNestingCutRate.csv,USA reference export,"PARTIAL - Family 15 (Stainless Steel) OxyFuel/Plasma Cut/Plasma Punch complete; Family 2 (Steel) Fiber Laser Cut in progress, stopped at Oxygen/1500W/5.00mm confirmed (6.00mm row flagged low-confidence, pierce time cut off).",2079,15,Plasma Cut,,30000,16.0,70929.33,35484.62,7.0,Stainless Steel
sheetMetalNestingCutRate,lookupTables/Component/sheetMetalNestingCutRate.csv,USA reference export,"PARTIAL - Family 15 (Stainless Steel) OxyFuel/Plasma Cut/Plasma Punch complete; Family 2 (Steel) Fiber Laser Cut in progress, stopped at Oxygen/1500W/5.00mm confirmed (6.00mm row flagged low-confidence, pierce time cut off).",2079,15,Plasma Cut,,30000,17.0,66474.32,33226.61,7.0,Stainless Steel
sheetMetalNestingCutRate,lookupTables/Component/sheetMetalNestingCutRate.csv,USA reference export,"PARTIAL - Family 15 (Stainless Steel) OxyFuel/Plasma Cut/Plasma Punch complete; Family 2 (Steel) Fiber Laser Cut in progress, stopped at Oxygen/1500W/5.00mm confirmed (6.00mm row flagged low-confidence, pierce time cut off).",2079,15,Plasma Cut,,30000,18.0,62521.12,31253.52,7.0,Stainless Steel
sheetMetalNestingCutRate,lookupTables/Component/sheetMetalNestingCutRate.csv,USA reference export,"PARTIAL - Family 15 (Stainless Steel) OxyFuel/Plasma Cut/Plasma Punch complete; Family 2 (Steel) Fiber Laser Cut in progress, stopped at Oxygen/1500W/5.00mm confirmed (6.00mm row flagged low-confidence, pierce time cut off).",2079,15,Plasma Cut,,30000,19.0,59007.83,29496.77,7.0,Stainless Steel
sheetMetalNestingCutRate,lookupTables/Component/sheetMetalNestingCutRate.csv,USA reference export,"PARTIAL - Family 15 (Stainless Steel) OxyFuel/Plasma Cut/Plasma Punch complete; Family 2 (Steel) Fiber Laser Cut in progress, stopped at Oxygen/1500W/5.00mm confirmed (6.00mm row flagged low-confidence, pierce time cut off).",2079,15,Plasma Cut,,30000,20.0,55826.97,27903.03,7.0,Stainless Steel
sheetMetalNestingCutRate,lookupTables/Component/sheetMetalNestingCutRate.csv,USA reference export,"PARTIAL - Family 15 (Stainless Steel) OxyFuel/Plasma Cut/Plasma Punch complete; Family 2 (Steel) Fiber Laser Cut in progress, stopped at Oxygen/1500W/5.00mm confirmed (6.00mm row flagged low-confidence, pierce time cut off).",2079,15,Plasma Cut,,30000,21.0,52943.54,26492.0,7.0,Stainless Steel
sheetMetalNestingCutRate,lookupTables/Component/sheetMetalNestingCutRate.csv,USA reference export,"PARTIAL - Family 15 (Stainless Steel) OxyFuel/Plasma Cut/Plasma Punch complete; Family 2 (Steel) Fiber Laser Cut in progress, stopped at Oxygen/1500W/5.00mm confirmed (6.00mm row flagged low-confidence, pierce time cut off).",2079,15,Plasma Cut,,30000,22.0,50385.69,25202.72,7.0,Stainless Steel
sheetMetalNestingCutRate,lookupTables/Component/sheetMetalNestingCutRate.csv,USA reference export,"PARTIAL - Family 15 (Stainless Steel) OxyFuel/Plasma Cut/Plasma Punch complete; Family 2 (Steel) Fiber Laser Cut in progress, stopped at Oxygen/1500W/5.00mm confirmed (6.00mm row flagged low-confidence, pierce time cut off).",2079,15,Plasma Cut,,30000,23.0,48023.48,24015.24,7.0,Stainless Steel
sheetMetalNestingCutRate,lookupTables/Component/sheetMetalNestingCutRate.csv,USA reference export,"PARTIAL - Family 15 (Stainless Steel) OxyFuel/Plasma Cut/Plasma Punch complete; Family 2 (Steel) Fiber Laser Cut in progress, stopped at Oxygen/1500W/5.00mm confirmed (6.00mm row flagged low-confidence, pierce time cut off).",2079,15,Plasma Cut,,30000,24.0,45905.93,22942.31,7.0,Stainless Steel
sheetMetalNestingCutRate,lookupTables/Component/sheetMetalNestingCutRate.csv,USA reference export,"PARTIAL - Family 15 (Stainless Steel) OxyFuel/Plasma Cut/Plasma Punch complete; Family 2 (Steel) Fiber Laser Cut in progress, stopped at Oxygen/1500W/5.00mm confirmed (6.00mm row flagged low-confidence, pierce time cut off).",2079,15,Plasma Cut,,30000,25.0,43910.87,21931.33,7.0,Stainless Steel
sheetMetalNestingCutRate,lookupTables/Component/sheetMetalNestingCutRate.csv,USA reference export,"PARTIAL - Family 15 (Stainless Steel) OxyFuel/Plasma Cut/Plasma Punch complete; Family 2 (Steel) Fiber Laser Cut in progress, stopped at Oxygen/1500W/5.00mm confirmed (6.00mm row flagged low-confidence, pierce time cut off).",2079,15,Plasma Cut,,30000,26.0,42091.16,21028.02,7.0,Stainless Steel
sheetMetalNestingCutRate,lookupTables/Component/sheetMetalNestingCutRate.csv,USA reference export,"PARTIAL - Family 15 (Stainless Steel) OxyFuel/Plasma Cut/Plasma Punch complete; Family 2 (Steel) Fiber Laser Cut in progress, stopped at Oxygen/1500W/5.00mm confirmed (6.00mm row flagged low-confidence, pierce time cut off).",2079,15,Plasma Cut,,30000,27.0,41333.47,20683.88,7.0,Stainless Steel
sheetMetalNestingCutRate,lookupTables/Component/sheetMetalNestingCutRate.csv,USA reference export,"PARTIAL - Family 15 (Stainless Steel) OxyFuel/Plasma Cut/Plasma Punch complete; Family 2 (Steel) Fiber Laser Cut in progress, stopped at Oxygen/1500W/5.00mm confirmed (6.00mm row flagged low-confidence, pierce time cut off).",2079,15,Plasma Cut,,30000,28.0,39711.26,19869.02,7.0,Stainless Steel
sheetMetalNestingCutRate,lookupTables/Component/sheetMetalNestingCutRate.csv,USA reference export,"PARTIAL - Family 15 (Stainless Steel) OxyFuel/Plasma Cut/Plasma Punch complete; Family 2 (Steel) Fiber Laser Cut in progress, stopped at Oxygen/1500W/5.00mm confirmed (6.00mm row flagged low-confidence, pierce time cut off).",2079,15,Plasma Cut,,30000,29.0,38206.75,19089.71,7.0,Stainless Steel
sheetMetalNestingCutRate,lookupTables/Component/sheetMetalNestingCutRate.csv,USA reference export,"PARTIAL - Family 15 (Stainless Steel) OxyFuel/Plasma Cut/Plasma Punch complete; Family 2 (Steel) Fiber Laser Cut in progress, stopped at Oxygen/1500W/5.00mm confirmed (6.00mm row flagged low-confidence, pierce time cut off).",2079,15,Plasma Cut,,30000,30.0,36749.06,18365.5,7.0,Stainless Steel
sheetMetalNestingCutRate,lookupTables/Component/sheetMetalNestingCutRate.csv,USA reference export,"PARTIAL - Family 15 (Stainless Steel) OxyFuel/Plasma Cut/Plasma Punch complete; Family 2 (Steel) Fiber Laser Cut in progress, stopped at Oxygen/1500W/5.00mm confirmed (6.00mm row flagged low-confidence, pierce time cut off).",2079,15,Plasma Cut,,30000,31.0,35425.85,17676.85,7.0,Stainless Steel
sheetMetalNestingCutRate,lookupTables/Component/sheetMetalNestingCutRate.csv,USA reference export,"PARTIAL - Family 15 (Stainless Steel) OxyFuel/Plasma Cut/Plasma Punch complete; Family 2 (Steel) Fiber Laser Cut in progress, stopped at Oxygen/1500W/5.00mm confirmed (6.00mm row flagged low-confidence, pierce time cut off).",2079,15,Plasma Cut,,30000,32.0,34193.01,17104.9,7.0,Stainless Steel
sheetMetalNestingCutRate,lookupTables/Component/sheetMetalNestingCutRate.csv,USA reference export,"PARTIAL - Family 15 (Stainless Steel) OxyFuel/Plasma Cut/Plasma Punch complete; Family 2 (Steel) Fiber Laser Cut in progress, stopped at Oxygen/1500W/5.00mm confirmed (6.00mm row flagged low-confidence, pierce time cut off).",2079,15,Plasma Cut,,30000,33.0,33050.1,16489.12,7.0,Stainless Steel
sheetMetalNestingCutRate,lookupTables/Component/sheetMetalNestingCutRate.csv,USA reference export,"PARTIAL - Family 15 (Stainless Steel) OxyFuel/Plasma Cut/Plasma Punch complete; Family 2 (Steel) Fiber Laser Cut in progress, stopped at Oxygen/1500W/5.00mm confirmed (6.00mm row flagged low-confidence, pierce time cut off).",2079,15,Plasma Cut,,30000,34.0,31936.24,15962.99,7.0,Stainless Steel
sheetMetalNestingCutRate,lookupTables/Component/sheetMetalNestingCutRate.csv,USA reference export,"PARTIAL - Family 15 (Stainless Steel) OxyFuel/Plasma Cut/Plasma Punch complete; Family 2 (Steel) Fiber Laser Cut in progress, stopped at Oxygen/1500W/5.00mm confirmed (6.00mm row flagged low-confidence, pierce time cut off).",2079,15,Plasma Cut,,30000,35.0,30901.77,15464.91,7.0,Stainless Steel
sheetMetalNestingCutRate,lookupTables/Component/sheetMetalNestingCutRate.csv,USA reference export,"PARTIAL - Family 15 (Stainless Steel) OxyFuel/Plasma Cut/Plasma Punch complete; Family 2 (Steel) Fiber Laser Cut in progress, stopped at Oxygen/1500W/5.00mm confirmed (6.00mm row flagged low-confidence, pierce time cut off).",2079,15,Plasma Cut,,30000,36.0,29923.38,14983.61,7.0,Stainless Steel
sheetMetalNestingCutRate,lookupTables/Component/sheetMetalNestingCutRate.csv,USA reference export,"PARTIAL - Family 15 (Stainless Steel) OxyFuel/Plasma Cut/Plasma Punch complete; Family 2 (Steel) Fiber Laser Cut in progress, stopped at Oxygen/1500W/5.00mm confirmed (6.00mm row flagged low-confidence, pierce time cut off).",2079,15,Plasma Cut,,30000,37.0,29034.65,14547.68,7.0,Stainless Steel
sheetMetalNestingCutRate,lookupTables/Component/sheetMetalNestingCutRate.csv,USA reference export,"PARTIAL - Family 15 (Stainless Steel) OxyFuel/Plasma Cut/Plasma Punch complete; Family 2 (Steel) Fiber Laser Cut in progress, stopped at Oxygen/1500W/5.00mm confirmed (6.00mm row flagged low-confidence, pierce time cut off).",2079,15,Plasma Cut,,30000,38.0,28163.7,14095.43,7.0,Stainless Steel
sheetMetalNestingCutRate,lookupTables/Component/sheetMetalNestingCutRate.csv,USA reference export,"PARTIAL - Family 15 (Stainless Steel) OxyFuel/Plasma Cut/Plasma Punch complete; Family 2 (Steel) Fiber Laser Cut in progress, stopped at Oxygen/1500W/5.00mm confirmed (6.00mm row flagged low-confidence, pierce time cut off).",2079,15,Plasma Cut,,30000,39.0,27338.57,13704.78,7.0,Stainless Steel
sheetMetalNestingCutRate,lookupTables/Component/sheetMetalNestingCutRate.csv,USA reference export,"PARTIAL - Family 15 (Stainless Steel) OxyFuel/Plasma Cut/Plasma Punch complete; Family 2 (Steel) Fiber Laser Cut in progress, stopped at Oxygen/1500W/5.00mm confirmed (6.00mm row flagged low-confidence, pierce time cut off).",2079,15,Plasma Cut,,30000,40.0,26833.33,13392.01,7.0,Stainless Steel
sheetMetalNestingCutRate,lookupTables/Component/sheetMetalNestingCutRate.csv,USA reference export,"PARTIAL - Family 15 (Stainless Steel) OxyFuel/Plasma Cut/Plasma Punch complete; Family 2 (Steel) Fiber Laser Cut in progress, stopped at Oxygen/1500W/5.00mm confirmed (6.00mm row flagged low-confidence, pierce time cut off).",2079,15,Plasma Cut,,30000,41.0,26036.0,13041.68,7.0,Stainless Steel
sheetMetalNestingCutRate,lookupTables/Component/sheetMetalNestingCutRate.csv,USA reference export,"PARTIAL - Family 15 (Stainless Steel) OxyFuel/Plasma Cut/Plasma Punch complete; Family 2 (Steel) Fiber Laser Cut in progress, stopped at Oxygen/1500W/5.00mm confirmed (6.00mm row flagged low-confidence, pierce time cut off).",2079,15,Plasma Cut,,30000,42.0,25337.33,12692.34,7.0,Stainless Steel
sheetMetalNestingCutRate,lookupTables/Component/sheetMetalNestingCutRate.csv,USA reference export,"PARTIAL - Family 15 (Stainless Steel) OxyFuel/Plasma Cut/Plasma Punch complete; Family 2 (Steel) Fiber Laser Cut in progress, stopped at Oxygen/1500W/5.00mm confirmed (6.00mm row flagged low-confidence, pierce time cut off).",2079,15,Plasma Cut,,30000,43.0,24638.66,12294.68,7.0,Stainless Steel
sheetMetalNestingCutRate,lookupTables/Component/sheetMetalNestingCutRate.csv,USA reference export,"PARTIAL - Family 15 (Stainless Steel) OxyFuel/Plasma Cut/Plasma Punch complete; Family 2 (Steel) Fiber Laser Cut in progress, stopped at Oxygen/1500W/5.00mm confirmed (6.00mm row flagged low-confidence, pierce time cut off).",2079,15,Plasma Cut,,30000,44.0,23990.33,11994.68,7.0,Stainless Steel
sheetMetalNestingCutRate,lookupTables/Component/sheetMetalNestingCutRate.csv,USA reference export,"PARTIAL - Family 15 (Stainless Steel) OxyFuel/Plasma Cut/Plasma Punch complete; Family 2 (Steel) Fiber Laser Cut in progress, stopped at Oxygen/1500W/5.00mm confirmed (6.00mm row flagged low-confidence, pierce time cut off).",2079,15,Plasma Cut,,30000,45.0,23341.5,11694.68,7.0,Stainless Steel
sheetMetalNestingCutRate,lookupTables/Component/sheetMetalNestingCutRate.csv,USA reference export,"PARTIAL - Family 15 (Stainless Steel) OxyFuel/Plasma Cut/Plasma Punch complete; Family 2 (Steel) Fiber Laser Cut in progress, stopped at Oxygen/1500W/5.00mm confirmed (6.00mm row flagged low-confidence, pierce time cut off).",2079,15,Plasma Cut,,30000,46.0,22742.5,11395.68,7.0,Stainless Steel
sheetMetalNestingCutRate,lookupTables/Component/sheetMetalNestingCutRate.csv,USA reference export,"PARTIAL - Family 15 (Stainless Steel) OxyFuel/Plasma Cut/Plasma Punch complete; Family 2 (Steel) Fiber Laser Cut in progress, stopped at Oxygen/1500W/5.00mm confirmed (6.00mm row flagged low-confidence, pierce time cut off).",2079,15,Plasma Cut,,30000,47.0,22192.84,11096.68,7.0,Stainless Steel
sheetMetalNestingCutRate,lookupTables/Component/sheetMetalNestingCutRate.csv,USA reference export,"PARTIAL - Family 15 (Stainless Steel) OxyFuel/Plasma Cut/Plasma Punch complete; Family 2 (Steel) Fiber Laser Cut in progress, stopped at Oxygen/1500W/5.00mm confirmed (6.00mm row flagged low-confidence, pierce time cut off).",2079,15,Plasma Cut,,30000,48.0,21644.17,10797.68,7.0,Stainless Steel
sheetMetalNestingCutRate,lookupTables/Component/sheetMetalNestingCutRate.csv,USA reference export,"PARTIAL - Family 15 (Stainless Steel) OxyFuel/Plasma Cut/Plasma Punch complete; Family 2 (Steel) Fiber Laser Cut in progress, stopped at Oxygen/1500W/5.00mm confirmed (6.00mm row flagged low-confidence, pierce time cut off).",2079,15,Plasma Cut,,30000,49.0,21095.5,10596.34,7.0,Stainless Steel
sheetMetalNestingCutRate,lookupTables/Component/sheetMetalNestingCutRate.csv,USA reference export,"PARTIAL - Family 15 (Stainless Steel) OxyFuel/Plasma Cut/Plasma Punch complete; Family 2 (Steel) Fiber Laser Cut in progress, stopped at Oxygen/1500W/5.00mm confirmed (6.00mm row flagged low-confidence, pierce time cut off).",2079,15,Plasma Cut,,30000,50.0,20596.17,10298.34,7.0,Stainless Steel
sheetMetalNestingCutRate,lookupTables/Component/sheetMetalNestingCutRate.csv,USA reference export,"PARTIAL - Family 15 (Stainless Steel) OxyFuel/Plasma Cut/Plasma Punch complete; Family 2 (Steel) Fiber Laser Cut in progress, stopped at Oxygen/1500W/5.00mm confirmed (6.00mm row flagged low-confidence, pierce time cut off).",2079,15,Plasma Cut,,30000,51.0,20146.17,10048.68,7.0,Stainless Steel
sheetMetalNestingCutRate,lookupTables/Component/sheetMetalNestingCutRate.csv,USA reference export,"PARTIAL - Family 15 (Stainless Steel) OxyFuel/Plasma Cut/Plasma Punch complete; Family 2 (Steel) Fiber Laser Cut in progress, stopped at Oxygen/1500W/5.00mm confirmed (6.00mm row flagged low-confidence, pierce time cut off).",2079,15,Plasma Cut,,30000,52.0,19647.84,9848.34,7.0,Stainless Steel
sheetMetalNestingCutRate,lookupTables/Component/sheetMetalNestingCutRate.csv,USA reference export,"PARTIAL - Family 15 (Stainless Steel) OxyFuel/Plasma Cut/Plasma Punch complete; Family 2 (Steel) Fiber Laser Cut in progress, stopped at Oxygen/1500W/5.00mm confirmed (6.00mm row flagged low-confidence, pierce time cut off).",2079,15,Plasma Cut,,30000,53.0,19198.84,9648.01,7.0,Stainless Steel
sheetMetalNestingCutRate,lookupTables/Component/sheetMetalNestingCutRate.csv,USA reference export,"PARTIAL - Family 15 (Stainless Steel) OxyFuel/Plasma Cut/Plasma Punch complete; Family 2 (Steel) Fiber Laser Cut in progress, stopped at Oxygen/1500W/5.00mm confirmed (6.00mm row flagged low-confidence, pierce time cut off).",2079,15,Plasma Cut,,30000,54.0,18799.17,9399.83,7.0,Stainless Steel
sheetMetalNestingCutRate,lookupTables/Component/sheetMetalNestingCutRate.csv,USA reference export,"PARTIAL - Family 15 (Stainless Steel) OxyFuel/Plasma Cut/Plasma Punch complete; Family 2 (Steel) Fiber Laser Cut in progress, stopped at Oxygen/1500W/5.00mm confirmed (6.00mm row flagged low-confidence, pierce time cut off).",2079,15,Plasma Cut,,30000,55.0,18399.5,9199.49,7.0,Stainless Steel
sheetMetalNestingCutRate,lookupTables/Component/sheetMetalNestingCutRate.csv,USA reference export,"PARTIAL - Family 15 (Stainless Steel) OxyFuel/Plasma Cut/Plasma Punch complete; Family 2 (Steel) Fiber Laser Cut in progress, stopped at Oxygen/1500W/5.00mm confirmed (6.00mm row flagged low-confidence, pierce time cut off).",2079,15,Plasma Cut,,30000,56.0,17999.84,9000.16,7.0,Stainless Steel
sheetMetalNestingCutRate,lookupTables/Component/sheetMetalNestingCutRate.csv,USA reference export,"PARTIAL - Family 15 (Stainless Steel) OxyFuel/Plasma Cut/Plasma Punch complete; Family 2 (Steel) Fiber Laser Cut in progress, stopped at Oxygen/1500W/5.00mm confirmed (6.00mm row flagged low-confidence, pierce time cut off).",2079,15,Plasma Cut,,30000,57.0,17649.5,8800.83,7.0,Stainless Steel
sheetMetalNestingCutRate,lookupTables/Component/sheetMetalNestingCutRate.csv,USA reference export,"PARTIAL - Family 15 (Stainless Steel) OxyFuel/Plasma Cut/Plasma Punch complete; Family 2 (Steel) Fiber Laser Cut in progress, stopped at Oxygen/1500W/5.00mm confirmed (6.00mm row flagged low-confidence, pierce time cut off).",2079,15,Plasma Cut,,30000,58.0,17250.84,8649.83,7.0,Stainless Steel
sheetMetalNestingCutRate,lookupTables/Component/sheetMetalNestingCutRate.csv,USA reference export,"PARTIAL - Family 15 (Stainless Steel) OxyFuel/Plasma Cut/Plasma Punch complete; Family 2 (Steel) Fiber Laser Cut in progress, stopped at Oxygen/1500W/5.00mm confirmed (6.00mm row flagged low-confidence, pierce time cut off).",2079,15,Plasma Cut,,30000,59.0,16900.5,8450.49,7.0,Stainless Steel
sheetMetalNestingCutRate,lookupTables/Component/sheetMetalNestingCutRate.csv,USA reference export,"PARTIAL - Family 15 (Stainless Steel) OxyFuel/Plasma Cut/Plasma Punch complete; Family 2 (Steel) Fiber Laser Cut in progress, stopped at Oxygen/1500W/5.00mm confirmed (6.00mm row flagged low-confidence, pierce time cut off).",2079,15,Plasma Cut,,30000,60.0,16551.17,8300.49,7.0,Stainless Steel
sheetMetalNestingCutRate,lookupTables/Component/sheetMetalNestingCutRate.csv,USA reference export,"PARTIAL - Family 15 (Stainless Steel) OxyFuel/Plasma Cut/Plasma Punch complete; Family 2 (Steel) Fiber Laser Cut in progress, stopped at Oxygen/1500W/5.00mm confirmed (6.00mm row flagged low-confidence, pierce time cut off).",2079,15,Plasma Cut,,30000,61.0,16251.17,8101.16,7.0,Stainless Steel
sheetMetalNestingCutRate,lookupTables/Component/sheetMetalNestingCutRate.csv,USA reference export,"PARTIAL - Family 15 (Stainless Steel) OxyFuel/Plasma Cut/Plasma Punch complete; Family 2 (Steel) Fiber Laser Cut in progress, stopped at Oxygen/1500W/5.00mm confirmed (6.00mm row flagged low-confidence, pierce time cut off).",2079,15,Plasma Cut,,30000,62.0,15951.17,7951.16,7.0,Stainless Steel
sheetMetalNestingCutRate,lookupTables/Component/sheetMetalNestingCutRate.csv,USA reference export,"PARTIAL - Family 15 (Stainless Steel) OxyFuel/Plasma Cut/Plasma Punch complete; Family 2 (Steel) Fiber Laser Cut in progress, stopped at Oxygen/1500W/5.00mm confirmed (6.00mm row flagged low-confidence, pierce time cut off).",2079,15,Plasma Cut,,30000,63.0,15651.17,7801.16,7.0,Stainless Steel
sheetMetalNestingCutRate,lookupTables/Component/sheetMetalNestingCutRate.csv,USA reference export,"PARTIAL - Family 15 (Stainless Steel) OxyFuel/Plasma Cut/Plasma Punch complete; Family 2 (Steel) Fiber Laser Cut in progress, stopped at Oxygen/1500W/5.00mm confirmed (6.00mm row flagged low-confidence, pierce time cut off).",2079,15,Plasma Cut,,30000,64.0,15351.17,7651.16,7.0,Stainless Steel
sheetMetalNestingCutRate,lookupTables/Component/sheetMetalNestingCutRate.csv,USA reference export,"PARTIAL - Family 15 (Stainless Steel) OxyFuel/Plasma Cut/Plasma Punch complete; Family 2 (Steel) Fiber Laser Cut in progress, stopped at Oxygen/1500W/5.00mm confirmed (6.00mm row flagged low-confidence, pierce time cut off).",2079,15,Plasma Cut,,30000,65.0,15052.17,7550.49,7.0,Stainless Steel
sheetMetalNestingCutRate,lookupTables/Component/sheetMetalNestingCutRate.csv,USA reference export,"PARTIAL - Family 15 (Stainless Steel) OxyFuel/Plasma Cut/Plasma Punch complete; Family 2 (Steel) Fiber Laser Cut in progress, stopped at Oxygen/1500W/5.00mm confirmed (6.00mm row flagged low-confidence, pierce time cut off).",2079,15,Plasma Cut,,30000,66.0,14752.17,7352.16,7.0,Stainless Steel
sheetMetalNestingCutRate,lookupTables/Component/sheetMetalNestingCutRate.csv,USA reference export,"PARTIAL - Family 15 (Stainless Steel) OxyFuel/Plasma Cut/Plasma Punch complete; Family 2 (Steel) Fiber Laser Cut in progress, stopped at Oxygen/1500W/5.00mm confirmed (6.00mm row flagged low-confidence, pierce time cut off).",2079,15,Plasma Cut,,30000,67.0,14502.5,7251.49,7.0,Stainless Steel
sheetMetalNestingCutRate,lookupTables/Component/sheetMetalNestingCutRate.csv,USA reference export,"PARTIAL - Family 15 (Stainless Steel) OxyFuel/Plasma Cut/Plasma Punch complete; Family 2 (Steel) Fiber Laser Cut in progress, stopped at Oxygen/1500W/5.00mm confirmed (6.00mm row flagged low-confidence, pierce time cut off).",2079,15,Plasma Cut,,30000,68.0,14251.84,7150.83,7.0,Stainless Steel
sheetMetalNestingCutRate,lookupTables/Component/sheetMetalNestingCutRate.csv,USA reference export,"PARTIAL - Family 15 (Stainless Steel) OxyFuel/Plasma Cut/Plasma Punch complete; Family 2 (Steel) Fiber Laser Cut in progress, stopped at Oxygen/1500W/5.00mm confirmed (6.00mm row flagged low-confidence, pierce time cut off).",2079,15,Plasma Cut,,30000,69.0,14002.17,6952.49,7.0,Stainless Steel
sheetMetalNestingCutRate,lookupTables/Component/sheetMetalNestingCutRate.csv,USA reference export,"PARTIAL - Family 15 (Stainless Steel) OxyFuel/Plasma Cut/Plasma Punch complete; Family 2 (Steel) Fiber Laser Cut in progress, stopped at Oxygen/1500W/5.00mm confirmed (6.00mm row flagged low-confidence, pierce time cut off).",2079,15,Plasma Cut,,30000,70.0,13752.5,6851.83,7.0,Stainless Steel
sheetMetalNestingCutRate,lookupTables/Component/sheetMetalNestingCutRate.csv,USA reference export,"PARTIAL - Family 15 (Stainless Steel) OxyFuel/Plasma Cut/Plasma Punch complete; Family 2 (Steel) Fiber Laser Cut in progress, stopped at Oxygen/1500W/5.00mm confirmed (6.00mm row flagged low-confidence, pierce time cut off).",2079,15,Plasma Cut,,30000,71.0,13502.84,6751.16,7.0,Stainless Steel
sheetMetalNestingCutRate,lookupTables/Component/sheetMetalNestingCutRate.csv,USA reference export,"PARTIAL - Family 15 (Stainless Steel) OxyFuel/Plasma Cut/Plasma Punch complete; Family 2 (Steel) Fiber Laser Cut in progress, stopped at Oxygen/1500W/5.00mm confirmed (6.00mm row flagged low-confidence, pierce time cut off).",2079,15,Plasma Cut,,30000,72.0,13253.17,6651.49,7.0,Stainless Steel
sheetMetalNestingCutRate,lookupTables/Component/sheetMetalNestingCutRate.csv,USA reference export,"PARTIAL - Family 15 (Stainless Steel) OxyFuel/Plasma Cut/Plasma Punch complete; Family 2 (Steel) Fiber Laser Cut in progress, stopped at Oxygen/1500W/5.00mm confirmed (6.00mm row flagged low-confidence, pierce time cut off).",2079,15,Plasma Cut,,30000,73.0,13052.84,6550.83,7.0,Stainless Steel
sheetMetalNestingCutRate,lookupTables/Component/sheetMetalNestingCutRate.csv,USA reference export,"PARTIAL - Family 15 (Stainless Steel) OxyFuel/Plasma Cut/Plasma Punch complete; Family 2 (Steel) Fiber Laser Cut in progress, stopped at Oxygen/1500W/5.00mm confirmed (6.00mm row flagged low-confidence, pierce time cut off).",2079,15,Plasma Cut,,30000,74.0,12852.01,6401.83,7.0,Stainless Steel
sheetMetalNestingCutRate,lookupTables/Component/sheetMetalNestingCutRate.csv,USA reference export,"PARTIAL - Family 15 (Stainless Steel) OxyFuel/Plasma Cut/Plasma Punch complete; Family 2 (Steel) Fiber Laser Cut in progress, stopped at Oxygen/1500W/5.00mm confirmed (6.00mm row flagged low-confidence, pierce time cut off).",2079,15,Plasma Cut,,30000,75.0,12651.68,6302.16,7.0,Stainless Steel
sheetMetalNestingCutRate,lookupTables/Component/sheetMetalNestingCutRate.csv,USA reference export,"PARTIAL - Family 15 (Stainless Steel) OxyFuel/Plasma Cut/Plasma Punch complete; Family 2 (Steel) Fiber Laser Cut in progress, stopped at Oxygen/1500W/5.00mm confirmed (6.00mm row flagged low-confidence, pierce time cut off).",2079,15,Plasma Cut,,30000,76.0,12451.34,6201.49,7.0,Stainless Steel
sheetMetalNestingCutRate,lookupTables/Component/sheetMetalNestingCutRate.csv,USA reference export,"PARTIAL - Family 15 (Stainless Steel) OxyFuel/Plasma Cut/Plasma Punch complete; Family 2 (Steel) Fiber Laser Cut in progress, stopped at Oxygen/1500W/5.00mm confirmed (6.00mm row flagged low-confidence, pierce time cut off).",2079,15,Plasma Cut,,30000,77.0,12202.68,6101.83,7.0,Stainless Steel
sheetMetalNestingCutRate,lookupTables/Component/sheetMetalNestingCutRate.csv,USA reference export,"PARTIAL - Family 15 (Stainless Steel) OxyFuel/Plasma Cut/Plasma Punch complete; Family 2 (Steel) Fiber Laser Cut in progress, stopped at Oxygen/1500W/5.00mm confirmed (6.00mm row flagged low-confidence, pierce time cut off).",2079,15,Plasma Cut,,100000,6.4,268765.69,134385.67,7.0,Stainless Steel
sheetMetalNestingCutRate,lookupTables/Component/sheetMetalNestingCutRate.csv,USA reference export,"PARTIAL - Family 15 (Stainless Steel) OxyFuel/Plasma Cut/Plasma Punch complete; Family 2 (Steel) Fiber Laser Cut in progress, stopped at Oxygen/1500W/5.00mm confirmed (6.00mm row flagged low-confidence, pierce time cut off).",2079,15,Plasma Cut,,100000,7.0,265670.36,132837.67,7.0,Stainless Steel
sheetMetalNestingCutRate,lookupTables/Component/sheetMetalNestingCutRate.csv,USA reference export,"PARTIAL - Family 15 (Stainless Steel) OxyFuel/Plasma Cut/Plasma Punch complete; Family 2 (Steel) Fiber Laser Cut in progress, stopped at Oxygen/1500W/5.00mm confirmed (6.00mm row flagged low-confidence, pierce time cut off).",2079,15,Plasma Cut,,100000,8.0,258552.34,129276.01,7.0,Stainless Steel
sheetMetalNestingCutRate,lookupTables/Component/sheetMetalNestingCutRate.csv,USA reference export,"PARTIAL - Family 15 (Stainless Steel) OxyFuel/Plasma Cut/Plasma Punch complete; Family 2 (Steel) Fiber Laser Cut in progress, stopped at Oxygen/1500W/5.00mm confirmed (6.00mm row flagged low-confidence, pierce time cut off).",2079,15,Plasma Cut,,100000,9.0,250456.02,125231.0,7.0,Stainless Steel
sheetMetalNestingCutRate,lookupTables/Component/sheetMetalNestingCutRate.csv,USA reference export,"PARTIAL - Family 15 (Stainless Steel) OxyFuel/Plasma Cut/Plasma Punch complete; Family 2 (Steel) Fiber Laser Cut in progress, stopped at Oxygen/1500W/5.00mm confirmed (6.00mm row flagged low-confidence, pierce time cut off).",2079,15,Plasma Cut,,100000,10.0,242385.68,121195.34,7.0,Stainless Steel
sheetMetalNestingCutRate,lookupTables/Component/sheetMetalNestingCutRate.csv,USA reference export,"PARTIAL - Family 15 (Stainless Steel) OxyFuel/Plasma Cut/Plasma Punch complete; Family 2 (Steel) Fiber Laser Cut in progress, stopped at Oxygen/1500W/5.00mm confirmed (6.00mm row flagged low-confidence, pierce time cut off).",2079,15,Plasma Cut,,100000,11.0,234330.68,116664.01,7.0,Stainless Steel
sheetMetalNestingCutRate,lookupTables/Component/sheetMetalNestingCutRate.csv,USA reference export,"PARTIAL - Family 15 (Stainless Steel) OxyFuel/Plasma Cut/Plasma Punch complete; Family 2 (Steel) Fiber Laser Cut in progress, stopped at Oxygen/1500W/5.00mm confirmed (6.00mm row flagged low-confidence, pierce time cut off).",2079,15,Plasma Cut,,100000,12.0,226292.0,113141.01,7.0,Stainless Steel
sheetMetalNestingCutRate,lookupTables/Component/sheetMetalNestingCutRate.csv,USA reference export,"PARTIAL - Family 15 (Stainless Steel) OxyFuel/Plasma Cut/Plasma Punch complete; Family 2 (Steel) Fiber Laser Cut in progress, stopped at Oxygen/1500W/5.00mm confirmed (6.00mm row flagged low-confidence, pierce time cut off).",2079,15,Plasma Cut,,100000,12.7,331922.99,166042.34,7.0,Stainless Steel
sheetMetalNestingCutRate,lookupTables/Component/sheetMetalNestingCutRate.csv,USA reference export,"PARTIAL - Family 15 (Stainless Steel) OxyFuel/Plasma Cut/Plasma Punch complete; Family 2 (Steel) Fiber Laser Cut in progress, stopped at Oxygen/1500W/5.00mm confirmed (6.00mm row flagged low-confidence, pierce time cut off).",2079,15,Plasma Cut,,100000,13.0,286463.68,143281.04,7.0,Stainless Steel
sheetMetalNestingCutRate,lookupTables/Component/sheetMetalNestingCutRate.csv,USA reference export,"PARTIAL - Family 15 (Stainless Steel) OxyFuel/Plasma Cut/Plasma Punch complete; Family 2 (Steel) Fiber Laser Cut in progress, stopped at Oxygen/1500W/5.00mm confirmed (6.00mm row flagged low-confidence, pierce time cut off).",2079,15,Plasma Cut,,100000,14.0,272672.36,136416.66,7.0,Stainless Steel
sheetMetalNestingCutRate,lookupTables/Component/sheetMetalNestingCutRate.csv,USA reference export,"PARTIAL - Family 15 (Stainless Steel) OxyFuel/Plasma Cut/Plasma Punch complete; Family 2 (Steel) Fiber Laser Cut in progress, stopped at Oxygen/1500W/5.00mm confirmed (6.00mm row flagged low-confidence, pierce time cut off).",2079,15,Plasma Cut,,100000,15.0,253353.79,126642.48,7.0,Stainless Steel
sheetMetalNestingCutRate,lookupTables/Component/sheetMetalNestingCutRate.csv,USA reference export,"PARTIAL - Family 15 (Stainless Steel) OxyFuel/Plasma Cut/Plasma Punch complete; Family 2 (Steel) Fiber Laser Cut in progress, stopped at Oxygen/1500W/5.00mm confirmed (6.00mm row flagged low-confidence, pierce time cut off).",2079,15,Plasma Cut,,100000,16.0,236319.09,118226.51,7.0,Stainless Steel
sheetMetalNestingCutRate,lookupTables/Component/sheetMetalNestingCutRate.csv,USA reference export,"PARTIAL - Family 15 (Stainless Steel) OxyFuel/Plasma Cut/Plasma Punch complete; Family 2 (Steel) Fiber Laser Cut in progress, stopped at Oxygen/1500W/5.00mm confirmed (6.00mm row flagged low-confidence, pierce time cut off).",2079,15,Plasma Cut,,100000,17.0,221450.03,110689.15,7.0,Stainless Steel
sheetMetalNestingCutRate,lookupTables/Component/sheetMetalNestingCutRate.csv,USA reference export,"PARTIAL - Family 15 (Stainless Steel) OxyFuel/Plasma Cut/Plasma Punch complete; Family 2 (Steel) Fiber Laser Cut in progress, stopped at Oxygen/1500W/5.00mm confirmed (6.00mm row flagged low-confidence, pierce time cut off).",2079,15,Plasma Cut,,100000,18.0,208255.88,104105.09,7.0,Stainless Steel
sheetMetalNestingCutRate,lookupTables/Component/sheetMetalNestingCutRate.csv,USA reference export,"PARTIAL - Family 15 (Stainless Steel) OxyFuel/Plasma Cut/Plasma Punch complete; Family 2 (Steel) Fiber Laser Cut in progress, stopped at Oxygen/1500W/5.00mm confirmed (6.00mm row flagged low-confidence, pierce time cut off).",2079,15,Plasma Cut,,100000,19.0,196532.77,98243.18,7.0,Stainless Steel
sheetMetalNestingCutRate,lookupTables/Component/sheetMetalNestingCutRate.csv,USA reference export,"PARTIAL - Family 15 (Stainless Steel) OxyFuel/Plasma Cut/Plasma Punch complete; Family 2 (Steel) Fiber Laser Cut in progress, stopped at Oxygen/1500W/5.00mm confirmed (6.00mm row flagged low-confidence, pierce time cut off).",2079,15,Plasma Cut,,100000,20.0,185918.35,92923.63,7.0,Stainless Steel
sheetMetalNestingCutRate,lookupTables/Component/sheetMetalNestingCutRate.csv,USA reference export,"PARTIAL - Family 15 (Stainless Steel) OxyFuel/Plasma Cut/Plasma Punch complete; Family 2 (Steel) Fiber Laser Cut in progress, stopped at Oxygen/1500W/5.00mm confirmed (6.00mm row flagged low-confidence, pierce time cut off).",2079,15,Plasma Cut,,100000,21.0,176295.92,88215.83,7.0,Stainless Steel
sheetMetalNestingCutRate,lookupTables/Component/sheetMetalNestingCutRate.csv,USA reference export,"PARTIAL - Family 15 (Stainless Steel) OxyFuel/Plasma Cut/Plasma Punch complete; Family 2 (Steel) Fiber Laser Cut in progress, stopped at Oxygen/1500W/5.00mm confirmed (6.00mm row flagged low-confidence, pierce time cut off).",2079,15,Plasma Cut,,100000,22.0,167763.23,83914.29,7.0,Stainless Steel
sheetMetalNestingCutRate,lookupTables/Component/sheetMetalNestingCutRate.csv,USA reference export,"PARTIAL - Family 15 (Stainless Steel) OxyFuel/Plasma Cut/Plasma Punch complete; Family 2 (Steel) Fiber Laser Cut in progress, stopped at Oxygen/1500W/5.00mm confirmed (6.00mm row flagged low-confidence, pierce time cut off).",2079,15,Plasma Cut,,100000,23.0,159882.31,79952.97,7.0,Stainless Steel
sheetMetalNestingCutRate,lookupTables/Component/sheetMetalNestingCutRate.csv,USA reference export,"PARTIAL - Family 15 (Stainless Steel) OxyFuel/Plasma Cut/Plasma Punch complete; Family 2 (Steel) Fiber Laser Cut in progress, stopped at Oxygen/1500W/5.00mm confirmed (6.00mm row flagged low-confidence, pierce time cut off).",2079,15,Plasma Cut,,100000,24.0,152819.6,76373.58,7.0,Stainless Steel
sheetMetalNestingCutRate,lookupTables/Component/sheetMetalNestingCutRate.csv,USA reference export,"PARTIAL - Family 15 (Stainless Steel) OxyFuel/Plasma Cut/Plasma Punch complete; Family 2 (Steel) Fiber Laser Cut in progress, stopped at Oxygen/1500W/5.00mm confirmed (6.00mm row flagged low-confidence, pierce time cut off).",2079,15,Plasma Cut,,100000,25.0,146163.25,73000.66,7.0,Stainless Steel
sheetMetalNestingCutRate,lookupTables/Component/sheetMetalNestingCutRate.csv,USA reference export,"PARTIAL - Family 15 (Stainless Steel) OxyFuel/Plasma Cut/Plasma Punch complete; Family 2 (Steel) Fiber Laser Cut in progress, stopped at Oxygen/1500W/5.00mm confirmed (6.00mm row flagged low-confidence, pierce time cut off).",2079,15,Plasma Cut,,100000,26.0,140093.87,69988.32,7.0,Stainless Steel
sheetMetalNestingCutRate,lookupTables/Component/sheetMetalNestingCutRate.csv,USA reference export,"PARTIAL - Family 15 (Stainless Steel) OxyFuel/Plasma Cut/Plasma Punch complete; Family 2 (Steel) Fiber Laser Cut in progress, stopped at Oxygen/1500W/5.00mm confirmed (6.00mm row flagged low-confidence, pierce time cut off).",2079,15,Plasma Cut,,100000,27.0,137626.93,68870.98,7.0,Stainless Steel
sheetMetalNestingCutRate,lookupTables/Component/sheetMetalNestingCutRate.csv,USA reference export,"PARTIAL - Family 15 (Stainless Steel) OxyFuel/Plasma Cut/Plasma Punch complete; Family 2 (Steel) Fiber Laser Cut in progress, stopped at Oxygen/1500W/5.00mm confirmed (6.00mm row flagged low-confidence, pierce time cut off).",2079,15,Plasma Cut,,100000,28.0,132211.7,66151.47,7.0,Stainless Steel
sheetMetalNestingCutRate,lookupTables/Component/sheetMetalNestingCutRate.csv,USA reference export,"PARTIAL - Family 15 (Stainless Steel) OxyFuel/Plasma Cut/Plasma Punch complete; Family 2 (Steel) Fiber Laser Cut in progress, stopped at Oxygen/1500W/5.00mm confirmed (6.00mm row flagged low-confidence, pierce time cut off).",2079,15,Plasma Cut,,100000,29.0,127190.91,63548.91,7.0,Stainless Steel
sheetMetalNestingCutRate,lookupTables/Component/sheetMetalNestingCutRate.csv,USA reference export,"PARTIAL - Family 15 (Stainless Steel) OxyFuel/Plasma Cut/Plasma Punch complete; Family 2 (Steel) Fiber Laser Cut in progress, stopped at Oxygen/1500W/5.00mm confirmed (6.00mm row flagged low-confidence, pierce time cut off).",2079,15,Plasma Cut,,100000,30.0,122322.76,61131.68,7.0,Stainless Steel
sheetMetalNestingCutRate,lookupTables/Component/sheetMetalNestingCutRate.csv,USA reference export,"PARTIAL - Family 15 (Stainless Steel) OxyFuel/Plasma Cut/Plasma Punch complete; Family 2 (Steel) Fiber Laser Cut in progress, stopped at Oxygen/1500W/5.00mm confirmed (6.00mm row flagged low-confidence, pierce time cut off).",2079,15,Plasma Cut,,100000,31.0,117906.52,58831.4,7.0,Stainless Steel
sheetMetalNestingCutRate,lookupTables/Component/sheetMetalNestingCutRate.csv,USA reference export,"PARTIAL - Family 15 (Stainless Steel) OxyFuel/Plasma Cut/Plasma Punch complete; Family 2 (Steel) Fiber Laser Cut in progress, stopped at Oxygen/1500W/5.00mm confirmed (6.00mm row flagged low-confidence, pierce time cut off).",2079,15,Plasma Cut,,100000,32.0,113791.64,56924.56,7.0,Stainless Steel
sheetMetalNestingCutRate,lookupTables/Component/sheetMetalNestingCutRate.csv,USA reference export,"PARTIAL - Family 15 (Stainless Steel) OxyFuel/Plasma Cut/Plasma Punch complete; Family 2 (Steel) Fiber Laser Cut in progress, stopped at Oxygen/1500W/5.00mm confirmed (6.00mm row flagged low-confidence, pierce time cut off).",2079,15,Plasma Cut,,100000,33.0,109978.96,54868.09,7.0,Stainless Steel
sheetMetalNestingCutRate,lookupTables/Component/sheetMetalNestingCutRate.csv,USA reference export,"PARTIAL - Family 15 (Stainless Steel) OxyFuel/Plasma Cut/Plasma Punch complete; Family 2 (Steel) Fiber Laser Cut in progress, stopped at Oxygen/1500W/5.00mm confirmed (6.00mm row flagged low-confidence, pierce time cut off).",2079,15,Plasma Cut,,100000,34.0,106260.45,53112.89,7.0,Stainless Steel
sheetMetalNestingCutRate,lookupTables/Component/sheetMetalNestingCutRate.csv,USA reference export,"PARTIAL - Family 15 (Stainless Steel) OxyFuel/Plasma Cut/Plasma Punch complete; Family 2 (Steel) Fiber Laser Cut in progress, stopped at Oxygen/1500W/5.00mm confirmed (6.00mm row flagged low-confidence, pierce time cut off).",2079,15,Plasma Cut,,100000,35.0,102808.53,51450.85,7.0,Stainless Steel
sheetMetalNestingCutRate,lookupTables/Component/sheetMetalNestingCutRate.csv,USA reference export,"PARTIAL - Family 15 (Stainless Steel) OxyFuel/Plasma Cut/Plasma Punch complete; Family 2 (Steel) Fiber Laser Cut in progress, stopped at Oxygen/1500W/5.00mm confirmed (6.00mm row flagged low-confidence, pierce time cut off).",2079,15,Plasma Cut,,100000,36.0,99542.94,49846.3,7.0,Stainless Steel
sheetMetalNestingCutRate,lookupTables/Component/sheetMetalNestingCutRate.csv,USA reference export,"PARTIAL - Family 15 (Stainless Steel) OxyFuel/Plasma Cut/Plasma Punch complete; Family 2 (Steel) Fiber Laser Cut in progress, stopped at Oxygen/1500W/5.00mm confirmed (6.00mm row flagged low-confidence, pierce time cut off).",2079,15,Plasma Cut,,100000,37.0,96578.63,48391.87,7.0,Stainless Steel
sheetMetalNestingCutRate,lookupTables/Component/sheetMetalNestingCutRate.csv,USA reference export,"PARTIAL - Family 15 (Stainless Steel) OxyFuel/Plasma Cut/Plasma Punch complete; Family 2 (Steel) Fiber Laser Cut in progress, stopped at Oxygen/1500W/5.00mm confirmed (6.00mm row flagged low-confidence, pierce time cut off).",2079,15,Plasma Cut,,100000,38.0,93672.79,46881.48,7.0,Stainless Steel
sheetMetalNestingCutRate,lookupTables/Component/sheetMetalNestingCutRate.csv,USA reference export,"PARTIAL - Family 15 (Stainless Steel) OxyFuel/Plasma Cut/Plasma Punch complete; Family 2 (Steel) Fiber Laser Cut in progress, stopped at Oxygen/1500W/5.00mm confirmed (6.00mm row flagged low-confidence, pierce time cut off).",2079,15,Plasma Cut,,100000,39.0,90918.59,45579.2,7.0,Stainless Steel
sheetMetalNestingCutRate,lookupTables/Component/sheetMetalNestingCutRate.csv,USA reference export,"PARTIAL - Family 15 (Stainless Steel) OxyFuel/Plasma Cut/Plasma Punch complete; Family 2 (Steel) Fiber Laser Cut in progress, stopped at Oxygen/1500W/5.00mm confirmed (6.00mm row flagged low-confidence, pierce time cut off).",2079,15,Plasma Cut,,100000,40.0,89252.33,44542.01,7.0,Stainless Steel
sheetMetalNestingCutRate,lookupTables/Component/sheetMetalNestingCutRate.csv,USA reference export,"PARTIAL - Family 15 (Stainless Steel) OxyFuel/Plasma Cut/Plasma Punch complete; Family 2 (Steel) Fiber Laser Cut in progress, stopped at Oxygen/1500W/5.00mm confirmed (6.00mm row flagged low-confidence, pierce time cut off).",2079,15,Plasma Cut,,100000,41.0,86588.33,43375.01,7.0,Stainless Steel
sheetMetalNestingCutRate,lookupTables/Component/sheetMetalNestingCutRate.csv,USA reference export,"PARTIAL - Family 15 (Stainless Steel) OxyFuel/Plasma Cut/Plasma Punch complete; Family 2 (Steel) Fiber Laser Cut in progress, stopped at Oxygen/1500W/5.00mm confirmed (6.00mm row flagged low-confidence, pierce time cut off).",2079,15,Plasma Cut,,100000,42.0,84256.33,42209.01,7.0,Stainless Steel
sheetMetalNestingCutRate,lookupTables/Component/sheetMetalNestingCutRate.csv,USA reference export,"PARTIAL - Family 15 (Stainless Steel) OxyFuel/Plasma Cut/Plasma Punch complete; Family 2 (Steel) Fiber Laser Cut in progress, stopped at Oxygen/1500W/5.00mm confirmed (6.00mm row flagged low-confidence, pierce time cut off).",2079,15,Plasma Cut,,100000,43.0,81924.33,40878.01,7.0,Stainless Steel
sheetMetalNestingCutRate,lookupTables/Component/sheetMetalNestingCutRate.csv,USA reference export,"PARTIAL - Family 15 (Stainless Steel) OxyFuel/Plasma Cut/Plasma Punch complete; Family 2 (Steel) Fiber Laser Cut in progress, stopped at Oxygen/1500W/5.00mm confirmed (6.00mm row flagged low-confidence, pierce time cut off).",2079,15,Plasma Cut,,100000,44.0,79759.33,39878.01,7.0,Stainless Steel
sheetMetalNestingCutRate,lookupTables/Component/sheetMetalNestingCutRate.csv,USA reference export,"PARTIAL - Family 15 (Stainless Steel) OxyFuel/Plasma Cut/Plasma Punch complete; Family 2 (Steel) Fiber Laser Cut in progress, stopped at Oxygen/1500W/5.00mm confirmed (6.00mm row flagged low-confidence, pierce time cut off).",2079,15,Plasma Cut,,100000,45.0,77592.67,38878.01,7.0,Stainless Steel
sheetMetalNestingCutRate,lookupTables/Component/sheetMetalNestingCutRate.csv,USA reference export,"PARTIAL - Family 15 (Stainless Steel) OxyFuel/Plasma Cut/Plasma Punch complete; Family 2 (Steel) Fiber Laser Cut in progress, stopped at Oxygen/1500W/5.00mm confirmed (6.00mm row flagged low-confidence, pierce time cut off).",2079,15,Plasma Cut,,100000,46.0,75593.67,37879.01,7.0,Stainless Steel
sheetMetalNestingCutRate,lookupTables/Component/sheetMetalNestingCutRate.csv,USA reference export,"PARTIAL - Family 15 (Stainless Steel) OxyFuel/Plasma Cut/Plasma Punch complete; Family 2 (Steel) Fiber Laser Cut in progress, stopped at Oxygen/1500W/5.00mm confirmed (6.00mm row flagged low-confidence, pierce time cut off).",2079,15,Plasma Cut,,100000,47.0,73760.67,36880.01,7.0,Stainless Steel
sheetMetalNestingCutRate,lookupTables/Component/sheetMetalNestingCutRate.csv,USA reference export,"PARTIAL - Family 15 (Stainless Steel) OxyFuel/Plasma Cut/Plasma Punch complete; Family 2 (Steel) Fiber Laser Cut in progress, stopped at Oxygen/1500W/5.00mm confirmed (6.00mm row flagged low-confidence, pierce time cut off).",2079,15,Plasma Cut,,100000,48.0,71928.67,35881.01,7.0,Stainless Steel
sheetMetalNestingCutRate,lookupTables/Component/sheetMetalNestingCutRate.csv,USA reference export,"PARTIAL - Family 15 (Stainless Steel) OxyFuel/Plasma Cut/Plasma Punch complete; Family 2 (Steel) Fiber Laser Cut in progress, stopped at Oxygen/1500W/5.00mm confirmed (6.00mm row flagged low-confidence, pierce time cut off).",2079,15,Plasma Cut,,100000,49.0,70096.67,35213.01,7.0,Stainless Steel
sheetMetalNestingCutRate,lookupTables/Component/sheetMetalNestingCutRate.csv,USA reference export,"PARTIAL - Family 15 (Stainless Steel) OxyFuel/Plasma Cut/Plasma Punch complete; Family 2 (Steel) Fiber Laser Cut in progress, stopped at Oxygen/1500W/5.00mm confirmed (6.00mm row flagged low-confidence, pierce time cut off).",2079,15,Plasma Cut,,100000,50.0,68430.67,34215.01,7.0,Stainless Steel
sheetMetalNestingCutRate,lookupTables/Component/sheetMetalNestingCutRate.csv,USA reference export,"PARTIAL - Family 15 (Stainless Steel) OxyFuel/Plasma Cut/Plasma Punch complete; Family 2 (Steel) Fiber Laser Cut in progress, stopped at Oxygen/1500W/5.00mm confirmed (6.00mm row flagged low-confidence, pierce time cut off).",2079,15,Plasma Cut,,100000,51.0,66930.67,33382.01,7.0,Stainless Steel
sheetMetalNestingCutRate,lookupTables/Component/sheetMetalNestingCutRate.csv,USA reference export,"PARTIAL - Family 15 (Stainless Steel) OxyFuel/Plasma Cut/Plasma Punch complete; Family 2 (Steel) Fiber Laser Cut in progress, stopped at Oxygen/1500W/5.00mm confirmed (6.00mm row flagged low-confidence, pierce time cut off).",2079,15,Plasma Cut,,100000,52.0,65265.67,32715.01,7.0,Stainless Steel
sheetMetalNestingCutRate,lookupTables/Component/sheetMetalNestingCutRate.csv,USA reference export,"PARTIAL - Family 15 (Stainless Steel) OxyFuel/Plasma Cut/Plasma Punch complete; Family 2 (Steel) Fiber Laser Cut in progress, stopped at Oxygen/1500W/5.00mm confirmed (6.00mm row flagged low-confidence, pierce time cut off).",2079,15,Plasma Cut,,100000,53.0,63766.67,32048.01,7.0,Stainless Steel
sheetMetalNestingCutRate,lookupTables/Component/sheetMetalNestingCutRate.csv,USA reference export,"PARTIAL - Family 15 (Stainless Steel) OxyFuel/Plasma Cut/Plasma Punch complete; Family 2 (Steel) Fiber Laser Cut in progress, stopped at Oxygen/1500W/5.00mm confirmed (6.00mm row flagged low-confidence, pierce time cut off).",2079,15,Plasma Cut,,100000,54.0,62433.67,31217.66,7.0,Stainless Steel
sheetMetalNestingCutRate,lookupTables/Component/sheetMetalNestingCutRate.csv,USA reference export,"PARTIAL - Family 15 (Stainless Steel) OxyFuel/Plasma Cut/Plasma Punch complete; Family 2 (Steel) Fiber Laser Cut in progress, stopped at Oxygen/1500W/5.00mm confirmed (6.00mm row flagged low-confidence, pierce time cut off).",2079,15,Plasma Cut,,100000,55.0,61100.67,30550.66,7.0,Stainless Steel
sheetMetalNestingCutRate,lookupTables/Component/sheetMetalNestingCutRate.csv,USA reference export,"PARTIAL - Family 15 (Stainless Steel) OxyFuel/Plasma Cut/Plasma Punch complete; Family 2 (Steel) Fiber Laser Cut in progress, stopped at Oxygen/1500W/5.00mm confirmed (6.00mm row flagged low-confidence, pierce time cut off).",2079,15,Plasma Cut,,100000,56.0,59767.67,29884.66,7.0,Stainless Steel
sheetMetalNestingCutRate,lookupTables/Component/sheetMetalNestingCutRate.csv,USA reference export,"PARTIAL - Family 15 (Stainless Steel) OxyFuel/Plasma Cut/Plasma Punch complete; Family 2 (Steel) Fiber Laser Cut in progress, stopped at Oxygen/1500W/5.00mm confirmed (6.00mm row flagged low-confidence, pierce time cut off).",2079,15,Plasma Cut,,100000,57.0,58600.67,29218.66,7.0,Stainless Steel
sheetMetalNestingCutRate,lookupTables/Component/sheetMetalNestingCutRate.csv,USA reference export,"PARTIAL - Family 15 (Stainless Steel) OxyFuel/Plasma Cut/Plasma Punch complete; Family 2 (Steel) Fiber Laser Cut in progress, stopped at Oxygen/1500W/5.00mm confirmed (6.00mm row flagged low-confidence, pierce time cut off).",2079,15,Plasma Cut,,100000,58.0,57268.67,28717.66,7.0,Stainless Steel
sheetMetalNestingCutRate,lookupTables/Component/sheetMetalNestingCutRate.csv,USA reference export,"PARTIAL - Family 15 (Stainless Steel) OxyFuel/Plasma Cut/Plasma Punch complete; Family 2 (Steel) Fiber Laser Cut in progress, stopped at Oxygen/1500W/5.00mm confirmed (6.00mm row flagged low-confidence, pierce time cut off).",2079,15,Plasma Cut,,100000,59.0,56101.67,28051.66,7.0,Stainless Steel
sheetMetalNestingCutRate,lookupTables/Component/sheetMetalNestingCutRate.csv,USA reference export,"PARTIAL - Family 15 (Stainless Steel) OxyFuel/Plasma Cut/Plasma Punch complete; Family 2 (Steel) Fiber Laser Cut in progress, stopped at Oxygen/1500W/5.00mm confirmed (6.00mm row flagged low-confidence, pierce time cut off).",2079,15,Plasma Cut,,100000,60.0,54935.67,27551.66,7.0,Stainless Steel
sheetMetalNestingCutRate,lookupTables/Component/sheetMetalNestingCutRate.csv,USA reference export,"PARTIAL - Family 15 (Stainless Steel) OxyFuel/Plasma Cut/Plasma Punch complete; Family 2 (Steel) Fiber Laser Cut in progress, stopped at Oxygen/1500W/5.00mm confirmed (6.00mm row flagged low-confidence, pierce time cut off).",2079,15,Plasma Cut,,100000,61.0,53935.67,26885.66,7.0,Stainless Steel
sheetMetalNestingCutRate,lookupTables/Component/sheetMetalNestingCutRate.csv,USA reference export,"PARTIAL - Family 15 (Stainless Steel) OxyFuel/Plasma Cut/Plasma Punch complete; Family 2 (Steel) Fiber Laser Cut in progress, stopped at Oxygen/1500W/5.00mm confirmed (6.00mm row flagged low-confidence, pierce time cut off).",2079,15,Plasma Cut,,100000,62.0,52935.67,26385.66,7.0,Stainless Steel
sheetMetalNestingCutRate,lookupTables/Component/sheetMetalNestingCutRate.csv,USA reference export,"PARTIAL - Family 15 (Stainless Steel) OxyFuel/Plasma Cut/Plasma Punch complete; Family 2 (Steel) Fiber Laser Cut in progress, stopped at Oxygen/1500W/5.00mm confirmed (6.00mm row flagged low-confidence, pierce time cut off).",2079,15,Plasma Cut,,100000,63.0,51935.67,25885.66,7.0,Stainless Steel
sheetMetalNestingCutRate,lookupTables/Component/sheetMetalNestingCutRate.csv,USA reference export,"PARTIAL - Family 15 (Stainless Steel) OxyFuel/Plasma Cut/Plasma Punch complete; Family 2 (Steel) Fiber Laser Cut in progress, stopped at Oxygen/1500W/5.00mm confirmed (6.00mm row flagged low-confidence, pierce time cut off).",2079,15,Plasma Cut,,100000,64.0,50935.67,25385.66,7.0,Stainless Steel
sheetMetalNestingCutRate,lookupTables/Component/sheetMetalNestingCutRate.csv,USA reference export,"PARTIAL - Family 15 (Stainless Steel) OxyFuel/Plasma Cut/Plasma Punch complete; Family 2 (Steel) Fiber Laser Cut in progress, stopped at Oxygen/1500W/5.00mm confirmed (6.00mm row flagged low-confidence, pierce time cut off).",2079,15,Plasma Cut,,100000,65.0,49936.67,25051.66,7.0,Stainless Steel
sheetMetalNestingCutRate,lookupTables/Component/sheetMetalNestingCutRate.csv,USA reference export,"PARTIAL - Family 15 (Stainless Steel) OxyFuel/Plasma Cut/Plasma Punch complete; Family 2 (Steel) Fiber Laser Cut in progress, stopped at Oxygen/1500W/5.00mm confirmed (6.00mm row flagged low-confidence, pierce time cut off).",2079,15,Plasma Cut,,100000,66.0,48936.67,24386.66,7.0,Stainless Steel
sheetMetalNestingCutRate,lookupTables/Component/sheetMetalNestingCutRate.csv,USA reference export,"PARTIAL - Family 15 (Stainless Steel) OxyFuel/Plasma Cut/Plasma Punch complete; Family 2 (Steel) Fiber Laser Cut in progress, stopped at Oxygen/1500W/5.00mm confirmed (6.00mm row flagged low-confidence, pierce time cut off).",2079,15,Plasma Cut,,100000,67.0,48103.67,24052.66,7.0,Stainless Steel
sheetMetalNestingCutRate,lookupTables/Component/sheetMetalNestingCutRate.csv,USA reference export,"PARTIAL - Family 15 (Stainless Steel) OxyFuel/Plasma Cut/Plasma Punch complete; Family 2 (Steel) Fiber Laser Cut in progress, stopped at Oxygen/1500W/5.00mm confirmed (6.00mm row flagged low-confidence, pierce time cut off).",2079,15,Plasma Cut,,100000,68.0,47269.67,23718.66,7.0,Stainless Steel
sheetMetalNestingCutRate,lookupTables/Component/sheetMetalNestingCutRate.csv,USA reference export,"PARTIAL - Family 15 (Stainless Steel) OxyFuel/Plasma Cut/Plasma Punch complete; Family 2 (Steel) Fiber Laser Cut in progress, stopped at Oxygen/1500W/5.00mm confirmed (6.00mm row flagged low-confidence, pierce time cut off).",2079,15,Plasma Cut,,100000,69.0,46436.67,23053.66,7.0,Stainless Steel
sheetMetalNestingCutRate,lookupTables/Component/sheetMetalNestingCutRate.csv,USA reference export,"PARTIAL - Family 15 (Stainless Steel) OxyFuel/Plasma Cut/Plasma Punch complete; Family 2 (Steel) Fiber Laser Cut in progress, stopped at Oxygen/1500W/5.00mm confirmed (6.00mm row flagged low-confidence, pierce time cut off).",2079,15,Plasma Cut,,100000,70.0,45603.67,22719.66,7.0,Stainless Steel
sheetMetalNestingCutRate,lookupTables/Component/sheetMetalNestingCutRate.csv,USA reference export,"PARTIAL - Family 15 (Stainless Steel) OxyFuel/Plasma Cut/Plasma Punch complete; Family 2 (Steel) Fiber Laser Cut in progress, stopped at Oxygen/1500W/5.00mm confirmed (6.00mm row flagged low-confidence, pierce time cut off).",2079,15,Plasma Cut,,100000,71.0,44770.67,22385.66,7.0,Stainless Steel
sheetMetalNestingCutRate,lookupTables/Component/sheetMetalNestingCutRate.csv,USA reference export,"PARTIAL - Family 15 (Stainless Steel) OxyFuel/Plasma Cut/Plasma Punch complete; Family 2 (Steel) Fiber Laser Cut in progress, stopped at Oxygen/1500W/5.00mm confirmed (6.00mm row flagged low-confidence, pierce time cut off).",2079,15,Plasma Cut,,100000,72.0,43937.67,22052.66,7.0,Stainless Steel
sheetMetalNestingCutRate,lookupTables/Component/sheetMetalNestingCutRate.csv,USA reference export,"PARTIAL - Family 15 (Stainless Steel) OxyFuel/Plasma Cut/Plasma Punch complete; Family 2 (Steel) Fiber Laser Cut in progress, stopped at Oxygen/1500W/5.00mm confirmed (6.00mm row flagged low-confidence, pierce time cut off).",2079,15,Plasma Cut,,100000,73.0,43270.67,21718.66,7.0,Stainless Steel
sheetMetalNestingCutRate,lookupTables/Component/sheetMetalNestingCutRate.csv,USA reference export,"PARTIAL - Family 15 (Stainless Steel) OxyFuel/Plasma Cut/Plasma Punch complete; Family 2 (Steel) Fiber Laser Cut in progress, stopped at Oxygen/1500W/5.00mm confirmed (6.00mm row flagged low-confidence, pierce time cut off).",2079,15,Plasma Cut,,100000,74.0,42602.01,21219.66,7.0,Stainless Steel
sheetMetalNestingCutRate,lookupTables/Component/sheetMetalNestingCutRate.csv,USA reference export,"PARTIAL - Family 15 (Stainless Steel) OxyFuel/Plasma Cut/Plasma Punch complete; Family 2 (Steel) Fiber Laser Cut in progress, stopped at Oxygen/1500W/5.00mm confirmed (6.00mm row flagged low-confidence, pierce time cut off).",2079,15,Plasma Cut,,100000,75.0,41935.01,20886.66,7.0,Stainless Steel
sheetMetalNestingCutRate,lookupTables/Component/sheetMetalNestingCutRate.csv,USA reference export,"PARTIAL - Family 15 (Stainless Steel) OxyFuel/Plasma Cut/Plasma Punch complete; Family 2 (Steel) Fiber Laser Cut in progress, stopped at Oxygen/1500W/5.00mm confirmed (6.00mm row flagged low-confidence, pierce time cut off).",2079,15,Plasma Cut,,100000,76.0,41268.01,20552.66,7.0,Stainless Steel
sheetMetalNestingCutRate,lookupTables/Component/sheetMetalNestingCutRate.csv,USA reference export,"PARTIAL - Family 15 (Stainless Steel) OxyFuel/Plasma Cut/Plasma Punch complete; Family 2 (Steel) Fiber Laser Cut in progress, stopped at Oxygen/1500W/5.00mm confirmed (6.00mm row flagged low-confidence, pierce time cut off).",2079,15,Plasma Cut,,100000,77.0,40436.01,20219.66,7.0,Stainless Steel
sheetMetalNestingCutRate,lookupTables/Component/sheetMetalNestingCutRate.csv,USA reference export,"PARTIAL - Family 15 (Stainless Steel) OxyFuel/Plasma Cut/Plasma Punch complete; Family 2 (Steel) Fiber Laser Cut in progress, stopped at Oxygen/1500W/5.00mm confirmed (6.00mm row flagged low-confidence, pierce time cut off).",2079,15,Plasma Punch,,80,6.0,1225.0,980.0,0.0,Stainless Steel
sheetMetalNestingCutRate,lookupTables/Component/sheetMetalNestingCutRate.csv,USA reference export,"PARTIAL - Family 15 (Stainless Steel) OxyFuel/Plasma Cut/Plasma Punch complete; Family 2 (Steel) Fiber Laser Cut in progress, stopped at Oxygen/1500W/5.00mm confirmed (6.00mm row flagged low-confidence, pierce time cut off).",2079,15,Plasma Punch,,80,8.0,895.0,716.0,0.0,Stainless Steel
sheetMetalNestingCutRate,lookupTables/Component/sheetMetalNestingCutRate.csv,USA reference export,"PARTIAL - Family 15 (Stainless Steel) OxyFuel/Plasma Cut/Plasma Punch complete; Family 2 (Steel) Fiber Laser Cut in progress, stopped at Oxygen/1500W/5.00mm confirmed (6.00mm row flagged low-confidence, pierce time cut off).",2079,15,Plasma Punch,,80,10.0,560.0,448.0,0.0,Stainless Steel
sheetMetalNestingCutRate,lookupTables/Component/sheetMetalNestingCutRate.csv,USA reference export,"PARTIAL - Family 15 (Stainless Steel) OxyFuel/Plasma Cut/Plasma Punch complete; Family 2 (Steel) Fiber Laser Cut in progress, stopped at Oxygen/1500W/5.00mm confirmed (6.00mm row flagged low-confidence, pierce time cut off).",2079,15,Plasma Punch,,130,6.0,1960.0,1568.0,0.0,Stainless Steel
sheetMetalNestingCutRate,lookupTables/Component/sheetMetalNestingCutRate.csv,USA reference export,"PARTIAL - Family 15 (Stainless Steel) OxyFuel/Plasma Cut/Plasma Punch complete; Family 2 (Steel) Fiber Laser Cut in progress, stopped at Oxygen/1500W/5.00mm confirmed (6.00mm row flagged low-confidence, pierce time cut off).",2079,15,Plasma Punch,,130,8.0,1630.0,1304.0,0.0,Stainless Steel
sheetMetalNestingCutRate,lookupTables/Component/sheetMetalNestingCutRate.csv,USA reference export,"PARTIAL - Family 15 (Stainless Steel) OxyFuel/Plasma Cut/Plasma Punch complete; Family 2 (Steel) Fiber Laser Cut in progress, stopped at Oxygen/1500W/5.00mm confirmed (6.00mm row flagged low-confidence, pierce time cut off).",2079,15,Plasma Punch,,130,10.0,1300.0,1040.0,0.0,Stainless Steel
sheetMetalNestingCutRate,lookupTables/Component/sheetMetalNestingCutRate.csv,USA reference export,"PARTIAL - Family 15 (Stainless Steel) OxyFuel/Plasma Cut/Plasma Punch complete; Family 2 (Steel) Fiber Laser Cut in progress, stopped at Oxygen/1500W/5.00mm confirmed (6.00mm row flagged low-confidence, pierce time cut off).",2079,15,Plasma Punch,,130,12.0,900.0,720.0,0.0,Stainless Steel
sheetMetalNestingCutRate,lookupTables/Component/sheetMetalNestingCutRate.csv,USA reference export,"PARTIAL - Family 15 (Stainless Steel) OxyFuel/Plasma Cut/Plasma Punch complete; Family 2 (Steel) Fiber Laser Cut in progress, stopped at Oxygen/1500W/5.00mm confirmed (6.00mm row flagged low-confidence, pierce time cut off).",2079,15,Plasma Punch,,130,15.0,670.0,536.0,0.0,Stainless Steel
sheetMetalNestingCutRate,lookupTables/Component/sheetMetalNestingCutRate.csv,USA reference export,"PARTIAL - Family 15 (Stainless Steel) OxyFuel/Plasma Cut/Plasma Punch complete; Family 2 (Steel) Fiber Laser Cut in progress, stopped at Oxygen/1500W/5.00mm confirmed (6.00mm row flagged low-confidence, pierce time cut off).",2079,15,Plasma Punch,,130,20.0,305.0,244.0,0.0,Stainless Steel
sheetMetalNestingCutRate,lookupTables/Component/sheetMetalNestingCutRate.csv,USA reference export,"PARTIAL - Family 15 (Stainless Steel) OxyFuel/Plasma Cut/Plasma Punch complete; Family 2 (Steel) Fiber Laser Cut in progress, stopped at Oxygen/1500W/5.00mm confirmed (6.00mm row flagged low-confidence, pierce time cut off).",2079,15,Plasma Punch,,200,8.0,3000.0,2400.0,0.0,Stainless Steel
sheetMetalNestingCutRate,lookupTables/Component/sheetMetalNestingCutRate.csv,USA reference export,"PARTIAL - Family 15 (Stainless Steel) OxyFuel/Plasma Cut/Plasma Punch complete; Family 2 (Steel) Fiber Laser Cut in progress, stopped at Oxygen/1500W/5.00mm confirmed (6.00mm row flagged low-confidence, pierce time cut off).",2079,15,Plasma Punch,,200,10.0,2700.0,2160.0,0.0,Stainless Steel
sheetMetalNestingCutRate,lookupTables/Component/sheetMetalNestingCutRate.csv,USA reference export,"PARTIAL - Family 15 (Stainless Steel) OxyFuel/Plasma Cut/Plasma Punch complete; Family 2 (Steel) Fiber Laser Cut in progress, stopped at Oxygen/1500W/5.00mm confirmed (6.00mm row flagged low-confidence, pierce time cut off).",2079,15,Plasma Punch,,200,12.0,2400.0,1920.0,0.0,Stainless Steel
sheetMetalNestingCutRate,lookupTables/Component/sheetMetalNestingCutRate.csv,USA reference export,"PARTIAL - Family 15 (Stainless Steel) OxyFuel/Plasma Cut/Plasma Punch complete; Family 2 (Steel) Fiber Laser Cut in progress, stopped at Oxygen/1500W/5.00mm confirmed (6.00mm row flagged low-confidence, pierce time cut off).",2079,15,Plasma Punch,,200,15.0,1800.0,1440.0,0.0,Stainless Steel
sheetMetalNestingCutRate,lookupTables/Component/sheetMetalNestingCutRate.csv,USA reference export,"PARTIAL - Family 15 (Stainless Steel) OxyFuel/Plasma Cut/Plasma Punch complete; Family 2 (Steel) Fiber Laser Cut in progress, stopped at Oxygen/1500W/5.00mm confirmed (6.00mm row flagged low-confidence, pierce time cut off).",2079,15,Plasma Punch,,200,20.0,1000.0,800.0,0.0,Stainless Steel
sheetMetalNestingCutRate,lookupTables/Component/sheetMetalNestingCutRate.csv,USA reference export,"PARTIAL - Family 15 (Stainless Steel) OxyFuel/Plasma Cut/Plasma Punch complete; Family 2 (Steel) Fiber Laser Cut in progress, stopped at Oxygen/1500W/5.00mm confirmed (6.00mm row flagged low-confidence, pierce time cut off).",2079,15,Plasma Punch,,260,6.0,6375.0,5100.0,0.0,Stainless Steel
sheetMetalNestingCutRate,lookupTables/Component/sheetMetalNestingCutRate.csv,USA reference export,"PARTIAL - Family 15 (Stainless Steel) OxyFuel/Plasma Cut/Plasma Punch complete; Family 2 (Steel) Fiber Laser Cut in progress, stopped at Oxygen/1500W/5.00mm confirmed (6.00mm row flagged low-confidence, pierce time cut off).",2079,15,Plasma Punch,,260,8.0,4910.0,3928.0,0.0,Stainless Steel
sheetMetalNestingCutRate,lookupTables/Component/sheetMetalNestingCutRate.csv,USA reference export,"PARTIAL - Family 15 (Stainless Steel) OxyFuel/Plasma Cut/Plasma Punch complete; Family 2 (Steel) Fiber Laser Cut in progress, stopped at Oxygen/1500W/5.00mm confirmed (6.00mm row flagged low-confidence, pierce time cut off).",2079,15,Plasma Punch,,260,10.0,3440.0,2752.0,0.0,Stainless Steel
sheetMetalNestingCutRate,lookupTables/Component/sheetMetalNestingCutRate.csv,USA reference export,"PARTIAL - Family 15 (Stainless Steel) OxyFuel/Plasma Cut/Plasma Punch complete; Family 2 (Steel) Fiber Laser Cut in progress, stopped at Oxygen/1500W/5.00mm confirmed (6.00mm row flagged low-confidence, pierce time cut off).",2079,15,Plasma Punch,,260,12.0,2960.0,2368.0,0.0,Stainless Steel
sheetMetalNestingCutRate,lookupTables/Component/sheetMetalNestingCutRate.csv,USA reference export,"PARTIAL - Family 15 (Stainless Steel) OxyFuel/Plasma Cut/Plasma Punch complete; Family 2 (Steel) Fiber Laser Cut in progress, stopped at Oxygen/1500W/5.00mm confirmed (6.00mm row flagged low-confidence, pierce time cut off).",2079,15,Plasma Punch,,260,15.0,2520.0,2016.0,0.0,Stainless Steel
sheetMetalNestingCutRate,lookupTables/Component/sheetMetalNestingCutRate.csv,USA reference export,"PARTIAL - Family 15 (Stainless Steel) OxyFuel/Plasma Cut/Plasma Punch complete; Family 2 (Steel) Fiber Laser Cut in progress, stopped at Oxygen/1500W/5.00mm confirmed (6.00mm row flagged low-confidence, pierce time cut off).",2079,15,Plasma Punch,,260,20.0,1590.0,1272.0,0.0,Stainless Steel
sheetMetalNestingCutRate,lookupTables/Component/sheetMetalNestingCutRate.csv,USA reference export,"PARTIAL - Family 15 (Stainless Steel) OxyFuel/Plasma Cut/Plasma Punch complete; Family 2 (Steel) Fiber Laser Cut in progress, stopped at Oxygen/1500W/5.00mm confirmed (6.00mm row flagged low-confidence, pierce time cut off).",2079,15,Plasma Punch,,260,25.0,1300.0,1040.0,0.0,Stainless Steel
sheetMetalNestingCutRate,lookupTables/Component/sheetMetalNestingCutRate.csv,USA reference export,"PARTIAL - Family 15 (Stainless Steel) OxyFuel/Plasma Cut/Plasma Punch complete; Family 2 (Steel) Fiber Laser Cut in progress, stopped at Oxygen/1500W/5.00mm confirmed (6.00mm row flagged low-confidence, pierce time cut off).",2079,15,Plasma Punch,,260,32.0,875.0,700.0,0.0,Stainless Steel
sheetMetalNestingCutRate,lookupTables/Component/sheetMetalNestingCutRate.csv,USA reference export,"PARTIAL - Family 15 (Stainless Steel) OxyFuel/Plasma Cut/Plasma Punch complete; Family 2 (Steel) Fiber Laser Cut in progress, stopped at Oxygen/1500W/5.00mm confirmed (6.00mm row flagged low-confidence, pierce time cut off).",2079,15,Plasma Punch,,260,38.0,515.0,412.0,0.0,Stainless Steel
sheetMetalNestingCutRate,lookupTables/Component/sheetMetalNestingCutRate.csv,USA reference export,"PARTIAL - Family 15 (Stainless Steel) OxyFuel/Plasma Cut/Plasma Punch complete; Family 2 (Steel) Fiber Laser Cut in progress, stopped at Oxygen/1500W/5.00mm confirmed (6.00mm row flagged low-confidence, pierce time cut off).",2079,15,Plasma Punch,,260,44.0,365.0,292.0,0.0,Stainless Steel
sheetMetalNestingCutRate,lookupTables/Component/sheetMetalNestingCutRate.csv,USA reference export,"PARTIAL - Family 15 (Stainless Steel) OxyFuel/Plasma Cut/Plasma Punch complete; Family 2 (Steel) Fiber Laser Cut in progress, stopped at Oxygen/1500W/5.00mm confirmed (6.00mm row flagged low-confidence, pierce time cut off).",2079,15,Plasma Punch,,260,50.0,180.0,144.0,0.0,Stainless Steel
sheetMetalNestingCutRate,lookupTables/Component/sheetMetalNestingCutRate.csv,USA reference export,"PARTIAL - Family 15 (Stainless Steel) OxyFuel/Plasma Cut/Plasma Punch complete; Family 2 (Steel) Fiber Laser Cut in progress, stopped at Oxygen/1500W/5.00mm confirmed (6.00mm row flagged low-confidence, pierce time cut off).",2079,15,Plasma Punch,,400,12.0,3300.0,2640.0,0.0,Stainless Steel
sheetMetalNestingCutRate,lookupTables/Component/sheetMetalNestingCutRate.csv,USA reference export,"PARTIAL - Family 15 (Stainless Steel) OxyFuel/Plasma Cut/Plasma Punch complete; Family 2 (Steel) Fiber Laser Cut in progress, stopped at Oxygen/1500W/5.00mm confirmed (6.00mm row flagged low-confidence, pierce time cut off).",2079,15,Plasma Punch,,400,15.0,2800.0,2240.0,0.0,Stainless Steel
sheetMetalNestingCutRate,lookupTables/Component/sheetMetalNestingCutRate.csv,USA reference export,"PARTIAL - Family 15 (Stainless Steel) OxyFuel/Plasma Cut/Plasma Punch complete; Family 2 (Steel) Fiber Laser Cut in progress, stopped at Oxygen/1500W/5.00mm confirmed (6.00mm row flagged low-confidence, pierce time cut off).",2079,15,Plasma Punch,,400,20.0,2340.0,1872.0,0.0,Stainless Steel
sheetMetalNestingCutRate,lookupTables/Component/sheetMetalNestingCutRate.csv,USA reference export,"PARTIAL - Family 15 (Stainless Steel) OxyFuel/Plasma Cut/Plasma Punch complete; Family 2 (Steel) Fiber Laser Cut in progress, stopped at Oxygen/1500W/5.00mm confirmed (6.00mm row flagged low-confidence, pierce time cut off).",2079,15,Plasma Punch,,400,25.0,1940.0,1552.0,0.0,Stainless Steel
sheetMetalNestingCutRate,lookupTables/Component/sheetMetalNestingCutRate.csv,USA reference export,"PARTIAL - Family 15 (Stainless Steel) OxyFuel/Plasma Cut/Plasma Punch complete; Family 2 (Steel) Fiber Laser Cut in progress, stopped at Oxygen/1500W/5.00mm confirmed (6.00mm row flagged low-confidence, pierce time cut off).",2079,15,Plasma Punch,,400,30.0,1450.0,1160.0,0.0,Stainless Steel
sheetMetalNestingCutRate,lookupTables/Component/sheetMetalNestingCutRate.csv,USA reference export,"PARTIAL - Family 15 (Stainless Steel) OxyFuel/Plasma Cut/Plasma Punch complete; Family 2 (Steel) Fiber Laser Cut in progress, stopped at Oxygen/1500W/5.00mm confirmed (6.00mm row flagged low-confidence, pierce time cut off).",2079,15,Plasma Punch,,400,40.0,570.0,456.0,0.0,Stainless Steel
sheetMetalNestingCutRate,lookupTables/Component/sheetMetalNestingCutRate.csv,USA reference export,"PARTIAL - Family 15 (Stainless Steel) OxyFuel/Plasma Cut/Plasma Punch complete; Family 2 (Steel) Fiber Laser Cut in progress, stopped at Oxygen/1500W/5.00mm confirmed (6.00mm row flagged low-confidence, pierce time cut off).",2079,2,Fiber Laser Cut,Nitrogen,1000,0.5,20000.0,15000.0,0.07,Steel
sheetMetalNestingCutRate,lookupTables/Component/sheetMetalNestingCutRate.csv,USA reference export,"PARTIAL - Family 15 (Stainless Steel) OxyFuel/Plasma Cut/Plasma Punch complete; Family 2 (Steel) Fiber Laser Cut in progress, stopped at Oxygen/1500W/5.00mm confirmed (6.00mm row flagged low-confidence, pierce time cut off).",2079,2,Fiber Laser Cut,Nitrogen,1000,1.0,15000.0,11250.0,0.09,Steel
sheetMetalNestingCutRate,lookupTables/Component/sheetMetalNestingCutRate.csv,USA reference export,"PARTIAL - Family 15 (Stainless Steel) OxyFuel/Plasma Cut/Plasma Punch complete; Family 2 (Steel) Fiber Laser Cut in progress, stopped at Oxygen/1500W/5.00mm confirmed (6.00mm row flagged low-confidence, pierce time cut off).",2079,2,Fiber Laser Cut,Nitrogen,1000,1.5,8000.0,6000.0,0.1,Steel
sheetMetalNestingCutRate,lookupTables/Component/sheetMetalNestingCutRate.csv,USA reference export,"PARTIAL - Family 15 (Stainless Steel) OxyFuel/Plasma Cut/Plasma Punch complete; Family 2 (Steel) Fiber Laser Cut in progress, stopped at Oxygen/1500W/5.00mm confirmed (6.00mm row flagged low-confidence, pierce time cut off).",2079,2,Fiber Laser Cut,Nitrogen,1500,0.5,23750.0,17812.5,0.07,Steel
sheetMetalNestingCutRate,lookupTables/Component/sheetMetalNestingCutRate.csv,USA reference export,"PARTIAL - Family 15 (Stainless Steel) OxyFuel/Plasma Cut/Plasma Punch complete; Family 2 (Steel) Fiber Laser Cut in progress, stopped at Oxygen/1500W/5.00mm confirmed (6.00mm row flagged low-confidence, pierce time cut off).",2079,2,Fiber Laser Cut,Nitrogen,1500,1.0,17500.0,13125.0,0.08,Steel
sheetMetalNestingCutRate,lookupTables/Component/sheetMetalNestingCutRate.csv,USA reference export,"PARTIAL - Family 15 (Stainless Steel) OxyFuel/Plasma Cut/Plasma Punch complete; Family 2 (Steel) Fiber Laser Cut in progress, stopped at Oxygen/1500W/5.00mm confirmed (6.00mm row flagged low-confidence, pierce time cut off).",2079,2,Fiber Laser Cut,Nitrogen,1500,1.5,10500.0,7875.0,0.09,Steel
sheetMetalNestingCutRate,lookupTables/Component/sheetMetalNestingCutRate.csv,USA reference export,"PARTIAL - Family 15 (Stainless Steel) OxyFuel/Plasma Cut/Plasma Punch complete; Family 2 (Steel) Fiber Laser Cut in progress, stopped at Oxygen/1500W/5.00mm confirmed (6.00mm row flagged low-confidence, pierce time cut off).",2079,2,Fiber Laser Cut,Nitrogen,1500,2.0,6375.0,4781.3,0.1,Steel
sheetMetalNestingCutRate,lookupTables/Component/sheetMetalNestingCutRate.csv,USA reference export,"PARTIAL - Family 15 (Stainless Steel) OxyFuel/Plasma Cut/Plasma Punch complete; Family 2 (Steel) Fiber Laser Cut in progress, stopped at Oxygen/1500W/5.00mm confirmed (6.00mm row flagged low-confidence, pierce time cut off).",2079,2,Fiber Laser Cut,Nitrogen,2000,0.5,30000.0,22500.0,0.07,Steel
sheetMetalNestingCutRate,lookupTables/Component/sheetMetalNestingCutRate.csv,USA reference export,"PARTIAL - Family 15 (Stainless Steel) OxyFuel/Plasma Cut/Plasma Punch complete; Family 2 (Steel) Fiber Laser Cut in progress, stopped at Oxygen/1500W/5.00mm confirmed (6.00mm row flagged low-confidence, pierce time cut off).",2079,2,Fiber Laser Cut,Nitrogen,2000,1.0,21750.0,16312.5,0.08,Steel
sheetMetalNestingCutRate,lookupTables/Component/sheetMetalNestingCutRate.csv,USA reference export,"PARTIAL - Family 15 (Stainless Steel) OxyFuel/Plasma Cut/Plasma Punch complete; Family 2 (Steel) Fiber Laser Cut in progress, stopped at Oxygen/1500W/5.00mm confirmed (6.00mm row flagged low-confidence, pierce time cut off).",2079,2,Fiber Laser Cut,Nitrogen,2000,1.5,14000.0,10500.0,0.1,Steel
sheetMetalNestingCutRate,lookupTables/Component/sheetMetalNestingCutRate.csv,USA reference export,"PARTIAL - Family 15 (Stainless Steel) OxyFuel/Plasma Cut/Plasma Punch complete; Family 2 (Steel) Fiber Laser Cut in progress, stopped at Oxygen/1500W/5.00mm confirmed (6.00mm row flagged low-confidence, pierce time cut off).",2079,2,Fiber Laser Cut,Nitrogen,2000,2.0,8500.0,6375.0,0.11,Steel
sheetMetalNestingCutRate,lookupTables/Component/sheetMetalNestingCutRate.csv,USA reference export,"PARTIAL - Family 15 (Stainless Steel) OxyFuel/Plasma Cut/Plasma Punch complete; Family 2 (Steel) Fiber Laser Cut in progress, stopped at Oxygen/1500W/5.00mm confirmed (6.00mm row flagged low-confidence, pierce time cut off).",2079,2,Fiber Laser Cut,Nitrogen,3000,0.5,35000.0,26250.0,0.06,Steel
sheetMetalNestingCutRate,lookupTables/Component/sheetMetalNestingCutRate.csv,USA reference export,"PARTIAL - Family 15 (Stainless Steel) OxyFuel/Plasma Cut/Plasma Punch complete; Family 2 (Steel) Fiber Laser Cut in progress, stopped at Oxygen/1500W/5.00mm confirmed (6.00mm row flagged low-confidence, pierce time cut off).",2079,2,Fiber Laser Cut,Nitrogen,3000,1.0,25000.0,18750.0,0.06,Steel
sheetMetalNestingCutRate,lookupTables/Component/sheetMetalNestingCutRate.csv,USA reference export,"PARTIAL - Family 15 (Stainless Steel) OxyFuel/Plasma Cut/Plasma Punch complete; Family 2 (Steel) Fiber Laser Cut in progress, stopped at Oxygen/1500W/5.00mm confirmed (6.00mm row flagged low-confidence, pierce time cut off).",2079,2,Fiber Laser Cut,Nitrogen,3000,1.5,16000.0,12000.0,0.07,Steel
sheetMetalNestingCutRate,lookupTables/Component/sheetMetalNestingCutRate.csv,USA reference export,"PARTIAL - Family 15 (Stainless Steel) OxyFuel/Plasma Cut/Plasma Punch complete; Family 2 (Steel) Fiber Laser Cut in progress, stopped at Oxygen/1500W/5.00mm confirmed (6.00mm row flagged low-confidence, pierce time cut off).",2079,2,Fiber Laser Cut,Nitrogen,3000,2.0,11000.0,8250.0,0.08,Steel
sheetMetalNestingCutRate,lookupTables/Component/sheetMetalNestingCutRate.csv,USA reference export,"PARTIAL - Family 15 (Stainless Steel) OxyFuel/Plasma Cut/Plasma Punch complete; Family 2 (Steel) Fiber Laser Cut in progress, stopped at Oxygen/1500W/5.00mm confirmed (6.00mm row flagged low-confidence, pierce time cut off).",2079,2,Fiber Laser Cut,Nitrogen,4000,0.5,37500.0,28125.0,0.05,Steel
sheetMetalNestingCutRate,lookupTables/Component/sheetMetalNestingCutRate.csv,USA reference export,"PARTIAL - Family 15 (Stainless Steel) OxyFuel/Plasma Cut/Plasma Punch complete; Family 2 (Steel) Fiber Laser Cut in progress, stopped at Oxygen/1500W/5.00mm confirmed (6.00mm row flagged low-confidence, pierce time cut off).",2079,2,Fiber Laser Cut,Nitrogen,4000,1.0,30000.0,22500.0,0.05,Steel
sheetMetalNestingCutRate,lookupTables/Component/sheetMetalNestingCutRate.csv,USA reference export,"PARTIAL - Family 15 (Stainless Steel) OxyFuel/Plasma Cut/Plasma Punch complete; Family 2 (Steel) Fiber Laser Cut in progress, stopped at Oxygen/1500W/5.00mm confirmed (6.00mm row flagged low-confidence, pierce time cut off).",2079,2,Fiber Laser Cut,Nitrogen,4000,1.5,20000.0,15000.0,0.06,Steel
sheetMetalNestingCutRate,lookupTables/Component/sheetMetalNestingCutRate.csv,USA reference export,"PARTIAL - Family 15 (Stainless Steel) OxyFuel/Plasma Cut/Plasma Punch complete; Family 2 (Steel) Fiber Laser Cut in progress, stopped at Oxygen/1500W/5.00mm confirmed (6.00mm row flagged low-confidence, pierce time cut off).",2079,2,Fiber Laser Cut,Nitrogen,4000,2.0,12000.0,9000.0,0.07,Steel
sheetMetalNestingCutRate,lookupTables/Component/sheetMetalNestingCutRate.csv,USA reference export,"PARTIAL - Family 15 (Stainless Steel) OxyFuel/Plasma Cut/Plasma Punch complete; Family 2 (Steel) Fiber Laser Cut in progress, stopped at Oxygen/1500W/5.00mm confirmed (6.00mm row flagged low-confidence, pierce time cut off).",2079,2,Fiber Laser Cut,Nitrogen,6000,0.5,40000.0,30000.0,0.05,Steel
sheetMetalNestingCutRate,lookupTables/Component/sheetMetalNestingCutRate.csv,USA reference export,"PARTIAL - Family 15 (Stainless Steel) OxyFuel/Plasma Cut/Plasma Punch complete; Family 2 (Steel) Fiber Laser Cut in progress, stopped at Oxygen/1500W/5.00mm confirmed (6.00mm row flagged low-confidence, pierce time cut off).",2079,2,Fiber Laser Cut,Nitrogen,6000,1.0,32500.0,24375.0,0.05,Steel
sheetMetalNestingCutRate,lookupTables/Component/sheetMetalNestingCutRate.csv,USA reference export,"PARTIAL - Family 15 (Stainless Steel) OxyFuel/Plasma Cut/Plasma Punch complete; Family 2 (Steel) Fiber Laser Cut in progress, stopped at Oxygen/1500W/5.00mm confirmed (6.00mm row flagged low-confidence, pierce time cut off).",2079,2,Fiber Laser Cut,Nitrogen,6000,1.5,30000.0,22500.0,0.06,Steel
sheetMetalNestingCutRate,lookupTables/Component/sheetMetalNestingCutRate.csv,USA reference export,"PARTIAL - Family 15 (Stainless Steel) OxyFuel/Plasma Cut/Plasma Punch complete; Family 2 (Steel) Fiber Laser Cut in progress, stopped at Oxygen/1500W/5.00mm confirmed (6.00mm row flagged low-confidence, pierce time cut off).",2079,2,Fiber Laser Cut,Nitrogen,6000,2.0,20000.0,15000.0,0.07,Steel
sheetMetalNestingCutRate,lookupTables/Component/sheetMetalNestingCutRate.csv,USA reference export,"PARTIAL - Family 15 (Stainless Steel) OxyFuel/Plasma Cut/Plasma Punch complete; Family 2 (Steel) Fiber Laser Cut in progress, stopped at Oxygen/1500W/5.00mm confirmed (6.00mm row flagged low-confidence, pierce time cut off).",2079,2,Fiber Laser Cut,Nitrogen,8000,0.5,42500.0,31875.0,0.03,Steel
sheetMetalNestingCutRate,lookupTables/Component/sheetMetalNestingCutRate.csv,USA reference export,"PARTIAL - Family 15 (Stainless Steel) OxyFuel/Plasma Cut/Plasma Punch complete; Family 2 (Steel) Fiber Laser Cut in progress, stopped at Oxygen/1500W/5.00mm confirmed (6.00mm row flagged low-confidence, pierce time cut off).",2079,2,Fiber Laser Cut,Nitrogen,8000,1.0,35000.0,26250.0,0.04,Steel
sheetMetalNestingCutRate,lookupTables/Component/sheetMetalNestingCutRate.csv,USA reference export,"PARTIAL - Family 15 (Stainless Steel) OxyFuel/Plasma Cut/Plasma Punch complete; Family 2 (Steel) Fiber Laser Cut in progress, stopped at Oxygen/1500W/5.00mm confirmed (6.00mm row flagged low-confidence, pierce time cut off).",2079,2,Fiber Laser Cut,Nitrogen,8000,1.5,32500.0,24375.0,0.04,Steel
sheetMetalNestingCutRate,lookupTables/Component/sheetMetalNestingCutRate.csv,USA reference export,"PARTIAL - Family 15 (Stainless Steel) OxyFuel/Plasma Cut/Plasma Punch complete; Family 2 (Steel) Fiber Laser Cut in progress, stopped at Oxygen/1500W/5.00mm confirmed (6.00mm row flagged low-confidence, pierce time cut off).",2079,2,Fiber Laser Cut,Nitrogen,8000,2.0,25000.0,18750.0,0.04,Steel
sheetMetalNestingCutRate,lookupTables/Component/sheetMetalNestingCutRate.csv,USA reference export,"PARTIAL - Family 15 (Stainless Steel) OxyFuel/Plasma Cut/Plasma Punch complete; Family 2 (Steel) Fiber Laser Cut in progress, stopped at Oxygen/1500W/5.00mm confirmed (6.00mm row flagged low-confidence, pierce time cut off).",2079,2,Fiber Laser Cut,Nitrogen,10000,0.5,45000.0,33750.0,0.03,Steel
sheetMetalNestingCutRate,lookupTables/Component/sheetMetalNestingCutRate.csv,USA reference export,"PARTIAL - Family 15 (Stainless Steel) OxyFuel/Plasma Cut/Plasma Punch complete; Family 2 (Steel) Fiber Laser Cut in progress, stopped at Oxygen/1500W/5.00mm confirmed (6.00mm row flagged low-confidence, pierce time cut off).",2079,2,Fiber Laser Cut,Nitrogen,10000,1.0,37500.0,28125.0,0.03,Steel
sheetMetalNestingCutRate,lookupTables/Component/sheetMetalNestingCutRate.csv,USA reference export,"PARTIAL - Family 15 (Stainless Steel) OxyFuel/Plasma Cut/Plasma Punch complete; Family 2 (Steel) Fiber Laser Cut in progress, stopped at Oxygen/1500W/5.00mm confirmed (6.00mm row flagged low-confidence, pierce time cut off).",2079,2,Fiber Laser Cut,Nitrogen,10000,1.5,35000.0,26250.0,0.03,Steel
sheetMetalNestingCutRate,lookupTables/Component/sheetMetalNestingCutRate.csv,USA reference export,"PARTIAL - Family 15 (Stainless Steel) OxyFuel/Plasma Cut/Plasma Punch complete; Family 2 (Steel) Fiber Laser Cut in progress, stopped at Oxygen/1500W/5.00mm confirmed (6.00mm row flagged low-confidence, pierce time cut off).",2079,2,Fiber Laser Cut,Nitrogen,10000,2.0,25000.0,18750.0,0.03,Steel
sheetMetalNestingCutRate,lookupTables/Component/sheetMetalNestingCutRate.csv,USA reference export,"PARTIAL - Family 15 (Stainless Steel) OxyFuel/Plasma Cut/Plasma Punch complete; Family 2 (Steel) Fiber Laser Cut in progress, stopped at Oxygen/1500W/5.00mm confirmed (6.00mm row flagged low-confidence, pierce time cut off).",2079,2,Fiber Laser Cut,Oxygen,500,0.5,10000.0,7500.0,0.14,Steel
sheetMetalNestingCutRate,lookupTables/Component/sheetMetalNestingCutRate.csv,USA reference export,"PARTIAL - Family 15 (Stainless Steel) OxyFuel/Plasma Cut/Plasma Punch complete; Family 2 (Steel) Fiber Laser Cut in progress, stopped at Oxygen/1500W/5.00mm confirmed (6.00mm row flagged low-confidence, pierce time cut off).",2079,2,Fiber Laser Cut,Oxygen,500,1.0,8000.0,6000.0,0.17,Steel
sheetMetalNestingCutRate,lookupTables/Component/sheetMetalNestingCutRate.csv,USA reference export,"PARTIAL - Family 15 (Stainless Steel) OxyFuel/Plasma Cut/Plasma Punch complete; Family 2 (Steel) Fiber Laser Cut in progress, stopped at Oxygen/1500W/5.00mm confirmed (6.00mm row flagged low-confidence, pierce time cut off).",2079,2,Fiber Laser Cut,Oxygen,500,1.5,5000.0,3750.0,0.19,Steel
sheetMetalNestingCutRate,lookupTables/Component/sheetMetalNestingCutRate.csv,USA reference export,"PARTIAL - Family 15 (Stainless Steel) OxyFuel/Plasma Cut/Plasma Punch complete; Family 2 (Steel) Fiber Laser Cut in progress, stopped at Oxygen/1500W/5.00mm confirmed (6.00mm row flagged low-confidence, pierce time cut off).",2079,2,Fiber Laser Cut,Oxygen,500,2.0,3375.0,2531.3,0.22,Steel
sheetMetalNestingCutRate,lookupTables/Component/sheetMetalNestingCutRate.csv,USA reference export,"PARTIAL - Family 15 (Stainless Steel) OxyFuel/Plasma Cut/Plasma Punch complete; Family 2 (Steel) Fiber Laser Cut in progress, stopped at Oxygen/1500W/5.00mm confirmed (6.00mm row flagged low-confidence, pierce time cut off).",2079,2,Fiber Laser Cut,Oxygen,500,3.0,2400.0,1800.0,0.3,Steel
sheetMetalNestingCutRate,lookupTables/Component/sheetMetalNestingCutRate.csv,USA reference export,"PARTIAL - Family 15 (Stainless Steel) OxyFuel/Plasma Cut/Plasma Punch complete; Family 2 (Steel) Fiber Laser Cut in progress, stopped at Oxygen/1500W/5.00mm confirmed (6.00mm row flagged low-confidence, pierce time cut off).",2079,2,Fiber Laser Cut,Oxygen,500,4.0,1400.0,1050.0,0.4,Steel
sheetMetalNestingCutRate,lookupTables/Component/sheetMetalNestingCutRate.csv,USA reference export,"PARTIAL - Family 15 (Stainless Steel) OxyFuel/Plasma Cut/Plasma Punch complete; Family 2 (Steel) Fiber Laser Cut in progress, stopped at Oxygen/1500W/5.00mm confirmed (6.00mm row flagged low-confidence, pierce time cut off).",2079,2,Fiber Laser Cut,Oxygen,500,5.0,1000.0,750.0,0.53,Steel
sheetMetalNestingCutRate,lookupTables/Component/sheetMetalNestingCutRate.csv,USA reference export,"PARTIAL - Family 15 (Stainless Steel) OxyFuel/Plasma Cut/Plasma Punch complete; Family 2 (Steel) Fiber Laser Cut in progress, stopped at Oxygen/1500W/5.00mm confirmed (6.00mm row flagged low-confidence, pierce time cut off).",2079,2,Fiber Laser Cut,Oxygen,500,6.4,750.0,562.5,0.71,Steel
sheetMetalNestingCutRate,lookupTables/Component/sheetMetalNestingCutRate.csv,USA reference export,"PARTIAL - Family 15 (Stainless Steel) OxyFuel/Plasma Cut/Plasma Punch complete; Family 2 (Steel) Fiber Laser Cut in progress, stopped at Oxygen/1500W/5.00mm confirmed (6.00mm row flagged low-confidence, pierce time cut off).",2079,2,Fiber Laser Cut,Oxygen,750,0.5,15000.0,11250.0,0.09,Steel
sheetMetalNestingCutRate,lookupTables/Component/sheetMetalNestingCutRate.csv,USA reference export,"PARTIAL - Family 15 (Stainless Steel) OxyFuel/Plasma Cut/Plasma Punch complete; Family 2 (Steel) Fiber Laser Cut in progress, stopped at Oxygen/1500W/5.00mm confirmed (6.00mm row flagged low-confidence, pierce time cut off).",2079,2,Fiber Laser Cut,Oxygen,750,1.0,11000.0,8250.0,0.1,Steel
sheetMetalNestingCutRate,lookupTables/Component/sheetMetalNestingCutRate.csv,USA reference export,"PARTIAL - Family 15 (Stainless Steel) OxyFuel/Plasma Cut/Plasma Punch complete; Family 2 (Steel) Fiber Laser Cut in progress, stopped at Oxygen/1500W/5.00mm confirmed (6.00mm row flagged low-confidence, pierce time cut off).",2079,2,Fiber Laser Cut,Oxygen,750,1.5,6000.0,4500.0,0.12,Steel
sheetMetalNestingCutRate,lookupTables/Component/sheetMetalNestingCutRate.csv,USA reference export,"PARTIAL - Family 15 (Stainless Steel) OxyFuel/Plasma Cut/Plasma Punch complete; Family 2 (Steel) Fiber Laser Cut in progress, stopped at Oxygen/1500W/5.00mm confirmed (6.00mm row flagged low-confidence, pierce time cut off).",2079,2,Fiber Laser Cut,Oxygen,750,2.0,4800.0,3600.0,0.14,Steel
sheetMetalNestingCutRate,lookupTables/Component/sheetMetalNestingCutRate.csv,USA reference export,"PARTIAL - Family 15 (Stainless Steel) OxyFuel/Plasma Cut/Plasma Punch complete; Family 2 (Steel) Fiber Laser Cut in progress, stopped at Oxygen/1500W/5.00mm confirmed (6.00mm row flagged low-confidence, pierce time cut off).",2079,2,Fiber Laser Cut,Oxygen,750,3.0,2600.0,1950.0,0.19,Steel
sheetMetalNestingCutRate,lookupTables/Component/sheetMetalNestingCutRate.csv,USA reference export,"PARTIAL - Family 15 (Stainless Steel) OxyFuel/Plasma Cut/Plasma Punch complete; Family 2 (Steel) Fiber Laser Cut in progress, stopped at Oxygen/1500W/5.00mm confirmed (6.00mm row flagged low-confidence, pierce time cut off).",2079,2,Fiber Laser Cut,Oxygen,750,4.0,2000.0,1500.0,0.26,Steel
sheetMetalNestingCutRate,lookupTables/Component/sheetMetalNestingCutRate.csv,USA reference export,"PARTIAL - Family 15 (Stainless Steel) OxyFuel/Plasma Cut/Plasma Punch complete; Family 2 (Steel) Fiber Laser Cut in progress, stopped at Oxygen/1500W/5.00mm confirmed (6.00mm row flagged low-confidence, pierce time cut off).",2079,2,Fiber Laser Cut,Oxygen,750,5.0,1500.0,1125.0,0.35,Steel
sheetMetalNestingCutRate,lookupTables/Component/sheetMetalNestingCutRate.csv,USA reference export,"PARTIAL - Family 15 (Stainless Steel) OxyFuel/Plasma Cut/Plasma Punch complete; Family 2 (Steel) Fiber Laser Cut in progress, stopped at Oxygen/1500W/5.00mm confirmed (6.00mm row flagged low-confidence, pierce time cut off).",2079,2,Fiber Laser Cut,Oxygen,750,6.4,1050.0,787.5,0.48,Steel
sheetMetalNestingCutRate,lookupTables/Component/sheetMetalNestingCutRate.csv,USA reference export,"PARTIAL - Family 15 (Stainless Steel) OxyFuel/Plasma Cut/Plasma Punch complete; Family 2 (Steel) Fiber Laser Cut in progress, stopped at Oxygen/1500W/5.00mm confirmed (6.00mm row flagged low-confidence, pierce time cut off).",2079,2,Fiber Laser Cut,Oxygen,1000,1.5,6250.0,4687.5,0.1,Steel
sheetMetalNestingCutRate,lookupTables/Component/sheetMetalNestingCutRate.csv,USA reference export,"PARTIAL - Family 15 (Stainless Steel) OxyFuel/Plasma Cut/Plasma Punch complete; Family 2 (Steel) Fiber Laser Cut in progress, stopped at Oxygen/1500W/5.00mm confirmed (6.00mm row flagged low-confidence, pierce time cut off).",2079,2,Fiber Laser Cut,Oxygen,1000,2.0,5015.0,3761.3,0.12,Steel
sheetMetalNestingCutRate,lookupTables/Component/sheetMetalNestingCutRate.csv,USA reference export,"PARTIAL - Family 15 (Stainless Steel) OxyFuel/Plasma Cut/Plasma Punch complete; Family 2 (Steel) Fiber Laser Cut in progress, stopped at Oxygen/1500W/5.00mm confirmed (6.00mm row flagged low-confidence, pierce time cut off).",2079,2,Fiber Laser Cut,Oxygen,1000,3.0,2950.0,2212.5,0.16,Steel
sheetMetalNestingCutRate,lookupTables/Component/sheetMetalNestingCutRate.csv,USA reference export,"PARTIAL - Family 15 (Stainless Steel) OxyFuel/Plasma Cut/Plasma Punch complete; Family 2 (Steel) Fiber Laser Cut in progress, stopped at Oxygen/1500W/5.00mm confirmed (6.00mm row flagged low-confidence, pierce time cut off).",2079,2,Fiber Laser Cut,Oxygen,1000,4.0,2150.0,1612.5,0.22,Steel
sheetMetalNestingCutRate,lookupTables/Component/sheetMetalNestingCutRate.csv,USA reference export,"PARTIAL - Family 15 (Stainless Steel) OxyFuel/Plasma Cut/Plasma Punch complete; Family 2 (Steel) Fiber Laser Cut in progress, stopped at Oxygen/1500W/5.00mm confirmed (6.00mm row flagged low-confidence, pierce time cut off).",2079,2,Fiber Laser Cut,Oxygen,1000,5.0,1688.0,1266.0,0.3,Steel
sheetMetalNestingCutRate,lookupTables/Component/sheetMetalNestingCutRate.csv,USA reference export,"PARTIAL - Family 15 (Stainless Steel) OxyFuel/Plasma Cut/Plasma Punch complete; Family 2 (Steel) Fiber Laser Cut in progress, stopped at Oxygen/1500W/5.00mm confirmed (6.00mm row flagged low-confidence, pierce time cut off).",2079,2,Fiber Laser Cut,Oxygen,1000,6.0,1400.0,1050.0,0.41,Steel
sheetMetalNestingCutRate,lookupTables/Component/sheetMetalNestingCutRate.csv,USA reference export,"PARTIAL - Family 15 (Stainless Steel) OxyFuel/Plasma Cut/Plasma Punch complete; Family 2 (Steel) Fiber Laser Cut in progress, stopped at Oxygen/1500W/5.00mm confirmed (6.00mm row flagged low-confidence, pierce time cut off).",2079,2,Fiber Laser Cut,Oxygen,1000,8.0,885.0,663.8,0.77,Steel
sheetMetalNestingCutRate,lookupTables/Component/sheetMetalNestingCutRate.csv,USA reference export,"PARTIAL - Family 15 (Stainless Steel) OxyFuel/Plasma Cut/Plasma Punch complete; Family 2 (Steel) Fiber Laser Cut in progress, stopped at Oxygen/1500W/5.00mm confirmed (6.00mm row flagged low-confidence, pierce time cut off).",2079,2,Fiber Laser Cut,Oxygen,1000,10.0,690.0,517.5,1.45,Steel
sheetMetalNestingCutRate,lookupTables/Component/sheetMetalNestingCutRate.csv,USA reference export,"PARTIAL - Family 15 (Stainless Steel) OxyFuel/Plasma Cut/Plasma Punch complete; Family 2 (Steel) Fiber Laser Cut in progress, stopped at Oxygen/1500W/5.00mm confirmed (6.00mm row flagged low-confidence, pierce time cut off).",2079,2,Fiber Laser Cut,Oxygen,1000,12.7,525.0,393.8,2.73,Steel
sheetMetalNestingCutRate,lookupTables/Component/sheetMetalNestingCutRate.csv,USA reference export,"PARTIAL - Family 15 (Stainless Steel) OxyFuel/Plasma Cut/Plasma Punch complete; Family 2 (Steel) Fiber Laser Cut in progress, stopped at Oxygen/1500W/5.00mm confirmed (6.00mm row flagged low-confidence, pierce time cut off).",2079,2,Fiber Laser Cut,Oxygen,1500,2.0,5350.0,4012.5,0.1,Steel
sheetMetalNestingCutRate,lookupTables/Component/sheetMetalNestingCutRate.csv,USA reference export,"PARTIAL - Family 15 (Stainless Steel) OxyFuel/Plasma Cut/Plasma Punch complete; Family 2 (Steel) Fiber Laser Cut in progress, stopped at Oxygen/1500W/5.00mm confirmed (6.00mm row flagged low-confidence, pierce time cut off).",2079,2,Fiber Laser Cut,Oxygen,1500,3.0,3650.0,2737.5,0.14,Steel
sheetMetalNestingCutRate,lookupTables/Component/sheetMetalNestingCutRate.csv,USA reference export,"PARTIAL - Family 15 (Stainless Steel) OxyFuel/Plasma Cut/Plasma Punch complete; Family 2 (Steel) Fiber Laser Cut in progress, stopped at Oxygen/1500W/5.00mm confirmed (6.00mm row flagged low-confidence, pierce time cut off).",2079,2,Fiber Laser Cut,Oxygen,1500,4.0,2625.0,1968.8,0.19,Steel
sheetMetalNestingCutRate,lookupTables/Component/sheetMetalNestingCutRate.csv,USA reference export,"PARTIAL - Family 15 (Stainless Steel) OxyFuel/Plasma Cut/Plasma Punch complete; Family 2 (Steel) Fiber Laser Cut in progress, stopped at Oxygen/1500W/5.00mm confirmed (6.00mm row flagged low-confidence, pierce time cut off).",2079,2,Fiber Laser Cut,Oxygen,1500,5.0,2125.0,1593.8,0.26,Steel
