digital_factory,object_type,category_path,table_name,file_path,data_quality_note,row_counts.Corobore 820,"row_counts.Sandvik Duobore, inserts pC14-C21","row_counts.Sandvik Fine Boring, inserts pC31",row_counts.total,tool_type,tool_series,material_cut_code_name,hardness,hardness_system,diameter_mm,corner_radius_mm,cutting_edge_length_mm,cutting_speed_m_min,depth_max_mm,feed_mm_rev,hole_tolerance_mm,specific_cutting_force_n_mm2,tool_life_min,tool_life_cost_usd,tool_teeth,DATA_GAP,note
USA reference export,Lookup Table,Machining > Lookup Tables,tblBoring,lookupTables/Component/tblBoring.csv,"This table was transcribed from 24 screenshots across two batches. Two genuine gaps exist in the source screenshots themselves (not introduced by this transcription): (1) Corobore 820, material code 20.12, diameter 237.0mm row was never captured. (2) Sandvik Duobore pC14-C21: the 270mm-diameter row for code 3.11, and all rows for codes 3.13, 3.2, 3.21, 3.22, 30.11, 30.12, and 30.21, were never captured (a scroll/screenshot gap between images). These are marked with DATA_GAP:true and a note field rather than filled with guessed values. Given the density and volume of this table (~365 data rows), spot-checking a sample against the original source CSV (lookupTables/Component/tblBoring.csv) is recommended before using this for production costing decisions.",182,511,273,966,Bore,Corobore 820,1.0,125,Brinell,35.0,0.4,9.5,172,52.5,0.6,0.06,2000,15,38.4,3.0,,
USA reference export,Lookup Table,Machining > Lookup Tables,tblBoring,lookupTables/Component/tblBoring.csv,"This table was transcribed from 24 screenshots across two batches. Two genuine gaps exist in the source screenshots themselves (not introduced by this transcription): (1) Corobore 820, material code 20.12, diameter 237.0mm row was never captured. (2) Sandvik Duobore pC14-C21: the 270mm-diameter row for code 3.11, and all rows for codes 3.13, 3.2, 3.21, 3.22, 30.11, 30.12, and 30.21, were never captured (a scroll/screenshot gap between images). These are marked with DATA_GAP:true and a note field rather than filled with guessed values. Given the density and volume of this table (~365 data rows), spot-checking a sample against the original source CSV (lookupTables/Component/tblBoring.csv) is recommended before using this for production costing decisions.",182,511,273,966,Bore,Corobore 820,1.0,125,Brinell,237.0,0.4,355.5,129,355.5,0.8,0.13,2000,15,38.4,3.0,,
USA reference export,Lookup Table,Machining > Lookup Tables,tblBoring,lookupTables/Component/tblBoring.csv,"This table was transcribed from 24 screenshots across two batches. Two genuine gaps exist in the source screenshots themselves (not introduced by this transcription): (1) Corobore 820, material code 20.12, diameter 237.0mm row was never captured. (2) Sandvik Duobore pC14-C21: the 270mm-diameter row for code 3.11, and all rows for codes 3.13, 3.2, 3.21, 3.22, 30.11, 30.12, and 30.21, were never captured (a scroll/screenshot gap between images). These are marked with DATA_GAP:true and a note field rather than filled with guessed values. Given the density and volume of this table (~365 data rows), spot-checking a sample against the original source CSV (lookupTables/Component/tblBoring.csv) is recommended before using this for production costing decisions.",182,511,273,966,Bore,Corobore 820,1.1,125,Brinell,35.0,0.4,9.5,160,52.5,0.6,0.06,2000,15,38.4,3.0,,
USA reference export,Lookup Table,Machining > Lookup Tables,tblBoring,lookupTables/Component/tblBoring.csv,"This table was transcribed from 24 screenshots across two batches. Two genuine gaps exist in the source screenshots themselves (not introduced by this transcription): (1) Corobore 820, material code 20.12, diameter 237.0mm row was never captured. (2) Sandvik Duobore pC14-C21: the 270mm-diameter row for code 3.11, and all rows for codes 3.13, 3.2, 3.21, 3.22, 30.11, 30.12, and 30.21, were never captured (a scroll/screenshot gap between images). These are marked with DATA_GAP:true and a note field rather than filled with guessed values. Given the density and volume of this table (~365 data rows), spot-checking a sample against the original source CSV (lookupTables/Component/tblBoring.csv) is recommended before using this for production costing decisions.",182,511,273,966,Bore,Corobore 820,1.1,125,Brinell,237.0,0.4,355.5,120,355.5,0.8,0.13,2000,15,38.4,3.0,,
USA reference export,Lookup Table,Machining > Lookup Tables,tblBoring,lookupTables/Component/tblBoring.csv,"This table was transcribed from 24 screenshots across two batches. Two genuine gaps exist in the source screenshots themselves (not introduced by this transcription): (1) Corobore 820, material code 20.12, diameter 237.0mm row was never captured. (2) Sandvik Duobore pC14-C21: the 270mm-diameter row for code 3.11, and all rows for codes 3.13, 3.2, 3.21, 3.22, 30.11, 30.12, and 30.21, were never captured (a scroll/screenshot gap between images). These are marked with DATA_GAP:true and a note field rather than filled with guessed values. Given the density and volume of this table (~365 data rows), spot-checking a sample against the original source CSV (lookupTables/Component/tblBoring.csv) is recommended before using this for production costing decisions.",182,511,273,966,Bore,Corobore 820,1.2,150,Brinell,35.0,0.4,9.5,136,52.5,1.05,0.06,2140,15,38.4,3.0,,
USA reference export,Lookup Table,Machining > Lookup Tables,tblBoring,lookupTables/Component/tblBoring.csv,"This table was transcribed from 24 screenshots across two batches. Two genuine gaps exist in the source screenshots themselves (not introduced by this transcription): (1) Corobore 820, material code 20.12, diameter 237.0mm row was never captured. (2) Sandvik Duobore pC14-C21: the 270mm-diameter row for code 3.11, and all rows for codes 3.13, 3.2, 3.21, 3.22, 30.11, 30.12, and 30.21, were never captured (a scroll/screenshot gap between images). These are marked with DATA_GAP:true and a note field rather than filled with guessed values. Given the density and volume of this table (~365 data rows), spot-checking a sample against the original source CSV (lookupTables/Component/tblBoring.csv) is recommended before using this for production costing decisions.",182,511,273,966,Bore,Corobore 820,1.2,150,Brinell,237.0,0.4,355.5,102,355.5,1.4,0.13,2140,15,38.4,3.0,,
USA reference export,Lookup Table,Machining > Lookup Tables,tblBoring,lookupTables/Component/tblBoring.csv,"This table was transcribed from 24 screenshots across two batches. Two genuine gaps exist in the source screenshots themselves (not introduced by this transcription): (1) Corobore 820, material code 20.12, diameter 237.0mm row was never captured. (2) Sandvik Duobore pC14-C21: the 270mm-diameter row for code 3.11, and all rows for codes 3.13, 3.2, 3.21, 3.22, 30.11, 30.12, and 30.21, were never captured (a scroll/screenshot gap between images). These are marked with DATA_GAP:true and a note field rather than filled with guessed values. Given the density and volume of this table (~365 data rows), spot-checking a sample against the original source CSV (lookupTables/Component/tblBoring.csv) is recommended before using this for production costing decisions.",182,511,273,966,Bore,Corobore 820,1.3,170,Brinell,35.0,0.4,9.5,124,52.5,1.05,0.06,2280,15,38.4,3.0,,
USA reference export,Lookup Table,Machining > Lookup Tables,tblBoring,lookupTables/Component/tblBoring.csv,"This table was transcribed from 24 screenshots across two batches. Two genuine gaps exist in the source screenshots themselves (not introduced by this transcription): (1) Corobore 820, material code 20.12, diameter 237.0mm row was never captured. (2) Sandvik Duobore pC14-C21: the 270mm-diameter row for code 3.11, and all rows for codes 3.13, 3.2, 3.21, 3.22, 30.11, 30.12, and 30.21, were never captured (a scroll/screenshot gap between images). These are marked with DATA_GAP:true and a note field rather than filled with guessed values. Given the density and volume of this table (~365 data rows), spot-checking a sample against the original source CSV (lookupTables/Component/tblBoring.csv) is recommended before using this for production costing decisions.",182,511,273,966,Bore,Corobore 820,1.3,170,Brinell,237.0,0.4,355.5,93,355.5,1.4,0.13,2280,15,38.4,3.0,,
USA reference export,Lookup Table,Machining > Lookup Tables,tblBoring,lookupTables/Component/tblBoring.csv,"This table was transcribed from 24 screenshots across two batches. Two genuine gaps exist in the source screenshots themselves (not introduced by this transcription): (1) Corobore 820, material code 20.12, diameter 237.0mm row was never captured. (2) Sandvik Duobore pC14-C21: the 270mm-diameter row for code 3.11, and all rows for codes 3.13, 3.2, 3.21, 3.22, 30.11, 30.12, and 30.21, were never captured (a scroll/screenshot gap between images). These are marked with DATA_GAP:true and a note field rather than filled with guessed values. Given the density and volume of this table (~365 data rows), spot-checking a sample against the original source CSV (lookupTables/Component/tblBoring.csv) is recommended before using this for production costing decisions.",182,511,273,966,Bore,Corobore 820,1.4,210,Brinell,35.0,0.4,9.5,124,52.5,1.05,0.06,2400,15,38.4,3.0,,
USA reference export,Lookup Table,Machining > Lookup Tables,tblBoring,lookupTables/Component/tblBoring.csv,"This table was transcribed from 24 screenshots across two batches. Two genuine gaps exist in the source screenshots themselves (not introduced by this transcription): (1) Corobore 820, material code 20.12, diameter 237.0mm row was never captured. (2) Sandvik Duobore pC14-C21: the 270mm-diameter row for code 3.11, and all rows for codes 3.13, 3.2, 3.21, 3.22, 30.11, 30.12, and 30.21, were never captured (a scroll/screenshot gap between images). These are marked with DATA_GAP:true and a note field rather than filled with guessed values. Given the density and volume of this table (~365 data rows), spot-checking a sample against the original source CSV (lookupTables/Component/tblBoring.csv) is recommended before using this for production costing decisions.",182,511,273,966,Bore,Corobore 820,1.4,210,Brinell,237.0,0.4,355.5,93,355.5,1.4,0.13,2400,15,38.4,3.0,,
USA reference export,Lookup Table,Machining > Lookup Tables,tblBoring,lookupTables/Component/tblBoring.csv,"This table was transcribed from 24 screenshots across two batches. Two genuine gaps exist in the source screenshots themselves (not introduced by this transcription): (1) Corobore 820, material code 20.12, diameter 237.0mm row was never captured. (2) Sandvik Duobore pC14-C21: the 270mm-diameter row for code 3.11, and all rows for codes 3.13, 3.2, 3.21, 3.22, 30.11, 30.12, and 30.21, were never captured (a scroll/screenshot gap between images). These are marked with DATA_GAP:true and a note field rather than filled with guessed values. Given the density and volume of this table (~365 data rows), spot-checking a sample against the original source CSV (lookupTables/Component/tblBoring.csv) is recommended before using this for production costing decisions.",182,511,273,966,Bore,Corobore 820,1.5,300,Brinell,35.0,0.4,9.5,101,52.5,1.05,0.06,2700,15,38.4,3.0,,
USA reference export,Lookup Table,Machining > Lookup Tables,tblBoring,lookupTables/Component/tblBoring.csv,"This table was transcribed from 24 screenshots across two batches. Two genuine gaps exist in the source screenshots themselves (not introduced by this transcription): (1) Corobore 820, material code 20.12, diameter 237.0mm row was never captured. (2) Sandvik Duobore pC14-C21: the 270mm-diameter row for code 3.11, and all rows for codes 3.13, 3.2, 3.21, 3.22, 30.11, 30.12, and 30.21, were never captured (a scroll/screenshot gap between images). These are marked with DATA_GAP:true and a note field rather than filled with guessed values. Given the density and volume of this table (~365 data rows), spot-checking a sample against the original source CSV (lookupTables/Component/tblBoring.csv) is recommended before using this for production costing decisions.",182,511,273,966,Bore,Corobore 820,1.5,300,Brinell,237.0,0.4,355.5,76,355.5,1.4,0.13,2700,15,38.4,3.0,,
USA reference export,Lookup Table,Machining > Lookup Tables,tblBoring,lookupTables/Component/tblBoring.csv,"This table was transcribed from 24 screenshots across two batches. Two genuine gaps exist in the source screenshots themselves (not introduced by this transcription): (1) Corobore 820, material code 20.12, diameter 237.0mm row was never captured. (2) Sandvik Duobore pC14-C21: the 270mm-diameter row for code 3.11, and all rows for codes 3.13, 3.2, 3.21, 3.22, 30.11, 30.12, and 30.21, were never captured (a scroll/screenshot gap between images). These are marked with DATA_GAP:true and a note field rather than filled with guessed values. Given the density and volume of this table (~365 data rows), spot-checking a sample against the original source CSV (lookupTables/Component/tblBoring.csv) is recommended before using this for production costing decisions.",182,511,273,966,Bore,Corobore 820,10.0,400,Brinell,35.0,0.4,9.5,67,52.5,0.975,0.06,2740,15,38.4,3.0,,
USA reference export,Lookup Table,Machining > Lookup Tables,tblBoring,lookupTables/Component/tblBoring.csv,"This table was transcribed from 24 screenshots across two batches. Two genuine gaps exist in the source screenshots themselves (not introduced by this transcription): (1) Corobore 820, material code 20.12, diameter 237.0mm row was never captured. (2) Sandvik Duobore pC14-C21: the 270mm-diameter row for code 3.11, and all rows for codes 3.13, 3.2, 3.21, 3.22, 30.11, 30.12, and 30.21, were never captured (a scroll/screenshot gap between images). These are marked with DATA_GAP:true and a note field rather than filled with guessed values. Given the density and volume of this table (~365 data rows), spot-checking a sample against the original source CSV (lookupTables/Component/tblBoring.csv) is recommended before using this for production costing decisions.",182,511,273,966,Bore,Corobore 820,10.0,400,Brinell,237.0,0.4,355.5,50,355.5,1.3,0.13,2740,15,38.4,3.0,,
USA reference export,Lookup Table,Machining > Lookup Tables,tblBoring,lookupTables/Component/tblBoring.csv,"This table was transcribed from 24 screenshots across two batches. Two genuine gaps exist in the source screenshots themselves (not introduced by this transcription): (1) Corobore 820, material code 20.12, diameter 237.0mm row was never captured. (2) Sandvik Duobore pC14-C21: the 270mm-diameter row for code 3.11, and all rows for codes 3.13, 3.2, 3.21, 3.22, 30.11, 30.12, and 30.21, were never captured (a scroll/screenshot gap between images). These are marked with DATA_GAP:true and a note field rather than filled with guessed values. Given the density and volume of this table (~365 data rows), spot-checking a sample against the original source CSV (lookupTables/Component/tblBoring.csv) is recommended before using this for production costing decisions.",182,511,273,966,Bore,Corobore 820,10.1,400,Brinell,35.0,0.4,9.5,32,52.5,0.975,0.06,3160,15,38.4,3.0,,
USA reference export,Lookup Table,Machining > Lookup Tables,tblBoring,lookupTables/Component/tblBoring.csv,"This table was transcribed from 24 screenshots across two batches. Two genuine gaps exist in the source screenshots themselves (not introduced by this transcription): (1) Corobore 820, material code 20.12, diameter 237.0mm row was never captured. (2) Sandvik Duobore pC14-C21: the 270mm-diameter row for code 3.11, and all rows for codes 3.13, 3.2, 3.21, 3.22, 30.11, 30.12, and 30.21, were never captured (a scroll/screenshot gap between images). These are marked with DATA_GAP:true and a note field rather than filled with guessed values. Given the density and volume of this table (~365 data rows), spot-checking a sample against the original source CSV (lookupTables/Component/tblBoring.csv) is recommended before using this for production costing decisions.",182,511,273,966,Bore,Corobore 820,10.1,400,Brinell,237.0,0.4,355.5,24,355.5,1.3,0.13,3160,15,38.4,3.0,,
USA reference export,Lookup Table,Machining > Lookup Tables,tblBoring,lookupTables/Component/tblBoring.csv,"This table was transcribed from 24 screenshots across two batches. Two genuine gaps exist in the source screenshots themselves (not introduced by this transcription): (1) Corobore 820, material code 20.12, diameter 237.0mm row was never captured. (2) Sandvik Duobore pC14-C21: the 270mm-diameter row for code 3.11, and all rows for codes 3.13, 3.2, 3.21, 3.22, 30.11, 30.12, and 30.21, were never captured (a scroll/screenshot gap between images). These are marked with DATA_GAP:true and a note field rather than filled with guessed values. Given the density and volume of this table (~365 data rows), spot-checking a sample against the original source CSV (lookupTables/Component/tblBoring.csv) is recommended before using this for production costing decisions.",182,511,273,966,Bore,Corobore 820,15.11,200,Brinell,35.0,0.4,9.5,109,52.5,1.4,0.06,2280,15,38.4,3.0,,
USA reference export,Lookup Table,Machining > Lookup Tables,tblBoring,lookupTables/Component/tblBoring.csv,"This table was transcribed from 24 screenshots across two batches. Two genuine gaps exist in the source screenshots themselves (not introduced by this transcription): (1) Corobore 820, material code 20.12, diameter 237.0mm row was never captured. (2) Sandvik Duobore pC14-C21: the 270mm-diameter row for code 3.11, and all rows for codes 3.13, 3.2, 3.21, 3.22, 30.11, 30.12, and 30.21, were never captured (a scroll/screenshot gap between images). These are marked with DATA_GAP:true and a note field rather than filled with guessed values. Given the density and volume of this table (~365 data rows), spot-checking a sample against the original source CSV (lookupTables/Component/tblBoring.csv) is recommended before using this for production costing decisions.",182,511,273,966,Bore,Corobore 820,15.11,200,Brinell,237.0,0.4,355.5,82,355.5,1.4,0.13,2280,15,38.4,3.0,,
USA reference export,Lookup Table,Machining > Lookup Tables,tblBoring,lookupTables/Component/tblBoring.csv,"This table was transcribed from 24 screenshots across two batches. Two genuine gaps exist in the source screenshots themselves (not introduced by this transcription): (1) Corobore 820, material code 20.12, diameter 237.0mm row was never captured. (2) Sandvik Duobore pC14-C21: the 270mm-diameter row for code 3.11, and all rows for codes 3.13, 3.2, 3.21, 3.22, 30.11, 30.12, and 30.21, were never captured (a scroll/screenshot gap between images). These are marked with DATA_GAP:true and a note field rather than filled with guessed values. Given the density and volume of this table (~365 data rows), spot-checking a sample against the original source CSV (lookupTables/Component/tblBoring.csv) is recommended before using this for production costing decisions.",182,511,273,966,Bore,Corobore 820,15.12,330,Brinell,35.0,0.4,9.5,78,52.5,1.05,0.06,3340,15,38.4,3.0,,
USA reference export,Lookup Table,Machining > Lookup Tables,tblBoring,lookupTables/Component/tblBoring.csv,"This table was transcribed from 24 screenshots across two batches. Two genuine gaps exist in the source screenshots themselves (not introduced by this transcription): (1) Corobore 820, material code 20.12, diameter 237.0mm row was never captured. (2) Sandvik Duobore pC14-C21: the 270mm-diameter row for code 3.11, and all rows for codes 3.13, 3.2, 3.21, 3.22, 30.11, 30.12, and 30.21, were never captured (a scroll/screenshot gap between images). These are marked with DATA_GAP:true and a note field rather than filled with guessed values. Given the density and volume of this table (~365 data rows), spot-checking a sample against the original source CSV (lookupTables/Component/tblBoring.csv) is recommended before using this for production costing decisions.",182,511,273,966,Bore,Corobore 820,15.12,330,Brinell,237.0,0.4,355.5,59,355.5,1.4,0.13,3340,15,38.4,3.0,,
USA reference export,Lookup Table,Machining > Lookup Tables,tblBoring,lookupTables/Component/tblBoring.csv,"This table was transcribed from 24 screenshots across two batches. Two genuine gaps exist in the source screenshots themselves (not introduced by this transcription): (1) Corobore 820, material code 20.12, diameter 237.0mm row was never captured. (2) Sandvik Duobore pC14-C21: the 270mm-diameter row for code 3.11, and all rows for codes 3.13, 3.2, 3.21, 3.22, 30.11, 30.12, and 30.21, were never captured (a scroll/screenshot gap between images). These are marked with DATA_GAP:true and a note field rather than filled with guessed values. Given the density and volume of this table (~365 data rows), spot-checking a sample against the original source CSV (lookupTables/Component/tblBoring.csv) is recommended before using this for production costing decisions.",182,511,273,966,Bore,Corobore 820,15.13,330,Brinell,35.0,0.4,9.5,82,52.5,1.05,0.06,2800,15,38.4,3.0,,
USA reference export,Lookup Table,Machining > Lookup Tables,tblBoring,lookupTables/Component/tblBoring.csv,"This table was transcribed from 24 screenshots across two batches. Two genuine gaps exist in the source screenshots themselves (not introduced by this transcription): (1) Corobore 820, material code 20.12, diameter 237.0mm row was never captured. (2) Sandvik Duobore pC14-C21: the 270mm-diameter row for code 3.11, and all rows for codes 3.13, 3.2, 3.21, 3.22, 30.11, 30.12, and 30.21, were never captured (a scroll/screenshot gap between images). These are marked with DATA_GAP:true and a note field rather than filled with guessed values. Given the density and volume of this table (~365 data rows), spot-checking a sample against the original source CSV (lookupTables/Component/tblBoring.csv) is recommended before using this for production costing decisions.",182,511,273,966,Bore,Corobore 820,15.13,330,Brinell,237.0,0.4,355.5,61,355.5,1.4,0.13,2800,15,38.4,3.0,,
USA reference export,Lookup Table,Machining > Lookup Tables,tblBoring,lookupTables/Component/tblBoring.csv,"This table was transcribed from 24 screenshots across two batches. Two genuine gaps exist in the source screenshots themselves (not introduced by this transcription): (1) Corobore 820, material code 20.12, diameter 237.0mm row was never captured. (2) Sandvik Duobore pC14-C21: the 270mm-diameter row for code 3.11, and all rows for codes 3.13, 3.2, 3.21, 3.22, 30.11, 30.12, and 30.21, were never captured (a scroll/screenshot gap between images). These are marked with DATA_GAP:true and a note field rather than filled with guessed values. Given the density and volume of this table (~365 data rows), spot-checking a sample against the original source CSV (lookupTables/Component/tblBoring.csv) is recommended before using this for production costing decisions.",182,511,273,966,Bore,Corobore 820,15.21,200,Brinell,35.0,0.4,9.5,65,52.5,0.9,0.06,2420,15,38.4,3.0,,
USA reference export,Lookup Table,Machining > Lookup Tables,tblBoring,lookupTables/Component/tblBoring.csv,"This table was transcribed from 24 screenshots across two batches. Two genuine gaps exist in the source screenshots themselves (not introduced by this transcription): (1) Corobore 820, material code 20.12, diameter 237.0mm row was never captured. (2) Sandvik Duobore pC14-C21: the 270mm-diameter row for code 3.11, and all rows for codes 3.13, 3.2, 3.21, 3.22, 30.11, 30.12, and 30.21, were never captured (a scroll/screenshot gap between images). These are marked with DATA_GAP:true and a note field rather than filled with guessed values. Given the density and volume of this table (~365 data rows), spot-checking a sample against the original source CSV (lookupTables/Component/tblBoring.csv) is recommended before using this for production costing decisions.",182,511,273,966,Bore,Corobore 820,15.21,200,Brinell,237.0,0.4,355.5,49,355.5,1.2,0.13,2420,15,38.4,3.0,,
USA reference export,Lookup Table,Machining > Lookup Tables,tblBoring,lookupTables/Component/tblBoring.csv,"This table was transcribed from 24 screenshots across two batches. Two genuine gaps exist in the source screenshots themselves (not introduced by this transcription): (1) Corobore 820, material code 20.12, diameter 237.0mm row was never captured. (2) Sandvik Duobore pC14-C21: the 270mm-diameter row for code 3.11, and all rows for codes 3.13, 3.2, 3.21, 3.22, 30.11, 30.12, and 30.21, were never captured (a scroll/screenshot gap between images). These are marked with DATA_GAP:true and a note field rather than filled with guessed values. Given the density and volume of this table (~365 data rows), spot-checking a sample against the original source CSV (lookupTables/Component/tblBoring.csv) is recommended before using this for production costing decisions.",182,511,273,966,Bore,Corobore 820,15.22,330,Brinell,35.0,0.4,9.5,59,52.5,0.9,0.06,3340,15,38.4,3.0,,
USA reference export,Lookup Table,Machining > Lookup Tables,tblBoring,lookupTables/Component/tblBoring.csv,"This table was transcribed from 24 screenshots across two batches. Two genuine gaps exist in the source screenshots themselves (not introduced by this transcription): (1) Corobore 820, material code 20.12, diameter 237.0mm row was never captured. (2) Sandvik Duobore pC14-C21: the 270mm-diameter row for code 3.11, and all rows for codes 3.13, 3.2, 3.21, 3.22, 30.11, 30.12, and 30.21, were never captured (a scroll/screenshot gap between images). These are marked with DATA_GAP:true and a note field rather than filled with guessed values. Given the density and volume of this table (~365 data rows), spot-checking a sample against the original source CSV (lookupTables/Component/tblBoring.csv) is recommended before using this for production costing decisions.",182,511,273,966,Bore,Corobore 820,15.22,330,Brinell,237.0,0.4,355.5,44,355.5,1.2,0.13,3340,15,38.4,3.0,,
USA reference export,Lookup Table,Machining > Lookup Tables,tblBoring,lookupTables/Component/tblBoring.csv,"This table was transcribed from 24 screenshots across two batches. Two genuine gaps exist in the source screenshots themselves (not introduced by this transcription): (1) Corobore 820, material code 20.12, diameter 237.0mm row was never captured. (2) Sandvik Duobore pC14-C21: the 270mm-diameter row for code 3.11, and all rows for codes 3.13, 3.2, 3.21, 3.22, 30.11, 30.12, and 30.21, were never captured (a scroll/screenshot gap between images). These are marked with DATA_GAP:true and a note field rather than filled with guessed values. Given the density and volume of this table (~365 data rows), spot-checking a sample against the original source CSV (lookupTables/Component/tblBoring.csv) is recommended before using this for production costing decisions.",182,511,273,966,Bore,Corobore 820,15.23,330,Brinell,35.0,0.4,9.5,44,52.5,0.9,0.06,2700,15,38.4,3.0,,
USA reference export,Lookup Table,Machining > Lookup Tables,tblBoring,lookupTables/Component/tblBoring.csv,"This table was transcribed from 24 screenshots across two batches. Two genuine gaps exist in the source screenshots themselves (not introduced by this transcription): (1) Corobore 820, material code 20.12, diameter 237.0mm row was never captured. (2) Sandvik Duobore pC14-C21: the 270mm-diameter row for code 3.11, and all rows for codes 3.13, 3.2, 3.21, 3.22, 30.11, 30.12, and 30.21, were never captured (a scroll/screenshot gap between images). These are marked with DATA_GAP:true and a note field rather than filled with guessed values. Given the density and volume of this table (~365 data rows), spot-checking a sample against the original source CSV (lookupTables/Component/tblBoring.csv) is recommended before using this for production costing decisions.",182,511,273,966,Bore,Corobore 820,15.23,330,Brinell,237.0,0.4,355.5,44,355.5,1.2,0.13,2700,15,38.4,3.0,,
USA reference export,Lookup Table,Machining > Lookup Tables,tblBoring,lookupTables/Component/tblBoring.csv,"This table was transcribed from 24 screenshots across two batches. Two genuine gaps exist in the source screenshots themselves (not introduced by this transcription): (1) Corobore 820, material code 20.12, diameter 237.0mm row was never captured. (2) Sandvik Duobore pC14-C21: the 270mm-diameter row for code 3.11, and all rows for codes 3.13, 3.2, 3.21, 3.22, 30.11, 30.12, and 30.21, were never captured (a scroll/screenshot gap between images). These are marked with DATA_GAP:true and a note field rather than filled with guessed values. Given the density and volume of this table (~365 data rows), spot-checking a sample against the original source CSV (lookupTables/Component/tblBoring.csv) is recommended before using this for production costing decisions.",182,511,273,966,Bore,Corobore 820,15.51,230,Brinell,35.0,0.4,9.5,94,52.5,0.375,0.06,2420,15,38.4,3.0,,
USA reference export,Lookup Table,Machining > Lookup Tables,tblBoring,lookupTables/Component/tblBoring.csv,"This table was transcribed from 24 screenshots across two batches. Two genuine gaps exist in the source screenshots themselves (not introduced by this transcription): (1) Corobore 820, material code 20.12, diameter 237.0mm row was never captured. (2) Sandvik Duobore pC14-C21: the 270mm-diameter row for code 3.11, and all rows for codes 3.13, 3.2, 3.21, 3.22, 30.11, 30.12, and 30.21, were never captured (a scroll/screenshot gap between images). These are marked with DATA_GAP:true and a note field rather than filled with guessed values. Given the density and volume of this table (~365 data rows), spot-checking a sample against the original source CSV (lookupTables/Component/tblBoring.csv) is recommended before using this for production costing decisions.",182,511,273,966,Bore,Corobore 820,15.51,230,Brinell,237.0,0.4,355.5,71,355.5,0.5,0.13,2420,15,38.4,3.0,,
USA reference export,Lookup Table,Machining > Lookup Tables,tblBoring,lookupTables/Component/tblBoring.csv,"This table was transcribed from 24 screenshots across two batches. Two genuine gaps exist in the source screenshots themselves (not introduced by this transcription): (1) Corobore 820, material code 20.12, diameter 237.0mm row was never captured. (2) Sandvik Duobore pC14-C21: the 270mm-diameter row for code 3.11, and all rows for codes 3.13, 3.2, 3.21, 3.22, 30.11, 30.12, and 30.21, were never captured (a scroll/screenshot gap between images). These are marked with DATA_GAP:true and a note field rather than filled with guessed values. Given the density and volume of this table (~365 data rows), spot-checking a sample against the original source CSV (lookupTables/Component/tblBoring.csv) is recommended before using this for production costing decisions.",182,511,273,966,Bore,Corobore 820,15.52,260,Brinell,35.0,0.4,9.5,95,52.5,0.375,0.06,2940,15,38.4,3.0,,
USA reference export,Lookup Table,Machining > Lookup Tables,tblBoring,lookupTables/Component/tblBoring.csv,"This table was transcribed from 24 screenshots across two batches. Two genuine gaps exist in the source screenshots themselves (not introduced by this transcription): (1) Corobore 820, material code 20.12, diameter 237.0mm row was never captured. (2) Sandvik Duobore pC14-C21: the 270mm-diameter row for code 3.11, and all rows for codes 3.13, 3.2, 3.21, 3.22, 30.11, 30.12, and 30.21, were never captured (a scroll/screenshot gap between images). These are marked with DATA_GAP:true and a note field rather than filled with guessed values. Given the density and volume of this table (~365 data rows), spot-checking a sample against the original source CSV (lookupTables/Component/tblBoring.csv) is recommended before using this for production costing decisions.",182,511,273,966,Bore,Corobore 820,15.52,260,Brinell,237.0,0.4,355.5,71,355.5,0.5,0.13,2940,15,38.4,3.0,,
USA reference export,Lookup Table,Machining > Lookup Tables,tblBoring,lookupTables/Component/tblBoring.csv,"This table was transcribed from 24 screenshots across two batches. Two genuine gaps exist in the source screenshots themselves (not introduced by this transcription): (1) Corobore 820, material code 20.12, diameter 237.0mm row was never captured. (2) Sandvik Duobore pC14-C21: the 270mm-diameter row for code 3.11, and all rows for codes 3.13, 3.2, 3.21, 3.22, 30.11, 30.12, and 30.21, were never captured (a scroll/screenshot gap between images). These are marked with DATA_GAP:true and a note field rather than filled with guessed values. Given the density and volume of this table (~365 data rows), spot-checking a sample against the original source CSV (lookupTables/Component/tblBoring.csv) is recommended before using this for production costing decisions.",182,511,273,966,Bore,Corobore 820,2.1,180,Brinell,35.0,0.4,9.5,130,52.5,0.9,0.06,2280,15,38.4,3.0,,
USA reference export,Lookup Table,Machining > Lookup Tables,tblBoring,lookupTables/Component/tblBoring.csv,"This table was transcribed from 24 screenshots across two batches. Two genuine gaps exist in the source screenshots themselves (not introduced by this transcription): (1) Corobore 820, material code 20.12, diameter 237.0mm row was never captured. (2) Sandvik Duobore pC14-C21: the 270mm-diameter row for code 3.11, and all rows for codes 3.13, 3.2, 3.21, 3.22, 30.11, 30.12, and 30.21, were never captured (a scroll/screenshot gap between images). These are marked with DATA_GAP:true and a note field rather than filled with guessed values. Given the density and volume of this table (~365 data rows), spot-checking a sample against the original source CSV (lookupTables/Component/tblBoring.csv) is recommended before using this for production costing decisions.",182,511,273,966,Bore,Corobore 820,2.1,180,Brinell,237.0,0.4,355.5,98,355.5,1.2,0.13,2280,15,38.4,3.0,,
USA reference export,Lookup Table,Machining > Lookup Tables,tblBoring,lookupTables/Component/tblBoring.csv,"This table was transcribed from 24 screenshots across two batches. Two genuine gaps exist in the source screenshots themselves (not introduced by this transcription): (1) Corobore 820, material code 20.12, diameter 237.0mm row was never captured. (2) Sandvik Duobore pC14-C21: the 270mm-diameter row for code 3.11, and all rows for codes 3.13, 3.2, 3.21, 3.22, 30.11, 30.12, and 30.21, were never captured (a scroll/screenshot gap between images). These are marked with DATA_GAP:true and a note field rather than filled with guessed values. Given the density and volume of this table (~365 data rows), spot-checking a sample against the original source CSV (lookupTables/Component/tblBoring.csv) is recommended before using this for production costing decisions.",182,511,273,966,Bore,Corobore 820,2.12,210,Brinell,35.0,0.4,9.5,124,52.5,0.9,0.06,2300,15,38.4,3.0,,
USA reference export,Lookup Table,Machining > Lookup Tables,tblBoring,lookupTables/Component/tblBoring.csv,"This table was transcribed from 24 screenshots across two batches. Two genuine gaps exist in the source screenshots themselves (not introduced by this transcription): (1) Corobore 820, material code 20.12, diameter 237.0mm row was never captured. (2) Sandvik Duobore pC14-C21: the 270mm-diameter row for code 3.11, and all rows for codes 3.13, 3.2, 3.21, 3.22, 30.11, 30.12, and 30.21, were never captured (a scroll/screenshot gap between images). These are marked with DATA_GAP:true and a note field rather than filled with guessed values. Given the density and volume of this table (~365 data rows), spot-checking a sample against the original source CSV (lookupTables/Component/tblBoring.csv) is recommended before using this for production costing decisions.",182,511,273,966,Bore,Corobore 820,2.12,210,Brinell,237.0,0.4,355.5,93,355.5,1.2,0.13,2300,15,38.4,3.0,,
USA reference export,Lookup Table,Machining > Lookup Tables,tblBoring,lookupTables/Component/tblBoring.csv,"This table was transcribed from 24 screenshots across two batches. Two genuine gaps exist in the source screenshots themselves (not introduced by this transcription): (1) Corobore 820, material code 20.12, diameter 237.0mm row was never captured. (2) Sandvik Duobore pC14-C21: the 270mm-diameter row for code 3.11, and all rows for codes 3.13, 3.2, 3.21, 3.22, 30.11, 30.12, and 30.21, were never captured (a scroll/screenshot gap between images). These are marked with DATA_GAP:true and a note field rather than filled with guessed values. Given the density and volume of this table (~365 data rows), spot-checking a sample against the original source CSV (lookupTables/Component/tblBoring.csv) is recommended before using this for production costing decisions.",182,511,273,966,Bore,Corobore 820,2.2,330,Brinell,35.0,0.4,9.5,101,52.5,1.05,0.06,2660,15,38.4,3.0,,
USA reference export,Lookup Table,Machining > Lookup Tables,tblBoring,lookupTables/Component/tblBoring.csv,"This table was transcribed from 24 screenshots across two batches. Two genuine gaps exist in the source screenshots themselves (not introduced by this transcription): (1) Corobore 820, material code 20.12, diameter 237.0mm row was never captured. (2) Sandvik Duobore pC14-C21: the 270mm-diameter row for code 3.11, and all rows for codes 3.13, 3.2, 3.21, 3.22, 30.11, 30.12, and 30.21, were never captured (a scroll/screenshot gap between images). These are marked with DATA_GAP:true and a note field rather than filled with guessed values. Given the density and volume of this table (~365 data rows), spot-checking a sample against the original source CSV (lookupTables/Component/tblBoring.csv) is recommended before using this for production costing decisions.",182,511,273,966,Bore,Corobore 820,2.2,330,Brinell,237.0,0.4,355.5,76,355.5,1.4,0.13,2660,15,38.4,3.0,,
USA reference export,Lookup Table,Machining > Lookup Tables,tblBoring,lookupTables/Component/tblBoring.csv,"This table was transcribed from 24 screenshots across two batches. Two genuine gaps exist in the source screenshots themselves (not introduced by this transcription): (1) Corobore 820, material code 20.12, diameter 237.0mm row was never captured. (2) Sandvik Duobore pC14-C21: the 270mm-diameter row for code 3.11, and all rows for codes 3.13, 3.2, 3.21, 3.22, 30.11, 30.12, and 30.21, were never captured (a scroll/screenshot gap between images). These are marked with DATA_GAP:true and a note field rather than filled with guessed values. Given the density and volume of this table (~365 data rows), spot-checking a sample against the original source CSV (lookupTables/Component/tblBoring.csv) is recommended before using this for production costing decisions.",182,511,273,966,Bore,Corobore 820,20.11,200,Brinell,35.0,0.4,9.5,19,52.5,0.675,0.06,3200,15,38.4,3.0,,
USA reference export,Lookup Table,Machining > Lookup Tables,tblBoring,lookupTables/Component/tblBoring.csv,"This table was transcribed from 24 screenshots across two batches. Two genuine gaps exist in the source screenshots themselves (not introduced by this transcription): (1) Corobore 820, material code 20.12, diameter 237.0mm row was never captured. (2) Sandvik Duobore pC14-C21: the 270mm-diameter row for code 3.11, and all rows for codes 3.13, 3.2, 3.21, 3.22, 30.11, 30.12, and 30.21, were never captured (a scroll/screenshot gap between images). These are marked with DATA_GAP:true and a note field rather than filled with guessed values. Given the density and volume of this table (~365 data rows), spot-checking a sample against the original source CSV (lookupTables/Component/tblBoring.csv) is recommended before using this for production costing decisions.",182,511,273,966,Bore,Corobore 820,20.11,200,Brinell,237.0,0.4,355.5,14,355.5,0.9,0.13,3200,15,38.4,3.0,,
USA reference export,Lookup Table,Machining > Lookup Tables,tblBoring,lookupTables/Component/tblBoring.csv,"This table was transcribed from 24 screenshots across two batches. Two genuine gaps exist in the source screenshots themselves (not introduced by this transcription): (1) Corobore 820, material code 20.12, diameter 237.0mm row was never captured. (2) Sandvik Duobore pC14-C21: the 270mm-diameter row for code 3.11, and all rows for codes 3.13, 3.2, 3.21, 3.22, 30.11, 30.12, and 30.21, were never captured (a scroll/screenshot gap between images). These are marked with DATA_GAP:true and a note field rather than filled with guessed values. Given the density and volume of this table (~365 data rows), spot-checking a sample against the original source CSV (lookupTables/Component/tblBoring.csv) is recommended before using this for production costing decisions.",182,511,273,966,Bore,Corobore 820,20.12,280,Brinell,35.0,0.4,9.5,17,52.5,0.9,0.06,3340,15,38.4,3.0,,
USA reference export,Lookup Table,Machining > Lookup Tables,tblBoring,lookupTables/Component/tblBoring.csv,"This table was transcribed from 24 screenshots across two batches. Two genuine gaps exist in the source screenshots themselves (not introduced by this transcription): (1) Corobore 820, material code 20.12, diameter 237.0mm row was never captured. (2) Sandvik Duobore pC14-C21: the 270mm-diameter row for code 3.11, and all rows for codes 3.13, 3.2, 3.21, 3.22, 30.11, 30.12, and 30.21, were never captured (a scroll/screenshot gap between images). These are marked with DATA_GAP:true and a note field rather than filled with guessed values. Given the density and volume of this table (~365 data rows), spot-checking a sample against the original source CSV (lookupTables/Component/tblBoring.csv) is recommended before using this for production costing decisions.",182,511,273,966,Bore,Corobore 820,20.12,280,Brinell,237.0,,,,,,,,,,,True,Row not captured in any provided screenshot (gap between screenshots). Not fabricated - verify against source.
USA reference export,Lookup Table,Machining > Lookup Tables,tblBoring,lookupTables/Component/tblBoring.csv,"This table was transcribed from 24 screenshots across two batches. Two genuine gaps exist in the source screenshots themselves (not introduced by this transcription): (1) Corobore 820, material code 20.12, diameter 237.0mm row was never captured. (2) Sandvik Duobore pC14-C21: the 270mm-diameter row for code 3.11, and all rows for codes 3.13, 3.2, 3.21, 3.22, 30.11, 30.12, and 30.21, were never captured (a scroll/screenshot gap between images). These are marked with DATA_GAP:true and a note field rather than filled with guessed values. Given the density and volume of this table (~365 data rows), spot-checking a sample against the original source CSV (lookupTables/Component/tblBoring.csv) is recommended before using this for production costing decisions.",182,511,273,966,Bore,Corobore 820,20.21,250,Brinell,35.0,0.4,9.5,30,52.5,0.6,0.06,3540,15,38.4,3.0,,
USA reference export,Lookup Table,Machining > Lookup Tables,tblBoring,lookupTables/Component/tblBoring.csv,"This table was transcribed from 24 screenshots across two batches. Two genuine gaps exist in the source screenshots themselves (not introduced by this transcription): (1) Corobore 820, material code 20.12, diameter 237.0mm row was never captured. (2) Sandvik Duobore pC14-C21: the 270mm-diameter row for code 3.11, and all rows for codes 3.13, 3.2, 3.21, 3.22, 30.11, 30.12, and 30.21, were never captured (a scroll/screenshot gap between images). These are marked with DATA_GAP:true and a note field rather than filled with guessed values. Given the density and volume of this table (~365 data rows), spot-checking a sample against the original source CSV (lookupTables/Component/tblBoring.csv) is recommended before using this for production costing decisions.",182,511,273,966,Bore,Corobore 820,20.21,250,Brinell,237.0,0.4,355.5,22,355.5,0.8,0.13,3540,15,38.4,3.0,,
USA reference export,Lookup Table,Machining > Lookup Tables,tblBoring,lookupTables/Component/tblBoring.csv,"This table was transcribed from 24 screenshots across two batches. Two genuine gaps exist in the source screenshots themselves (not introduced by this transcription): (1) Corobore 820, material code 20.12, diameter 237.0mm row was never captured. (2) Sandvik Duobore pC14-C21: the 270mm-diameter row for code 3.11, and all rows for codes 3.13, 3.2, 3.21, 3.22, 30.11, 30.12, and 30.21, were never captured (a scroll/screenshot gap between images). These are marked with DATA_GAP:true and a note field rather than filled with guessed values. Given the density and volume of this table (~365 data rows), spot-checking a sample against the original source CSV (lookupTables/Component/tblBoring.csv) is recommended before using this for production costing decisions.",182,511,273,966,Bore,Corobore 820,20.22,350,Brinell,35.0,0.4,9.5,30,52.5,0.6,0.06,3860,15,38.4,3.0,,
USA reference export,Lookup Table,Machining > Lookup Tables,tblBoring,lookupTables/Component/tblBoring.csv,"This table was transcribed from 24 screenshots across two batches. Two genuine gaps exist in the source screenshots themselves (not introduced by this transcription): (1) Corobore 820, material code 20.12, diameter 237.0mm row was never captured. (2) Sandvik Duobore pC14-C21: the 270mm-diameter row for code 3.11, and all rows for codes 3.13, 3.2, 3.21, 3.22, 30.11, 30.12, and 30.21, were never captured (a scroll/screenshot gap between images). These are marked with DATA_GAP:true and a note field rather than filled with guessed values. Given the density and volume of this table (~365 data rows), spot-checking a sample against the original source CSV (lookupTables/Component/tblBoring.csv) is recommended before using this for production costing decisions.",182,511,273,966,Bore,Corobore 820,20.22,350,Brinell,237.0,0.4,355.5,22,355.5,0.8,0.13,3860,15,38.4,3.0,,
USA reference export,Lookup Table,Machining > Lookup Tables,tblBoring,lookupTables/Component/tblBoring.csv,"This table was transcribed from 24 screenshots across two batches. Two genuine gaps exist in the source screenshots themselves (not introduced by this transcription): (1) Corobore 820, material code 20.12, diameter 237.0mm row was never captured. (2) Sandvik Duobore pC14-C21: the 270mm-diameter row for code 3.11, and all rows for codes 3.13, 3.2, 3.21, 3.22, 30.11, 30.12, and 30.21, were never captured (a scroll/screenshot gap between images). These are marked with DATA_GAP:true and a note field rather than filled with guessed values. Given the density and volume of this table (~365 data rows), spot-checking a sample against the original source CSV (lookupTables/Component/tblBoring.csv) is recommended before using this for production costing decisions.",182,511,273,966,Bore,Corobore 820,20.23,275,Brinell,35.0,0.4,9.5,30,52.5,0.6,0.06,3340,15,38.4,3.0,,
USA reference export,Lookup Table,Machining > Lookup Tables,tblBoring,lookupTables/Component/tblBoring.csv,"This table was transcribed from 24 screenshots across two batches. Two genuine gaps exist in the source screenshots themselves (not introduced by this transcription): (1) Corobore 820, material code 20.12, diameter 237.0mm row was never captured. (2) Sandvik Duobore pC14-C21: the 270mm-diameter row for code 3.11, and all rows for codes 3.13, 3.2, 3.21, 3.22, 30.11, 30.12, and 30.21, were never captured (a scroll/screenshot gap between images). These are marked with DATA_GAP:true and a note field rather than filled with guessed values. Given the density and volume of this table (~365 data rows), spot-checking a sample against the original source CSV (lookupTables/Component/tblBoring.csv) is recommended before using this for production costing decisions.",182,511,273,966,Bore,Corobore 820,20.23,275,Brinell,237.0,0.4,355.5,22,355.5,0.8,0.13,3340,15,38.4,3.0,,
USA reference export,Lookup Table,Machining > Lookup Tables,tblBoring,lookupTables/Component/tblBoring.csv,"This table was transcribed from 24 screenshots across two batches. Two genuine gaps exist in the source screenshots themselves (not introduced by this transcription): (1) Corobore 820, material code 20.12, diameter 237.0mm row was never captured. (2) Sandvik Duobore pC14-C21: the 270mm-diameter row for code 3.11, and all rows for codes 3.13, 3.2, 3.21, 3.22, 30.11, 30.12, and 30.21, were never captured (a scroll/screenshot gap between images). These are marked with DATA_GAP:true and a note field rather than filled with guessed values. Given the density and volume of this table (~365 data rows), spot-checking a sample against the original source CSV (lookupTables/Component/tblBoring.csv) is recommended before using this for production costing decisions.",182,511,273,966,Bore,Corobore 820,20.24,320,Brinell,35.0,0.4,9.5,30,52.5,0.6,0.06,4000,15,38.4,3.0,,
USA reference export,Lookup Table,Machining > Lookup Tables,tblBoring,lookupTables/Component/tblBoring.csv,"This table was transcribed from 24 screenshots across two batches. Two genuine gaps exist in the source screenshots themselves (not introduced by this transcription): (1) Corobore 820, material code 20.12, diameter 237.0mm row was never captured. (2) Sandvik Duobore pC14-C21: the 270mm-diameter row for code 3.11, and all rows for codes 3.13, 3.2, 3.21, 3.22, 30.11, 30.12, and 30.21, were never captured (a scroll/screenshot gap between images). These are marked with DATA_GAP:true and a note field rather than filled with guessed values. Given the density and volume of this table (~365 data rows), spot-checking a sample against the original source CSV (lookupTables/Component/tblBoring.csv) is recommended before using this for production costing decisions.",182,511,273,966,Bore,Corobore 820,20.24,320,Brinell,237.0,0.4,355.5,22,355.5,0.8,0.13,4000,15,38.4,3.0,,
USA reference export,Lookup Table,Machining > Lookup Tables,tblBoring,lookupTables/Component/tblBoring.csv,"This table was transcribed from 24 screenshots across two batches. Two genuine gaps exist in the source screenshots themselves (not introduced by this transcription): (1) Corobore 820, material code 20.12, diameter 237.0mm row was never captured. (2) Sandvik Duobore pC14-C21: the 270mm-diameter row for code 3.11, and all rows for codes 3.13, 3.2, 3.21, 3.22, 30.11, 30.12, and 30.21, were never captured (a scroll/screenshot gap between images). These are marked with DATA_GAP:true and a note field rather than filled with guessed values. Given the density and volume of this table (~365 data rows), spot-checking a sample against the original source CSV (lookupTables/Component/tblBoring.csv) is recommended before using this for production costing decisions.",182,511,273,966,Bore,Corobore 820,20.31,200,Brinell,35.0,0.4,9.5,19,52.5,0.675,0.06,3620,15,38.4,3.0,,
USA reference export,Lookup Table,Machining > Lookup Tables,tblBoring,lookupTables/Component/tblBoring.csv,"This table was transcribed from 24 screenshots across two batches. Two genuine gaps exist in the source screenshots themselves (not introduced by this transcription): (1) Corobore 820, material code 20.12, diameter 237.0mm row was never captured. (2) Sandvik Duobore pC14-C21: the 270mm-diameter row for code 3.11, and all rows for codes 3.13, 3.2, 3.21, 3.22, 30.11, 30.12, and 30.21, were never captured (a scroll/screenshot gap between images). These are marked with DATA_GAP:true and a note field rather than filled with guessed values. Given the density and volume of this table (~365 data rows), spot-checking a sample against the original source CSV (lookupTables/Component/tblBoring.csv) is recommended before using this for production costing decisions.",182,511,273,966,Bore,Corobore 820,20.31,200,Brinell,237.0,0.4,355.5,14,355.5,0.9,0.13,3620,15,38.4,3.0,,
USA reference export,Lookup Table,Machining > Lookup Tables,tblBoring,lookupTables/Component/tblBoring.csv,"This table was transcribed from 24 screenshots across two batches. Two genuine gaps exist in the source screenshots themselves (not introduced by this transcription): (1) Corobore 820, material code 20.12, diameter 237.0mm row was never captured. (2) Sandvik Duobore pC14-C21: the 270mm-diameter row for code 3.11, and all rows for codes 3.13, 3.2, 3.21, 3.22, 30.11, 30.12, and 30.21, were never captured (a scroll/screenshot gap between images). These are marked with DATA_GAP:true and a note field rather than filled with guessed values. Given the density and volume of this table (~365 data rows), spot-checking a sample against the original source CSV (lookupTables/Component/tblBoring.csv) is recommended before using this for production costing decisions.",182,511,273,966,Bore,Corobore 820,20.32,300,Brinell,35.0,0.4,9.5,7,52.5,1.0,0.06,4000,15,38.4,3.0,,
USA reference export,Lookup Table,Machining > Lookup Tables,tblBoring,lookupTables/Component/tblBoring.csv,"This table was transcribed from 24 screenshots across two batches. Two genuine gaps exist in the source screenshots themselves (not introduced by this transcription): (1) Corobore 820, material code 20.12, diameter 237.0mm row was never captured. (2) Sandvik Duobore pC14-C21: the 270mm-diameter row for code 3.11, and all rows for codes 3.13, 3.2, 3.21, 3.22, 30.11, 30.12, and 30.21, were never captured (a scroll/screenshot gap between images). These are marked with DATA_GAP:true and a note field rather than filled with guessed values. Given the density and volume of this table (~365 data rows), spot-checking a sample against the original source CSV (lookupTables/Component/tblBoring.csv) is recommended before using this for production costing decisions.",182,511,273,966,Bore,Corobore 820,20.32,300,Brinell,237.0,0.4,355.5,5,355.5,0.75,0.13,4000,15,38.4,3.0,,
USA reference export,Lookup Table,Machining > Lookup Tables,tblBoring,lookupTables/Component/tblBoring.csv,"This table was transcribed from 24 screenshots across two batches. Two genuine gaps exist in the source screenshots themselves (not introduced by this transcription): (1) Corobore 820, material code 20.12, diameter 237.0mm row was never captured. (2) Sandvik Duobore pC14-C21: the 270mm-diameter row for code 3.11, and all rows for codes 3.13, 3.2, 3.21, 3.22, 30.11, 30.12, and 30.21, were never captured (a scroll/screenshot gap between images). These are marked with DATA_GAP:true and a note field rather than filled with guessed values. Given the density and volume of this table (~365 data rows), spot-checking a sample against the original source CSV (lookupTables/Component/tblBoring.csv) is recommended before using this for production costing decisions.",182,511,273,966,Bore,Corobore 820,20.33,320,Brinell,35.0,0.4,9.5,3,52.5,1.02,0.06,4140,15,38.4,3.0,,
USA reference export,Lookup Table,Machining > Lookup Tables,tblBoring,lookupTables/Component/tblBoring.csv,"This table was transcribed from 24 screenshots across two batches. Two genuine gaps exist in the source screenshots themselves (not introduced by this transcription): (1) Corobore 820, material code 20.12, diameter 237.0mm row was never captured. (2) Sandvik Duobore pC14-C21: the 270mm-diameter row for code 3.11, and all rows for codes 3.13, 3.2, 3.21, 3.22, 30.11, 30.12, and 30.21, were never captured (a scroll/screenshot gap between images). These are marked with DATA_GAP:true and a note field rather than filled with guessed values. Given the density and volume of this table (~365 data rows), spot-checking a sample against the original source CSV (lookupTables/Component/tblBoring.csv) is recommended before using this for production costing decisions.",182,511,273,966,Bore,Corobore 820,20.33,320,Brinell,237.0,0.4,355.5,2,355.5,1.3,0.13,4140,15,38.4,3.0,,
USA reference export,Lookup Table,Machining > Lookup Tables,tblBoring,lookupTables/Component/tblBoring.csv,"This table was transcribed from 24 screenshots across two batches. Two genuine gaps exist in the source screenshots themselves (not introduced by this transcription): (1) Corobore 820, material code 20.12, diameter 237.0mm row was never captured. (2) Sandvik Duobore pC14-C21: the 270mm-diameter row for code 3.11, and all rows for codes 3.13, 3.2, 3.21, 3.22, 30.11, 30.12, and 30.21, were never captured (a scroll/screenshot gap between images). These are marked with DATA_GAP:true and a note field rather than filled with guessed values. Given the density and volume of this table (~365 data rows), spot-checking a sample against the original source CSV (lookupTables/Component/tblBoring.csv) is recommended before using this for production costing decisions.",182,511,273,966,Bore,Corobore 820,23.1,400,Tensile Strength,35.0,0.4,9.5,48,52.5,1.05,0.06,1660,15,38.4,3.0,,
USA reference export,Lookup Table,Machining > Lookup Tables,tblBoring,lookupTables/Component/tblBoring.csv,"This table was transcribed from 24 screenshots across two batches. Two genuine gaps exist in the source screenshots themselves (not introduced by this transcription): (1) Corobore 820, material code 20.12, diameter 237.0mm row was never captured. (2) Sandvik Duobore pC14-C21: the 270mm-diameter row for code 3.11, and all rows for codes 3.13, 3.2, 3.21, 3.22, 30.11, 30.12, and 30.21, were never captured (a scroll/screenshot gap between images). These are marked with DATA_GAP:true and a note field rather than filled with guessed values. Given the density and volume of this table (~365 data rows), spot-checking a sample against the original source CSV (lookupTables/Component/tblBoring.csv) is recommended before using this for production costing decisions.",182,511,273,966,Bore,Corobore 820,23.1,400,Tensile Strength,237.0,0.4,355.5,36,355.5,1.4,0.13,1660,15,38.4,3.0,,
USA reference export,Lookup Table,Machining > Lookup Tables,tblBoring,lookupTables/Component/tblBoring.csv,"This table was transcribed from 24 screenshots across two batches. Two genuine gaps exist in the source screenshots themselves (not introduced by this transcription): (1) Corobore 820, material code 20.12, diameter 237.0mm row was never captured. (2) Sandvik Duobore pC14-C21: the 270mm-diameter row for code 3.11, and all rows for codes 3.13, 3.2, 3.21, 3.22, 30.11, 30.12, and 30.21, were never captured (a scroll/screenshot gap between images). These are marked with DATA_GAP:true and a note field rather than filled with guessed values. Given the density and volume of this table (~365 data rows), spot-checking a sample against the original source CSV (lookupTables/Component/tblBoring.csv) is recommended before using this for production costing decisions.",182,511,273,966,Bore,Corobore 820,23.21,950,Tensile Strength,35.0,0.4,9.5,36,52.5,1.4,0.06,1800,15,38.4,3.0,,
USA reference export,Lookup Table,Machining > Lookup Tables,tblBoring,lookupTables/Component/tblBoring.csv,"This table was transcribed from 24 screenshots across two batches. Two genuine gaps exist in the source screenshots themselves (not introduced by this transcription): (1) Corobore 820, material code 20.12, diameter 237.0mm row was never captured. (2) Sandvik Duobore pC14-C21: the 270mm-diameter row for code 3.11, and all rows for codes 3.13, 3.2, 3.21, 3.22, 30.11, 30.12, and 30.21, were never captured (a scroll/screenshot gap between images). These are marked with DATA_GAP:true and a note field rather than filled with guessed values. Given the density and volume of this table (~365 data rows), spot-checking a sample against the original source CSV (lookupTables/Component/tblBoring.csv) is recommended before using this for production costing decisions.",182,511,273,966,Bore,Corobore 820,23.21,950,Tensile Strength,237.0,0.4,355.5,27,355.5,1.4,0.13,1800,15,38.4,3.0,,
USA reference export,Lookup Table,Machining > Lookup Tables,tblBoring,lookupTables/Component/tblBoring.csv,"This table was transcribed from 24 screenshots across two batches. Two genuine gaps exist in the source screenshots themselves (not introduced by this transcription): (1) Corobore 820, material code 20.12, diameter 237.0mm row was never captured. (2) Sandvik Duobore pC14-C21: the 270mm-diameter row for code 3.11, and all rows for codes 3.13, 3.2, 3.21, 3.22, 30.11, 30.12, and 30.21, were never captured (a scroll/screenshot gap between images). These are marked with DATA_GAP:true and a note field rather than filled with guessed values. Given the density and volume of this table (~365 data rows), spot-checking a sample against the original source CSV (lookupTables/Component/tblBoring.csv) is recommended before using this for production costing decisions.",182,511,273,966,Bore,Corobore 820,23.22,1050,Tensile Strength,35.0,0.4,9.5,36,52.5,1.05,0.06,1800,15,38.4,3.0,,
USA reference export,Lookup Table,Machining > Lookup Tables,tblBoring,lookupTables/Component/tblBoring.csv,"This table was transcribed from 24 screenshots across two batches. Two genuine gaps exist in the source screenshots themselves (not introduced by this transcription): (1) Corobore 820, material code 20.12, diameter 237.0mm row was never captured. (2) Sandvik Duobore pC14-C21: the 270mm-diameter row for code 3.11, and all rows for codes 3.13, 3.2, 3.21, 3.22, 30.11, 30.12, and 30.21, were never captured (a scroll/screenshot gap between images). These are marked with DATA_GAP:true and a note field rather than filled with guessed values. Given the density and volume of this table (~365 data rows), spot-checking a sample against the original source CSV (lookupTables/Component/tblBoring.csv) is recommended before using this for production costing decisions.",182,511,273,966,Bore,Corobore 820,23.22,1050,Tensile Strength,237.0,0.4,355.5,27,355.5,1.4,0.13,1800,15,38.4,3.0,,
USA reference export,Lookup Table,Machining > Lookup Tables,tblBoring,lookupTables/Component/tblBoring.csv,"This table was transcribed from 24 screenshots across two batches. Two genuine gaps exist in the source screenshots themselves (not introduced by this transcription): (1) Corobore 820, material code 20.12, diameter 237.0mm row was never captured. (2) Sandvik Duobore pC14-C21: the 270mm-diameter row for code 3.11, and all rows for codes 3.13, 3.2, 3.21, 3.22, 30.11, 30.12, and 30.21, were never captured (a scroll/screenshot gap between images). These are marked with DATA_GAP:true and a note field rather than filled with guessed values. Given the density and volume of this table (~365 data rows), spot-checking a sample against the original source CSV (lookupTables/Component/tblBoring.csv) is recommended before using this for production costing decisions.",182,511,273,966,Bore,Corobore 820,3.1,200,Brinell,35.0,0.4,9.5,169,52.5,1.4,0.06,2740,15,38.4,3.0,,
USA reference export,Lookup Table,Machining > Lookup Tables,tblBoring,lookupTables/Component/tblBoring.csv,"This table was transcribed from 24 screenshots across two batches. Two genuine gaps exist in the source screenshots themselves (not introduced by this transcription): (1) Corobore 820, material code 20.12, diameter 237.0mm row was never captured. (2) Sandvik Duobore pC14-C21: the 270mm-diameter row for code 3.11, and all rows for codes 3.13, 3.2, 3.21, 3.22, 30.11, 30.12, and 30.21, were never captured (a scroll/screenshot gap between images). These are marked with DATA_GAP:true and a note field rather than filled with guessed values. Given the density and volume of this table (~365 data rows), spot-checking a sample against the original source CSV (lookupTables/Component/tblBoring.csv) is recommended before using this for production costing decisions.",182,511,273,966,Bore,Corobore 820,3.1,200,Brinell,237.0,0.4,355.5,127,355.5,1.4,0.13,2740,15,38.4,3.0,,
USA reference export,Lookup Table,Machining > Lookup Tables,tblBoring,lookupTables/Component/tblBoring.csv,"This table was transcribed from 24 screenshots across two batches. Two genuine gaps exist in the source screenshots themselves (not introduced by this transcription): (1) Corobore 820, material code 20.12, diameter 237.0mm row was never captured. (2) Sandvik Duobore pC14-C21: the 270mm-diameter row for code 3.11, and all rows for codes 3.13, 3.2, 3.21, 3.22, 30.11, 30.12, and 30.21, were never captured (a scroll/screenshot gap between images). These are marked with DATA_GAP:true and a note field rather than filled with guessed values. Given the density and volume of this table (~365 data rows), spot-checking a sample against the original source CSV (lookupTables/Component/tblBoring.csv) is recommended before using this for production costing decisions.",182,511,273,966,Bore,Corobore 820,3.11,200,Brinell,35.0,0.4,9.5,80,52.5,1.05,0.06,2600,15,38.4,3.0,,
USA reference export,Lookup Table,Machining > Lookup Tables,tblBoring,lookupTables/Component/tblBoring.csv,"This table was transcribed from 24 screenshots across two batches. Two genuine gaps exist in the source screenshots themselves (not introduced by this transcription): (1) Corobore 820, material code 20.12, diameter 237.0mm row was never captured. (2) Sandvik Duobore pC14-C21: the 270mm-diameter row for code 3.11, and all rows for codes 3.13, 3.2, 3.21, 3.22, 30.11, 30.12, and 30.21, were never captured (a scroll/screenshot gap between images). These are marked with DATA_GAP:true and a note field rather than filled with guessed values. Given the density and volume of this table (~365 data rows), spot-checking a sample against the original source CSV (lookupTables/Component/tblBoring.csv) is recommended before using this for production costing decisions.",182,511,273,966,Bore,Corobore 820,3.11,200,Brinell,237.0,0.4,355.5,56,355.5,1.4,0.13,2600,15,38.4,3.0,,
USA reference export,Lookup Table,Machining > Lookup Tables,tblBoring,lookupTables/Component/tblBoring.csv,"This table was transcribed from 24 screenshots across two batches. Two genuine gaps exist in the source screenshots themselves (not introduced by this transcription): (1) Corobore 820, material code 20.12, diameter 237.0mm row was never captured. (2) Sandvik Duobore pC14-C21: the 270mm-diameter row for code 3.11, and all rows for codes 3.13, 3.2, 3.21, 3.22, 30.11, 30.12, and 30.21, were never captured (a scroll/screenshot gap between images). These are marked with DATA_GAP:true and a note field rather than filled with guessed values. Given the density and volume of this table (~365 data rows), spot-checking a sample against the original source CSV (lookupTables/Component/tblBoring.csv) is recommended before using this for production costing decisions.",182,511,273,966,Bore,Corobore 820,3.13,200,Brinell,35.0,0.4,9.5,56,52.5,0.825,0.06,2900,15,38.4,3.0,,
USA reference export,Lookup Table,Machining > Lookup Tables,tblBoring,lookupTables/Component/tblBoring.csv,"This table was transcribed from 24 screenshots across two batches. Two genuine gaps exist in the source screenshots themselves (not introduced by this transcription): (1) Corobore 820, material code 20.12, diameter 237.0mm row was never captured. (2) Sandvik Duobore pC14-C21: the 270mm-diameter row for code 3.11, and all rows for codes 3.13, 3.2, 3.21, 3.22, 30.11, 30.12, and 30.21, were never captured (a scroll/screenshot gap between images). These are marked with DATA_GAP:true and a note field rather than filled with guessed values. Given the density and volume of this table (~365 data rows), spot-checking a sample against the original source CSV (lookupTables/Component/tblBoring.csv) is recommended before using this for production costing decisions.",182,511,273,966,Bore,Corobore 820,3.13,200,Brinell,237.0,0.4,355.5,42,355.5,1.1,0.13,2900,15,38.4,3.0,,
USA reference export,Lookup Table,Machining > Lookup Tables,tblBoring,lookupTables/Component/tblBoring.csv,"This table was transcribed from 24 screenshots across two batches. Two genuine gaps exist in the source screenshots themselves (not introduced by this transcription): (1) Corobore 820, material code 20.12, diameter 237.0mm row was never captured. (2) Sandvik Duobore pC14-C21: the 270mm-diameter row for code 3.11, and all rows for codes 3.13, 3.2, 3.21, 3.22, 30.11, 30.12, and 30.21, were never captured (a scroll/screenshot gap between images). These are marked with DATA_GAP:true and a note field rather than filled with guessed values. Given the density and volume of this table (~365 data rows), spot-checking a sample against the original source CSV (lookupTables/Component/tblBoring.csv) is recommended before using this for production costing decisions.",182,511,273,966,Bore,Corobore 820,3.2,225,Brinell,35.0,0.4,9.5,113,52.5,0.9,0.06,4100,15,38.4,3.0,,
USA reference export,Lookup Table,Machining > Lookup Tables,tblBoring,lookupTables/Component/tblBoring.csv,"This table was transcribed from 24 screenshots across two batches. Two genuine gaps exist in the source screenshots themselves (not introduced by this transcription): (1) Corobore 820, material code 20.12, diameter 237.0mm row was never captured. (2) Sandvik Duobore pC14-C21: the 270mm-diameter row for code 3.11, and all rows for codes 3.13, 3.2, 3.21, 3.22, 30.11, 30.12, and 30.21, were never captured (a scroll/screenshot gap between images). These are marked with DATA_GAP:true and a note field rather than filled with guessed values. Given the density and volume of this table (~365 data rows), spot-checking a sample against the original source CSV (lookupTables/Component/tblBoring.csv) is recommended before using this for production costing decisions.",182,511,273,966,Bore,Corobore 820,3.2,225,Brinell,237.0,0.4,355.5,85,355.5,1.2,0.13,4100,15,38.4,3.0,,
USA reference export,Lookup Table,Machining > Lookup Tables,tblBoring,lookupTables/Component/tblBoring.csv,"This table was transcribed from 24 screenshots across two batches. Two genuine gaps exist in the source screenshots themselves (not introduced by this transcription): (1) Corobore 820, material code 20.12, diameter 237.0mm row was never captured. (2) Sandvik Duobore pC14-C21: the 270mm-diameter row for code 3.11, and all rows for codes 3.13, 3.2, 3.21, 3.22, 30.11, 30.12, and 30.21, were never captured (a scroll/screenshot gap between images). These are marked with DATA_GAP:true and a note field rather than filled with guessed values. Given the density and volume of this table (~365 data rows), spot-checking a sample against the original source CSV (lookupTables/Component/tblBoring.csv) is recommended before using this for production costing decisions.",182,511,273,966,Bore,Corobore 820,3.21,300,Brinell,35.0,0.4,9.5,77,52.5,0.9,0.06,3900,15,38.4,3.0,,
USA reference export,Lookup Table,Machining > Lookup Tables,tblBoring,lookupTables/Component/tblBoring.csv,"This table was transcribed from 24 screenshots across two batches. Two genuine gaps exist in the source screenshots themselves (not introduced by this transcription): (1) Corobore 820, material code 20.12, diameter 237.0mm row was never captured. (2) Sandvik Duobore pC14-C21: the 270mm-diameter row for code 3.11, and all rows for codes 3.13, 3.2, 3.21, 3.22, 30.11, 30.12, and 30.21, were never captured (a scroll/screenshot gap between images). These are marked with DATA_GAP:true and a note field rather than filled with guessed values. Given the density and volume of this table (~365 data rows), spot-checking a sample against the original source CSV (lookupTables/Component/tblBoring.csv) is recommended before using this for production costing decisions.",182,511,273,966,Bore,Corobore 820,3.21,300,Brinell,237.0,0.4,355.5,58,355.5,1.2,0.13,3900,15,38.4,3.0,,
USA reference export,Lookup Table,Machining > Lookup Tables,tblBoring,lookupTables/Component/tblBoring.csv,"This table was transcribed from 24 screenshots across two batches. Two genuine gaps exist in the source screenshots themselves (not introduced by this transcription): (1) Corobore 820, material code 20.12, diameter 237.0mm row was never captured. (2) Sandvik Duobore pC14-C21: the 270mm-diameter row for code 3.11, and all rows for codes 3.13, 3.2, 3.21, 3.22, 30.11, 30.12, and 30.21, were never captured (a scroll/screenshot gap between images). These are marked with DATA_GAP:true and a note field rather than filled with guessed values. Given the density and volume of this table (~365 data rows), spot-checking a sample against the original source CSV (lookupTables/Component/tblBoring.csv) is recommended before using this for production costing decisions.",182,511,273,966,Bore,Corobore 820,3.22,380,Brinell,35.0,0.4,9.5,49,52.5,1.5,0.06,4140,15,38.4,3.0,,
USA reference export,Lookup Table,Machining > Lookup Tables,tblBoring,lookupTables/Component/tblBoring.csv,"This table was transcribed from 24 screenshots across two batches. Two genuine gaps exist in the source screenshots themselves (not introduced by this transcription): (1) Corobore 820, material code 20.12, diameter 237.0mm row was never captured. (2) Sandvik Duobore pC14-C21: the 270mm-diameter row for code 3.11, and all rows for codes 3.13, 3.2, 3.21, 3.22, 30.11, 30.12, and 30.21, were never captured (a scroll/screenshot gap between images). These are marked with DATA_GAP:true and a note field rather than filled with guessed values. Given the density and volume of this table (~365 data rows), spot-checking a sample against the original source CSV (lookupTables/Component/tblBoring.csv) is recommended before using this for production costing decisions.",182,511,273,966,Bore,Corobore 820,3.22,380,Brinell,237.0,0.4,355.5,37,355.5,2.0,0.13,4140,15,38.4,3.0,,
USA reference export,Lookup Table,Machining > Lookup Tables,tblBoring,lookupTables/Component/tblBoring.csv,"This table was transcribed from 24 screenshots across two batches. Two genuine gaps exist in the source screenshots themselves (not introduced by this transcription): (1) Corobore 820, material code 20.12, diameter 237.0mm row was never captured. (2) Sandvik Duobore pC14-C21: the 270mm-diameter row for code 3.11, and all rows for codes 3.13, 3.2, 3.21, 3.22, 30.11, 30.12, and 30.21, were never captured (a scroll/screenshot gap between images). These are marked with DATA_GAP:true and a note field rather than filled with guessed values. Given the density and volume of this table (~365 data rows), spot-checking a sample against the original source CSV (lookupTables/Component/tblBoring.csv) is recommended before using this for production costing decisions.",182,511,273,966,Bore,Corobore 820,30.11,60,Brinell,35.0,0.4,9.5,207,52.5,1.2,0.06,520,15,38.4,3.0,,
USA reference export,Lookup Table,Machining > Lookup Tables,tblBoring,lookupTables/Component/tblBoring.csv,"This table was transcribed from 24 screenshots across two batches. Two genuine gaps exist in the source screenshots themselves (not introduced by this transcription): (1) Corobore 820, material code 20.12, diameter 237.0mm row was never captured. (2) Sandvik Duobore pC14-C21: the 270mm-diameter row for code 3.11, and all rows for codes 3.13, 3.2, 3.21, 3.22, 30.11, 30.12, and 30.21, were never captured (a scroll/screenshot gap between images). These are marked with DATA_GAP:true and a note field rather than filled with guessed values. Given the density and volume of this table (~365 data rows), spot-checking a sample against the original source CSV (lookupTables/Component/tblBoring.csv) is recommended before using this for production costing decisions.",182,511,273,966,Bore,Corobore 820,30.11,60,Brinell,237.0,0.4,355.5,156,355.5,1.6,0.13,520,15,38.4,3.0,,
USA reference export,Lookup Table,Machining > Lookup Tables,tblBoring,lookupTables/Component/tblBoring.csv,"This table was transcribed from 24 screenshots across two batches. Two genuine gaps exist in the source screenshots themselves (not introduced by this transcription): (1) Corobore 820, material code 20.12, diameter 237.0mm row was never captured. (2) Sandvik Duobore pC14-C21: the 270mm-diameter row for code 3.11, and all rows for codes 3.13, 3.2, 3.21, 3.22, 30.11, 30.12, and 30.21, were never captured (a scroll/screenshot gap between images). These are marked with DATA_GAP:true and a note field rather than filled with guessed values. Given the density and volume of this table (~365 data rows), spot-checking a sample against the original source CSV (lookupTables/Component/tblBoring.csv) is recommended before using this for production costing decisions.",182,511,273,966,Bore,Corobore 820,30.12,100,Brinell,35.0,0.4,9.5,207,52.5,1.2,0.06,880,15,38.4,3.0,,
USA reference export,Lookup Table,Machining > Lookup Tables,tblBoring,lookupTables/Component/tblBoring.csv,"This table was transcribed from 24 screenshots across two batches. Two genuine gaps exist in the source screenshots themselves (not introduced by this transcription): (1) Corobore 820, material code 20.12, diameter 237.0mm row was never captured. (2) Sandvik Duobore pC14-C21: the 270mm-diameter row for code 3.11, and all rows for codes 3.13, 3.2, 3.21, 3.22, 30.11, 30.12, and 30.21, were never captured (a scroll/screenshot gap between images). These are marked with DATA_GAP:true and a note field rather than filled with guessed values. Given the density and volume of this table (~365 data rows), spot-checking a sample against the original source CSV (lookupTables/Component/tblBoring.csv) is recommended before using this for production costing decisions.",182,511,273,966,Bore,Corobore 820,30.12,100,Brinell,237.0,0.4,355.5,156,355.5,1.6,0.13,880,15,38.4,3.0,,
USA reference export,Lookup Table,Machining > Lookup Tables,tblBoring,lookupTables/Component/tblBoring.csv,"This table was transcribed from 24 screenshots across two batches. Two genuine gaps exist in the source screenshots themselves (not introduced by this transcription): (1) Corobore 820, material code 20.12, diameter 237.0mm row was never captured. (2) Sandvik Duobore pC14-C21: the 270mm-diameter row for code 3.11, and all rows for codes 3.13, 3.2, 3.21, 3.22, 30.11, 30.12, and 30.21, were never captured (a scroll/screenshot gap between images). These are marked with DATA_GAP:true and a note field rather than filled with guessed values. Given the density and volume of this table (~365 data rows), spot-checking a sample against the original source CSV (lookupTables/Component/tblBoring.csv) is recommended before using this for production costing decisions.",182,511,273,966,Bore,Corobore 820,30.21,75,Brinell,35.0,0.4,9.5,178,52.5,1.6,0.06,800,15,38.4,3.0,,
USA reference export,Lookup Table,Machining > Lookup Tables,tblBoring,lookupTables/Component/tblBoring.csv,"This table was transcribed from 24 screenshots across two batches. Two genuine gaps exist in the source screenshots themselves (not introduced by this transcription): (1) Corobore 820, material code 20.12, diameter 237.0mm row was never captured. (2) Sandvik Duobore pC14-C21: the 270mm-diameter row for code 3.11, and all rows for codes 3.13, 3.2, 3.21, 3.22, 30.11, 30.12, and 30.21, were never captured (a scroll/screenshot gap between images). These are marked with DATA_GAP:true and a note field rather than filled with guessed values. Given the density and volume of this table (~365 data rows), spot-checking a sample against the original source CSV (lookupTables/Component/tblBoring.csv) is recommended before using this for production costing decisions.",182,511,273,966,Bore,Corobore 820,30.21,75,Brinell,237.0,0.4,355.5,133,355.5,1.6,0.13,800,15,38.4,3.0,,
USA reference export,Lookup Table,Machining > Lookup Tables,tblBoring,lookupTables/Component/tblBoring.csv,"This table was transcribed from 24 screenshots across two batches. Two genuine gaps exist in the source screenshots themselves (not introduced by this transcription): (1) Corobore 820, material code 20.12, diameter 237.0mm row was never captured. (2) Sandvik Duobore pC14-C21: the 270mm-diameter row for code 3.11, and all rows for codes 3.13, 3.2, 3.21, 3.22, 30.11, 30.12, and 30.21, were never captured (a scroll/screenshot gap between images). These are marked with DATA_GAP:true and a note field rather than filled with guessed values. Given the density and volume of this table (~365 data rows), spot-checking a sample against the original source CSV (lookupTables/Component/tblBoring.csv) is recommended before using this for production costing decisions.",182,511,273,966,Bore,Corobore 820,30.22,90,Brinell,35.0,0.4,9.5,178,52.5,1.6,0.06,940,15,38.4,3.0,,
USA reference export,Lookup Table,Machining > Lookup Tables,tblBoring,lookupTables/Component/tblBoring.csv,"This table was transcribed from 24 screenshots across two batches. Two genuine gaps exist in the source screenshots themselves (not introduced by this transcription): (1) Corobore 820, material code 20.12, diameter 237.0mm row was never captured. (2) Sandvik Duobore pC14-C21: the 270mm-diameter row for code 3.11, and all rows for codes 3.13, 3.2, 3.21, 3.22, 30.11, 30.12, and 30.21, were never captured (a scroll/screenshot gap between images). These are marked with DATA_GAP:true and a note field rather than filled with guessed values. Given the density and volume of this table (~365 data rows), spot-checking a sample against the original source CSV (lookupTables/Component/tblBoring.csv) is recommended before using this for production costing decisions.",182,511,273,966,Bore,Corobore 820,30.22,90,Brinell,237.0,0.4,355.5,133,355.5,1.6,0.13,940,15,38.4,3.0,,
USA reference export,Lookup Table,Machining > Lookup Tables,tblBoring,lookupTables/Component/tblBoring.csv,"This table was transcribed from 24 screenshots across two batches. Two genuine gaps exist in the source screenshots themselves (not introduced by this transcription): (1) Corobore 820, material code 20.12, diameter 237.0mm row was never captured. (2) Sandvik Duobore pC14-C21: the 270mm-diameter row for code 3.11, and all rows for codes 3.13, 3.2, 3.21, 3.22, 30.11, 30.12, and 30.21, were never captured (a scroll/screenshot gap between images). These are marked with DATA_GAP:true and a note field rather than filled with guessed values. Given the density and volume of this table (~365 data rows), spot-checking a sample against the original source CSV (lookupTables/Component/tblBoring.csv) is recommended before using this for production costing decisions.",182,511,273,966,Bore,Corobore 820,30.3,30,Brinell,35.0,0.4,9.5,374,52.5,3.75,0.06,460,15,38.4,3.0,,
USA reference export,Lookup Table,Machining > Lookup Tables,tblBoring,lookupTables/Component/tblBoring.csv,"This table was transcribed from 24 screenshots across two batches. Two genuine gaps exist in the source screenshots themselves (not introduced by this transcription): (1) Corobore 820, material code 20.12, diameter 237.0mm row was never captured. (2) Sandvik Duobore pC14-C21: the 270mm-diameter row for code 3.11, and all rows for codes 3.13, 3.2, 3.21, 3.22, 30.11, 30.12, and 30.21, were never captured (a scroll/screenshot gap between images). These are marked with DATA_GAP:true and a note field rather than filled with guessed values. Given the density and volume of this table (~365 data rows), spot-checking a sample against the original source CSV (lookupTables/Component/tblBoring.csv) is recommended before using this for production costing decisions.",182,511,273,966,Bore,Corobore 820,30.3,30,Brinell,237.0,0.4,355.5,281,355.5,5.0,0.13,460,15,38.4,3.0,,
USA reference export,Lookup Table,Machining > Lookup Tables,tblBoring,lookupTables/Component/tblBoring.csv,"This table was transcribed from 24 screenshots across two batches. Two genuine gaps exist in the source screenshots themselves (not introduced by this transcription): (1) Corobore 820, material code 20.12, diameter 237.0mm row was never captured. (2) Sandvik Duobore pC14-C21: the 270mm-diameter row for code 3.11, and all rows for codes 3.13, 3.2, 3.21, 3.22, 30.11, 30.12, and 30.21, were never captured (a scroll/screenshot gap between images). These are marked with DATA_GAP:true and a note field rather than filled with guessed values. Given the density and volume of this table (~365 data rows), spot-checking a sample against the original source CSV (lookupTables/Component/tblBoring.csv) is recommended before using this for production costing decisions.",182,511,273,966,Bore,Corobore 820,30.41,130,Brinell,35.0,0.4,9.5,150,52.5,3.0,0.06,940,15,38.4,3.0,,
USA reference export,Lookup Table,Machining > Lookup Tables,tblBoring,lookupTables/Component/tblBoring.csv,"This table was transcribed from 24 screenshots across two batches. Two genuine gaps exist in the source screenshots themselves (not introduced by this transcription): (1) Corobore 820, material code 20.12, diameter 237.0mm row was never captured. (2) Sandvik Duobore pC14-C21: the 270mm-diameter row for code 3.11, and all rows for codes 3.13, 3.2, 3.21, 3.22, 30.11, 30.12, and 30.21, were never captured (a scroll/screenshot gap between images). These are marked with DATA_GAP:true and a note field rather than filled with guessed values. Given the density and volume of this table (~365 data rows), spot-checking a sample against the original source CSV (lookupTables/Component/tblBoring.csv) is recommended before using this for production costing decisions.",182,511,273,966,Bore,Corobore 820,30.41,130,Brinell,237.0,0.4,355.5,113,355.5,4.0,0.13,940,15,38.4,3.0,,
USA reference export,Lookup Table,Machining > Lookup Tables,tblBoring,lookupTables/Component/tblBoring.csv,"This table was transcribed from 24 screenshots across two batches. Two genuine gaps exist in the source screenshots themselves (not introduced by this transcription): (1) Corobore 820, material code 20.12, diameter 237.0mm row was never captured. (2) Sandvik Duobore pC14-C21: the 270mm-diameter row for code 3.11, and all rows for codes 3.13, 3.2, 3.21, 3.22, 30.11, 30.12, and 30.21, were never captured (a scroll/screenshot gap between images). These are marked with DATA_GAP:true and a note field rather than filled with guessed values. Given the density and volume of this table (~365 data rows), spot-checking a sample against the original source CSV (lookupTables/Component/tblBoring.csv) is recommended before using this for production costing decisions.",182,511,273,966,Bore,Corobore 820,30.42,130,Brinell,35.0,0.4,9.5,112,52.5,3.0,0.06,940,15,38.4,3.0,,
USA reference export,Lookup Table,Machining > Lookup Tables,tblBoring,lookupTables/Component/tblBoring.csv,"This table was transcribed from 24 screenshots across two batches. Two genuine gaps exist in the source screenshots themselves (not introduced by this transcription): (1) Corobore 820, material code 20.12, diameter 237.0mm row was never captured. (2) Sandvik Duobore pC14-C21: the 270mm-diameter row for code 3.11, and all rows for codes 3.13, 3.2, 3.21, 3.22, 30.11, 30.12, and 30.21, were never captured (a scroll/screenshot gap between images). These are marked with DATA_GAP:true and a note field rather than filled with guessed values. Given the density and volume of this table (~365 data rows), spot-checking a sample against the original source CSV (lookupTables/Component/tblBoring.csv) is recommended before using this for production costing decisions.",182,511,273,966,Bore,Corobore 820,30.42,130,Brinell,237.0,0.4,355.5,84,355.5,4.0,0.13,940,15,38.4,3.0,,
USA reference export,Lookup Table,Machining > Lookup Tables,tblBoring,lookupTables/Component/tblBoring.csv,"This table was transcribed from 24 screenshots across two batches. Two genuine gaps exist in the source screenshots themselves (not introduced by this transcription): (1) Corobore 820, material code 20.12, diameter 237.0mm row was never captured. (2) Sandvik Duobore pC14-C21: the 270mm-diameter row for code 3.11, and all rows for codes 3.13, 3.2, 3.21, 3.22, 30.11, 30.12, and 30.21, were never captured (a scroll/screenshot gap between images). These are marked with DATA_GAP:true and a note field rather than filled with guessed values. Given the density and volume of this table (~365 data rows), spot-checking a sample against the original source CSV (lookupTables/Component/tblBoring.csv) is recommended before using this for production costing decisions.",182,511,273,966,Bore,Corobore 820,33.1,110,Brinell,35.0,0.4,9.5,178,52.5,1.2,0.06,740,15,38.4,3.0,,
USA reference export,Lookup Table,Machining > Lookup Tables,tblBoring,lookupTables/Component/tblBoring.csv,"This table was transcribed from 24 screenshots across two batches. Two genuine gaps exist in the source screenshots themselves (not introduced by this transcription): (1) Corobore 820, material code 20.12, diameter 237.0mm row was never captured. (2) Sandvik Duobore pC14-C21: the 270mm-diameter row for code 3.11, and all rows for codes 3.13, 3.2, 3.21, 3.22, 30.11, 30.12, and 30.21, were never captured (a scroll/screenshot gap between images). These are marked with DATA_GAP:true and a note field rather than filled with guessed values. Given the density and volume of this table (~365 data rows), spot-checking a sample against the original source CSV (lookupTables/Component/tblBoring.csv) is recommended before using this for production costing decisions.",182,511,273,966,Bore,Corobore 820,33.1,110,Brinell,237.0,0.4,355.5,133,355.5,1.6,0.13,740,15,38.4,3.0,,
USA reference export,Lookup Table,Machining > Lookup Tables,tblBoring,lookupTables/Component/tblBoring.csv,"This table was transcribed from 24 screenshots across two batches. Two genuine gaps exist in the source screenshots themselves (not introduced by this transcription): (1) Corobore 820, material code 20.12, diameter 237.0mm row was never captured. (2) Sandvik Duobore pC14-C21: the 270mm-diameter row for code 3.11, and all rows for codes 3.13, 3.2, 3.21, 3.22, 30.11, 30.12, and 30.21, were never captured (a scroll/screenshot gap between images). These are marked with DATA_GAP:true and a note field rather than filled with guessed values. Given the density and volume of this table (~365 data rows), spot-checking a sample against the original source CSV (lookupTables/Component/tblBoring.csv) is recommended before using this for production costing decisions.",182,511,273,966,Bore,Corobore 820,33.2,90,Brinell,35.0,0.4,9.5,136,52.5,1.2,0.06,740,15,38.4,3.0,,
USA reference export,Lookup Table,Machining > Lookup Tables,tblBoring,lookupTables/Component/tblBoring.csv,"This table was transcribed from 24 screenshots across two batches. Two genuine gaps exist in the source screenshots themselves (not introduced by this transcription): (1) Corobore 820, material code 20.12, diameter 237.0mm row was never captured. (2) Sandvik Duobore pC14-C21: the 270mm-diameter row for code 3.11, and all rows for codes 3.13, 3.2, 3.21, 3.22, 30.11, 30.12, and 30.21, were never captured (a scroll/screenshot gap between images). These are marked with DATA_GAP:true and a note field rather than filled with guessed values. Given the density and volume of this table (~365 data rows), spot-checking a sample against the original source CSV (lookupTables/Component/tblBoring.csv) is recommended before using this for production costing decisions.",182,511,273,966,Bore,Corobore 820,33.2,90,Brinell,237.0,0.4,355.5,102,355.5,1.6,0.13,740,15,38.4,3.0,,
USA reference export,Lookup Table,Machining > Lookup Tables,tblBoring,lookupTables/Component/tblBoring.csv,"This table was transcribed from 24 screenshots across two batches. Two genuine gaps exist in the source screenshots themselves (not introduced by this transcription): (1) Corobore 820, material code 20.12, diameter 237.0mm row was never captured. (2) Sandvik Duobore pC14-C21: the 270mm-diameter row for code 3.11, and all rows for codes 3.13, 3.2, 3.21, 3.22, 30.11, 30.12, and 30.21, were never captured (a scroll/screenshot gap between images). These are marked with DATA_GAP:true and a note field rather than filled with guessed values. Given the density and volume of this table (~365 data rows), spot-checking a sample against the original source CSV (lookupTables/Component/tblBoring.csv) is recommended before using this for production costing decisions.",182,511,273,966,Bore,Corobore 820,33.3,100,Brinell,35.0,0.4,9.5,130,52.5,1.2,0.06,1800,15,38.4,3.0,,
USA reference export,Lookup Table,Machining > Lookup Tables,tblBoring,lookupTables/Component/tblBoring.csv,"This table was transcribed from 24 screenshots across two batches. Two genuine gaps exist in the source screenshots themselves (not introduced by this transcription): (1) Corobore 820, material code 20.12, diameter 237.0mm row was never captured. (2) Sandvik Duobore pC14-C21: the 270mm-diameter row for code 3.11, and all rows for codes 3.13, 3.2, 3.21, 3.22, 30.11, 30.12, and 30.21, were never captured (a scroll/screenshot gap between images). These are marked with DATA_GAP:true and a note field rather than filled with guessed values. Given the density and volume of this table (~365 data rows), spot-checking a sample against the original source CSV (lookupTables/Component/tblBoring.csv) is recommended before using this for production costing decisions.",182,511,273,966,Bore,Corobore 820,33.3,100,Brinell,237.0,0.4,355.5,97,355.5,1.6,0.13,1800,15,38.4,3.0,,
USA reference export,Lookup Table,Machining > Lookup Tables,tblBoring,lookupTables/Component/tblBoring.csv,"This table was transcribed from 24 screenshots across two batches. Two genuine gaps exist in the source screenshots themselves (not introduced by this transcription): (1) Corobore 820, material code 20.12, diameter 237.0mm row was never captured. (2) Sandvik Duobore pC14-C21: the 270mm-diameter row for code 3.11, and all rows for codes 3.13, 3.2, 3.21, 3.22, 30.11, 30.12, and 30.21, were never captured (a scroll/screenshot gap between images). These are marked with DATA_GAP:true and a note field rather than filled with guessed values. Given the density and volume of this table (~365 data rows), spot-checking a sample against the original source CSV (lookupTables/Component/tblBoring.csv) is recommended before using this for production costing decisions.",182,511,273,966,Bore,Corobore 820,34.0,515,Brinell,35.0,0.4,9.5,296,52.5,1.152,0.06,700,15,38.4,3.0,,
USA reference export,Lookup Table,Machining > Lookup Tables,tblBoring,lookupTables/Component/tblBoring.csv,"This table was transcribed from 24 screenshots across two batches. Two genuine gaps exist in the source screenshots themselves (not introduced by this transcription): (1) Corobore 820, material code 20.12, diameter 237.0mm row was never captured. (2) Sandvik Duobore pC14-C21: the 270mm-diameter row for code 3.11, and all rows for codes 3.13, 3.2, 3.21, 3.22, 30.11, 30.12, and 30.21, were never captured (a scroll/screenshot gap between images). These are marked with DATA_GAP:true and a note field rather than filled with guessed values. Given the density and volume of this table (~365 data rows), spot-checking a sample against the original source CSV (lookupTables/Component/tblBoring.csv) is recommended before using this for production costing decisions.",182,511,273,966,Bore,Corobore 820,34.0,515,Brinell,237.0,0.4,355.5,222,355.5,1.536,0.13,700,15,38.4,3.0,,
USA reference export,Lookup Table,Machining > Lookup Tables,tblBoring,lookupTables/Component/tblBoring.csv,"This table was transcribed from 24 screenshots across two batches. Two genuine gaps exist in the source screenshots themselves (not introduced by this transcription): (1) Corobore 820, material code 20.12, diameter 237.0mm row was never captured. (2) Sandvik Duobore pC14-C21: the 270mm-diameter row for code 3.11, and all rows for codes 3.13, 3.2, 3.21, 3.22, 30.11, 30.12, and 30.21, were never captured (a scroll/screenshot gap between images). These are marked with DATA_GAP:true and a note field rather than filled with guessed values. Given the density and volume of this table (~365 data rows), spot-checking a sample against the original source CSV (lookupTables/Component/tblBoring.csv) is recommended before using this for production costing decisions.",182,511,273,966,Bore,Corobore 820,4.0,55,Rockwell C,35.0,0.4,9.5,67,52.5,1.125,0.06,4540,15,38.4,3.0,,
USA reference export,Lookup Table,Machining > Lookup Tables,tblBoring,lookupTables/Component/tblBoring.csv,"This table was transcribed from 24 screenshots across two batches. Two genuine gaps exist in the source screenshots themselves (not introduced by this transcription): (1) Corobore 820, material code 20.12, diameter 237.0mm row was never captured. (2) Sandvik Duobore pC14-C21: the 270mm-diameter row for code 3.11, and all rows for codes 3.13, 3.2, 3.21, 3.22, 30.11, 30.12, and 30.21, were never captured (a scroll/screenshot gap between images). These are marked with DATA_GAP:true and a note field rather than filled with guessed values. Given the density and volume of this table (~365 data rows), spot-checking a sample against the original source CSV (lookupTables/Component/tblBoring.csv) is recommended before using this for production costing decisions.",182,511,273,966,Bore,Corobore 820,4.0,55,Rockwell C,237.0,0.4,355.5,50,355.5,1.5,0.13,4540,15,38.4,3.0,,
USA reference export,Lookup Table,Machining > Lookup Tables,tblBoring,lookupTables/Component/tblBoring.csv,"This table was transcribed from 24 screenshots across two batches. Two genuine gaps exist in the source screenshots themselves (not introduced by this transcription): (1) Corobore 820, material code 20.12, diameter 237.0mm row was never captured. (2) Sandvik Duobore pC14-C21: the 270mm-diameter row for code 3.11, and all rows for codes 3.13, 3.2, 3.21, 3.22, 30.11, 30.12, and 30.21, were never captured (a scroll/screenshot gap between images). These are marked with DATA_GAP:true and a note field rather than filled with guessed values. Given the density and volume of this table (~365 data rows), spot-checking a sample against the original source CSV (lookupTables/Component/tblBoring.csv) is recommended before using this for production costing decisions.",182,511,273,966,Bore,Corobore 820,4.1,59,Rockwell C,35.0,0.4,9.5,38,52.5,1.125,0.06,5620,15,38.4,3.0,,
USA reference export,Lookup Table,Machining > Lookup Tables,tblBoring,lookupTables/Component/tblBoring.csv,"This table was transcribed from 24 screenshots across two batches. Two genuine gaps exist in the source screenshots themselves (not introduced by this transcription): (1) Corobore 820, material code 20.12, diameter 237.0mm row was never captured. (2) Sandvik Duobore pC14-C21: the 270mm-diameter row for code 3.11, and all rows for codes 3.13, 3.2, 3.21, 3.22, 30.11, 30.12, and 30.21, were never captured (a scroll/screenshot gap between images). These are marked with DATA_GAP:true and a note field rather than filled with guessed values. Given the density and volume of this table (~365 data rows), spot-checking a sample against the original source CSV (lookupTables/Component/tblBoring.csv) is recommended before using this for production costing decisions.",182,511,273,966,Bore,Corobore 820,4.1,59,Rockwell C,237.0,0.4,355.5,28,355.5,1.5,0.13,5620,15,38.4,3.0,,
USA reference export,Lookup Table,Machining > Lookup Tables,tblBoring,lookupTables/Component/tblBoring.csv,"This table was transcribed from 24 screenshots across two batches. Two genuine gaps exist in the source screenshots themselves (not introduced by this transcription): (1) Corobore 820, material code 20.12, diameter 237.0mm row was never captured. (2) Sandvik Duobore pC14-C21: the 270mm-diameter row for code 3.11, and all rows for codes 3.13, 3.2, 3.21, 3.22, 30.11, 30.12, and 30.21, were never captured (a scroll/screenshot gap between images). These are marked with DATA_GAP:true and a note field rather than filled with guessed values. Given the density and volume of this table (~365 data rows), spot-checking a sample against the original source CSV (lookupTables/Component/tblBoring.csv) is recommended before using this for production costing decisions.",182,511,273,966,Bore,Corobore 820,41.11,30,Brinell,35.0,0.4,9.5,192,52.5,0.9231,0.06,460,15,38.4,3.0,,
USA reference export,Lookup Table,Machining > Lookup Tables,tblBoring,lookupTables/Component/tblBoring.csv,"This table was transcribed from 24 screenshots across two batches. Two genuine gaps exist in the source screenshots themselves (not introduced by this transcription): (1) Corobore 820, material code 20.12, diameter 237.0mm row was never captured. (2) Sandvik Duobore pC14-C21: the 270mm-diameter row for code 3.11, and all rows for codes 3.13, 3.2, 3.21, 3.22, 30.11, 30.12, and 30.21, were never captured (a scroll/screenshot gap between images). These are marked with DATA_GAP:true and a note field rather than filled with guessed values. Given the density and volume of this table (~365 data rows), spot-checking a sample against the original source CSV (lookupTables/Component/tblBoring.csv) is recommended before using this for production costing decisions.",182,511,273,966,Bore,Corobore 820,41.11,30,Brinell,237.0,0.4,355.5,144,355.5,1.2308,0.13,460,15,38.4,3.0,,
USA reference export,Lookup Table,Machining > Lookup Tables,tblBoring,lookupTables/Component/tblBoring.csv,"This table was transcribed from 24 screenshots across two batches. Two genuine gaps exist in the source screenshots themselves (not introduced by this transcription): (1) Corobore 820, material code 20.12, diameter 237.0mm row was never captured. (2) Sandvik Duobore pC14-C21: the 270mm-diameter row for code 3.11, and all rows for codes 3.13, 3.2, 3.21, 3.22, 30.11, 30.12, and 30.21, were never captured (a scroll/screenshot gap between images). These are marked with DATA_GAP:true and a note field rather than filled with guessed values. Given the density and volume of this table (~365 data rows), spot-checking a sample against the original source CSV (lookupTables/Component/tblBoring.csv) is recommended before using this for production costing decisions.",182,511,273,966,Bore,Corobore 820,41.21,30,Brinell,35.0,0.4,9.5,216,52.5,0.9231,0.06,460,15,38.4,3.0,,
USA reference export,Lookup Table,Machining > Lookup Tables,tblBoring,lookupTables/Component/tblBoring.csv,"This table was transcribed from 24 screenshots across two batches. Two genuine gaps exist in the source screenshots themselves (not introduced by this transcription): (1) Corobore 820, material code 20.12, diameter 237.0mm row was never captured. (2) Sandvik Duobore pC14-C21: the 270mm-diameter row for code 3.11, and all rows for codes 3.13, 3.2, 3.21, 3.22, 30.11, 30.12, and 30.21, were never captured (a scroll/screenshot gap between images). These are marked with DATA_GAP:true and a note field rather than filled with guessed values. Given the density and volume of this table (~365 data rows), spot-checking a sample against the original source CSV (lookupTables/Component/tblBoring.csv) is recommended before using this for production costing decisions.",182,511,273,966,Bore,Corobore 820,41.21,30,Brinell,237.0,0.4,355.5,162,355.5,1.2308,0.13,460,15,38.4,3.0,,
USA reference export,Lookup Table,Machining > Lookup Tables,tblBoring,lookupTables/Component/tblBoring.csv,"This table was transcribed from 24 screenshots across two batches. Two genuine gaps exist in the source screenshots themselves (not introduced by this transcription): (1) Corobore 820, material code 20.12, diameter 237.0mm row was never captured. (2) Sandvik Duobore pC14-C21: the 270mm-diameter row for code 3.11, and all rows for codes 3.13, 3.2, 3.21, 3.22, 30.11, 30.12, and 30.21, were never captured (a scroll/screenshot gap between images). These are marked with DATA_GAP:true and a note field rather than filled with guessed values. Given the density and volume of this table (~365 data rows), spot-checking a sample against the original source CSV (lookupTables/Component/tblBoring.csv) is recommended before using this for production costing decisions.",182,511,273,966,Bore,Corobore 820,42.11,30,Brinell,35.0,0.4,9.5,168,52.5,1.3846,0.06,460,15,38.4,3.0,,
USA reference export,Lookup Table,Machining > Lookup Tables,tblBoring,lookupTables/Component/tblBoring.csv,"This table was transcribed from 24 screenshots across two batches. Two genuine gaps exist in the source screenshots themselves (not introduced by this transcription): (1) Corobore 820, material code 20.12, diameter 237.0mm row was never captured. (2) Sandvik Duobore pC14-C21: the 270mm-diameter row for code 3.11, and all rows for codes 3.13, 3.2, 3.21, 3.22, 30.11, 30.12, and 30.21, were never captured (a scroll/screenshot gap between images). These are marked with DATA_GAP:true and a note field rather than filled with guessed values. Given the density and volume of this table (~365 data rows), spot-checking a sample against the original source CSV (lookupTables/Component/tblBoring.csv) is recommended before using this for production costing decisions.",182,511,273,966,Bore,Corobore 820,42.11,30,Brinell,237.0,0.4,355.5,126,355.5,1.8461,0.13,460,15,38.4,3.0,,
USA reference export,Lookup Table,Machining > Lookup Tables,tblBoring,lookupTables/Component/tblBoring.csv,"This table was transcribed from 24 screenshots across two batches. Two genuine gaps exist in the source screenshots themselves (not introduced by this transcription): (1) Corobore 820, material code 20.12, diameter 237.0mm row was never captured. (2) Sandvik Duobore pC14-C21: the 270mm-diameter row for code 3.11, and all rows for codes 3.13, 3.2, 3.21, 3.22, 30.11, 30.12, and 30.21, were never captured (a scroll/screenshot gap between images). These are marked with DATA_GAP:true and a note field rather than filled with guessed values. Given the density and volume of this table (~365 data rows), spot-checking a sample against the original source CSV (lookupTables/Component/tblBoring.csv) is recommended before using this for production costing decisions.",182,511,273,966,Bore,Corobore 820,42.12,30,Brinell,35.0,0.4,9.5,216,52.5,0.9231,0.06,460,15,38.4,3.0,,
USA reference export,Lookup Table,Machining > Lookup Tables,tblBoring,lookupTables/Component/tblBoring.csv,"This table was transcribed from 24 screenshots across two batches. Two genuine gaps exist in the source screenshots themselves (not introduced by this transcription): (1) Corobore 820, material code 20.12, diameter 237.0mm row was never captured. (2) Sandvik Duobore pC14-C21: the 270mm-diameter row for code 3.11, and all rows for codes 3.13, 3.2, 3.21, 3.22, 30.11, 30.12, and 30.21, were never captured (a scroll/screenshot gap between images). These are marked with DATA_GAP:true and a note field rather than filled with guessed values. Given the density and volume of this table (~365 data rows), spot-checking a sample against the original source CSV (lookupTables/Component/tblBoring.csv) is recommended before using this for production costing decisions.",182,511,273,966,Bore,Corobore 820,42.12,30,Brinell,237.0,0.4,355.5,162,355.5,1.2308,0.13,460,15,38.4,3.0,,
USA reference export,Lookup Table,Machining > Lookup Tables,tblBoring,lookupTables/Component/tblBoring.csv,"This table was transcribed from 24 screenshots across two batches. Two genuine gaps exist in the source screenshots themselves (not introduced by this transcription): (1) Corobore 820, material code 20.12, diameter 237.0mm row was never captured. (2) Sandvik Duobore pC14-C21: the 270mm-diameter row for code 3.11, and all rows for codes 3.13, 3.2, 3.21, 3.22, 30.11, 30.12, and 30.21, were never captured (a scroll/screenshot gap between images). These are marked with DATA_GAP:true and a note field rather than filled with guessed values. Given the density and volume of this table (~365 data rows), spot-checking a sample against the original source CSV (lookupTables/Component/tblBoring.csv) is recommended before using this for production costing decisions.",182,511,273,966,Bore,Corobore 820,42.13,30,Brinell,35.0,0.4,9.5,162,52.5,0.9231,0.06,460,15,38.4,3.0,,
USA reference export,Lookup Table,Machining > Lookup Tables,tblBoring,lookupTables/Component/tblBoring.csv,"This table was transcribed from 24 screenshots across two batches. Two genuine gaps exist in the source screenshots themselves (not introduced by this transcription): (1) Corobore 820, material code 20.12, diameter 237.0mm row was never captured. (2) Sandvik Duobore pC14-C21: the 270mm-diameter row for code 3.11, and all rows for codes 3.13, 3.2, 3.21, 3.22, 30.11, 30.12, and 30.21, were never captured (a scroll/screenshot gap between images). These are marked with DATA_GAP:true and a note field rather than filled with guessed values. Given the density and volume of this table (~365 data rows), spot-checking a sample against the original source CSV (lookupTables/Component/tblBoring.csv) is recommended before using this for production costing decisions.",182,511,273,966,Bore,Corobore 820,42.13,30,Brinell,237.0,0.4,355.5,162,355.5,1.2308,0.13,460,15,38.4,3.0,,
USA reference export,Lookup Table,Machining > Lookup Tables,tblBoring,lookupTables/Component/tblBoring.csv,"This table was transcribed from 24 screenshots across two batches. Two genuine gaps exist in the source screenshots themselves (not introduced by this transcription): (1) Corobore 820, material code 20.12, diameter 237.0mm row was never captured. (2) Sandvik Duobore pC14-C21: the 270mm-diameter row for code 3.11, and all rows for codes 3.13, 3.2, 3.21, 3.22, 30.11, 30.12, and 30.21, were never captured (a scroll/screenshot gap between images). These are marked with DATA_GAP:true and a note field rather than filled with guessed values. Given the density and volume of this table (~365 data rows), spot-checking a sample against the original source CSV (lookupTables/Component/tblBoring.csv) is recommended before using this for production costing decisions.",182,511,273,966,Bore,Corobore 820,5.1,200,Brinell,35.0,0.4,9.5,74,52.5,1.05,0.06,2100,15,38.4,3.0,,
USA reference export,Lookup Table,Machining > Lookup Tables,tblBoring,lookupTables/Component/tblBoring.csv,"This table was transcribed from 24 screenshots across two batches. Two genuine gaps exist in the source screenshots themselves (not introduced by this transcription): (1) Corobore 820, material code 20.12, diameter 237.0mm row was never captured. (2) Sandvik Duobore pC14-C21: the 270mm-diameter row for code 3.11, and all rows for codes 3.13, 3.2, 3.21, 3.22, 30.11, 30.12, and 30.21, were never captured (a scroll/screenshot gap between images). These are marked with DATA_GAP:true and a note field rather than filled with guessed values. Given the density and volume of this table (~365 data rows), spot-checking a sample against the original source CSV (lookupTables/Component/tblBoring.csv) is recommended before using this for production costing decisions.",182,511,273,966,Bore,Corobore 820,5.1,200,Brinell,237.0,0.4,355.5,55,355.5,1.4,0.13,2100,15,38.4,3.0,,
USA reference export,Lookup Table,Machining > Lookup Tables,tblBoring,lookupTables/Component/tblBoring.csv,"This table was transcribed from 24 screenshots across two batches. Two genuine gaps exist in the source screenshots themselves (not introduced by this transcription): (1) Corobore 820, material code 20.12, diameter 237.0mm row was never captured. (2) Sandvik Duobore pC14-C21: the 270mm-diameter row for code 3.11, and all rows for codes 3.13, 3.2, 3.21, 3.22, 30.11, 30.12, and 30.21, were never captured (a scroll/screenshot gap between images). These are marked with DATA_GAP:true and a note field rather than filled with guessed values. Given the density and volume of this table (~365 data rows), spot-checking a sample against the original source CSV (lookupTables/Component/tblBoring.csv) is recommended before using this for production costing decisions.",182,511,273,966,Bore,Corobore 820,5.11,200,Brinell,35.0,0.4,9.5,88,52.5,1.05,0.06,2180,15,38.4,3.0,,
USA reference export,Lookup Table,Machining > Lookup Tables,tblBoring,lookupTables/Component/tblBoring.csv,"This table was transcribed from 24 screenshots across two batches. Two genuine gaps exist in the source screenshots themselves (not introduced by this transcription): (1) Corobore 820, material code 20.12, diameter 237.0mm row was never captured. (2) Sandvik Duobore pC14-C21: the 270mm-diameter row for code 3.11, and all rows for codes 3.13, 3.2, 3.21, 3.22, 30.11, 30.12, and 30.21, were never captured (a scroll/screenshot gap between images). These are marked with DATA_GAP:true and a note field rather than filled with guessed values. Given the density and volume of this table (~365 data rows), spot-checking a sample against the original source CSV (lookupTables/Component/tblBoring.csv) is recommended before using this for production costing decisions.",182,511,273,966,Bore,Corobore 820,5.11,200,Brinell,237.0,0.4,355.5,66,355.5,1.4,0.13,2180,15,38.4,3.0,,
USA reference export,Lookup Table,Machining > Lookup Tables,tblBoring,lookupTables/Component/tblBoring.csv,"This table was transcribed from 24 screenshots across two batches. Two genuine gaps exist in the source screenshots themselves (not introduced by this transcription): (1) Corobore 820, material code 20.12, diameter 237.0mm row was never captured. (2) Sandvik Duobore pC14-C21: the 270mm-diameter row for code 3.11, and all rows for codes 3.13, 3.2, 3.21, 3.22, 30.11, 30.12, and 30.21, were never captured (a scroll/screenshot gap between images). These are marked with DATA_GAP:true and a note field rather than filled with guessed values. Given the density and volume of this table (~365 data rows), spot-checking a sample against the original source CSV (lookupTables/Component/tblBoring.csv) is recommended before using this for production costing decisions.",182,511,273,966,Bore,Corobore 820,5.12,330,Brinell,35.0,0.4,9.5,87,52.5,1.05,0.06,3400,15,38.4,3.0,,
USA reference export,Lookup Table,Machining > Lookup Tables,tblBoring,lookupTables/Component/tblBoring.csv,"This table was transcribed from 24 screenshots across two batches. Two genuine gaps exist in the source screenshots themselves (not introduced by this transcription): (1) Corobore 820, material code 20.12, diameter 237.0mm row was never captured. (2) Sandvik Duobore pC14-C21: the 270mm-diameter row for code 3.11, and all rows for codes 3.13, 3.2, 3.21, 3.22, 30.11, 30.12, and 30.21, were never captured (a scroll/screenshot gap between images). These are marked with DATA_GAP:true and a note field rather than filled with guessed values. Given the density and volume of this table (~365 data rows), spot-checking a sample against the original source CSV (lookupTables/Component/tblBoring.csv) is recommended before using this for production costing decisions.",182,511,273,966,Bore,Corobore 820,5.12,330,Brinell,237.0,0.4,355.5,65,355.5,1.4,0.13,3400,15,38.4,3.0,,
USA reference export,Lookup Table,Machining > Lookup Tables,tblBoring,lookupTables/Component/tblBoring.csv,"This table was transcribed from 24 screenshots across two batches. Two genuine gaps exist in the source screenshots themselves (not introduced by this transcription): (1) Corobore 820, material code 20.12, diameter 237.0mm row was never captured. (2) Sandvik Duobore pC14-C21: the 270mm-diameter row for code 3.11, and all rows for codes 3.13, 3.2, 3.21, 3.22, 30.11, 30.12, and 30.21, were never captured (a scroll/screenshot gap between images). These are marked with DATA_GAP:true and a note field rather than filled with guessed values. Given the density and volume of this table (~365 data rows), spot-checking a sample against the original source CSV (lookupTables/Component/tblBoring.csv) is recommended before using this for production costing decisions.",182,511,273,966,Bore,Corobore 820,5.13,330,Brinell,35.0,0.4,9.5,93,52.5,1.05,0.06,2800,15,38.4,3.0,,
USA reference export,Lookup Table,Machining > Lookup Tables,tblBoring,lookupTables/Component/tblBoring.csv,"This table was transcribed from 24 screenshots across two batches. Two genuine gaps exist in the source screenshots themselves (not introduced by this transcription): (1) Corobore 820, material code 20.12, diameter 237.0mm row was never captured. (2) Sandvik Duobore pC14-C21: the 270mm-diameter row for code 3.11, and all rows for codes 3.13, 3.2, 3.21, 3.22, 30.11, 30.12, and 30.21, were never captured (a scroll/screenshot gap between images). These are marked with DATA_GAP:true and a note field rather than filled with guessed values. Given the density and volume of this table (~365 data rows), spot-checking a sample against the original source CSV (lookupTables/Component/tblBoring.csv) is recommended before using this for production costing decisions.",182,511,273,966,Bore,Corobore 820,5.13,330,Brinell,237.0,0.4,355.5,70,355.5,1.4,0.13,2800,15,38.4,3.0,,
USA reference export,Lookup Table,Machining > Lookup Tables,tblBoring,lookupTables/Component/tblBoring.csv,"This table was transcribed from 24 screenshots across two batches. Two genuine gaps exist in the source screenshots themselves (not introduced by this transcription): (1) Corobore 820, material code 20.12, diameter 237.0mm row was never captured. (2) Sandvik Duobore pC14-C21: the 270mm-diameter row for code 3.11, and all rows for codes 3.13, 3.2, 3.21, 3.22, 30.11, 30.12, and 30.21, were never captured (a scroll/screenshot gap between images). These are marked with DATA_GAP:true and a note field rather than filled with guessed values. Given the density and volume of this table (~365 data rows), spot-checking a sample against the original source CSV (lookupTables/Component/tblBoring.csv) is recommended before using this for production costing decisions.",182,511,273,966,Bore,Corobore 820,5.2,175,Brinell,35.0,0.4,9.5,132,52.5,1.05,0.06,2300,15,38.4,3.0,,
USA reference export,Lookup Table,Machining > Lookup Tables,tblBoring,lookupTables/Component/tblBoring.csv,"This table was transcribed from 24 screenshots across two batches. Two genuine gaps exist in the source screenshots themselves (not introduced by this transcription): (1) Corobore 820, material code 20.12, diameter 237.0mm row was never captured. (2) Sandvik Duobore pC14-C21: the 270mm-diameter row for code 3.11, and all rows for codes 3.13, 3.2, 3.21, 3.22, 30.11, 30.12, and 30.21, were never captured (a scroll/screenshot gap between images). These are marked with DATA_GAP:true and a note field rather than filled with guessed values. Given the density and volume of this table (~365 data rows), spot-checking a sample against the original source CSV (lookupTables/Component/tblBoring.csv) is recommended before using this for production costing decisions.",182,511,273,966,Bore,Corobore 820,5.2,175,Brinell,237.0,0.4,355.5,99,355.5,1.4,0.13,2300,15,38.4,3.0,,
USA reference export,Lookup Table,Machining > Lookup Tables,tblBoring,lookupTables/Component/tblBoring.csv,"This table was transcribed from 24 screenshots across two batches. Two genuine gaps exist in the source screenshots themselves (not introduced by this transcription): (1) Corobore 820, material code 20.12, diameter 237.0mm row was never captured. (2) Sandvik Duobore pC14-C21: the 270mm-diameter row for code 3.11, and all rows for codes 3.13, 3.2, 3.21, 3.22, 30.11, 30.12, and 30.21, were never captured (a scroll/screenshot gap between images). These are marked with DATA_GAP:true and a note field rather than filled with guessed values. Given the density and volume of this table (~365 data rows), spot-checking a sample against the original source CSV (lookupTables/Component/tblBoring.csv) is recommended before using this for production costing decisions.",182,511,273,966,Bore,Corobore 820,5.21,200,Brinell,35.0,0.4,9.5,89,52.5,0.9,0.06,2420,15,38.4,3.0,,
USA reference export,Lookup Table,Machining > Lookup Tables,tblBoring,lookupTables/Component/tblBoring.csv,"This table was transcribed from 24 screenshots across two batches. Two genuine gaps exist in the source screenshots themselves (not introduced by this transcription): (1) Corobore 820, material code 20.12, diameter 237.0mm row was never captured. (2) Sandvik Duobore pC14-C21: the 270mm-diameter row for code 3.11, and all rows for codes 3.13, 3.2, 3.21, 3.22, 30.11, 30.12, and 30.21, were never captured (a scroll/screenshot gap between images). These are marked with DATA_GAP:true and a note field rather than filled with guessed values. Given the density and volume of this table (~365 data rows), spot-checking a sample against the original source CSV (lookupTables/Component/tblBoring.csv) is recommended before using this for production costing decisions.",182,511,273,966,Bore,Corobore 820,5.21,200,Brinell,237.0,0.4,355.5,67,355.5,1.2,0.13,2420,15,38.4,3.0,,
USA reference export,Lookup Table,Machining > Lookup Tables,tblBoring,lookupTables/Component/tblBoring.csv,"This table was transcribed from 24 screenshots across two batches. Two genuine gaps exist in the source screenshots themselves (not introduced by this transcription): (1) Corobore 820, material code 20.12, diameter 237.0mm row was never captured. (2) Sandvik Duobore pC14-C21: the 270mm-diameter row for code 3.11, and all rows for codes 3.13, 3.2, 3.21, 3.22, 30.11, 30.12, and 30.21, were never captured (a scroll/screenshot gap between images). These are marked with DATA_GAP:true and a note field rather than filled with guessed values. Given the density and volume of this table (~365 data rows), spot-checking a sample against the original source CSV (lookupTables/Component/tblBoring.csv) is recommended before using this for production costing decisions.",182,511,273,966,Bore,Corobore 820,5.22,330,Brinell,35.0,0.4,9.5,77,52.5,0.9,0.06,3400,15,38.4,3.0,,
USA reference export,Lookup Table,Machining > Lookup Tables,tblBoring,lookupTables/Component/tblBoring.csv,"This table was transcribed from 24 screenshots across two batches. Two genuine gaps exist in the source screenshots themselves (not introduced by this transcription): (1) Corobore 820, material code 20.12, diameter 237.0mm row was never captured. (2) Sandvik Duobore pC14-C21: the 270mm-diameter row for code 3.11, and all rows for codes 3.13, 3.2, 3.21, 3.22, 30.11, 30.12, and 30.21, were never captured (a scroll/screenshot gap between images). These are marked with DATA_GAP:true and a note field rather than filled with guessed values. Given the density and volume of this table (~365 data rows), spot-checking a sample against the original source CSV (lookupTables/Component/tblBoring.csv) is recommended before using this for production costing decisions.",182,511,273,966,Bore,Corobore 820,5.22,330,Brinell,237.0,0.4,355.5,58,355.5,1.2,0.13,3400,15,38.4,3.0,,
USA reference export,Lookup Table,Machining > Lookup Tables,tblBoring,lookupTables/Component/tblBoring.csv,"This table was transcribed from 24 screenshots across two batches. Two genuine gaps exist in the source screenshots themselves (not introduced by this transcription): (1) Corobore 820, material code 20.12, diameter 237.0mm row was never captured. (2) Sandvik Duobore pC14-C21: the 270mm-diameter row for code 3.11, and all rows for codes 3.13, 3.2, 3.21, 3.22, 30.11, 30.12, and 30.21, were never captured (a scroll/screenshot gap between images). These are marked with DATA_GAP:true and a note field rather than filled with guessed values. Given the density and volume of this table (~365 data rows), spot-checking a sample against the original source CSV (lookupTables/Component/tblBoring.csv) is recommended before using this for production costing decisions.",182,511,273,966,Bore,Corobore 820,5.23,200,Brinell,35.0,0.4,9.5,64,52.5,0.9,0.06,2960,15,38.4,3.0,,
USA reference export,Lookup Table,Machining > Lookup Tables,tblBoring,lookupTables/Component/tblBoring.csv,"This table was transcribed from 24 screenshots across two batches. Two genuine gaps exist in the source screenshots themselves (not introduced by this transcription): (1) Corobore 820, material code 20.12, diameter 237.0mm row was never captured. (2) Sandvik Duobore pC14-C21: the 270mm-diameter row for code 3.11, and all rows for codes 3.13, 3.2, 3.21, 3.22, 30.11, 30.12, and 30.21, were never captured (a scroll/screenshot gap between images). These are marked with DATA_GAP:true and a note field rather than filled with guessed values. Given the density and volume of this table (~365 data rows), spot-checking a sample against the original source CSV (lookupTables/Component/tblBoring.csv) is recommended before using this for production costing decisions.",182,511,273,966,Bore,Corobore 820,5.23,200,Brinell,237.0,0.4,355.5,48,355.5,1.2,0.13,2960,15,38.4,3.0,,
USA reference export,Lookup Table,Machining > Lookup Tables,tblBoring,lookupTables/Component/tblBoring.csv,"This table was transcribed from 24 screenshots across two batches. Two genuine gaps exist in the source screenshots themselves (not introduced by this transcription): (1) Corobore 820, material code 20.12, diameter 237.0mm row was never captured. (2) Sandvik Duobore pC14-C21: the 270mm-diameter row for code 3.11, and all rows for codes 3.13, 3.2, 3.21, 3.22, 30.11, 30.12, and 30.21, were never captured (a scroll/screenshot gap between images). These are marked with DATA_GAP:true and a note field rather than filled with guessed values. Given the density and volume of this table (~365 data rows), spot-checking a sample against the original source CSV (lookupTables/Component/tblBoring.csv) is recommended before using this for production costing decisions.",182,511,273,966,Bore,Corobore 820,5.51,230,Brinell,35.0,0.4,9.5,65,52.5,0.9,0.06,2420,15,38.4,3.0,,
USA reference export,Lookup Table,Machining > Lookup Tables,tblBoring,lookupTables/Component/tblBoring.csv,"This table was transcribed from 24 screenshots across two batches. Two genuine gaps exist in the source screenshots themselves (not introduced by this transcription): (1) Corobore 820, material code 20.12, diameter 237.0mm row was never captured. (2) Sandvik Duobore pC14-C21: the 270mm-diameter row for code 3.11, and all rows for codes 3.13, 3.2, 3.21, 3.22, 30.11, 30.12, and 30.21, were never captured (a scroll/screenshot gap between images). These are marked with DATA_GAP:true and a note field rather than filled with guessed values. Given the density and volume of this table (~365 data rows), spot-checking a sample against the original source CSV (lookupTables/Component/tblBoring.csv) is recommended before using this for production costing decisions.",182,511,273,966,Bore,Corobore 820,5.51,230,Brinell,237.0,0.4,355.5,49,355.5,1.2,0.13,2420,15,38.4,3.0,,
USA reference export,Lookup Table,Machining > Lookup Tables,tblBoring,lookupTables/Component/tblBoring.csv,"This table was transcribed from 24 screenshots across two batches. Two genuine gaps exist in the source screenshots themselves (not introduced by this transcription): (1) Corobore 820, material code 20.12, diameter 237.0mm row was never captured. (2) Sandvik Duobore pC14-C21: the 270mm-diameter row for code 3.11, and all rows for codes 3.13, 3.2, 3.21, 3.22, 30.11, 30.12, and 30.21, were never captured (a scroll/screenshot gap between images). These are marked with DATA_GAP:true and a note field rather than filled with guessed values. Given the density and volume of this table (~365 data rows), spot-checking a sample against the original source CSV (lookupTables/Component/tblBoring.csv) is recommended before using this for production costing decisions.",182,511,273,966,Bore,Corobore 820,5.52,260,Brinell,35.0,0.4,9.5,65,52.5,0.9,0.06,2920,15,38.4,3.0,,
USA reference export,Lookup Table,Machining > Lookup Tables,tblBoring,lookupTables/Component/tblBoring.csv,"This table was transcribed from 24 screenshots across two batches. Two genuine gaps exist in the source screenshots themselves (not introduced by this transcription): (1) Corobore 820, material code 20.12, diameter 237.0mm row was never captured. (2) Sandvik Duobore pC14-C21: the 270mm-diameter row for code 3.11, and all rows for codes 3.13, 3.2, 3.21, 3.22, 30.11, 30.12, and 30.21, were never captured (a scroll/screenshot gap between images). These are marked with DATA_GAP:true and a note field rather than filled with guessed values. Given the density and volume of this table (~365 data rows), spot-checking a sample against the original source CSV (lookupTables/Component/tblBoring.csv) is recommended before using this for production costing decisions.",182,511,273,966,Bore,Corobore 820,5.52,260,Brinell,237.0,0.4,355.5,49,355.5,1.2,0.13,2920,15,38.4,3.0,,
USA reference export,Lookup Table,Machining > Lookup Tables,tblBoring,lookupTables/Component/tblBoring.csv,"This table was transcribed from 24 screenshots across two batches. Two genuine gaps exist in the source screenshots themselves (not introduced by this transcription): (1) Corobore 820, material code 20.12, diameter 237.0mm row was never captured. (2) Sandvik Duobore pC14-C21: the 270mm-diameter row for code 3.11, and all rows for codes 3.13, 3.2, 3.21, 3.22, 30.11, 30.12, and 30.21, were never captured (a scroll/screenshot gap between images). These are marked with DATA_GAP:true and a note field rather than filled with guessed values. Given the density and volume of this table (~365 data rows), spot-checking a sample against the original source CSV (lookupTables/Component/tblBoring.csv) is recommended before using this for production costing decisions.",182,511,273,966,Bore,Corobore 820,51.21,30,Brinell,35.0,0.4,9.5,392,52.5,1.3846,0.06,460,15,38.4,3.0,,
USA reference export,Lookup Table,Machining > Lookup Tables,tblBoring,lookupTables/Component/tblBoring.csv,"This table was transcribed from 24 screenshots across two batches. Two genuine gaps exist in the source screenshots themselves (not introduced by this transcription): (1) Corobore 820, material code 20.12, diameter 237.0mm row was never captured. (2) Sandvik Duobore pC14-C21: the 270mm-diameter row for code 3.11, and all rows for codes 3.13, 3.2, 3.21, 3.22, 30.11, 30.12, and 30.21, were never captured (a scroll/screenshot gap between images). These are marked with DATA_GAP:true and a note field rather than filled with guessed values. Given the density and volume of this table (~365 data rows), spot-checking a sample against the original source CSV (lookupTables/Component/tblBoring.csv) is recommended before using this for production costing decisions.",182,511,273,966,Bore,Corobore 820,51.21,30,Brinell,237.0,0.4,355.5,294,355.5,1.8461,0.13,460,15,38.4,3.0,,
USA reference export,Lookup Table,Machining > Lookup Tables,tblBoring,lookupTables/Component/tblBoring.csv,"This table was transcribed from 24 screenshots across two batches. Two genuine gaps exist in the source screenshots themselves (not introduced by this transcription): (1) Corobore 820, material code 20.12, diameter 237.0mm row was never captured. (2) Sandvik Duobore pC14-C21: the 270mm-diameter row for code 3.11, and all rows for codes 3.13, 3.2, 3.21, 3.22, 30.11, 30.12, and 30.21, were never captured (a scroll/screenshot gap between images). These are marked with DATA_GAP:true and a note field rather than filled with guessed values. Given the density and volume of this table (~365 data rows), spot-checking a sample against the original source CSV (lookupTables/Component/tblBoring.csv) is recommended before using this for production costing decisions.",182,511,273,966,Bore,Corobore 820,51.22,30,Brinell,35.0,0.4,9.5,392,52.5,1.3846,0.06,460,15,38.4,3.0,,
USA reference export,Lookup Table,Machining > Lookup Tables,tblBoring,lookupTables/Component/tblBoring.csv,"This table was transcribed from 24 screenshots across two batches. Two genuine gaps exist in the source screenshots themselves (not introduced by this transcription): (1) Corobore 820, material code 20.12, diameter 237.0mm row was never captured. (2) Sandvik Duobore pC14-C21: the 270mm-diameter row for code 3.11, and all rows for codes 3.13, 3.2, 3.21, 3.22, 30.11, 30.12, and 30.21, were never captured (a scroll/screenshot gap between images). These are marked with DATA_GAP:true and a note field rather than filled with guessed values. Given the density and volume of this table (~365 data rows), spot-checking a sample against the original source CSV (lookupTables/Component/tblBoring.csv) is recommended before using this for production costing decisions.",182,511,273,966,Bore,Corobore 820,51.22,30,Brinell,237.0,0.4,355.5,294,355.5,1.8461,0.13,460,15,38.4,3.0,,
USA reference export,Lookup Table,Machining > Lookup Tables,tblBoring,lookupTables/Component/tblBoring.csv,"This table was transcribed from 24 screenshots across two batches. Two genuine gaps exist in the source screenshots themselves (not introduced by this transcription): (1) Corobore 820, material code 20.12, diameter 237.0mm row was never captured. (2) Sandvik Duobore pC14-C21: the 270mm-diameter row for code 3.11, and all rows for codes 3.13, 3.2, 3.21, 3.22, 30.11, 30.12, and 30.21, were never captured (a scroll/screenshot gap between images). These are marked with DATA_GAP:true and a note field rather than filled with guessed values. Given the density and volume of this table (~365 data rows), spot-checking a sample against the original source CSV (lookupTables/Component/tblBoring.csv) is recommended before using this for production costing decisions.",182,511,273,966,Bore,Corobore 820,51.31,30,Brinell,35.0,0.4,9.5,488,52.5,1.3846,0.06,460,15,38.4,3.0,,
USA reference export,Lookup Table,Machining > Lookup Tables,tblBoring,lookupTables/Component/tblBoring.csv,"This table was transcribed from 24 screenshots across two batches. Two genuine gaps exist in the source screenshots themselves (not introduced by this transcription): (1) Corobore 820, material code 20.12, diameter 237.0mm row was never captured. (2) Sandvik Duobore pC14-C21: the 270mm-diameter row for code 3.11, and all rows for codes 3.13, 3.2, 3.21, 3.22, 30.11, 30.12, and 30.21, were never captured (a scroll/screenshot gap between images). These are marked with DATA_GAP:true and a note field rather than filled with guessed values. Given the density and volume of this table (~365 data rows), spot-checking a sample against the original source CSV (lookupTables/Component/tblBoring.csv) is recommended before using this for production costing decisions.",182,511,273,966,Bore,Corobore 820,51.31,30,Brinell,237.0,0.4,355.5,366,355.5,1.8461,0.13,460,15,38.4,3.0,,
USA reference export,Lookup Table,Machining > Lookup Tables,tblBoring,lookupTables/Component/tblBoring.csv,"This table was transcribed from 24 screenshots across two batches. Two genuine gaps exist in the source screenshots themselves (not introduced by this transcription): (1) Corobore 820, material code 20.12, diameter 237.0mm row was never captured. (2) Sandvik Duobore pC14-C21: the 270mm-diameter row for code 3.11, and all rows for codes 3.13, 3.2, 3.21, 3.22, 30.11, 30.12, and 30.21, were never captured (a scroll/screenshot gap between images). These are marked with DATA_GAP:true and a note field rather than filled with guessed values. Given the density and volume of this table (~365 data rows), spot-checking a sample against the original source CSV (lookupTables/Component/tblBoring.csv) is recommended before using this for production costing decisions.",182,511,273,966,Bore,Corobore 820,51.32,30,Brinell,35.0,0.4,9.5,488,52.5,1.3846,0.06,460,15,38.4,3.0,,
USA reference export,Lookup Table,Machining > Lookup Tables,tblBoring,lookupTables/Component/tblBoring.csv,"This table was transcribed from 24 screenshots across two batches. Two genuine gaps exist in the source screenshots themselves (not introduced by this transcription): (1) Corobore 820, material code 20.12, diameter 237.0mm row was never captured. (2) Sandvik Duobore pC14-C21: the 270mm-diameter row for code 3.11, and all rows for codes 3.13, 3.2, 3.21, 3.22, 30.11, 30.12, and 30.21, were never captured (a scroll/screenshot gap between images). These are marked with DATA_GAP:true and a note field rather than filled with guessed values. Given the density and volume of this table (~365 data rows), spot-checking a sample against the original source CSV (lookupTables/Component/tblBoring.csv) is recommended before using this for production costing decisions.",182,511,273,966,Bore,Corobore 820,51.32,30,Brinell,237.0,0.4,355.5,366,355.5,1.8461,0.13,460,15,38.4,3.0,,
USA reference export,Lookup Table,Machining > Lookup Tables,tblBoring,lookupTables/Component/tblBoring.csv,"This table was transcribed from 24 screenshots across two batches. Two genuine gaps exist in the source screenshots themselves (not introduced by this transcription): (1) Corobore 820, material code 20.12, diameter 237.0mm row was never captured. (2) Sandvik Duobore pC14-C21: the 270mm-diameter row for code 3.11, and all rows for codes 3.13, 3.2, 3.21, 3.22, 30.11, 30.12, and 30.21, were never captured (a scroll/screenshot gap between images). These are marked with DATA_GAP:true and a note field rather than filled with guessed values. Given the density and volume of this table (~365 data rows), spot-checking a sample against the original source CSV (lookupTables/Component/tblBoring.csv) is recommended before using this for production costing decisions.",182,511,273,966,Bore,Corobore 820,52.11,30,Brinell,35.0,0.4,9.5,216,52.5,1.3846,0.06,460,15,38.4,3.0,,
USA reference export,Lookup Table,Machining > Lookup Tables,tblBoring,lookupTables/Component/tblBoring.csv,"This table was transcribed from 24 screenshots across two batches. Two genuine gaps exist in the source screenshots themselves (not introduced by this transcription): (1) Corobore 820, material code 20.12, diameter 237.0mm row was never captured. (2) Sandvik Duobore pC14-C21: the 270mm-diameter row for code 3.11, and all rows for codes 3.13, 3.2, 3.21, 3.22, 30.11, 30.12, and 30.21, were never captured (a scroll/screenshot gap between images). These are marked with DATA_GAP:true and a note field rather than filled with guessed values. Given the density and volume of this table (~365 data rows), spot-checking a sample against the original source CSV (lookupTables/Component/tblBoring.csv) is recommended before using this for production costing decisions.",182,511,273,966,Bore,Corobore 820,52.11,30,Brinell,237.0,0.4,355.5,162,355.5,1.8461,0.13,460,15,38.4,3.0,,
USA reference export,Lookup Table,Machining > Lookup Tables,tblBoring,lookupTables/Component/tblBoring.csv,"This table was transcribed from 24 screenshots across two batches. Two genuine gaps exist in the source screenshots themselves (not introduced by this transcription): (1) Corobore 820, material code 20.12, diameter 237.0mm row was never captured. (2) Sandvik Duobore pC14-C21: the 270mm-diameter row for code 3.11, and all rows for codes 3.13, 3.2, 3.21, 3.22, 30.11, 30.12, and 30.21, were never captured (a scroll/screenshot gap between images). These are marked with DATA_GAP:true and a note field rather than filled with guessed values. Given the density and volume of this table (~365 data rows), spot-checking a sample against the original source CSV (lookupTables/Component/tblBoring.csv) is recommended before using this for production costing decisions.",182,511,273,966,Bore,Corobore 820,52.12,30,Brinell,35.0,0.4,9.5,272,52.5,1.3846,0.06,460,15,38.4,3.0,,
USA reference export,Lookup Table,Machining > Lookup Tables,tblBoring,lookupTables/Component/tblBoring.csv,"This table was transcribed from 24 screenshots across two batches. Two genuine gaps exist in the source screenshots themselves (not introduced by this transcription): (1) Corobore 820, material code 20.12, diameter 237.0mm row was never captured. (2) Sandvik Duobore pC14-C21: the 270mm-diameter row for code 3.11, and all rows for codes 3.13, 3.2, 3.21, 3.22, 30.11, 30.12, and 30.21, were never captured (a scroll/screenshot gap between images). These are marked with DATA_GAP:true and a note field rather than filled with guessed values. Given the density and volume of this table (~365 data rows), spot-checking a sample against the original source CSV (lookupTables/Component/tblBoring.csv) is recommended before using this for production costing decisions.",182,511,273,966,Bore,Corobore 820,52.12,30,Brinell,237.0,0.4,355.5,204,355.5,1.8461,0.13,460,15,38.4,3.0,,
USA reference export,Lookup Table,Machining > Lookup Tables,tblBoring,lookupTables/Component/tblBoring.csv,"This table was transcribed from 24 screenshots across two batches. Two genuine gaps exist in the source screenshots themselves (not introduced by this transcription): (1) Corobore 820, material code 20.12, diameter 237.0mm row was never captured. (2) Sandvik Duobore pC14-C21: the 270mm-diameter row for code 3.11, and all rows for codes 3.13, 3.2, 3.21, 3.22, 30.11, 30.12, and 30.21, were never captured (a scroll/screenshot gap between images). These are marked with DATA_GAP:true and a note field rather than filled with guessed values. Given the density and volume of this table (~365 data rows), spot-checking a sample against the original source CSV (lookupTables/Component/tblBoring.csv) is recommended before using this for production costing decisions.",182,511,273,966,Bore,Corobore 820,52.13,30,Brinell,35.0,0.4,9.5,272,52.5,1.3846,0.06,460,15,38.4,3.0,,
USA reference export,Lookup Table,Machining > Lookup Tables,tblBoring,lookupTables/Component/tblBoring.csv,"This table was transcribed from 24 screenshots across two batches. Two genuine gaps exist in the source screenshots themselves (not introduced by this transcription): (1) Corobore 820, material code 20.12, diameter 237.0mm row was never captured. (2) Sandvik Duobore pC14-C21: the 270mm-diameter row for code 3.11, and all rows for codes 3.13, 3.2, 3.21, 3.22, 30.11, 30.12, and 30.21, were never captured (a scroll/screenshot gap between images). These are marked with DATA_GAP:true and a note field rather than filled with guessed values. Given the density and volume of this table (~365 data rows), spot-checking a sample against the original source CSV (lookupTables/Component/tblBoring.csv) is recommended before using this for production costing decisions.",182,511,273,966,Bore,Corobore 820,52.13,30,Brinell,237.0,0.4,355.5,204,355.5,1.8461,0.13,460,15,38.4,3.0,,
USA reference export,Lookup Table,Machining > Lookup Tables,tblBoring,lookupTables/Component/tblBoring.csv,"This table was transcribed from 24 screenshots across two batches. Two genuine gaps exist in the source screenshots themselves (not introduced by this transcription): (1) Corobore 820, material code 20.12, diameter 237.0mm row was never captured. (2) Sandvik Duobore pC14-C21: the 270mm-diameter row for code 3.11, and all rows for codes 3.13, 3.2, 3.21, 3.22, 30.11, 30.12, and 30.21, were never captured (a scroll/screenshot gap between images). These are marked with DATA_GAP:true and a note field rather than filled with guessed values. Given the density and volume of this table (~365 data rows), spot-checking a sample against the original source CSV (lookupTables/Component/tblBoring.csv) is recommended before using this for production costing decisions.",182,511,273,966,Bore,Corobore 820,52.14,30,Brinell,35.0,0.4,9.5,272,52.5,0.9231,0.06,460,15,38.4,3.0,,
USA reference export,Lookup Table,Machining > Lookup Tables,tblBoring,lookupTables/Component/tblBoring.csv,"This table was transcribed from 24 screenshots across two batches. Two genuine gaps exist in the source screenshots themselves (not introduced by this transcription): (1) Corobore 820, material code 20.12, diameter 237.0mm row was never captured. (2) Sandvik Duobore pC14-C21: the 270mm-diameter row for code 3.11, and all rows for codes 3.13, 3.2, 3.21, 3.22, 30.11, 30.12, and 30.21, were never captured (a scroll/screenshot gap between images). These are marked with DATA_GAP:true and a note field rather than filled with guessed values. Given the density and volume of this table (~365 data rows), spot-checking a sample against the original source CSV (lookupTables/Component/tblBoring.csv) is recommended before using this for production costing decisions.",182,511,273,966,Bore,Corobore 820,52.14,30,Brinell,237.0,0.4,355.5,204,355.5,1.2308,0.13,460,15,38.4,3.0,,
USA reference export,Lookup Table,Machining > Lookup Tables,tblBoring,lookupTables/Component/tblBoring.csv,"This table was transcribed from 24 screenshots across two batches. Two genuine gaps exist in the source screenshots themselves (not introduced by this transcription): (1) Corobore 820, material code 20.12, diameter 237.0mm row was never captured. (2) Sandvik Duobore pC14-C21: the 270mm-diameter row for code 3.11, and all rows for codes 3.13, 3.2, 3.21, 3.22, 30.11, 30.12, and 30.21, were never captured (a scroll/screenshot gap between images). These are marked with DATA_GAP:true and a note field rather than filled with guessed values. Given the density and volume of this table (~365 data rows), spot-checking a sample against the original source CSV (lookupTables/Component/tblBoring.csv) is recommended before using this for production costing decisions.",182,511,273,966,Bore,Corobore 820,52.15,30,Brinell,35.0,0.4,9.5,368,52.5,1.3846,0.06,460,15,38.4,3.0,,
USA reference export,Lookup Table,Machining > Lookup Tables,tblBoring,lookupTables/Component/tblBoring.csv,"This table was transcribed from 24 screenshots across two batches. Two genuine gaps exist in the source screenshots themselves (not introduced by this transcription): (1) Corobore 820, material code 20.12, diameter 237.0mm row was never captured. (2) Sandvik Duobore pC14-C21: the 270mm-diameter row for code 3.11, and all rows for codes 3.13, 3.2, 3.21, 3.22, 30.11, 30.12, and 30.21, were never captured (a scroll/screenshot gap between images). These are marked with DATA_GAP:true and a note field rather than filled with guessed values. Given the density and volume of this table (~365 data rows), spot-checking a sample against the original source CSV (lookupTables/Component/tblBoring.csv) is recommended before using this for production costing decisions.",182,511,273,966,Bore,Corobore 820,52.15,30,Brinell,237.0,0.4,355.5,276,355.5,1.8461,0.13,460,15,38.4,3.0,,
USA reference export,Lookup Table,Machining > Lookup Tables,tblBoring,lookupTables/Component/tblBoring.csv,"This table was transcribed from 24 screenshots across two batches. Two genuine gaps exist in the source screenshots themselves (not introduced by this transcription): (1) Corobore 820, material code 20.12, diameter 237.0mm row was never captured. (2) Sandvik Duobore pC14-C21: the 270mm-diameter row for code 3.11, and all rows for codes 3.13, 3.2, 3.21, 3.22, 30.11, 30.12, and 30.21, were never captured (a scroll/screenshot gap between images). These are marked with DATA_GAP:true and a note field rather than filled with guessed values. Given the density and volume of this table (~365 data rows), spot-checking a sample against the original source CSV (lookupTables/Component/tblBoring.csv) is recommended before using this for production costing decisions.",182,511,273,966,Bore,Corobore 820,52.21,30,Brinell,35.0,0.4,9.5,368,52.5,1.3846,0.06,460,15,38.4,3.0,,
USA reference export,Lookup Table,Machining > Lookup Tables,tblBoring,lookupTables/Component/tblBoring.csv,"This table was transcribed from 24 screenshots across two batches. Two genuine gaps exist in the source screenshots themselves (not introduced by this transcription): (1) Corobore 820, material code 20.12, diameter 237.0mm row was never captured. (2) Sandvik Duobore pC14-C21: the 270mm-diameter row for code 3.11, and all rows for codes 3.13, 3.2, 3.21, 3.22, 30.11, 30.12, and 30.21, were never captured (a scroll/screenshot gap between images). These are marked with DATA_GAP:true and a note field rather than filled with guessed values. Given the density and volume of this table (~365 data rows), spot-checking a sample against the original source CSV (lookupTables/Component/tblBoring.csv) is recommended before using this for production costing decisions.",182,511,273,966,Bore,Corobore 820,52.21,30,Brinell,237.0,0.4,355.5,276,355.5,1.8461,0.13,460,15,38.4,3.0,,
USA reference export,Lookup Table,Machining > Lookup Tables,tblBoring,lookupTables/Component/tblBoring.csv,"This table was transcribed from 24 screenshots across two batches. Two genuine gaps exist in the source screenshots themselves (not introduced by this transcription): (1) Corobore 820, material code 20.12, diameter 237.0mm row was never captured. (2) Sandvik Duobore pC14-C21: the 270mm-diameter row for code 3.11, and all rows for codes 3.13, 3.2, 3.21, 3.22, 30.11, 30.12, and 30.21, were never captured (a scroll/screenshot gap between images). These are marked with DATA_GAP:true and a note field rather than filled with guessed values. Given the density and volume of this table (~365 data rows), spot-checking a sample against the original source CSV (lookupTables/Component/tblBoring.csv) is recommended before using this for production costing decisions.",182,511,273,966,Bore,Corobore 820,52.31,30,Brinell,35.0,0.4,9.5,488,52.5,1.3846,0.06,460,15,38.4,3.0,,
USA reference export,Lookup Table,Machining > Lookup Tables,tblBoring,lookupTables/Component/tblBoring.csv,"This table was transcribed from 24 screenshots across two batches. Two genuine gaps exist in the source screenshots themselves (not introduced by this transcription): (1) Corobore 820, material code 20.12, diameter 237.0mm row was never captured. (2) Sandvik Duobore pC14-C21: the 270mm-diameter row for code 3.11, and all rows for codes 3.13, 3.2, 3.21, 3.22, 30.11, 30.12, and 30.21, were never captured (a scroll/screenshot gap between images). These are marked with DATA_GAP:true and a note field rather than filled with guessed values. Given the density and volume of this table (~365 data rows), spot-checking a sample against the original source CSV (lookupTables/Component/tblBoring.csv) is recommended before using this for production costing decisions.",182,511,273,966,Bore,Corobore 820,52.31,30,Brinell,237.0,0.4,355.5,366,355.5,1.8461,0.13,460,15,38.4,3.0,,
USA reference export,Lookup Table,Machining > Lookup Tables,tblBoring,lookupTables/Component/tblBoring.csv,"This table was transcribed from 24 screenshots across two batches. Two genuine gaps exist in the source screenshots themselves (not introduced by this transcription): (1) Corobore 820, material code 20.12, diameter 237.0mm row was never captured. (2) Sandvik Duobore pC14-C21: the 270mm-diameter row for code 3.11, and all rows for codes 3.13, 3.2, 3.21, 3.22, 30.11, 30.12, and 30.21, were never captured (a scroll/screenshot gap between images). These are marked with DATA_GAP:true and a note field rather than filled with guessed values. Given the density and volume of this table (~365 data rows), spot-checking a sample against the original source CSV (lookupTables/Component/tblBoring.csv) is recommended before using this for production costing decisions.",182,511,273,966,Bore,Corobore 820,52.32,30,Brinell,35.0,0.4,9.5,488,52.5,1.3846,0.06,460,15,38.4,3.0,,
USA reference export,Lookup Table,Machining > Lookup Tables,tblBoring,lookupTables/Component/tblBoring.csv,"This table was transcribed from 24 screenshots across two batches. Two genuine gaps exist in the source screenshots themselves (not introduced by this transcription): (1) Corobore 820, material code 20.12, diameter 237.0mm row was never captured. (2) Sandvik Duobore pC14-C21: the 270mm-diameter row for code 3.11, and all rows for codes 3.13, 3.2, 3.21, 3.22, 30.11, 30.12, and 30.21, were never captured (a scroll/screenshot gap between images). These are marked with DATA_GAP:true and a note field rather than filled with guessed values. Given the density and volume of this table (~365 data rows), spot-checking a sample against the original source CSV (lookupTables/Component/tblBoring.csv) is recommended before using this for production costing decisions.",182,511,273,966,Bore,Corobore 820,52.32,30,Brinell,237.0,0.4,355.5,366,355.5,1.8461,0.13,460,15,38.4,3.0,,
USA reference export,Lookup Table,Machining > Lookup Tables,tblBoring,lookupTables/Component/tblBoring.csv,"This table was transcribed from 24 screenshots across two batches. Two genuine gaps exist in the source screenshots themselves (not introduced by this transcription): (1) Corobore 820, material code 20.12, diameter 237.0mm row was never captured. (2) Sandvik Duobore pC14-C21: the 270mm-diameter row for code 3.11, and all rows for codes 3.13, 3.2, 3.21, 3.22, 30.11, 30.12, and 30.21, were never captured (a scroll/screenshot gap between images). These are marked with DATA_GAP:true and a note field rather than filled with guessed values. Given the density and volume of this table (~365 data rows), spot-checking a sample against the original source CSV (lookupTables/Component/tblBoring.csv) is recommended before using this for production costing decisions.",182,511,273,966,Bore,Corobore 820,6.1,150,Brinell,35.0,0.4,9.5,119,52.5,0.6,0.06,1860,15,38.4,3.0,,
USA reference export,Lookup Table,Machining > Lookup Tables,tblBoring,lookupTables/Component/tblBoring.csv,"This table was transcribed from 24 screenshots across two batches. Two genuine gaps exist in the source screenshots themselves (not introduced by this transcription): (1) Corobore 820, material code 20.12, diameter 237.0mm row was never captured. (2) Sandvik Duobore pC14-C21: the 270mm-diameter row for code 3.11, and all rows for codes 3.13, 3.2, 3.21, 3.22, 30.11, 30.12, and 30.21, were never captured (a scroll/screenshot gap between images). These are marked with DATA_GAP:true and a note field rather than filled with guessed values. Given the density and volume of this table (~365 data rows), spot-checking a sample against the original source CSV (lookupTables/Component/tblBoring.csv) is recommended before using this for production costing decisions.",182,511,273,966,Bore,Corobore 820,6.1,150,Brinell,237.0,0.4,355.5,89,355.5,0.8,0.13,1860,15,38.4,3.0,,
USA reference export,Lookup Table,Machining > Lookup Tables,tblBoring,lookupTables/Component/tblBoring.csv,"This table was transcribed from 24 screenshots across two batches. Two genuine gaps exist in the source screenshots themselves (not introduced by this transcription): (1) Corobore 820, material code 20.12, diameter 237.0mm row was never captured. (2) Sandvik Duobore pC14-C21: the 270mm-diameter row for code 3.11, and all rows for codes 3.13, 3.2, 3.21, 3.22, 30.11, 30.12, and 30.21, were never captured (a scroll/screenshot gap between images). These are marked with DATA_GAP:true and a note field rather than filled with guessed values. Given the density and volume of this table (~365 data rows), spot-checking a sample against the original source CSV (lookupTables/Component/tblBoring.csv) is recommended before using this for production costing decisions.",182,511,273,966,Bore,Corobore 820,6.2,200,Brinell,35.0,0.4,9.5,95,52.5,0.9,0.06,2140,15,38.4,3.0,,
USA reference export,Lookup Table,Machining > Lookup Tables,tblBoring,lookupTables/Component/tblBoring.csv,"This table was transcribed from 24 screenshots across two batches. Two genuine gaps exist in the source screenshots themselves (not introduced by this transcription): (1) Corobore 820, material code 20.12, diameter 237.0mm row was never captured. (2) Sandvik Duobore pC14-C21: the 270mm-diameter row for code 3.11, and all rows for codes 3.13, 3.2, 3.21, 3.22, 30.11, 30.12, and 30.21, were never captured (a scroll/screenshot gap between images). These are marked with DATA_GAP:true and a note field rather than filled with guessed values. Given the density and volume of this table (~365 data rows), spot-checking a sample against the original source CSV (lookupTables/Component/tblBoring.csv) is recommended before using this for production costing decisions.",182,511,273,966,Bore,Corobore 820,6.2,200,Brinell,237.0,0.4,355.5,71,355.5,1.2,0.13,2140,15,38.4,3.0,,
USA reference export,Lookup Table,Machining > Lookup Tables,tblBoring,lookupTables/Component/tblBoring.csv,"This table was transcribed from 24 screenshots across two batches. Two genuine gaps exist in the source screenshots themselves (not introduced by this transcription): (1) Corobore 820, material code 20.12, diameter 237.0mm row was never captured. (2) Sandvik Duobore pC14-C21: the 270mm-diameter row for code 3.11, and all rows for codes 3.13, 3.2, 3.21, 3.22, 30.11, 30.12, and 30.21, were never captured (a scroll/screenshot gap between images). These are marked with DATA_GAP:true and a note field rather than filled with guessed values. Given the density and volume of this table (~365 data rows), spot-checking a sample against the original source CSV (lookupTables/Component/tblBoring.csv) is recommended before using this for production costing decisions.",182,511,273,966,Bore,Corobore 820,6.3,200,Brinell,35.0,0.4,9.5,67,52.5,0.825,0.06,2600,15,38.4,3.0,,
USA reference export,Lookup Table,Machining > Lookup Tables,tblBoring,lookupTables/Component/tblBoring.csv,"This table was transcribed from 24 screenshots across two batches. Two genuine gaps exist in the source screenshots themselves (not introduced by this transcription): (1) Corobore 820, material code 20.12, diameter 237.0mm row was never captured. (2) Sandvik Duobore pC14-C21: the 270mm-diameter row for code 3.11, and all rows for codes 3.13, 3.2, 3.21, 3.22, 30.11, 30.12, and 30.21, were never captured (a scroll/screenshot gap between images). These are marked with DATA_GAP:true and a note field rather than filled with guessed values. Given the density and volume of this table (~365 data rows), spot-checking a sample against the original source CSV (lookupTables/Component/tblBoring.csv) is recommended before using this for production costing decisions.",182,511,273,966,Bore,Corobore 820,6.3,200,Brinell,237.0,0.4,355.5,50,355.5,1.1,0.13,2600,15,38.4,3.0,,
USA reference export,Lookup Table,Machining > Lookup Tables,tblBoring,lookupTables/Component/tblBoring.csv,"This table was transcribed from 24 screenshots across two batches. Two genuine gaps exist in the source screenshots themselves (not introduced by this transcription): (1) Corobore 820, material code 20.12, diameter 237.0mm row was never captured. (2) Sandvik Duobore pC14-C21: the 270mm-diameter row for code 3.11, and all rows for codes 3.13, 3.2, 3.21, 3.22, 30.11, 30.12, and 30.21, were never captured (a scroll/screenshot gap between images). These are marked with DATA_GAP:true and a note field rather than filled with guessed values. Given the density and volume of this table (~365 data rows), spot-checking a sample against the original source CSV (lookupTables/Component/tblBoring.csv) is recommended before using this for production costing decisions.",182,511,273,966,Bore,Corobore 820,6.32,200,Brinell,35.0,0.4,9.5,44,52.5,0.825,0.06,3060,15,38.4,3.0,,
USA reference export,Lookup Table,Machining > Lookup Tables,tblBoring,lookupTables/Component/tblBoring.csv,"This table was transcribed from 24 screenshots across two batches. Two genuine gaps exist in the source screenshots themselves (not introduced by this transcription): (1) Corobore 820, material code 20.12, diameter 237.0mm row was never captured. (2) Sandvik Duobore pC14-C21: the 270mm-diameter row for code 3.11, and all rows for codes 3.13, 3.2, 3.21, 3.22, 30.11, 30.12, and 30.21, were never captured (a scroll/screenshot gap between images). These are marked with DATA_GAP:true and a note field rather than filled with guessed values. Given the density and volume of this table (~365 data rows), spot-checking a sample against the original source CSV (lookupTables/Component/tblBoring.csv) is recommended before using this for production costing decisions.",182,511,273,966,Bore,Corobore 820,6.32,200,Brinell,237.0,0.4,355.5,33,355.5,1.1,0.13,3060,15,38.4,3.0,,
USA reference export,Lookup Table,Machining > Lookup Tables,tblBoring,lookupTables/Component/tblBoring.csv,"This table was transcribed from 24 screenshots across two batches. Two genuine gaps exist in the source screenshots themselves (not introduced by this transcription): (1) Corobore 820, material code 20.12, diameter 237.0mm row was never captured. (2) Sandvik Duobore pC14-C21: the 270mm-diameter row for code 3.11, and all rows for codes 3.13, 3.2, 3.21, 3.22, 30.11, 30.12, and 30.21, were never captured (a scroll/screenshot gap between images). These are marked with DATA_GAP:true and a note field rather than filled with guessed values. Given the density and volume of this table (~365 data rows), spot-checking a sample against the original source CSV (lookupTables/Component/tblBoring.csv) is recommended before using this for production costing decisions.",182,511,273,966,Bore,Corobore 820,6.33,250,Brinell,35.0,0.4,9.5,36,52.5,0.825,0.06,3860,15,38.4,3.0,,
USA reference export,Lookup Table,Machining > Lookup Tables,tblBoring,lookupTables/Component/tblBoring.csv,"This table was transcribed from 24 screenshots across two batches. Two genuine gaps exist in the source screenshots themselves (not introduced by this transcription): (1) Corobore 820, material code 20.12, diameter 237.0mm row was never captured. (2) Sandvik Duobore pC14-C21: the 270mm-diameter row for code 3.11, and all rows for codes 3.13, 3.2, 3.21, 3.22, 30.11, 30.12, and 30.21, were never captured (a scroll/screenshot gap between images). These are marked with DATA_GAP:true and a note field rather than filled with guessed values. Given the density and volume of this table (~365 data rows), spot-checking a sample against the original source CSV (lookupTables/Component/tblBoring.csv) is recommended before using this for production costing decisions.",182,511,273,966,Bore,Corobore 820,6.33,250,Brinell,237.0,0.4,355.5,27,355.5,1.1,0.13,3860,15,38.4,3.0,,
USA reference export,Lookup Table,Machining > Lookup Tables,tblBoring,lookupTables/Component/tblBoring.csv,"This table was transcribed from 24 screenshots across two batches. Two genuine gaps exist in the source screenshots themselves (not introduced by this transcription): (1) Corobore 820, material code 20.12, diameter 237.0mm row was never captured. (2) Sandvik Duobore pC14-C21: the 270mm-diameter row for code 3.11, and all rows for codes 3.13, 3.2, 3.21, 3.22, 30.11, 30.12, and 30.21, were never captured (a scroll/screenshot gap between images). These are marked with DATA_GAP:true and a note field rather than filled with guessed values. Given the density and volume of this table (~365 data rows), spot-checking a sample against the original source CSV (lookupTables/Component/tblBoring.csv) is recommended before using this for production costing decisions.",182,511,273,966,Bore,Corobore 820,7.1,130,Brinell,35.0,0.4,9.5,101,52.5,1.35,0.06,1160,15,38.4,3.0,,
USA reference export,Lookup Table,Machining > Lookup Tables,tblBoring,lookupTables/Component/tblBoring.csv,"This table was transcribed from 24 screenshots across two batches. Two genuine gaps exist in the source screenshots themselves (not introduced by this transcription): (1) Corobore 820, material code 20.12, diameter 237.0mm row was never captured. (2) Sandvik Duobore pC14-C21: the 270mm-diameter row for code 3.11, and all rows for codes 3.13, 3.2, 3.21, 3.22, 30.11, 30.12, and 30.21, were never captured (a scroll/screenshot gap between images). These are marked with DATA_GAP:true and a note field rather than filled with guessed values. Given the density and volume of this table (~365 data rows), spot-checking a sample against the original source CSV (lookupTables/Component/tblBoring.csv) is recommended before using this for production costing decisions.",182,511,273,966,Bore,Corobore 820,7.1,130,Brinell,237.0,0.4,355.5,76,355.5,1.8,0.13,1160,15,38.4,3.0,,
USA reference export,Lookup Table,Machining > Lookup Tables,tblBoring,lookupTables/Component/tblBoring.csv,"This table was transcribed from 24 screenshots across two batches. Two genuine gaps exist in the source screenshots themselves (not introduced by this transcription): (1) Corobore 820, material code 20.12, diameter 237.0mm row was never captured. (2) Sandvik Duobore pC14-C21: the 270mm-diameter row for code 3.11, and all rows for codes 3.13, 3.2, 3.21, 3.22, 30.11, 30.12, and 30.21, were never captured (a scroll/screenshot gap between images). These are marked with DATA_GAP:true and a note field rather than filled with guessed values. Given the density and volume of this table (~365 data rows), spot-checking a sample against the original source CSV (lookupTables/Component/tblBoring.csv) is recommended before using this for production costing decisions.",182,511,273,966,Bore,Corobore 820,7.2,230,Brinell,35.0,0.4,9.5,83,52.5,1.05,0.06,1300,15,38.4,3.0,,
USA reference export,Lookup Table,Machining > Lookup Tables,tblBoring,lookupTables/Component/tblBoring.csv,"This table was transcribed from 24 screenshots across two batches. Two genuine gaps exist in the source screenshots themselves (not introduced by this transcription): (1) Corobore 820, material code 20.12, diameter 237.0mm row was never captured. (2) Sandvik Duobore pC14-C21: the 270mm-diameter row for code 3.11, and all rows for codes 3.13, 3.2, 3.21, 3.22, 30.11, 30.12, and 30.21, were never captured (a scroll/screenshot gap between images). These are marked with DATA_GAP:true and a note field rather than filled with guessed values. Given the density and volume of this table (~365 data rows), spot-checking a sample against the original source CSV (lookupTables/Component/tblBoring.csv) is recommended before using this for production costing decisions.",182,511,273,966,Bore,Corobore 820,7.2,230,Brinell,237.0,0.4,355.5,62,355.5,1.4,0.13,1300,15,38.4,3.0,,
USA reference export,Lookup Table,Machining > Lookup Tables,tblBoring,lookupTables/Component/tblBoring.csv,"This table was transcribed from 24 screenshots across two batches. Two genuine gaps exist in the source screenshots themselves (not introduced by this transcription): (1) Corobore 820, material code 20.12, diameter 237.0mm row was never captured. (2) Sandvik Duobore pC14-C21: the 270mm-diameter row for code 3.11, and all rows for codes 3.13, 3.2, 3.21, 3.22, 30.11, 30.12, and 30.21, were never captured (a scroll/screenshot gap between images). These are marked with DATA_GAP:true and a note field rather than filled with guessed values. Given the density and volume of this table (~365 data rows), spot-checking a sample against the original source CSV (lookupTables/Component/tblBoring.csv) is recommended before using this for production costing decisions.",182,511,273,966,Bore,Corobore 820,7.3,250,Brinell,35.0,0.4,9.5,80,52.5,0.75,0.06,1440,15,38.4,3.0,,
USA reference export,Lookup Table,Machining > Lookup Tables,tblBoring,lookupTables/Component/tblBoring.csv,"This table was transcribed from 24 screenshots across two batches. Two genuine gaps exist in the source screenshots themselves (not introduced by this transcription): (1) Corobore 820, material code 20.12, diameter 237.0mm row was never captured. (2) Sandvik Duobore pC14-C21: the 270mm-diameter row for code 3.11, and all rows for codes 3.13, 3.2, 3.21, 3.22, 30.11, 30.12, and 30.21, were never captured (a scroll/screenshot gap between images). These are marked with DATA_GAP:true and a note field rather than filled with guessed values. Given the density and volume of this table (~365 data rows), spot-checking a sample against the original source CSV (lookupTables/Component/tblBoring.csv) is recommended before using this for production costing decisions.",182,511,273,966,Bore,Corobore 820,7.3,250,Brinell,237.0,0.4,355.5,60,355.5,1.0,0.13,1440,15,38.4,3.0,,
USA reference export,Lookup Table,Machining > Lookup Tables,tblBoring,lookupTables/Component/tblBoring.csv,"This table was transcribed from 24 screenshots across two batches. Two genuine gaps exist in the source screenshots themselves (not introduced by this transcription): (1) Corobore 820, material code 20.12, diameter 237.0mm row was never captured. (2) Sandvik Duobore pC14-C21: the 270mm-diameter row for code 3.11, and all rows for codes 3.13, 3.2, 3.21, 3.22, 30.11, 30.12, and 30.21, were never captured (a scroll/screenshot gap between images). These are marked with DATA_GAP:true and a note field rather than filled with guessed values. Given the density and volume of this table (~365 data rows), spot-checking a sample against the original source CSV (lookupTables/Component/tblBoring.csv) is recommended before using this for production costing decisions.",182,511,273,966,Bore,Corobore 820,8.1,180,Brinell,35.0,0.4,9.5,148,52.5,1.35,0.06,1300,15,38.4,3.0,,
USA reference export,Lookup Table,Machining > Lookup Tables,tblBoring,lookupTables/Component/tblBoring.csv,"This table was transcribed from 24 screenshots across two batches. Two genuine gaps exist in the source screenshots themselves (not introduced by this transcription): (1) Corobore 820, material code 20.12, diameter 237.0mm row was never captured. (2) Sandvik Duobore pC14-C21: the 270mm-diameter row for code 3.11, and all rows for codes 3.13, 3.2, 3.21, 3.22, 30.11, 30.12, and 30.21, were never captured (a scroll/screenshot gap between images). These are marked with DATA_GAP:true and a note field rather than filled with guessed values. Given the density and volume of this table (~365 data rows), spot-checking a sample against the original source CSV (lookupTables/Component/tblBoring.csv) is recommended before using this for production costing decisions.",182,511,273,966,Bore,Corobore 820,8.1,180,Brinell,237.0,0.4,355.5,111,355.5,1.8,0.13,1300,15,38.4,3.0,,
USA reference export,Lookup Table,Machining > Lookup Tables,tblBoring,lookupTables/Component/tblBoring.csv,"This table was transcribed from 24 screenshots across two batches. Two genuine gaps exist in the source screenshots themselves (not introduced by this transcription): (1) Corobore 820, material code 20.12, diameter 237.0mm row was never captured. (2) Sandvik Duobore pC14-C21: the 270mm-diameter row for code 3.11, and all rows for codes 3.13, 3.2, 3.21, 3.22, 30.11, 30.12, and 30.21, were never captured (a scroll/screenshot gap between images). These are marked with DATA_GAP:true and a note field rather than filled with guessed values. Given the density and volume of this table (~365 data rows), spot-checking a sample against the original source CSV (lookupTables/Component/tblBoring.csv) is recommended before using this for production costing decisions.",182,511,273,966,Bore,Corobore 820,8.2,220,Brinell,35.0,0.4,9.5,101,52.5,1.05,0.06,1580,15,38.4,3.0,,
USA reference export,Lookup Table,Machining > Lookup Tables,tblBoring,lookupTables/Component/tblBoring.csv,"This table was transcribed from 24 screenshots across two batches. Two genuine gaps exist in the source screenshots themselves (not introduced by this transcription): (1) Corobore 820, material code 20.12, diameter 237.0mm row was never captured. (2) Sandvik Duobore pC14-C21: the 270mm-diameter row for code 3.11, and all rows for codes 3.13, 3.2, 3.21, 3.22, 30.11, 30.12, and 30.21, were never captured (a scroll/screenshot gap between images). These are marked with DATA_GAP:true and a note field rather than filled with guessed values. Given the density and volume of this table (~365 data rows), spot-checking a sample against the original source CSV (lookupTables/Component/tblBoring.csv) is recommended before using this for production costing decisions.",182,511,273,966,Bore,Corobore 820,8.2,220,Brinell,237.0,0.4,355.5,76,355.5,1.4,0.13,1580,15,38.4,3.0,,
USA reference export,Lookup Table,Machining > Lookup Tables,tblBoring,lookupTables/Component/tblBoring.csv,"This table was transcribed from 24 screenshots across two batches. Two genuine gaps exist in the source screenshots themselves (not introduced by this transcription): (1) Corobore 820, material code 20.12, diameter 237.0mm row was never captured. (2) Sandvik Duobore pC14-C21: the 270mm-diameter row for code 3.11, and all rows for codes 3.13, 3.2, 3.21, 3.22, 30.11, 30.12, and 30.21, were never captured (a scroll/screenshot gap between images). These are marked with DATA_GAP:true and a note field rather than filled with guessed values. Given the density and volume of this table (~365 data rows), spot-checking a sample against the original source CSV (lookupTables/Component/tblBoring.csv) is recommended before using this for production costing decisions.",182,511,273,966,Bore,Corobore 820,8.3,175,Brinell,35.0,0.4,9.5,116,52.5,0.75,0.06,1860,15,38.4,3.0,,
USA reference export,Lookup Table,Machining > Lookup Tables,tblBoring,lookupTables/Component/tblBoring.csv,"This table was transcribed from 24 screenshots across two batches. Two genuine gaps exist in the source screenshots themselves (not introduced by this transcription): (1) Corobore 820, material code 20.12, diameter 237.0mm row was never captured. (2) Sandvik Duobore pC14-C21: the 270mm-diameter row for code 3.11, and all rows for codes 3.13, 3.2, 3.21, 3.22, 30.11, 30.12, and 30.21, were never captured (a scroll/screenshot gap between images). These are marked with DATA_GAP:true and a note field rather than filled with guessed values. Given the density and volume of this table (~365 data rows), spot-checking a sample against the original source CSV (lookupTables/Component/tblBoring.csv) is recommended before using this for production costing decisions.",182,511,273,966,Bore,Corobore 820,8.3,175,Brinell,237.0,0.4,355.5,87,355.5,1.0,0.13,1860,15,38.4,3.0,,
USA reference export,Lookup Table,Machining > Lookup Tables,tblBoring,lookupTables/Component/tblBoring.csv,"This table was transcribed from 24 screenshots across two batches. Two genuine gaps exist in the source screenshots themselves (not introduced by this transcription): (1) Corobore 820, material code 20.12, diameter 237.0mm row was never captured. (2) Sandvik Duobore pC14-C21: the 270mm-diameter row for code 3.11, and all rows for codes 3.13, 3.2, 3.21, 3.22, 30.11, 30.12, and 30.21, were never captured (a scroll/screenshot gap between images). These are marked with DATA_GAP:true and a note field rather than filled with guessed values. Given the density and volume of this table (~365 data rows), spot-checking a sample against the original source CSV (lookupTables/Component/tblBoring.csv) is recommended before using this for production costing decisions.",182,511,273,966,Bore,Corobore 820,9.1,160,Brinell,35.0,0.4,9.5,94,52.5,1.4,0.06,1300,15,38.4,3.0,,
USA reference export,Lookup Table,Machining > Lookup Tables,tblBoring,lookupTables/Component/tblBoring.csv,"This table was transcribed from 24 screenshots across two batches. Two genuine gaps exist in the source screenshots themselves (not introduced by this transcription): (1) Corobore 820, material code 20.12, diameter 237.0mm row was never captured. (2) Sandvik Duobore pC14-C21: the 270mm-diameter row for code 3.11, and all rows for codes 3.13, 3.2, 3.21, 3.22, 30.11, 30.12, and 30.21, were never captured (a scroll/screenshot gap between images). These are marked with DATA_GAP:true and a note field rather than filled with guessed values. Given the density and volume of this table (~365 data rows), spot-checking a sample against the original source CSV (lookupTables/Component/tblBoring.csv) is recommended before using this for production costing decisions.",182,511,273,966,Bore,Corobore 820,9.1,160,Brinell,237.0,0.4,355.5,70,355.5,1.4,0.13,1300,15,38.4,3.0,,
USA reference export,Lookup Table,Machining > Lookup Tables,tblBoring,lookupTables/Component/tblBoring.csv,"This table was transcribed from 24 screenshots across two batches. Two genuine gaps exist in the source screenshots themselves (not introduced by this transcription): (1) Corobore 820, material code 20.12, diameter 237.0mm row was never captured. (2) Sandvik Duobore pC14-C21: the 270mm-diameter row for code 3.11, and all rows for codes 3.13, 3.2, 3.21, 3.22, 30.11, 30.12, and 30.21, were never captured (a scroll/screenshot gap between images). These are marked with DATA_GAP:true and a note field rather than filled with guessed values. Given the density and volume of this table (~365 data rows), spot-checking a sample against the original source CSV (lookupTables/Component/tblBoring.csv) is recommended before using this for production costing decisions.",182,511,273,966,Bore,Corobore 820,9.2,250,Brinell,35.0,0.4,9.5,89,52.5,1.4,0.06,1940,15,38.4,3.0,,
USA reference export,Lookup Table,Machining > Lookup Tables,tblBoring,lookupTables/Component/tblBoring.csv,"This table was transcribed from 24 screenshots across two batches. Two genuine gaps exist in the source screenshots themselves (not introduced by this transcription): (1) Corobore 820, material code 20.12, diameter 237.0mm row was never captured. (2) Sandvik Duobore pC14-C21: the 270mm-diameter row for code 3.11, and all rows for codes 3.13, 3.2, 3.21, 3.22, 30.11, 30.12, and 30.21, were never captured (a scroll/screenshot gap between images). These are marked with DATA_GAP:true and a note field rather than filled with guessed values. Given the density and volume of this table (~365 data rows), spot-checking a sample against the original source CSV (lookupTables/Component/tblBoring.csv) is recommended before using this for production costing decisions.",182,511,273,966,Bore,Corobore 820,9.2,250,Brinell,237.0,0.4,355.5,67,355.5,1.4,0.13,1940,15,38.4,3.0,,
USA reference export,Lookup Table,Machining > Lookup Tables,tblBoring,lookupTables/Component/tblBoring.csv,"This table was transcribed from 24 screenshots across two batches. Two genuine gaps exist in the source screenshots themselves (not introduced by this transcription): (1) Corobore 820, material code 20.12, diameter 237.0mm row was never captured. (2) Sandvik Duobore pC14-C21: the 270mm-diameter row for code 3.11, and all rows for codes 3.13, 3.2, 3.21, 3.22, 30.11, 30.12, and 30.21, were never captured (a scroll/screenshot gap between images). These are marked with DATA_GAP:true and a note field rather than filled with guessed values. Given the density and volume of this table (~365 data rows), spot-checking a sample against the original source CSV (lookupTables/Component/tblBoring.csv) is recommended before using this for production costing decisions.",182,511,273,966,Bore,Corobore 820,9.3,330,Brinell,35.0,0.4,9.5,67,52.5,0.75,0.06,2700,15,38.4,3.0,,
USA reference export,Lookup Table,Machining > Lookup Tables,tblBoring,lookupTables/Component/tblBoring.csv,"This table was transcribed from 24 screenshots across two batches. Two genuine gaps exist in the source screenshots themselves (not introduced by this transcription): (1) Corobore 820, material code 20.12, diameter 237.0mm row was never captured. (2) Sandvik Duobore pC14-C21: the 270mm-diameter row for code 3.11, and all rows for codes 3.13, 3.2, 3.21, 3.22, 30.11, 30.12, and 30.21, were never captured (a scroll/screenshot gap between images). These are marked with DATA_GAP:true and a note field rather than filled with guessed values. Given the density and volume of this table (~365 data rows), spot-checking a sample against the original source CSV (lookupTables/Component/tblBoring.csv) is recommended before using this for production costing decisions.",182,511,273,966,Bore,Corobore 820,9.3,330,Brinell,237.0,0.4,355.5,50,355.5,1.0,0.13,2700,15,38.4,3.0,,
USA reference export,Lookup Table,Machining > Lookup Tables,tblBoring,lookupTables/Component/tblBoring.csv,"This table was transcribed from 24 screenshots across two batches. Two genuine gaps exist in the source screenshots themselves (not introduced by this transcription): (1) Corobore 820, material code 20.12, diameter 237.0mm row was never captured. (2) Sandvik Duobore pC14-C21: the 270mm-diameter row for code 3.11, and all rows for codes 3.13, 3.2, 3.21, 3.22, 30.11, 30.12, and 30.21, were never captured (a scroll/screenshot gap between images). These are marked with DATA_GAP:true and a note field rather than filled with guessed values. Given the density and volume of this table (~365 data rows), spot-checking a sample against the original source CSV (lookupTables/Component/tblBoring.csv) is recommended before using this for production costing decisions.",182,511,273,966,Bore,"Sandvik Duobore, inserts pC14-C21",1.0,125,Brinell,25.0,0.8,9.5,172,150.0,0.325,0.05,2000,15,25.6,2.0,,
USA reference export,Lookup Table,Machining > Lookup Tables,tblBoring,lookupTables/Component/tblBoring.csv,"This table was transcribed from 24 screenshots across two batches. Two genuine gaps exist in the source screenshots themselves (not introduced by this transcription): (1) Corobore 820, material code 20.12, diameter 237.0mm row was never captured. (2) Sandvik Duobore pC14-C21: the 270mm-diameter row for code 3.11, and all rows for codes 3.13, 3.2, 3.21, 3.22, 30.11, 30.12, and 30.21, were never captured (a scroll/screenshot gap between images). These are marked with DATA_GAP:true and a note field rather than filled with guessed values. Given the density and volume of this table (~365 data rows), spot-checking a sample against the original source CSV (lookupTables/Component/tblBoring.csv) is recommended before using this for production costing decisions.",182,511,273,966,Bore,"Sandvik Duobore, inserts pC14-C21",1.0,125,Brinell,37.0,1.2,9.5,172,222.0,0.35,0.08,2000,15,25.6,2.0,,
USA reference export,Lookup Table,Machining > Lookup Tables,tblBoring,lookupTables/Component/tblBoring.csv,"This table was transcribed from 24 screenshots across two batches. Two genuine gaps exist in the source screenshots themselves (not introduced by this transcription): (1) Corobore 820, material code 20.12, diameter 237.0mm row was never captured. (2) Sandvik Duobore pC14-C21: the 270mm-diameter row for code 3.11, and all rows for codes 3.13, 3.2, 3.21, 3.22, 30.11, 30.12, and 30.21, were never captured (a scroll/screenshot gap between images). These are marked with DATA_GAP:true and a note field rather than filled with guessed values. Given the density and volume of this table (~365 data rows), spot-checking a sample against the original source CSV (lookupTables/Component/tblBoring.csv) is recommended before using this for production costing decisions.",182,511,273,966,Bore,"Sandvik Duobore, inserts pC14-C21",1.0,125,Brinell,46.0,1.2,9.5,172,276.0,0.37,0.1,2000,15,25.6,2.0,,
USA reference export,Lookup Table,Machining > Lookup Tables,tblBoring,lookupTables/Component/tblBoring.csv,"This table was transcribed from 24 screenshots across two batches. Two genuine gaps exist in the source screenshots themselves (not introduced by this transcription): (1) Corobore 820, material code 20.12, diameter 237.0mm row was never captured. (2) Sandvik Duobore pC14-C21: the 270mm-diameter row for code 3.11, and all rows for codes 3.13, 3.2, 3.21, 3.22, 30.11, 30.12, and 30.21, were never captured (a scroll/screenshot gap between images). These are marked with DATA_GAP:true and a note field rather than filled with guessed values. Given the density and volume of this table (~365 data rows), spot-checking a sample against the original source CSV (lookupTables/Component/tblBoring.csv) is recommended before using this for production costing decisions.",182,511,273,966,Bore,"Sandvik Duobore, inserts pC14-C21",1.0,125,Brinell,55.0,0.4,9.5,172,220.0,0.4,0.1,2000,15,25.6,2.0,,
USA reference export,Lookup Table,Machining > Lookup Tables,tblBoring,lookupTables/Component/tblBoring.csv,"This table was transcribed from 24 screenshots across two batches. Two genuine gaps exist in the source screenshots themselves (not introduced by this transcription): (1) Corobore 820, material code 20.12, diameter 237.0mm row was never captured. (2) Sandvik Duobore pC14-C21: the 270mm-diameter row for code 3.11, and all rows for codes 3.13, 3.2, 3.21, 3.22, 30.11, 30.12, and 30.21, were never captured (a scroll/screenshot gap between images). These are marked with DATA_GAP:true and a note field rather than filled with guessed values. Given the density and volume of this table (~365 data rows), spot-checking a sample against the original source CSV (lookupTables/Component/tblBoring.csv) is recommended before using this for production costing decisions.",182,511,273,966,Bore,"Sandvik Duobore, inserts pC14-C21",1.0,125,Brinell,101.0,0.4,9.5,172,606.0,0.6,0.08,2000,15,25.6,2.0,,
USA reference export,Lookup Table,Machining > Lookup Tables,tblBoring,lookupTables/Component/tblBoring.csv,"This table was transcribed from 24 screenshots across two batches. Two genuine gaps exist in the source screenshots themselves (not introduced by this transcription): (1) Corobore 820, material code 20.12, diameter 237.0mm row was never captured. (2) Sandvik Duobore pC14-C21: the 270mm-diameter row for code 3.11, and all rows for codes 3.13, 3.2, 3.21, 3.22, 30.11, 30.12, and 30.21, were never captured (a scroll/screenshot gap between images). These are marked with DATA_GAP:true and a note field rather than filled with guessed values. Given the density and volume of this table (~365 data rows), spot-checking a sample against the original source CSV (lookupTables/Component/tblBoring.csv) is recommended before using this for production costing decisions.",182,511,273,966,Bore,"Sandvik Duobore, inserts pC14-C21",1.0,125,Brinell,270.0,0.4,9.5,172,1080.0,0.8,0.08,2000,15,25.6,2.0,,
USA reference export,Lookup Table,Machining > Lookup Tables,tblBoring,lookupTables/Component/tblBoring.csv,"This table was transcribed from 24 screenshots across two batches. Two genuine gaps exist in the source screenshots themselves (not introduced by this transcription): (1) Corobore 820, material code 20.12, diameter 237.0mm row was never captured. (2) Sandvik Duobore pC14-C21: the 270mm-diameter row for code 3.11, and all rows for codes 3.13, 3.2, 3.21, 3.22, 30.11, 30.12, and 30.21, were never captured (a scroll/screenshot gap between images). These are marked with DATA_GAP:true and a note field rather than filled with guessed values. Given the density and volume of this table (~365 data rows), spot-checking a sample against the original source CSV (lookupTables/Component/tblBoring.csv) is recommended before using this for production costing decisions.",182,511,273,966,Bore,"Sandvik Duobore, inserts pC14-C21",1.1,125,Brinell,25.0,0.8,9.5,160,150.0,0.325,0.05,2000,15,25.6,2.0,,
USA reference export,Lookup Table,Machining > Lookup Tables,tblBoring,lookupTables/Component/tblBoring.csv,"This table was transcribed from 24 screenshots across two batches. Two genuine gaps exist in the source screenshots themselves (not introduced by this transcription): (1) Corobore 820, material code 20.12, diameter 237.0mm row was never captured. (2) Sandvik Duobore pC14-C21: the 270mm-diameter row for code 3.11, and all rows for codes 3.13, 3.2, 3.21, 3.22, 30.11, 30.12, and 30.21, were never captured (a scroll/screenshot gap between images). These are marked with DATA_GAP:true and a note field rather than filled with guessed values. Given the density and volume of this table (~365 data rows), spot-checking a sample against the original source CSV (lookupTables/Component/tblBoring.csv) is recommended before using this for production costing decisions.",182,511,273,966,Bore,"Sandvik Duobore, inserts pC14-C21",1.1,125,Brinell,37.0,1.2,9.5,160,222.0,0.35,0.08,2000,15,25.6,2.0,,
USA reference export,Lookup Table,Machining > Lookup Tables,tblBoring,lookupTables/Component/tblBoring.csv,"This table was transcribed from 24 screenshots across two batches. Two genuine gaps exist in the source screenshots themselves (not introduced by this transcription): (1) Corobore 820, material code 20.12, diameter 237.0mm row was never captured. (2) Sandvik Duobore pC14-C21: the 270mm-diameter row for code 3.11, and all rows for codes 3.13, 3.2, 3.21, 3.22, 30.11, 30.12, and 30.21, were never captured (a scroll/screenshot gap between images). These are marked with DATA_GAP:true and a note field rather than filled with guessed values. Given the density and volume of this table (~365 data rows), spot-checking a sample against the original source CSV (lookupTables/Component/tblBoring.csv) is recommended before using this for production costing decisions.",182,511,273,966,Bore,"Sandvik Duobore, inserts pC14-C21",1.1,125,Brinell,46.0,1.2,9.5,160,276.0,0.37,0.1,2000,15,25.6,2.0,,
USA reference export,Lookup Table,Machining > Lookup Tables,tblBoring,lookupTables/Component/tblBoring.csv,"This table was transcribed from 24 screenshots across two batches. Two genuine gaps exist in the source screenshots themselves (not introduced by this transcription): (1) Corobore 820, material code 20.12, diameter 237.0mm row was never captured. (2) Sandvik Duobore pC14-C21: the 270mm-diameter row for code 3.11, and all rows for codes 3.13, 3.2, 3.21, 3.22, 30.11, 30.12, and 30.21, were never captured (a scroll/screenshot gap between images). These are marked with DATA_GAP:true and a note field rather than filled with guessed values. Given the density and volume of this table (~365 data rows), spot-checking a sample against the original source CSV (lookupTables/Component/tblBoring.csv) is recommended before using this for production costing decisions.",182,511,273,966,Bore,"Sandvik Duobore, inserts pC14-C21",1.1,125,Brinell,55.0,0.4,9.5,160,220.0,0.4,0.1,2000,15,25.6,2.0,,
USA reference export,Lookup Table,Machining > Lookup Tables,tblBoring,lookupTables/Component/tblBoring.csv,"This table was transcribed from 24 screenshots across two batches. Two genuine gaps exist in the source screenshots themselves (not introduced by this transcription): (1) Corobore 820, material code 20.12, diameter 237.0mm row was never captured. (2) Sandvik Duobore pC14-C21: the 270mm-diameter row for code 3.11, and all rows for codes 3.13, 3.2, 3.21, 3.22, 30.11, 30.12, and 30.21, were never captured (a scroll/screenshot gap between images). These are marked with DATA_GAP:true and a note field rather than filled with guessed values. Given the density and volume of this table (~365 data rows), spot-checking a sample against the original source CSV (lookupTables/Component/tblBoring.csv) is recommended before using this for production costing decisions.",182,511,273,966,Bore,"Sandvik Duobore, inserts pC14-C21",1.1,125,Brinell,101.0,0.4,9.5,160,606.0,0.6,0.08,2000,15,25.6,2.0,,
USA reference export,Lookup Table,Machining > Lookup Tables,tblBoring,lookupTables/Component/tblBoring.csv,"This table was transcribed from 24 screenshots across two batches. Two genuine gaps exist in the source screenshots themselves (not introduced by this transcription): (1) Corobore 820, material code 20.12, diameter 237.0mm row was never captured. (2) Sandvik Duobore pC14-C21: the 270mm-diameter row for code 3.11, and all rows for codes 3.13, 3.2, 3.21, 3.22, 30.11, 30.12, and 30.21, were never captured (a scroll/screenshot gap between images). These are marked with DATA_GAP:true and a note field rather than filled with guessed values. Given the density and volume of this table (~365 data rows), spot-checking a sample against the original source CSV (lookupTables/Component/tblBoring.csv) is recommended before using this for production costing decisions.",182,511,273,966,Bore,"Sandvik Duobore, inserts pC14-C21",1.1,125,Brinell,270.0,0.4,9.5,160,1080.0,0.8,0.08,2000,15,25.6,2.0,,
USA reference export,Lookup Table,Machining > Lookup Tables,tblBoring,lookupTables/Component/tblBoring.csv,"This table was transcribed from 24 screenshots across two batches. Two genuine gaps exist in the source screenshots themselves (not introduced by this transcription): (1) Corobore 820, material code 20.12, diameter 237.0mm row was never captured. (2) Sandvik Duobore pC14-C21: the 270mm-diameter row for code 3.11, and all rows for codes 3.13, 3.2, 3.21, 3.22, 30.11, 30.12, and 30.21, were never captured (a scroll/screenshot gap between images). These are marked with DATA_GAP:true and a note field rather than filled with guessed values. Given the density and volume of this table (~365 data rows), spot-checking a sample against the original source CSV (lookupTables/Component/tblBoring.csv) is recommended before using this for production costing decisions.",182,511,273,966,Bore,"Sandvik Duobore, inserts pC14-C21",1.2,150,Brinell,25.0,0.8,9.5,136,150.0,0.5687,0.05,2140,15,25.6,2.0,,
USA reference export,Lookup Table,Machining > Lookup Tables,tblBoring,lookupTables/Component/tblBoring.csv,"This table was transcribed from 24 screenshots across two batches. Two genuine gaps exist in the source screenshots themselves (not introduced by this transcription): (1) Corobore 820, material code 20.12, diameter 237.0mm row was never captured. (2) Sandvik Duobore pC14-C21: the 270mm-diameter row for code 3.11, and all rows for codes 3.13, 3.2, 3.21, 3.22, 30.11, 30.12, and 30.21, were never captured (a scroll/screenshot gap between images). These are marked with DATA_GAP:true and a note field rather than filled with guessed values. Given the density and volume of this table (~365 data rows), spot-checking a sample against the original source CSV (lookupTables/Component/tblBoring.csv) is recommended before using this for production costing decisions.",182,511,273,966,Bore,"Sandvik Duobore, inserts pC14-C21",1.2,150,Brinell,37.0,1.2,9.5,136,222.0,0.6125,0.08,2140,15,25.6,2.0,,
USA reference export,Lookup Table,Machining > Lookup Tables,tblBoring,lookupTables/Component/tblBoring.csv,"This table was transcribed from 24 screenshots across two batches. Two genuine gaps exist in the source screenshots themselves (not introduced by this transcription): (1) Corobore 820, material code 20.12, diameter 237.0mm row was never captured. (2) Sandvik Duobore pC14-C21: the 270mm-diameter row for code 3.11, and all rows for codes 3.13, 3.2, 3.21, 3.22, 30.11, 30.12, and 30.21, were never captured (a scroll/screenshot gap between images). These are marked with DATA_GAP:true and a note field rather than filled with guessed values. Given the density and volume of this table (~365 data rows), spot-checking a sample against the original source CSV (lookupTables/Component/tblBoring.csv) is recommended before using this for production costing decisions.",182,511,273,966,Bore,"Sandvik Duobore, inserts pC14-C21",1.2,150,Brinell,46.0,1.2,9.5,136,276.0,0.6475,0.1,2140,15,25.6,2.0,,
USA reference export,Lookup Table,Machining > Lookup Tables,tblBoring,lookupTables/Component/tblBoring.csv,"This table was transcribed from 24 screenshots across two batches. Two genuine gaps exist in the source screenshots themselves (not introduced by this transcription): (1) Corobore 820, material code 20.12, diameter 237.0mm row was never captured. (2) Sandvik Duobore pC14-C21: the 270mm-diameter row for code 3.11, and all rows for codes 3.13, 3.2, 3.21, 3.22, 30.11, 30.12, and 30.21, were never captured (a scroll/screenshot gap between images). These are marked with DATA_GAP:true and a note field rather than filled with guessed values. Given the density and volume of this table (~365 data rows), spot-checking a sample against the original source CSV (lookupTables/Component/tblBoring.csv) is recommended before using this for production costing decisions.",182,511,273,966,Bore,"Sandvik Duobore, inserts pC14-C21",1.2,150,Brinell,55.0,0.4,9.5,136,220.0,0.7,0.1,2140,15,25.6,2.0,,
USA reference export,Lookup Table,Machining > Lookup Tables,tblBoring,lookupTables/Component/tblBoring.csv,"This table was transcribed from 24 screenshots across two batches. Two genuine gaps exist in the source screenshots themselves (not introduced by this transcription): (1) Corobore 820, material code 20.12, diameter 237.0mm row was never captured. (2) Sandvik Duobore pC14-C21: the 270mm-diameter row for code 3.11, and all rows for codes 3.13, 3.2, 3.21, 3.22, 30.11, 30.12, and 30.21, were never captured (a scroll/screenshot gap between images). These are marked with DATA_GAP:true and a note field rather than filled with guessed values. Given the density and volume of this table (~365 data rows), spot-checking a sample against the original source CSV (lookupTables/Component/tblBoring.csv) is recommended before using this for production costing decisions.",182,511,273,966,Bore,"Sandvik Duobore, inserts pC14-C21",1.2,150,Brinell,101.0,0.4,9.5,136,606.0,1.05,0.08,2140,15,25.6,2.0,,
USA reference export,Lookup Table,Machining > Lookup Tables,tblBoring,lookupTables/Component/tblBoring.csv,"This table was transcribed from 24 screenshots across two batches. Two genuine gaps exist in the source screenshots themselves (not introduced by this transcription): (1) Corobore 820, material code 20.12, diameter 237.0mm row was never captured. (2) Sandvik Duobore pC14-C21: the 270mm-diameter row for code 3.11, and all rows for codes 3.13, 3.2, 3.21, 3.22, 30.11, 30.12, and 30.21, were never captured (a scroll/screenshot gap between images). These are marked with DATA_GAP:true and a note field rather than filled with guessed values. Given the density and volume of this table (~365 data rows), spot-checking a sample against the original source CSV (lookupTables/Component/tblBoring.csv) is recommended before using this for production costing decisions.",182,511,273,966,Bore,"Sandvik Duobore, inserts pC14-C21",1.2,150,Brinell,270.0,0.4,9.5,136,1080.0,1.4,0.08,2140,15,25.6,2.0,,
USA reference export,Lookup Table,Machining > Lookup Tables,tblBoring,lookupTables/Component/tblBoring.csv,"This table was transcribed from 24 screenshots across two batches. Two genuine gaps exist in the source screenshots themselves (not introduced by this transcription): (1) Corobore 820, material code 20.12, diameter 237.0mm row was never captured. (2) Sandvik Duobore pC14-C21: the 270mm-diameter row for code 3.11, and all rows for codes 3.13, 3.2, 3.21, 3.22, 30.11, 30.12, and 30.21, were never captured (a scroll/screenshot gap between images). These are marked with DATA_GAP:true and a note field rather than filled with guessed values. Given the density and volume of this table (~365 data rows), spot-checking a sample against the original source CSV (lookupTables/Component/tblBoring.csv) is recommended before using this for production costing decisions.",182,511,273,966,Bore,"Sandvik Duobore, inserts pC14-C21",1.3,170,Brinell,25.0,0.8,9.5,124,150.0,0.5687,0.05,2280,15,25.6,2.0,,
USA reference export,Lookup Table,Machining > Lookup Tables,tblBoring,lookupTables/Component/tblBoring.csv,"This table was transcribed from 24 screenshots across two batches. Two genuine gaps exist in the source screenshots themselves (not introduced by this transcription): (1) Corobore 820, material code 20.12, diameter 237.0mm row was never captured. (2) Sandvik Duobore pC14-C21: the 270mm-diameter row for code 3.11, and all rows for codes 3.13, 3.2, 3.21, 3.22, 30.11, 30.12, and 30.21, were never captured (a scroll/screenshot gap between images). These are marked with DATA_GAP:true and a note field rather than filled with guessed values. Given the density and volume of this table (~365 data rows), spot-checking a sample against the original source CSV (lookupTables/Component/tblBoring.csv) is recommended before using this for production costing decisions.",182,511,273,966,Bore,"Sandvik Duobore, inserts pC14-C21",1.3,170,Brinell,37.0,1.2,9.5,124,222.0,0.6125,0.08,2280,15,25.6,2.0,,
USA reference export,Lookup Table,Machining > Lookup Tables,tblBoring,lookupTables/Component/tblBoring.csv,"This table was transcribed from 24 screenshots across two batches. Two genuine gaps exist in the source screenshots themselves (not introduced by this transcription): (1) Corobore 820, material code 20.12, diameter 237.0mm row was never captured. (2) Sandvik Duobore pC14-C21: the 270mm-diameter row for code 3.11, and all rows for codes 3.13, 3.2, 3.21, 3.22, 30.11, 30.12, and 30.21, were never captured (a scroll/screenshot gap between images). These are marked with DATA_GAP:true and a note field rather than filled with guessed values. Given the density and volume of this table (~365 data rows), spot-checking a sample against the original source CSV (lookupTables/Component/tblBoring.csv) is recommended before using this for production costing decisions.",182,511,273,966,Bore,"Sandvik Duobore, inserts pC14-C21",1.3,170,Brinell,46.0,1.2,9.5,124,276.0,0.6475,0.1,2280,15,25.6,2.0,,
USA reference export,Lookup Table,Machining > Lookup Tables,tblBoring,lookupTables/Component/tblBoring.csv,"This table was transcribed from 24 screenshots across two batches. Two genuine gaps exist in the source screenshots themselves (not introduced by this transcription): (1) Corobore 820, material code 20.12, diameter 237.0mm row was never captured. (2) Sandvik Duobore pC14-C21: the 270mm-diameter row for code 3.11, and all rows for codes 3.13, 3.2, 3.21, 3.22, 30.11, 30.12, and 30.21, were never captured (a scroll/screenshot gap between images). These are marked with DATA_GAP:true and a note field rather than filled with guessed values. Given the density and volume of this table (~365 data rows), spot-checking a sample against the original source CSV (lookupTables/Component/tblBoring.csv) is recommended before using this for production costing decisions.",182,511,273,966,Bore,"Sandvik Duobore, inserts pC14-C21",1.3,170,Brinell,55.0,0.4,9.5,124,220.0,0.7,0.1,2280,15,25.6,2.0,,
USA reference export,Lookup Table,Machining > Lookup Tables,tblBoring,lookupTables/Component/tblBoring.csv,"This table was transcribed from 24 screenshots across two batches. Two genuine gaps exist in the source screenshots themselves (not introduced by this transcription): (1) Corobore 820, material code 20.12, diameter 237.0mm row was never captured. (2) Sandvik Duobore pC14-C21: the 270mm-diameter row for code 3.11, and all rows for codes 3.13, 3.2, 3.21, 3.22, 30.11, 30.12, and 30.21, were never captured (a scroll/screenshot gap between images). These are marked with DATA_GAP:true and a note field rather than filled with guessed values. Given the density and volume of this table (~365 data rows), spot-checking a sample against the original source CSV (lookupTables/Component/tblBoring.csv) is recommended before using this for production costing decisions.",182,511,273,966,Bore,"Sandvik Duobore, inserts pC14-C21",1.3,170,Brinell,101.0,0.4,9.5,124,606.0,1.05,0.08,2280,15,25.6,2.0,,
USA reference export,Lookup Table,Machining > Lookup Tables,tblBoring,lookupTables/Component/tblBoring.csv,"This table was transcribed from 24 screenshots across two batches. Two genuine gaps exist in the source screenshots themselves (not introduced by this transcription): (1) Corobore 820, material code 20.12, diameter 237.0mm row was never captured. (2) Sandvik Duobore pC14-C21: the 270mm-diameter row for code 3.11, and all rows for codes 3.13, 3.2, 3.21, 3.22, 30.11, 30.12, and 30.21, were never captured (a scroll/screenshot gap between images). These are marked with DATA_GAP:true and a note field rather than filled with guessed values. Given the density and volume of this table (~365 data rows), spot-checking a sample against the original source CSV (lookupTables/Component/tblBoring.csv) is recommended before using this for production costing decisions.",182,511,273,966,Bore,"Sandvik Duobore, inserts pC14-C21",1.3,170,Brinell,270.0,0.4,9.5,124,1080.0,1.4,0.08,2280,15,25.6,2.0,,
USA reference export,Lookup Table,Machining > Lookup Tables,tblBoring,lookupTables/Component/tblBoring.csv,"This table was transcribed from 24 screenshots across two batches. Two genuine gaps exist in the source screenshots themselves (not introduced by this transcription): (1) Corobore 820, material code 20.12, diameter 237.0mm row was never captured. (2) Sandvik Duobore pC14-C21: the 270mm-diameter row for code 3.11, and all rows for codes 3.13, 3.2, 3.21, 3.22, 30.11, 30.12, and 30.21, were never captured (a scroll/screenshot gap between images). These are marked with DATA_GAP:true and a note field rather than filled with guessed values. Given the density and volume of this table (~365 data rows), spot-checking a sample against the original source CSV (lookupTables/Component/tblBoring.csv) is recommended before using this for production costing decisions.",182,511,273,966,Bore,"Sandvik Duobore, inserts pC14-C21",1.4,210,Brinell,25.0,0.8,9.5,124,150.0,0.5687,0.05,2400,15,25.6,2.0,,
USA reference export,Lookup Table,Machining > Lookup Tables,tblBoring,lookupTables/Component/tblBoring.csv,"This table was transcribed from 24 screenshots across two batches. Two genuine gaps exist in the source screenshots themselves (not introduced by this transcription): (1) Corobore 820, material code 20.12, diameter 237.0mm row was never captured. (2) Sandvik Duobore pC14-C21: the 270mm-diameter row for code 3.11, and all rows for codes 3.13, 3.2, 3.21, 3.22, 30.11, 30.12, and 30.21, were never captured (a scroll/screenshot gap between images). These are marked with DATA_GAP:true and a note field rather than filled with guessed values. Given the density and volume of this table (~365 data rows), spot-checking a sample against the original source CSV (lookupTables/Component/tblBoring.csv) is recommended before using this for production costing decisions.",182,511,273,966,Bore,"Sandvik Duobore, inserts pC14-C21",1.4,210,Brinell,37.0,1.2,9.5,124,222.0,0.6125,0.08,2400,15,25.6,2.0,,
USA reference export,Lookup Table,Machining > Lookup Tables,tblBoring,lookupTables/Component/tblBoring.csv,"This table was transcribed from 24 screenshots across two batches. Two genuine gaps exist in the source screenshots themselves (not introduced by this transcription): (1) Corobore 820, material code 20.12, diameter 237.0mm row was never captured. (2) Sandvik Duobore pC14-C21: the 270mm-diameter row for code 3.11, and all rows for codes 3.13, 3.2, 3.21, 3.22, 30.11, 30.12, and 30.21, were never captured (a scroll/screenshot gap between images). These are marked with DATA_GAP:true and a note field rather than filled with guessed values. Given the density and volume of this table (~365 data rows), spot-checking a sample against the original source CSV (lookupTables/Component/tblBoring.csv) is recommended before using this for production costing decisions.",182,511,273,966,Bore,"Sandvik Duobore, inserts pC14-C21",1.4,210,Brinell,46.0,1.2,9.5,124,276.0,0.6475,0.1,2400,15,25.6,2.0,,
USA reference export,Lookup Table,Machining > Lookup Tables,tblBoring,lookupTables/Component/tblBoring.csv,"This table was transcribed from 24 screenshots across two batches. Two genuine gaps exist in the source screenshots themselves (not introduced by this transcription): (1) Corobore 820, material code 20.12, diameter 237.0mm row was never captured. (2) Sandvik Duobore pC14-C21: the 270mm-diameter row for code 3.11, and all rows for codes 3.13, 3.2, 3.21, 3.22, 30.11, 30.12, and 30.21, were never captured (a scroll/screenshot gap between images). These are marked with DATA_GAP:true and a note field rather than filled with guessed values. Given the density and volume of this table (~365 data rows), spot-checking a sample against the original source CSV (lookupTables/Component/tblBoring.csv) is recommended before using this for production costing decisions.",182,511,273,966,Bore,"Sandvik Duobore, inserts pC14-C21",1.4,210,Brinell,55.0,0.4,9.5,124,220.0,0.7,0.1,2400,15,25.6,2.0,,
USA reference export,Lookup Table,Machining > Lookup Tables,tblBoring,lookupTables/Component/tblBoring.csv,"This table was transcribed from 24 screenshots across two batches. Two genuine gaps exist in the source screenshots themselves (not introduced by this transcription): (1) Corobore 820, material code 20.12, diameter 237.0mm row was never captured. (2) Sandvik Duobore pC14-C21: the 270mm-diameter row for code 3.11, and all rows for codes 3.13, 3.2, 3.21, 3.22, 30.11, 30.12, and 30.21, were never captured (a scroll/screenshot gap between images). These are marked with DATA_GAP:true and a note field rather than filled with guessed values. Given the density and volume of this table (~365 data rows), spot-checking a sample against the original source CSV (lookupTables/Component/tblBoring.csv) is recommended before using this for production costing decisions.",182,511,273,966,Bore,"Sandvik Duobore, inserts pC14-C21",1.4,210,Brinell,101.0,0.4,9.5,124,606.0,1.05,0.08,2400,15,25.6,2.0,,
USA reference export,Lookup Table,Machining > Lookup Tables,tblBoring,lookupTables/Component/tblBoring.csv,"This table was transcribed from 24 screenshots across two batches. Two genuine gaps exist in the source screenshots themselves (not introduced by this transcription): (1) Corobore 820, material code 20.12, diameter 237.0mm row was never captured. (2) Sandvik Duobore pC14-C21: the 270mm-diameter row for code 3.11, and all rows for codes 3.13, 3.2, 3.21, 3.22, 30.11, 30.12, and 30.21, were never captured (a scroll/screenshot gap between images). These are marked with DATA_GAP:true and a note field rather than filled with guessed values. Given the density and volume of this table (~365 data rows), spot-checking a sample against the original source CSV (lookupTables/Component/tblBoring.csv) is recommended before using this for production costing decisions.",182,511,273,966,Bore,"Sandvik Duobore, inserts pC14-C21",1.4,210,Brinell,270.0,0.4,9.5,124,1080.0,1.4,0.08,2400,15,25.6,2.0,,
USA reference export,Lookup Table,Machining > Lookup Tables,tblBoring,lookupTables/Component/tblBoring.csv,"This table was transcribed from 24 screenshots across two batches. Two genuine gaps exist in the source screenshots themselves (not introduced by this transcription): (1) Corobore 820, material code 20.12, diameter 237.0mm row was never captured. (2) Sandvik Duobore pC14-C21: the 270mm-diameter row for code 3.11, and all rows for codes 3.13, 3.2, 3.21, 3.22, 30.11, 30.12, and 30.21, were never captured (a scroll/screenshot gap between images). These are marked with DATA_GAP:true and a note field rather than filled with guessed values. Given the density and volume of this table (~365 data rows), spot-checking a sample against the original source CSV (lookupTables/Component/tblBoring.csv) is recommended before using this for production costing decisions.",182,511,273,966,Bore,"Sandvik Duobore, inserts pC14-C21",1.5,300,Brinell,25.0,0.8,9.5,101,150.0,0.5687,0.05,2700,15,25.6,2.0,,
USA reference export,Lookup Table,Machining > Lookup Tables,tblBoring,lookupTables/Component/tblBoring.csv,"This table was transcribed from 24 screenshots across two batches. Two genuine gaps exist in the source screenshots themselves (not introduced by this transcription): (1) Corobore 820, material code 20.12, diameter 237.0mm row was never captured. (2) Sandvik Duobore pC14-C21: the 270mm-diameter row for code 3.11, and all rows for codes 3.13, 3.2, 3.21, 3.22, 30.11, 30.12, and 30.21, were never captured (a scroll/screenshot gap between images). These are marked with DATA_GAP:true and a note field rather than filled with guessed values. Given the density and volume of this table (~365 data rows), spot-checking a sample against the original source CSV (lookupTables/Component/tblBoring.csv) is recommended before using this for production costing decisions.",182,511,273,966,Bore,"Sandvik Duobore, inserts pC14-C21",1.5,300,Brinell,37.0,1.2,9.5,101,222.0,0.6125,0.08,2700,15,25.6,2.0,,
USA reference export,Lookup Table,Machining > Lookup Tables,tblBoring,lookupTables/Component/tblBoring.csv,"This table was transcribed from 24 screenshots across two batches. Two genuine gaps exist in the source screenshots themselves (not introduced by this transcription): (1) Corobore 820, material code 20.12, diameter 237.0mm row was never captured. (2) Sandvik Duobore pC14-C21: the 270mm-diameter row for code 3.11, and all rows for codes 3.13, 3.2, 3.21, 3.22, 30.11, 30.12, and 30.21, were never captured (a scroll/screenshot gap between images). These are marked with DATA_GAP:true and a note field rather than filled with guessed values. Given the density and volume of this table (~365 data rows), spot-checking a sample against the original source CSV (lookupTables/Component/tblBoring.csv) is recommended before using this for production costing decisions.",182,511,273,966,Bore,"Sandvik Duobore, inserts pC14-C21",1.5,300,Brinell,46.0,1.2,9.5,101,276.0,0.6475,0.1,2700,15,25.6,2.0,,
USA reference export,Lookup Table,Machining > Lookup Tables,tblBoring,lookupTables/Component/tblBoring.csv,"This table was transcribed from 24 screenshots across two batches. Two genuine gaps exist in the source screenshots themselves (not introduced by this transcription): (1) Corobore 820, material code 20.12, diameter 237.0mm row was never captured. (2) Sandvik Duobore pC14-C21: the 270mm-diameter row for code 3.11, and all rows for codes 3.13, 3.2, 3.21, 3.22, 30.11, 30.12, and 30.21, were never captured (a scroll/screenshot gap between images). These are marked with DATA_GAP:true and a note field rather than filled with guessed values. Given the density and volume of this table (~365 data rows), spot-checking a sample against the original source CSV (lookupTables/Component/tblBoring.csv) is recommended before using this for production costing decisions.",182,511,273,966,Bore,"Sandvik Duobore, inserts pC14-C21",1.5,300,Brinell,55.0,0.4,9.5,101,220.0,0.7,0.1,2700,15,25.6,2.0,,
USA reference export,Lookup Table,Machining > Lookup Tables,tblBoring,lookupTables/Component/tblBoring.csv,"This table was transcribed from 24 screenshots across two batches. Two genuine gaps exist in the source screenshots themselves (not introduced by this transcription): (1) Corobore 820, material code 20.12, diameter 237.0mm row was never captured. (2) Sandvik Duobore pC14-C21: the 270mm-diameter row for code 3.11, and all rows for codes 3.13, 3.2, 3.21, 3.22, 30.11, 30.12, and 30.21, were never captured (a scroll/screenshot gap between images). These are marked with DATA_GAP:true and a note field rather than filled with guessed values. Given the density and volume of this table (~365 data rows), spot-checking a sample against the original source CSV (lookupTables/Component/tblBoring.csv) is recommended before using this for production costing decisions.",182,511,273,966,Bore,"Sandvik Duobore, inserts pC14-C21",1.5,300,Brinell,101.0,0.4,9.5,101,606.0,1.05,0.08,2700,15,25.6,2.0,,
USA reference export,Lookup Table,Machining > Lookup Tables,tblBoring,lookupTables/Component/tblBoring.csv,"This table was transcribed from 24 screenshots across two batches. Two genuine gaps exist in the source screenshots themselves (not introduced by this transcription): (1) Corobore 820, material code 20.12, diameter 237.0mm row was never captured. (2) Sandvik Duobore pC14-C21: the 270mm-diameter row for code 3.11, and all rows for codes 3.13, 3.2, 3.21, 3.22, 30.11, 30.12, and 30.21, were never captured (a scroll/screenshot gap between images). These are marked with DATA_GAP:true and a note field rather than filled with guessed values. Given the density and volume of this table (~365 data rows), spot-checking a sample against the original source CSV (lookupTables/Component/tblBoring.csv) is recommended before using this for production costing decisions.",182,511,273,966,Bore,"Sandvik Duobore, inserts pC14-C21",1.5,300,Brinell,270.0,0.4,9.5,101,1080.0,1.4,0.08,2700,15,25.6,2.0,,
USA reference export,Lookup Table,Machining > Lookup Tables,tblBoring,lookupTables/Component/tblBoring.csv,"This table was transcribed from 24 screenshots across two batches. Two genuine gaps exist in the source screenshots themselves (not introduced by this transcription): (1) Corobore 820, material code 20.12, diameter 237.0mm row was never captured. (2) Sandvik Duobore pC14-C21: the 270mm-diameter row for code 3.11, and all rows for codes 3.13, 3.2, 3.21, 3.22, 30.11, 30.12, and 30.21, were never captured (a scroll/screenshot gap between images). These are marked with DATA_GAP:true and a note field rather than filled with guessed values. Given the density and volume of this table (~365 data rows), spot-checking a sample against the original source CSV (lookupTables/Component/tblBoring.csv) is recommended before using this for production costing decisions.",182,511,273,966,Bore,"Sandvik Duobore, inserts pC14-C21",10.0,400,Brinell,25.0,0.8,9.5,67,150.0,0.5281,0.05,2740,15,25.6,2.0,,
USA reference export,Lookup Table,Machining > Lookup Tables,tblBoring,lookupTables/Component/tblBoring.csv,"This table was transcribed from 24 screenshots across two batches. Two genuine gaps exist in the source screenshots themselves (not introduced by this transcription): (1) Corobore 820, material code 20.12, diameter 237.0mm row was never captured. (2) Sandvik Duobore pC14-C21: the 270mm-diameter row for code 3.11, and all rows for codes 3.13, 3.2, 3.21, 3.22, 30.11, 30.12, and 30.21, were never captured (a scroll/screenshot gap between images). These are marked with DATA_GAP:true and a note field rather than filled with guessed values. Given the density and volume of this table (~365 data rows), spot-checking a sample against the original source CSV (lookupTables/Component/tblBoring.csv) is recommended before using this for production costing decisions.",182,511,273,966,Bore,"Sandvik Duobore, inserts pC14-C21",10.0,400,Brinell,37.0,1.2,9.5,67,222.0,0.5687,0.08,2740,15,25.6,2.0,,
USA reference export,Lookup Table,Machining > Lookup Tables,tblBoring,lookupTables/Component/tblBoring.csv,"This table was transcribed from 24 screenshots across two batches. Two genuine gaps exist in the source screenshots themselves (not introduced by this transcription): (1) Corobore 820, material code 20.12, diameter 237.0mm row was never captured. (2) Sandvik Duobore pC14-C21: the 270mm-diameter row for code 3.11, and all rows for codes 3.13, 3.2, 3.21, 3.22, 30.11, 30.12, and 30.21, were never captured (a scroll/screenshot gap between images). These are marked with DATA_GAP:true and a note field rather than filled with guessed values. Given the density and volume of this table (~365 data rows), spot-checking a sample against the original source CSV (lookupTables/Component/tblBoring.csv) is recommended before using this for production costing decisions.",182,511,273,966,Bore,"Sandvik Duobore, inserts pC14-C21",10.0,400,Brinell,46.0,1.2,9.5,67,276.0,0.6012,0.1,2740,15,25.6,2.0,,
USA reference export,Lookup Table,Machining > Lookup Tables,tblBoring,lookupTables/Component/tblBoring.csv,"This table was transcribed from 24 screenshots across two batches. Two genuine gaps exist in the source screenshots themselves (not introduced by this transcription): (1) Corobore 820, material code 20.12, diameter 237.0mm row was never captured. (2) Sandvik Duobore pC14-C21: the 270mm-diameter row for code 3.11, and all rows for codes 3.13, 3.2, 3.21, 3.22, 30.11, 30.12, and 30.21, were never captured (a scroll/screenshot gap between images). These are marked with DATA_GAP:true and a note field rather than filled with guessed values. Given the density and volume of this table (~365 data rows), spot-checking a sample against the original source CSV (lookupTables/Component/tblBoring.csv) is recommended before using this for production costing decisions.",182,511,273,966,Bore,"Sandvik Duobore, inserts pC14-C21",10.0,400,Brinell,55.0,0.4,9.5,67,220.0,0.65,0.1,2740,15,25.6,2.0,,
USA reference export,Lookup Table,Machining > Lookup Tables,tblBoring,lookupTables/Component/tblBoring.csv,"This table was transcribed from 24 screenshots across two batches. Two genuine gaps exist in the source screenshots themselves (not introduced by this transcription): (1) Corobore 820, material code 20.12, diameter 237.0mm row was never captured. (2) Sandvik Duobore pC14-C21: the 270mm-diameter row for code 3.11, and all rows for codes 3.13, 3.2, 3.21, 3.22, 30.11, 30.12, and 30.21, were never captured (a scroll/screenshot gap between images). These are marked with DATA_GAP:true and a note field rather than filled with guessed values. Given the density and volume of this table (~365 data rows), spot-checking a sample against the original source CSV (lookupTables/Component/tblBoring.csv) is recommended before using this for production costing decisions.",182,511,273,966,Bore,"Sandvik Duobore, inserts pC14-C21",10.0,400,Brinell,101.0,0.4,9.5,67,606.0,0.975,0.08,2740,15,25.6,2.0,,
USA reference export,Lookup Table,Machining > Lookup Tables,tblBoring,lookupTables/Component/tblBoring.csv,"This table was transcribed from 24 screenshots across two batches. Two genuine gaps exist in the source screenshots themselves (not introduced by this transcription): (1) Corobore 820, material code 20.12, diameter 237.0mm row was never captured. (2) Sandvik Duobore pC14-C21: the 270mm-diameter row for code 3.11, and all rows for codes 3.13, 3.2, 3.21, 3.22, 30.11, 30.12, and 30.21, were never captured (a scroll/screenshot gap between images). These are marked with DATA_GAP:true and a note field rather than filled with guessed values. Given the density and volume of this table (~365 data rows), spot-checking a sample against the original source CSV (lookupTables/Component/tblBoring.csv) is recommended before using this for production costing decisions.",182,511,273,966,Bore,"Sandvik Duobore, inserts pC14-C21",10.0,400,Brinell,270.0,0.4,9.5,67,1080.0,1.3,0.08,2740,15,25.6,2.0,,
USA reference export,Lookup Table,Machining > Lookup Tables,tblBoring,lookupTables/Component/tblBoring.csv,"This table was transcribed from 24 screenshots across two batches. Two genuine gaps exist in the source screenshots themselves (not introduced by this transcription): (1) Corobore 820, material code 20.12, diameter 237.0mm row was never captured. (2) Sandvik Duobore pC14-C21: the 270mm-diameter row for code 3.11, and all rows for codes 3.13, 3.2, 3.21, 3.22, 30.11, 30.12, and 30.21, were never captured (a scroll/screenshot gap between images). These are marked with DATA_GAP:true and a note field rather than filled with guessed values. Given the density and volume of this table (~365 data rows), spot-checking a sample against the original source CSV (lookupTables/Component/tblBoring.csv) is recommended before using this for production costing decisions.",182,511,273,966,Bore,"Sandvik Duobore, inserts pC14-C21",10.1,400,Brinell,25.0,0.8,9.5,32,150.0,0.5281,0.05,3160,15,25.6,2.0,,
USA reference export,Lookup Table,Machining > Lookup Tables,tblBoring,lookupTables/Component/tblBoring.csv,"This table was transcribed from 24 screenshots across two batches. Two genuine gaps exist in the source screenshots themselves (not introduced by this transcription): (1) Corobore 820, material code 20.12, diameter 237.0mm row was never captured. (2) Sandvik Duobore pC14-C21: the 270mm-diameter row for code 3.11, and all rows for codes 3.13, 3.2, 3.21, 3.22, 30.11, 30.12, and 30.21, were never captured (a scroll/screenshot gap between images). These are marked with DATA_GAP:true and a note field rather than filled with guessed values. Given the density and volume of this table (~365 data rows), spot-checking a sample against the original source CSV (lookupTables/Component/tblBoring.csv) is recommended before using this for production costing decisions.",182,511,273,966,Bore,"Sandvik Duobore, inserts pC14-C21",10.1,400,Brinell,37.0,1.2,9.5,32,222.0,0.5687,0.08,3160,15,25.6,2.0,,
USA reference export,Lookup Table,Machining > Lookup Tables,tblBoring,lookupTables/Component/tblBoring.csv,"This table was transcribed from 24 screenshots across two batches. Two genuine gaps exist in the source screenshots themselves (not introduced by this transcription): (1) Corobore 820, material code 20.12, diameter 237.0mm row was never captured. (2) Sandvik Duobore pC14-C21: the 270mm-diameter row for code 3.11, and all rows for codes 3.13, 3.2, 3.21, 3.22, 30.11, 30.12, and 30.21, were never captured (a scroll/screenshot gap between images). These are marked with DATA_GAP:true and a note field rather than filled with guessed values. Given the density and volume of this table (~365 data rows), spot-checking a sample against the original source CSV (lookupTables/Component/tblBoring.csv) is recommended before using this for production costing decisions.",182,511,273,966,Bore,"Sandvik Duobore, inserts pC14-C21",10.1,400,Brinell,46.0,1.2,9.5,32,276.0,0.6012,0.1,3160,15,25.6,2.0,,
USA reference export,Lookup Table,Machining > Lookup Tables,tblBoring,lookupTables/Component/tblBoring.csv,"This table was transcribed from 24 screenshots across two batches. Two genuine gaps exist in the source screenshots themselves (not introduced by this transcription): (1) Corobore 820, material code 20.12, diameter 237.0mm row was never captured. (2) Sandvik Duobore pC14-C21: the 270mm-diameter row for code 3.11, and all rows for codes 3.13, 3.2, 3.21, 3.22, 30.11, 30.12, and 30.21, were never captured (a scroll/screenshot gap between images). These are marked with DATA_GAP:true and a note field rather than filled with guessed values. Given the density and volume of this table (~365 data rows), spot-checking a sample against the original source CSV (lookupTables/Component/tblBoring.csv) is recommended before using this for production costing decisions.",182,511,273,966,Bore,"Sandvik Duobore, inserts pC14-C21",10.1,400,Brinell,55.0,0.4,9.5,32,220.0,0.65,0.1,3160,15,25.6,2.0,,
USA reference export,Lookup Table,Machining > Lookup Tables,tblBoring,lookupTables/Component/tblBoring.csv,"This table was transcribed from 24 screenshots across two batches. Two genuine gaps exist in the source screenshots themselves (not introduced by this transcription): (1) Corobore 820, material code 20.12, diameter 237.0mm row was never captured. (2) Sandvik Duobore pC14-C21: the 270mm-diameter row for code 3.11, and all rows for codes 3.13, 3.2, 3.21, 3.22, 30.11, 30.12, and 30.21, were never captured (a scroll/screenshot gap between images). These are marked with DATA_GAP:true and a note field rather than filled with guessed values. Given the density and volume of this table (~365 data rows), spot-checking a sample against the original source CSV (lookupTables/Component/tblBoring.csv) is recommended before using this for production costing decisions.",182,511,273,966,Bore,"Sandvik Duobore, inserts pC14-C21",10.1,400,Brinell,101.0,0.4,9.5,32,606.0,0.975,0.08,3160,15,25.6,2.0,,
USA reference export,Lookup Table,Machining > Lookup Tables,tblBoring,lookupTables/Component/tblBoring.csv,"This table was transcribed from 24 screenshots across two batches. Two genuine gaps exist in the source screenshots themselves (not introduced by this transcription): (1) Corobore 820, material code 20.12, diameter 237.0mm row was never captured. (2) Sandvik Duobore pC14-C21: the 270mm-diameter row for code 3.11, and all rows for codes 3.13, 3.2, 3.21, 3.22, 30.11, 30.12, and 30.21, were never captured (a scroll/screenshot gap between images). These are marked with DATA_GAP:true and a note field rather than filled with guessed values. Given the density and volume of this table (~365 data rows), spot-checking a sample against the original source CSV (lookupTables/Component/tblBoring.csv) is recommended before using this for production costing decisions.",182,511,273,966,Bore,"Sandvik Duobore, inserts pC14-C21",10.1,400,Brinell,270.0,0.4,9.5,32,1080.0,1.3,0.08,3160,15,25.6,2.0,,
USA reference export,Lookup Table,Machining > Lookup Tables,tblBoring,lookupTables/Component/tblBoring.csv,"This table was transcribed from 24 screenshots across two batches. Two genuine gaps exist in the source screenshots themselves (not introduced by this transcription): (1) Corobore 820, material code 20.12, diameter 237.0mm row was never captured. (2) Sandvik Duobore pC14-C21: the 270mm-diameter row for code 3.11, and all rows for codes 3.13, 3.2, 3.21, 3.22, 30.11, 30.12, and 30.21, were never captured (a scroll/screenshot gap between images). These are marked with DATA_GAP:true and a note field rather than filled with guessed values. Given the density and volume of this table (~365 data rows), spot-checking a sample against the original source CSV (lookupTables/Component/tblBoring.csv) is recommended before using this for production costing decisions.",182,511,273,966,Bore,"Sandvik Duobore, inserts pC14-C21",15.11,200,Brinell,25.0,0.8,9.5,109,150.0,0.5687,0.05,2280,15,25.6,2.0,,
USA reference export,Lookup Table,Machining > Lookup Tables,tblBoring,lookupTables/Component/tblBoring.csv,"This table was transcribed from 24 screenshots across two batches. Two genuine gaps exist in the source screenshots themselves (not introduced by this transcription): (1) Corobore 820, material code 20.12, diameter 237.0mm row was never captured. (2) Sandvik Duobore pC14-C21: the 270mm-diameter row for code 3.11, and all rows for codes 3.13, 3.2, 3.21, 3.22, 30.11, 30.12, and 30.21, were never captured (a scroll/screenshot gap between images). These are marked with DATA_GAP:true and a note field rather than filled with guessed values. Given the density and volume of this table (~365 data rows), spot-checking a sample against the original source CSV (lookupTables/Component/tblBoring.csv) is recommended before using this for production costing decisions.",182,511,273,966,Bore,"Sandvik Duobore, inserts pC14-C21",15.11,200,Brinell,37.0,1.2,9.5,109,222.0,0.6125,0.08,2280,15,25.6,2.0,,
USA reference export,Lookup Table,Machining > Lookup Tables,tblBoring,lookupTables/Component/tblBoring.csv,"This table was transcribed from 24 screenshots across two batches. Two genuine gaps exist in the source screenshots themselves (not introduced by this transcription): (1) Corobore 820, material code 20.12, diameter 237.0mm row was never captured. (2) Sandvik Duobore pC14-C21: the 270mm-diameter row for code 3.11, and all rows for codes 3.13, 3.2, 3.21, 3.22, 30.11, 30.12, and 30.21, were never captured (a scroll/screenshot gap between images). These are marked with DATA_GAP:true and a note field rather than filled with guessed values. Given the density and volume of this table (~365 data rows), spot-checking a sample against the original source CSV (lookupTables/Component/tblBoring.csv) is recommended before using this for production costing decisions.",182,511,273,966,Bore,"Sandvik Duobore, inserts pC14-C21",15.11,200,Brinell,46.0,1.2,9.5,109,276.0,0.6475,0.1,2280,15,25.6,2.0,,
USA reference export,Lookup Table,Machining > Lookup Tables,tblBoring,lookupTables/Component/tblBoring.csv,"This table was transcribed from 24 screenshots across two batches. Two genuine gaps exist in the source screenshots themselves (not introduced by this transcription): (1) Corobore 820, material code 20.12, diameter 237.0mm row was never captured. (2) Sandvik Duobore pC14-C21: the 270mm-diameter row for code 3.11, and all rows for codes 3.13, 3.2, 3.21, 3.22, 30.11, 30.12, and 30.21, were never captured (a scroll/screenshot gap between images). These are marked with DATA_GAP:true and a note field rather than filled with guessed values. Given the density and volume of this table (~365 data rows), spot-checking a sample against the original source CSV (lookupTables/Component/tblBoring.csv) is recommended before using this for production costing decisions.",182,511,273,966,Bore,"Sandvik Duobore, inserts pC14-C21",15.11,200,Brinell,55.0,0.4,9.5,109,220.0,0.7,0.1,2280,15,25.6,2.0,,
USA reference export,Lookup Table,Machining > Lookup Tables,tblBoring,lookupTables/Component/tblBoring.csv,"This table was transcribed from 24 screenshots across two batches. Two genuine gaps exist in the source screenshots themselves (not introduced by this transcription): (1) Corobore 820, material code 20.12, diameter 237.0mm row was never captured. (2) Sandvik Duobore pC14-C21: the 270mm-diameter row for code 3.11, and all rows for codes 3.13, 3.2, 3.21, 3.22, 30.11, 30.12, and 30.21, were never captured (a scroll/screenshot gap between images). These are marked with DATA_GAP:true and a note field rather than filled with guessed values. Given the density and volume of this table (~365 data rows), spot-checking a sample against the original source CSV (lookupTables/Component/tblBoring.csv) is recommended before using this for production costing decisions.",182,511,273,966,Bore,"Sandvik Duobore, inserts pC14-C21",15.11,200,Brinell,101.0,0.4,9.5,109,606.0,1.05,0.08,2280,15,25.6,2.0,,
USA reference export,Lookup Table,Machining > Lookup Tables,tblBoring,lookupTables/Component/tblBoring.csv,"This table was transcribed from 24 screenshots across two batches. Two genuine gaps exist in the source screenshots themselves (not introduced by this transcription): (1) Corobore 820, material code 20.12, diameter 237.0mm row was never captured. (2) Sandvik Duobore pC14-C21: the 270mm-diameter row for code 3.11, and all rows for codes 3.13, 3.2, 3.21, 3.22, 30.11, 30.12, and 30.21, were never captured (a scroll/screenshot gap between images). These are marked with DATA_GAP:true and a note field rather than filled with guessed values. Given the density and volume of this table (~365 data rows), spot-checking a sample against the original source CSV (lookupTables/Component/tblBoring.csv) is recommended before using this for production costing decisions.",182,511,273,966,Bore,"Sandvik Duobore, inserts pC14-C21",15.11,200,Brinell,270.0,0.4,9.5,109,1080.0,1.4,0.08,2280,15,25.6,2.0,,
USA reference export,Lookup Table,Machining > Lookup Tables,tblBoring,lookupTables/Component/tblBoring.csv,"This table was transcribed from 24 screenshots across two batches. Two genuine gaps exist in the source screenshots themselves (not introduced by this transcription): (1) Corobore 820, material code 20.12, diameter 237.0mm row was never captured. (2) Sandvik Duobore pC14-C21: the 270mm-diameter row for code 3.11, and all rows for codes 3.13, 3.2, 3.21, 3.22, 30.11, 30.12, and 30.21, were never captured (a scroll/screenshot gap between images). These are marked with DATA_GAP:true and a note field rather than filled with guessed values. Given the density and volume of this table (~365 data rows), spot-checking a sample against the original source CSV (lookupTables/Component/tblBoring.csv) is recommended before using this for production costing decisions.",182,511,273,966,Bore,"Sandvik Duobore, inserts pC14-C21",15.12,330,Brinell,25.0,0.8,9.5,78,150.0,0.5687,0.05,3340,15,25.6,2.0,,
USA reference export,Lookup Table,Machining > Lookup Tables,tblBoring,lookupTables/Component/tblBoring.csv,"This table was transcribed from 24 screenshots across two batches. Two genuine gaps exist in the source screenshots themselves (not introduced by this transcription): (1) Corobore 820, material code 20.12, diameter 237.0mm row was never captured. (2) Sandvik Duobore pC14-C21: the 270mm-diameter row for code 3.11, and all rows for codes 3.13, 3.2, 3.21, 3.22, 30.11, 30.12, and 30.21, were never captured (a scroll/screenshot gap between images). These are marked with DATA_GAP:true and a note field rather than filled with guessed values. Given the density and volume of this table (~365 data rows), spot-checking a sample against the original source CSV (lookupTables/Component/tblBoring.csv) is recommended before using this for production costing decisions.",182,511,273,966,Bore,"Sandvik Duobore, inserts pC14-C21",15.12,330,Brinell,37.0,1.2,9.5,78,222.0,0.6125,0.08,3340,15,25.6,2.0,,
USA reference export,Lookup Table,Machining > Lookup Tables,tblBoring,lookupTables/Component/tblBoring.csv,"This table was transcribed from 24 screenshots across two batches. Two genuine gaps exist in the source screenshots themselves (not introduced by this transcription): (1) Corobore 820, material code 20.12, diameter 237.0mm row was never captured. (2) Sandvik Duobore pC14-C21: the 270mm-diameter row for code 3.11, and all rows for codes 3.13, 3.2, 3.21, 3.22, 30.11, 30.12, and 30.21, were never captured (a scroll/screenshot gap between images). These are marked with DATA_GAP:true and a note field rather than filled with guessed values. Given the density and volume of this table (~365 data rows), spot-checking a sample against the original source CSV (lookupTables/Component/tblBoring.csv) is recommended before using this for production costing decisions.",182,511,273,966,Bore,"Sandvik Duobore, inserts pC14-C21",15.12,330,Brinell,46.0,1.2,9.5,78,276.0,0.6475,0.1,3340,15,25.6,2.0,,
USA reference export,Lookup Table,Machining > Lookup Tables,tblBoring,lookupTables/Component/tblBoring.csv,"This table was transcribed from 24 screenshots across two batches. Two genuine gaps exist in the source screenshots themselves (not introduced by this transcription): (1) Corobore 820, material code 20.12, diameter 237.0mm row was never captured. (2) Sandvik Duobore pC14-C21: the 270mm-diameter row for code 3.11, and all rows for codes 3.13, 3.2, 3.21, 3.22, 30.11, 30.12, and 30.21, were never captured (a scroll/screenshot gap between images). These are marked with DATA_GAP:true and a note field rather than filled with guessed values. Given the density and volume of this table (~365 data rows), spot-checking a sample against the original source CSV (lookupTables/Component/tblBoring.csv) is recommended before using this for production costing decisions.",182,511,273,966,Bore,"Sandvik Duobore, inserts pC14-C21",15.12,330,Brinell,55.0,0.4,9.5,78,220.0,0.7,0.1,3340,15,25.6,2.0,,
USA reference export,Lookup Table,Machining > Lookup Tables,tblBoring,lookupTables/Component/tblBoring.csv,"This table was transcribed from 24 screenshots across two batches. Two genuine gaps exist in the source screenshots themselves (not introduced by this transcription): (1) Corobore 820, material code 20.12, diameter 237.0mm row was never captured. (2) Sandvik Duobore pC14-C21: the 270mm-diameter row for code 3.11, and all rows for codes 3.13, 3.2, 3.21, 3.22, 30.11, 30.12, and 30.21, were never captured (a scroll/screenshot gap between images). These are marked with DATA_GAP:true and a note field rather than filled with guessed values. Given the density and volume of this table (~365 data rows), spot-checking a sample against the original source CSV (lookupTables/Component/tblBoring.csv) is recommended before using this for production costing decisions.",182,511,273,966,Bore,"Sandvik Duobore, inserts pC14-C21",15.12,330,Brinell,101.0,0.4,9.5,78,606.0,1.05,0.08,3340,15,25.6,2.0,,
USA reference export,Lookup Table,Machining > Lookup Tables,tblBoring,lookupTables/Component/tblBoring.csv,"This table was transcribed from 24 screenshots across two batches. Two genuine gaps exist in the source screenshots themselves (not introduced by this transcription): (1) Corobore 820, material code 20.12, diameter 237.0mm row was never captured. (2) Sandvik Duobore pC14-C21: the 270mm-diameter row for code 3.11, and all rows for codes 3.13, 3.2, 3.21, 3.22, 30.11, 30.12, and 30.21, were never captured (a scroll/screenshot gap between images). These are marked with DATA_GAP:true and a note field rather than filled with guessed values. Given the density and volume of this table (~365 data rows), spot-checking a sample against the original source CSV (lookupTables/Component/tblBoring.csv) is recommended before using this for production costing decisions.",182,511,273,966,Bore,"Sandvik Duobore, inserts pC14-C21",15.12,330,Brinell,270.0,0.4,9.5,78,1080.0,1.4,0.08,3340,15,25.6,2.0,,
USA reference export,Lookup Table,Machining > Lookup Tables,tblBoring,lookupTables/Component/tblBoring.csv,"This table was transcribed from 24 screenshots across two batches. Two genuine gaps exist in the source screenshots themselves (not introduced by this transcription): (1) Corobore 820, material code 20.12, diameter 237.0mm row was never captured. (2) Sandvik Duobore pC14-C21: the 270mm-diameter row for code 3.11, and all rows for codes 3.13, 3.2, 3.21, 3.22, 30.11, 30.12, and 30.21, were never captured (a scroll/screenshot gap between images). These are marked with DATA_GAP:true and a note field rather than filled with guessed values. Given the density and volume of this table (~365 data rows), spot-checking a sample against the original source CSV (lookupTables/Component/tblBoring.csv) is recommended before using this for production costing decisions.",182,511,273,966,Bore,"Sandvik Duobore, inserts pC14-C21",15.13,330,Brinell,25.0,0.8,9.5,82,150.0,0.5687,0.05,2800,15,25.6,2.0,,
USA reference export,Lookup Table,Machining > Lookup Tables,tblBoring,lookupTables/Component/tblBoring.csv,"This table was transcribed from 24 screenshots across two batches. Two genuine gaps exist in the source screenshots themselves (not introduced by this transcription): (1) Corobore 820, material code 20.12, diameter 237.0mm row was never captured. (2) Sandvik Duobore pC14-C21: the 270mm-diameter row for code 3.11, and all rows for codes 3.13, 3.2, 3.21, 3.22, 30.11, 30.12, and 30.21, were never captured (a scroll/screenshot gap between images). These are marked with DATA_GAP:true and a note field rather than filled with guessed values. Given the density and volume of this table (~365 data rows), spot-checking a sample against the original source CSV (lookupTables/Component/tblBoring.csv) is recommended before using this for production costing decisions.",182,511,273,966,Bore,"Sandvik Duobore, inserts pC14-C21",15.13,330,Brinell,37.0,1.2,9.5,82,222.0,0.6125,0.08,2800,15,25.6,2.0,,
USA reference export,Lookup Table,Machining > Lookup Tables,tblBoring,lookupTables/Component/tblBoring.csv,"This table was transcribed from 24 screenshots across two batches. Two genuine gaps exist in the source screenshots themselves (not introduced by this transcription): (1) Corobore 820, material code 20.12, diameter 237.0mm row was never captured. (2) Sandvik Duobore pC14-C21: the 270mm-diameter row for code 3.11, and all rows for codes 3.13, 3.2, 3.21, 3.22, 30.11, 30.12, and 30.21, were never captured (a scroll/screenshot gap between images). These are marked with DATA_GAP:true and a note field rather than filled with guessed values. Given the density and volume of this table (~365 data rows), spot-checking a sample against the original source CSV (lookupTables/Component/tblBoring.csv) is recommended before using this for production costing decisions.",182,511,273,966,Bore,"Sandvik Duobore, inserts pC14-C21",15.13,330,Brinell,46.0,1.2,9.5,82,276.0,0.6475,0.1,2800,15,25.6,2.0,,
USA reference export,Lookup Table,Machining > Lookup Tables,tblBoring,lookupTables/Component/tblBoring.csv,"This table was transcribed from 24 screenshots across two batches. Two genuine gaps exist in the source screenshots themselves (not introduced by this transcription): (1) Corobore 820, material code 20.12, diameter 237.0mm row was never captured. (2) Sandvik Duobore pC14-C21: the 270mm-diameter row for code 3.11, and all rows for codes 3.13, 3.2, 3.21, 3.22, 30.11, 30.12, and 30.21, were never captured (a scroll/screenshot gap between images). These are marked with DATA_GAP:true and a note field rather than filled with guessed values. Given the density and volume of this table (~365 data rows), spot-checking a sample against the original source CSV (lookupTables/Component/tblBoring.csv) is recommended before using this for production costing decisions.",182,511,273,966,Bore,"Sandvik Duobore, inserts pC14-C21",15.13,330,Brinell,55.0,0.4,9.5,82,220.0,0.7,0.1,2800,15,25.6,2.0,,
USA reference export,Lookup Table,Machining > Lookup Tables,tblBoring,lookupTables/Component/tblBoring.csv,"This table was transcribed from 24 screenshots across two batches. Two genuine gaps exist in the source screenshots themselves (not introduced by this transcription): (1) Corobore 820, material code 20.12, diameter 237.0mm row was never captured. (2) Sandvik Duobore pC14-C21: the 270mm-diameter row for code 3.11, and all rows for codes 3.13, 3.2, 3.21, 3.22, 30.11, 30.12, and 30.21, were never captured (a scroll/screenshot gap between images). These are marked with DATA_GAP:true and a note field rather than filled with guessed values. Given the density and volume of this table (~365 data rows), spot-checking a sample against the original source CSV (lookupTables/Component/tblBoring.csv) is recommended before using this for production costing decisions.",182,511,273,966,Bore,"Sandvik Duobore, inserts pC14-C21",15.13,330,Brinell,101.0,0.4,9.5,82,606.0,1.05,0.08,2800,15,25.6,2.0,,
USA reference export,Lookup Table,Machining > Lookup Tables,tblBoring,lookupTables/Component/tblBoring.csv,"This table was transcribed from 24 screenshots across two batches. Two genuine gaps exist in the source screenshots themselves (not introduced by this transcription): (1) Corobore 820, material code 20.12, diameter 237.0mm row was never captured. (2) Sandvik Duobore pC14-C21: the 270mm-diameter row for code 3.11, and all rows for codes 3.13, 3.2, 3.21, 3.22, 30.11, 30.12, and 30.21, were never captured (a scroll/screenshot gap between images). These are marked with DATA_GAP:true and a note field rather than filled with guessed values. Given the density and volume of this table (~365 data rows), spot-checking a sample against the original source CSV (lookupTables/Component/tblBoring.csv) is recommended before using this for production costing decisions.",182,511,273,966,Bore,"Sandvik Duobore, inserts pC14-C21",15.13,330,Brinell,270.0,0.4,9.5,82,1080.0,1.4,0.08,2800,15,25.6,2.0,,
USA reference export,Lookup Table,Machining > Lookup Tables,tblBoring,lookupTables/Component/tblBoring.csv,"This table was transcribed from 24 screenshots across two batches. Two genuine gaps exist in the source screenshots themselves (not introduced by this transcription): (1) Corobore 820, material code 20.12, diameter 237.0mm row was never captured. (2) Sandvik Duobore pC14-C21: the 270mm-diameter row for code 3.11, and all rows for codes 3.13, 3.2, 3.21, 3.22, 30.11, 30.12, and 30.21, were never captured (a scroll/screenshot gap between images). These are marked with DATA_GAP:true and a note field rather than filled with guessed values. Given the density and volume of this table (~365 data rows), spot-checking a sample against the original source CSV (lookupTables/Component/tblBoring.csv) is recommended before using this for production costing decisions.",182,511,273,966,Bore,"Sandvik Duobore, inserts pC14-C21",15.21,200,Brinell,25.0,0.8,9.5,65,150.0,0.4875,0.05,2420,15,25.6,2.0,,
USA reference export,Lookup Table,Machining > Lookup Tables,tblBoring,lookupTables/Component/tblBoring.csv,"This table was transcribed from 24 screenshots across two batches. Two genuine gaps exist in the source screenshots themselves (not introduced by this transcription): (1) Corobore 820, material code 20.12, diameter 237.0mm row was never captured. (2) Sandvik Duobore pC14-C21: the 270mm-diameter row for code 3.11, and all rows for codes 3.13, 3.2, 3.21, 3.22, 30.11, 30.12, and 30.21, were never captured (a scroll/screenshot gap between images). These are marked with DATA_GAP:true and a note field rather than filled with guessed values. Given the density and volume of this table (~365 data rows), spot-checking a sample against the original source CSV (lookupTables/Component/tblBoring.csv) is recommended before using this for production costing decisions.",182,511,273,966,Bore,"Sandvik Duobore, inserts pC14-C21",15.21,200,Brinell,37.0,1.2,9.5,65,222.0,0.525,0.08,2420,15,25.6,2.0,,
USA reference export,Lookup Table,Machining > Lookup Tables,tblBoring,lookupTables/Component/tblBoring.csv,"This table was transcribed from 24 screenshots across two batches. Two genuine gaps exist in the source screenshots themselves (not introduced by this transcription): (1) Corobore 820, material code 20.12, diameter 237.0mm row was never captured. (2) Sandvik Duobore pC14-C21: the 270mm-diameter row for code 3.11, and all rows for codes 3.13, 3.2, 3.21, 3.22, 30.11, 30.12, and 30.21, were never captured (a scroll/screenshot gap between images). These are marked with DATA_GAP:true and a note field rather than filled with guessed values. Given the density and volume of this table (~365 data rows), spot-checking a sample against the original source CSV (lookupTables/Component/tblBoring.csv) is recommended before using this for production costing decisions.",182,511,273,966,Bore,"Sandvik Duobore, inserts pC14-C21",15.21,200,Brinell,46.0,1.2,9.5,65,276.0,0.555,0.1,2420,15,25.6,2.0,,
USA reference export,Lookup Table,Machining > Lookup Tables,tblBoring,lookupTables/Component/tblBoring.csv,"This table was transcribed from 24 screenshots across two batches. Two genuine gaps exist in the source screenshots themselves (not introduced by this transcription): (1) Corobore 820, material code 20.12, diameter 237.0mm row was never captured. (2) Sandvik Duobore pC14-C21: the 270mm-diameter row for code 3.11, and all rows for codes 3.13, 3.2, 3.21, 3.22, 30.11, 30.12, and 30.21, were never captured (a scroll/screenshot gap between images). These are marked with DATA_GAP:true and a note field rather than filled with guessed values. Given the density and volume of this table (~365 data rows), spot-checking a sample against the original source CSV (lookupTables/Component/tblBoring.csv) is recommended before using this for production costing decisions.",182,511,273,966,Bore,"Sandvik Duobore, inserts pC14-C21",15.21,200,Brinell,55.0,0.4,9.5,65,220.0,0.6,0.1,2420,15,25.6,2.0,,
USA reference export,Lookup Table,Machining > Lookup Tables,tblBoring,lookupTables/Component/tblBoring.csv,"This table was transcribed from 24 screenshots across two batches. Two genuine gaps exist in the source screenshots themselves (not introduced by this transcription): (1) Corobore 820, material code 20.12, diameter 237.0mm row was never captured. (2) Sandvik Duobore pC14-C21: the 270mm-diameter row for code 3.11, and all rows for codes 3.13, 3.2, 3.21, 3.22, 30.11, 30.12, and 30.21, were never captured (a scroll/screenshot gap between images). These are marked with DATA_GAP:true and a note field rather than filled with guessed values. Given the density and volume of this table (~365 data rows), spot-checking a sample against the original source CSV (lookupTables/Component/tblBoring.csv) is recommended before using this for production costing decisions.",182,511,273,966,Bore,"Sandvik Duobore, inserts pC14-C21",15.21,200,Brinell,101.0,0.4,9.5,65,606.0,0.9,0.08,2420,15,25.6,2.0,,
USA reference export,Lookup Table,Machining > Lookup Tables,tblBoring,lookupTables/Component/tblBoring.csv,"This table was transcribed from 24 screenshots across two batches. Two genuine gaps exist in the source screenshots themselves (not introduced by this transcription): (1) Corobore 820, material code 20.12, diameter 237.0mm row was never captured. (2) Sandvik Duobore pC14-C21: the 270mm-diameter row for code 3.11, and all rows for codes 3.13, 3.2, 3.21, 3.22, 30.11, 30.12, and 30.21, were never captured (a scroll/screenshot gap between images). These are marked with DATA_GAP:true and a note field rather than filled with guessed values. Given the density and volume of this table (~365 data rows), spot-checking a sample against the original source CSV (lookupTables/Component/tblBoring.csv) is recommended before using this for production costing decisions.",182,511,273,966,Bore,"Sandvik Duobore, inserts pC14-C21",15.21,200,Brinell,270.0,0.4,9.5,65,1080.0,1.2,0.08,2420,15,25.6,2.0,,
USA reference export,Lookup Table,Machining > Lookup Tables,tblBoring,lookupTables/Component/tblBoring.csv,"This table was transcribed from 24 screenshots across two batches. Two genuine gaps exist in the source screenshots themselves (not introduced by this transcription): (1) Corobore 820, material code 20.12, diameter 237.0mm row was never captured. (2) Sandvik Duobore pC14-C21: the 270mm-diameter row for code 3.11, and all rows for codes 3.13, 3.2, 3.21, 3.22, 30.11, 30.12, and 30.21, were never captured (a scroll/screenshot gap between images). These are marked with DATA_GAP:true and a note field rather than filled with guessed values. Given the density and volume of this table (~365 data rows), spot-checking a sample against the original source CSV (lookupTables/Component/tblBoring.csv) is recommended before using this for production costing decisions.",182,511,273,966,Bore,"Sandvik Duobore, inserts pC14-C21",15.22,330,Brinell,25.0,0.8,9.5,59,150.0,0.4875,0.05,3340,15,25.6,2.0,,
USA reference export,Lookup Table,Machining > Lookup Tables,tblBoring,lookupTables/Component/tblBoring.csv,"This table was transcribed from 24 screenshots across two batches. Two genuine gaps exist in the source screenshots themselves (not introduced by this transcription): (1) Corobore 820, material code 20.12, diameter 237.0mm row was never captured. (2) Sandvik Duobore pC14-C21: the 270mm-diameter row for code 3.11, and all rows for codes 3.13, 3.2, 3.21, 3.22, 30.11, 30.12, and 30.21, were never captured (a scroll/screenshot gap between images). These are marked with DATA_GAP:true and a note field rather than filled with guessed values. Given the density and volume of this table (~365 data rows), spot-checking a sample against the original source CSV (lookupTables/Component/tblBoring.csv) is recommended before using this for production costing decisions.",182,511,273,966,Bore,"Sandvik Duobore, inserts pC14-C21",15.22,330,Brinell,37.0,1.2,9.5,59,222.0,0.525,0.08,3340,15,25.6,2.0,,
USA reference export,Lookup Table,Machining > Lookup Tables,tblBoring,lookupTables/Component/tblBoring.csv,"This table was transcribed from 24 screenshots across two batches. Two genuine gaps exist in the source screenshots themselves (not introduced by this transcription): (1) Corobore 820, material code 20.12, diameter 237.0mm row was never captured. (2) Sandvik Duobore pC14-C21: the 270mm-diameter row for code 3.11, and all rows for codes 3.13, 3.2, 3.21, 3.22, 30.11, 30.12, and 30.21, were never captured (a scroll/screenshot gap between images). These are marked with DATA_GAP:true and a note field rather than filled with guessed values. Given the density and volume of this table (~365 data rows), spot-checking a sample against the original source CSV (lookupTables/Component/tblBoring.csv) is recommended before using this for production costing decisions.",182,511,273,966,Bore,"Sandvik Duobore, inserts pC14-C21",15.22,330,Brinell,46.0,1.2,9.5,59,276.0,0.555,0.1,3340,15,25.6,2.0,,
USA reference export,Lookup Table,Machining > Lookup Tables,tblBoring,lookupTables/Component/tblBoring.csv,"This table was transcribed from 24 screenshots across two batches. Two genuine gaps exist in the source screenshots themselves (not introduced by this transcription): (1) Corobore 820, material code 20.12, diameter 237.0mm row was never captured. (2) Sandvik Duobore pC14-C21: the 270mm-diameter row for code 3.11, and all rows for codes 3.13, 3.2, 3.21, 3.22, 30.11, 30.12, and 30.21, were never captured (a scroll/screenshot gap between images). These are marked with DATA_GAP:true and a note field rather than filled with guessed values. Given the density and volume of this table (~365 data rows), spot-checking a sample against the original source CSV (lookupTables/Component/tblBoring.csv) is recommended before using this for production costing decisions.",182,511,273,966,Bore,"Sandvik Duobore, inserts pC14-C21",15.22,330,Brinell,55.0,0.4,9.5,59,220.0,0.6,0.1,3340,15,25.6,2.0,,
USA reference export,Lookup Table,Machining > Lookup Tables,tblBoring,lookupTables/Component/tblBoring.csv,"This table was transcribed from 24 screenshots across two batches. Two genuine gaps exist in the source screenshots themselves (not introduced by this transcription): (1) Corobore 820, material code 20.12, diameter 237.0mm row was never captured. (2) Sandvik Duobore pC14-C21: the 270mm-diameter row for code 3.11, and all rows for codes 3.13, 3.2, 3.21, 3.22, 30.11, 30.12, and 30.21, were never captured (a scroll/screenshot gap between images). These are marked with DATA_GAP:true and a note field rather than filled with guessed values. Given the density and volume of this table (~365 data rows), spot-checking a sample against the original source CSV (lookupTables/Component/tblBoring.csv) is recommended before using this for production costing decisions.",182,511,273,966,Bore,"Sandvik Duobore, inserts pC14-C21",15.22,330,Brinell,101.0,0.4,9.5,59,606.0,0.9,0.08,3340,15,25.6,2.0,,
USA reference export,Lookup Table,Machining > Lookup Tables,tblBoring,lookupTables/Component/tblBoring.csv,"This table was transcribed from 24 screenshots across two batches. Two genuine gaps exist in the source screenshots themselves (not introduced by this transcription): (1) Corobore 820, material code 20.12, diameter 237.0mm row was never captured. (2) Sandvik Duobore pC14-C21: the 270mm-diameter row for code 3.11, and all rows for codes 3.13, 3.2, 3.21, 3.22, 30.11, 30.12, and 30.21, were never captured (a scroll/screenshot gap between images). These are marked with DATA_GAP:true and a note field rather than filled with guessed values. Given the density and volume of this table (~365 data rows), spot-checking a sample against the original source CSV (lookupTables/Component/tblBoring.csv) is recommended before using this for production costing decisions.",182,511,273,966,Bore,"Sandvik Duobore, inserts pC14-C21",15.22,330,Brinell,270.0,0.4,9.5,59,1080.0,1.2,0.08,3340,15,25.6,2.0,,
USA reference export,Lookup Table,Machining > Lookup Tables,tblBoring,lookupTables/Component/tblBoring.csv,"This table was transcribed from 24 screenshots across two batches. Two genuine gaps exist in the source screenshots themselves (not introduced by this transcription): (1) Corobore 820, material code 20.12, diameter 237.0mm row was never captured. (2) Sandvik Duobore pC14-C21: the 270mm-diameter row for code 3.11, and all rows for codes 3.13, 3.2, 3.21, 3.22, 30.11, 30.12, and 30.21, were never captured (a scroll/screenshot gap between images). These are marked with DATA_GAP:true and a note field rather than filled with guessed values. Given the density and volume of this table (~365 data rows), spot-checking a sample against the original source CSV (lookupTables/Component/tblBoring.csv) is recommended before using this for production costing decisions.",182,511,273,966,Bore,"Sandvik Duobore, inserts pC14-C21",15.23,330,Brinell,25.0,0.8,9.5,59,150.0,0.4875,0.05,2700,15,25.6,2.0,,
USA reference export,Lookup Table,Machining > Lookup Tables,tblBoring,lookupTables/Component/tblBoring.csv,"This table was transcribed from 24 screenshots across two batches. Two genuine gaps exist in the source screenshots themselves (not introduced by this transcription): (1) Corobore 820, material code 20.12, diameter 237.0mm row was never captured. (2) Sandvik Duobore pC14-C21: the 270mm-diameter row for code 3.11, and all rows for codes 3.13, 3.2, 3.21, 3.22, 30.11, 30.12, and 30.21, were never captured (a scroll/screenshot gap between images). These are marked with DATA_GAP:true and a note field rather than filled with guessed values. Given the density and volume of this table (~365 data rows), spot-checking a sample against the original source CSV (lookupTables/Component/tblBoring.csv) is recommended before using this for production costing decisions.",182,511,273,966,Bore,"Sandvik Duobore, inserts pC14-C21",15.23,330,Brinell,37.0,1.2,9.5,59,222.0,0.525,0.08,2700,15,25.6,2.0,,
USA reference export,Lookup Table,Machining > Lookup Tables,tblBoring,lookupTables/Component/tblBoring.csv,"This table was transcribed from 24 screenshots across two batches. Two genuine gaps exist in the source screenshots themselves (not introduced by this transcription): (1) Corobore 820, material code 20.12, diameter 237.0mm row was never captured. (2) Sandvik Duobore pC14-C21: the 270mm-diameter row for code 3.11, and all rows for codes 3.13, 3.2, 3.21, 3.22, 30.11, 30.12, and 30.21, were never captured (a scroll/screenshot gap between images). These are marked with DATA_GAP:true and a note field rather than filled with guessed values. Given the density and volume of this table (~365 data rows), spot-checking a sample against the original source CSV (lookupTables/Component/tblBoring.csv) is recommended before using this for production costing decisions.",182,511,273,966,Bore,"Sandvik Duobore, inserts pC14-C21",15.23,330,Brinell,46.0,1.2,9.5,59,276.0,0.555,0.1,2700,15,25.6,2.0,,
USA reference export,Lookup Table,Machining > Lookup Tables,tblBoring,lookupTables/Component/tblBoring.csv,"This table was transcribed from 24 screenshots across two batches. Two genuine gaps exist in the source screenshots themselves (not introduced by this transcription): (1) Corobore 820, material code 20.12, diameter 237.0mm row was never captured. (2) Sandvik Duobore pC14-C21: the 270mm-diameter row for code 3.11, and all rows for codes 3.13, 3.2, 3.21, 3.22, 30.11, 30.12, and 30.21, were never captured (a scroll/screenshot gap between images). These are marked with DATA_GAP:true and a note field rather than filled with guessed values. Given the density and volume of this table (~365 data rows), spot-checking a sample against the original source CSV (lookupTables/Component/tblBoring.csv) is recommended before using this for production costing decisions.",182,511,273,966,Bore,"Sandvik Duobore, inserts pC14-C21",15.23,330,Brinell,55.0,0.4,9.5,59,220.0,0.6,0.1,2700,15,25.6,2.0,,
USA reference export,Lookup Table,Machining > Lookup Tables,tblBoring,lookupTables/Component/tblBoring.csv,"This table was transcribed from 24 screenshots across two batches. Two genuine gaps exist in the source screenshots themselves (not introduced by this transcription): (1) Corobore 820, material code 20.12, diameter 237.0mm row was never captured. (2) Sandvik Duobore pC14-C21: the 270mm-diameter row for code 3.11, and all rows for codes 3.13, 3.2, 3.21, 3.22, 30.11, 30.12, and 30.21, were never captured (a scroll/screenshot gap between images). These are marked with DATA_GAP:true and a note field rather than filled with guessed values. Given the density and volume of this table (~365 data rows), spot-checking a sample against the original source CSV (lookupTables/Component/tblBoring.csv) is recommended before using this for production costing decisions.",182,511,273,966,Bore,"Sandvik Duobore, inserts pC14-C21",15.23,330,Brinell,101.0,0.4,9.5,59,606.0,0.9,0.08,2700,15,25.6,2.0,,
USA reference export,Lookup Table,Machining > Lookup Tables,tblBoring,lookupTables/Component/tblBoring.csv,"This table was transcribed from 24 screenshots across two batches. Two genuine gaps exist in the source screenshots themselves (not introduced by this transcription): (1) Corobore 820, material code 20.12, diameter 237.0mm row was never captured. (2) Sandvik Duobore pC14-C21: the 270mm-diameter row for code 3.11, and all rows for codes 3.13, 3.2, 3.21, 3.22, 30.11, 30.12, and 30.21, were never captured (a scroll/screenshot gap between images). These are marked with DATA_GAP:true and a note field rather than filled with guessed values. Given the density and volume of this table (~365 data rows), spot-checking a sample against the original source CSV (lookupTables/Component/tblBoring.csv) is recommended before using this for production costing decisions.",182,511,273,966,Bore,"Sandvik Duobore, inserts pC14-C21",15.23,330,Brinell,270.0,0.4,9.5,59,1080.0,1.2,0.08,2700,15,25.6,2.0,,
USA reference export,Lookup Table,Machining > Lookup Tables,tblBoring,lookupTables/Component/tblBoring.csv,"This table was transcribed from 24 screenshots across two batches. Two genuine gaps exist in the source screenshots themselves (not introduced by this transcription): (1) Corobore 820, material code 20.12, diameter 237.0mm row was never captured. (2) Sandvik Duobore pC14-C21: the 270mm-diameter row for code 3.11, and all rows for codes 3.13, 3.2, 3.21, 3.22, 30.11, 30.12, and 30.21, were never captured (a scroll/screenshot gap between images). These are marked with DATA_GAP:true and a note field rather than filled with guessed values. Given the density and volume of this table (~365 data rows), spot-checking a sample against the original source CSV (lookupTables/Component/tblBoring.csv) is recommended before using this for production costing decisions.",182,511,273,966,Bore,"Sandvik Duobore, inserts pC14-C21",15.51,230,Brinell,25.0,0.8,9.5,94,150.0,0.2031,0.05,2420,15,25.6,2.0,,
USA reference export,Lookup Table,Machining > Lookup Tables,tblBoring,lookupTables/Component/tblBoring.csv,"This table was transcribed from 24 screenshots across two batches. Two genuine gaps exist in the source screenshots themselves (not introduced by this transcription): (1) Corobore 820, material code 20.12, diameter 237.0mm row was never captured. (2) Sandvik Duobore pC14-C21: the 270mm-diameter row for code 3.11, and all rows for codes 3.13, 3.2, 3.21, 3.22, 30.11, 30.12, and 30.21, were never captured (a scroll/screenshot gap between images). These are marked with DATA_GAP:true and a note field rather than filled with guessed values. Given the density and volume of this table (~365 data rows), spot-checking a sample against the original source CSV (lookupTables/Component/tblBoring.csv) is recommended before using this for production costing decisions.",182,511,273,966,Bore,"Sandvik Duobore, inserts pC14-C21",15.51,230,Brinell,37.0,1.2,9.5,94,222.0,0.2188,0.08,2420,15,25.6,2.0,,
USA reference export,Lookup Table,Machining > Lookup Tables,tblBoring,lookupTables/Component/tblBoring.csv,"This table was transcribed from 24 screenshots across two batches. Two genuine gaps exist in the source screenshots themselves (not introduced by this transcription): (1) Corobore 820, material code 20.12, diameter 237.0mm row was never captured. (2) Sandvik Duobore pC14-C21: the 270mm-diameter row for code 3.11, and all rows for codes 3.13, 3.2, 3.21, 3.22, 30.11, 30.12, and 30.21, were never captured (a scroll/screenshot gap between images). These are marked with DATA_GAP:true and a note field rather than filled with guessed values. Given the density and volume of this table (~365 data rows), spot-checking a sample against the original source CSV (lookupTables/Component/tblBoring.csv) is recommended before using this for production costing decisions.",182,511,273,966,Bore,"Sandvik Duobore, inserts pC14-C21",15.51,230,Brinell,46.0,1.2,9.5,94,276.0,0.2313,0.1,2420,15,25.6,2.0,,
USA reference export,Lookup Table,Machining > Lookup Tables,tblBoring,lookupTables/Component/tblBoring.csv,"This table was transcribed from 24 screenshots across two batches. Two genuine gaps exist in the source screenshots themselves (not introduced by this transcription): (1) Corobore 820, material code 20.12, diameter 237.0mm row was never captured. (2) Sandvik Duobore pC14-C21: the 270mm-diameter row for code 3.11, and all rows for codes 3.13, 3.2, 3.21, 3.22, 30.11, 30.12, and 30.21, were never captured (a scroll/screenshot gap between images). These are marked with DATA_GAP:true and a note field rather than filled with guessed values. Given the density and volume of this table (~365 data rows), spot-checking a sample against the original source CSV (lookupTables/Component/tblBoring.csv) is recommended before using this for production costing decisions.",182,511,273,966,Bore,"Sandvik Duobore, inserts pC14-C21",15.51,230,Brinell,55.0,0.4,9.5,94,220.0,0.25,0.1,2420,15,25.6,2.0,,
USA reference export,Lookup Table,Machining > Lookup Tables,tblBoring,lookupTables/Component/tblBoring.csv,"This table was transcribed from 24 screenshots across two batches. Two genuine gaps exist in the source screenshots themselves (not introduced by this transcription): (1) Corobore 820, material code 20.12, diameter 237.0mm row was never captured. (2) Sandvik Duobore pC14-C21: the 270mm-diameter row for code 3.11, and all rows for codes 3.13, 3.2, 3.21, 3.22, 30.11, 30.12, and 30.21, were never captured (a scroll/screenshot gap between images). These are marked with DATA_GAP:true and a note field rather than filled with guessed values. Given the density and volume of this table (~365 data rows), spot-checking a sample against the original source CSV (lookupTables/Component/tblBoring.csv) is recommended before using this for production costing decisions.",182,511,273,966,Bore,"Sandvik Duobore, inserts pC14-C21",15.51,230,Brinell,101.0,0.4,9.5,94,606.0,0.375,0.08,2420,15,25.6,2.0,,
USA reference export,Lookup Table,Machining > Lookup Tables,tblBoring,lookupTables/Component/tblBoring.csv,"This table was transcribed from 24 screenshots across two batches. Two genuine gaps exist in the source screenshots themselves (not introduced by this transcription): (1) Corobore 820, material code 20.12, diameter 237.0mm row was never captured. (2) Sandvik Duobore pC14-C21: the 270mm-diameter row for code 3.11, and all rows for codes 3.13, 3.2, 3.21, 3.22, 30.11, 30.12, and 30.21, were never captured (a scroll/screenshot gap between images). These are marked with DATA_GAP:true and a note field rather than filled with guessed values. Given the density and volume of this table (~365 data rows), spot-checking a sample against the original source CSV (lookupTables/Component/tblBoring.csv) is recommended before using this for production costing decisions.",182,511,273,966,Bore,"Sandvik Duobore, inserts pC14-C21",15.51,230,Brinell,270.0,0.4,9.5,94,1080.0,0.5,0.08,2420,15,25.6,2.0,,
USA reference export,Lookup Table,Machining > Lookup Tables,tblBoring,lookupTables/Component/tblBoring.csv,"This table was transcribed from 24 screenshots across two batches. Two genuine gaps exist in the source screenshots themselves (not introduced by this transcription): (1) Corobore 820, material code 20.12, diameter 237.0mm row was never captured. (2) Sandvik Duobore pC14-C21: the 270mm-diameter row for code 3.11, and all rows for codes 3.13, 3.2, 3.21, 3.22, 30.11, 30.12, and 30.21, were never captured (a scroll/screenshot gap between images). These are marked with DATA_GAP:true and a note field rather than filled with guessed values. Given the density and volume of this table (~365 data rows), spot-checking a sample against the original source CSV (lookupTables/Component/tblBoring.csv) is recommended before using this for production costing decisions.",182,511,273,966,Bore,"Sandvik Duobore, inserts pC14-C21",15.52,260,Brinell,25.0,0.8,9.5,95,150.0,0.2031,0.05,2940,15,25.6,2.0,,
USA reference export,Lookup Table,Machining > Lookup Tables,tblBoring,lookupTables/Component/tblBoring.csv,"This table was transcribed from 24 screenshots across two batches. Two genuine gaps exist in the source screenshots themselves (not introduced by this transcription): (1) Corobore 820, material code 20.12, diameter 237.0mm row was never captured. (2) Sandvik Duobore pC14-C21: the 270mm-diameter row for code 3.11, and all rows for codes 3.13, 3.2, 3.21, 3.22, 30.11, 30.12, and 30.21, were never captured (a scroll/screenshot gap between images). These are marked with DATA_GAP:true and a note field rather than filled with guessed values. Given the density and volume of this table (~365 data rows), spot-checking a sample against the original source CSV (lookupTables/Component/tblBoring.csv) is recommended before using this for production costing decisions.",182,511,273,966,Bore,"Sandvik Duobore, inserts pC14-C21",15.52,260,Brinell,37.0,1.2,9.5,95,222.0,0.2188,0.08,2940,15,25.6,2.0,,
USA reference export,Lookup Table,Machining > Lookup Tables,tblBoring,lookupTables/Component/tblBoring.csv,"This table was transcribed from 24 screenshots across two batches. Two genuine gaps exist in the source screenshots themselves (not introduced by this transcription): (1) Corobore 820, material code 20.12, diameter 237.0mm row was never captured. (2) Sandvik Duobore pC14-C21: the 270mm-diameter row for code 3.11, and all rows for codes 3.13, 3.2, 3.21, 3.22, 30.11, 30.12, and 30.21, were never captured (a scroll/screenshot gap between images). These are marked with DATA_GAP:true and a note field rather than filled with guessed values. Given the density and volume of this table (~365 data rows), spot-checking a sample against the original source CSV (lookupTables/Component/tblBoring.csv) is recommended before using this for production costing decisions.",182,511,273,966,Bore,"Sandvik Duobore, inserts pC14-C21",15.52,260,Brinell,46.0,1.2,9.5,95,276.0,0.2313,0.1,2940,15,25.6,2.0,,
USA reference export,Lookup Table,Machining > Lookup Tables,tblBoring,lookupTables/Component/tblBoring.csv,"This table was transcribed from 24 screenshots across two batches. Two genuine gaps exist in the source screenshots themselves (not introduced by this transcription): (1) Corobore 820, material code 20.12, diameter 237.0mm row was never captured. (2) Sandvik Duobore pC14-C21: the 270mm-diameter row for code 3.11, and all rows for codes 3.13, 3.2, 3.21, 3.22, 30.11, 30.12, and 30.21, were never captured (a scroll/screenshot gap between images). These are marked with DATA_GAP:true and a note field rather than filled with guessed values. Given the density and volume of this table (~365 data rows), spot-checking a sample against the original source CSV (lookupTables/Component/tblBoring.csv) is recommended before using this for production costing decisions.",182,511,273,966,Bore,"Sandvik Duobore, inserts pC14-C21",15.52,260,Brinell,55.0,0.4,9.5,95,220.0,0.25,0.1,2940,15,25.6,2.0,,
USA reference export,Lookup Table,Machining > Lookup Tables,tblBoring,lookupTables/Component/tblBoring.csv,"This table was transcribed from 24 screenshots across two batches. Two genuine gaps exist in the source screenshots themselves (not introduced by this transcription): (1) Corobore 820, material code 20.12, diameter 237.0mm row was never captured. (2) Sandvik Duobore pC14-C21: the 270mm-diameter row for code 3.11, and all rows for codes 3.13, 3.2, 3.21, 3.22, 30.11, 30.12, and 30.21, were never captured (a scroll/screenshot gap between images). These are marked with DATA_GAP:true and a note field rather than filled with guessed values. Given the density and volume of this table (~365 data rows), spot-checking a sample against the original source CSV (lookupTables/Component/tblBoring.csv) is recommended before using this for production costing decisions.",182,511,273,966,Bore,"Sandvik Duobore, inserts pC14-C21",15.52,260,Brinell,101.0,0.4,9.5,95,606.0,0.375,0.08,2940,15,25.6,2.0,,
USA reference export,Lookup Table,Machining > Lookup Tables,tblBoring,lookupTables/Component/tblBoring.csv,"This table was transcribed from 24 screenshots across two batches. Two genuine gaps exist in the source screenshots themselves (not introduced by this transcription): (1) Corobore 820, material code 20.12, diameter 237.0mm row was never captured. (2) Sandvik Duobore pC14-C21: the 270mm-diameter row for code 3.11, and all rows for codes 3.13, 3.2, 3.21, 3.22, 30.11, 30.12, and 30.21, were never captured (a scroll/screenshot gap between images). These are marked with DATA_GAP:true and a note field rather than filled with guessed values. Given the density and volume of this table (~365 data rows), spot-checking a sample against the original source CSV (lookupTables/Component/tblBoring.csv) is recommended before using this for production costing decisions.",182,511,273,966,Bore,"Sandvik Duobore, inserts pC14-C21",15.52,260,Brinell,270.0,0.4,9.5,95,1080.0,0.5,0.08,2940,15,25.6,2.0,,
USA reference export,Lookup Table,Machining > Lookup Tables,tblBoring,lookupTables/Component/tblBoring.csv,"This table was transcribed from 24 screenshots across two batches. Two genuine gaps exist in the source screenshots themselves (not introduced by this transcription): (1) Corobore 820, material code 20.12, diameter 237.0mm row was never captured. (2) Sandvik Duobore pC14-C21: the 270mm-diameter row for code 3.11, and all rows for codes 3.13, 3.2, 3.21, 3.22, 30.11, 30.12, and 30.21, were never captured (a scroll/screenshot gap between images). These are marked with DATA_GAP:true and a note field rather than filled with guessed values. Given the density and volume of this table (~365 data rows), spot-checking a sample against the original source CSV (lookupTables/Component/tblBoring.csv) is recommended before using this for production costing decisions.",182,511,273,966,Bore,"Sandvik Duobore, inserts pC14-C21",2.1,180,Brinell,25.0,0.8,9.5,130,150.0,0.4875,0.05,2280,15,25.6,2.0,,
USA reference export,Lookup Table,Machining > Lookup Tables,tblBoring,lookupTables/Component/tblBoring.csv,"This table was transcribed from 24 screenshots across two batches. Two genuine gaps exist in the source screenshots themselves (not introduced by this transcription): (1) Corobore 820, material code 20.12, diameter 237.0mm row was never captured. (2) Sandvik Duobore pC14-C21: the 270mm-diameter row for code 3.11, and all rows for codes 3.13, 3.2, 3.21, 3.22, 30.11, 30.12, and 30.21, were never captured (a scroll/screenshot gap between images). These are marked with DATA_GAP:true and a note field rather than filled with guessed values. Given the density and volume of this table (~365 data rows), spot-checking a sample against the original source CSV (lookupTables/Component/tblBoring.csv) is recommended before using this for production costing decisions.",182,511,273,966,Bore,"Sandvik Duobore, inserts pC14-C21",2.1,180,Brinell,37.0,1.2,9.5,130,222.0,0.525,0.08,2280,15,25.6,2.0,,
USA reference export,Lookup Table,Machining > Lookup Tables,tblBoring,lookupTables/Component/tblBoring.csv,"This table was transcribed from 24 screenshots across two batches. Two genuine gaps exist in the source screenshots themselves (not introduced by this transcription): (1) Corobore 820, material code 20.12, diameter 237.0mm row was never captured. (2) Sandvik Duobore pC14-C21: the 270mm-diameter row for code 3.11, and all rows for codes 3.13, 3.2, 3.21, 3.22, 30.11, 30.12, and 30.21, were never captured (a scroll/screenshot gap between images). These are marked with DATA_GAP:true and a note field rather than filled with guessed values. Given the density and volume of this table (~365 data rows), spot-checking a sample against the original source CSV (lookupTables/Component/tblBoring.csv) is recommended before using this for production costing decisions.",182,511,273,966,Bore,"Sandvik Duobore, inserts pC14-C21",2.1,180,Brinell,46.0,1.2,9.5,130,276.0,0.555,0.1,2280,15,25.6,2.0,,
USA reference export,Lookup Table,Machining > Lookup Tables,tblBoring,lookupTables/Component/tblBoring.csv,"This table was transcribed from 24 screenshots across two batches. Two genuine gaps exist in the source screenshots themselves (not introduced by this transcription): (1) Corobore 820, material code 20.12, diameter 237.0mm row was never captured. (2) Sandvik Duobore pC14-C21: the 270mm-diameter row for code 3.11, and all rows for codes 3.13, 3.2, 3.21, 3.22, 30.11, 30.12, and 30.21, were never captured (a scroll/screenshot gap between images). These are marked with DATA_GAP:true and a note field rather than filled with guessed values. Given the density and volume of this table (~365 data rows), spot-checking a sample against the original source CSV (lookupTables/Component/tblBoring.csv) is recommended before using this for production costing decisions.",182,511,273,966,Bore,"Sandvik Duobore, inserts pC14-C21",2.1,180,Brinell,55.0,0.4,9.5,130,220.0,0.6,0.1,2280,15,25.6,2.0,,
USA reference export,Lookup Table,Machining > Lookup Tables,tblBoring,lookupTables/Component/tblBoring.csv,"This table was transcribed from 24 screenshots across two batches. Two genuine gaps exist in the source screenshots themselves (not introduced by this transcription): (1) Corobore 820, material code 20.12, diameter 237.0mm row was never captured. (2) Sandvik Duobore pC14-C21: the 270mm-diameter row for code 3.11, and all rows for codes 3.13, 3.2, 3.21, 3.22, 30.11, 30.12, and 30.21, were never captured (a scroll/screenshot gap between images). These are marked with DATA_GAP:true and a note field rather than filled with guessed values. Given the density and volume of this table (~365 data rows), spot-checking a sample against the original source CSV (lookupTables/Component/tblBoring.csv) is recommended before using this for production costing decisions.",182,511,273,966,Bore,"Sandvik Duobore, inserts pC14-C21",2.1,180,Brinell,101.0,0.4,9.5,130,606.0,0.9,0.08,2280,15,25.6,2.0,,
USA reference export,Lookup Table,Machining > Lookup Tables,tblBoring,lookupTables/Component/tblBoring.csv,"This table was transcribed from 24 screenshots across two batches. Two genuine gaps exist in the source screenshots themselves (not introduced by this transcription): (1) Corobore 820, material code 20.12, diameter 237.0mm row was never captured. (2) Sandvik Duobore pC14-C21: the 270mm-diameter row for code 3.11, and all rows for codes 3.13, 3.2, 3.21, 3.22, 30.11, 30.12, and 30.21, were never captured (a scroll/screenshot gap between images). These are marked with DATA_GAP:true and a note field rather than filled with guessed values. Given the density and volume of this table (~365 data rows), spot-checking a sample against the original source CSV (lookupTables/Component/tblBoring.csv) is recommended before using this for production costing decisions.",182,511,273,966,Bore,"Sandvik Duobore, inserts pC14-C21",2.1,180,Brinell,270.0,0.4,9.5,130,1080.0,1.2,0.08,2280,15,25.6,2.0,,
USA reference export,Lookup Table,Machining > Lookup Tables,tblBoring,lookupTables/Component/tblBoring.csv,"This table was transcribed from 24 screenshots across two batches. Two genuine gaps exist in the source screenshots themselves (not introduced by this transcription): (1) Corobore 820, material code 20.12, diameter 237.0mm row was never captured. (2) Sandvik Duobore pC14-C21: the 270mm-diameter row for code 3.11, and all rows for codes 3.13, 3.2, 3.21, 3.22, 30.11, 30.12, and 30.21, were never captured (a scroll/screenshot gap between images). These are marked with DATA_GAP:true and a note field rather than filled with guessed values. Given the density and volume of this table (~365 data rows), spot-checking a sample against the original source CSV (lookupTables/Component/tblBoring.csv) is recommended before using this for production costing decisions.",182,511,273,966,Bore,"Sandvik Duobore, inserts pC14-C21",2.12,210,Brinell,25.0,0.8,9.5,124,150.0,0.4875,0.05,2300,15,25.6,2.0,,
USA reference export,Lookup Table,Machining > Lookup Tables,tblBoring,lookupTables/Component/tblBoring.csv,"This table was transcribed from 24 screenshots across two batches. Two genuine gaps exist in the source screenshots themselves (not introduced by this transcription): (1) Corobore 820, material code 20.12, diameter 237.0mm row was never captured. (2) Sandvik Duobore pC14-C21: the 270mm-diameter row for code 3.11, and all rows for codes 3.13, 3.2, 3.21, 3.22, 30.11, 30.12, and 30.21, were never captured (a scroll/screenshot gap between images). These are marked with DATA_GAP:true and a note field rather than filled with guessed values. Given the density and volume of this table (~365 data rows), spot-checking a sample against the original source CSV (lookupTables/Component/tblBoring.csv) is recommended before using this for production costing decisions.",182,511,273,966,Bore,"Sandvik Duobore, inserts pC14-C21",2.12,210,Brinell,37.0,1.2,9.5,124,222.0,0.525,0.08,2300,15,25.6,2.0,,
USA reference export,Lookup Table,Machining > Lookup Tables,tblBoring,lookupTables/Component/tblBoring.csv,"This table was transcribed from 24 screenshots across two batches. Two genuine gaps exist in the source screenshots themselves (not introduced by this transcription): (1) Corobore 820, material code 20.12, diameter 237.0mm row was never captured. (2) Sandvik Duobore pC14-C21: the 270mm-diameter row for code 3.11, and all rows for codes 3.13, 3.2, 3.21, 3.22, 30.11, 30.12, and 30.21, were never captured (a scroll/screenshot gap between images). These are marked with DATA_GAP:true and a note field rather than filled with guessed values. Given the density and volume of this table (~365 data rows), spot-checking a sample against the original source CSV (lookupTables/Component/tblBoring.csv) is recommended before using this for production costing decisions.",182,511,273,966,Bore,"Sandvik Duobore, inserts pC14-C21",2.12,210,Brinell,46.0,1.2,9.5,124,276.0,0.555,0.1,2300,15,25.6,2.0,,
USA reference export,Lookup Table,Machining > Lookup Tables,tblBoring,lookupTables/Component/tblBoring.csv,"This table was transcribed from 24 screenshots across two batches. Two genuine gaps exist in the source screenshots themselves (not introduced by this transcription): (1) Corobore 820, material code 20.12, diameter 237.0mm row was never captured. (2) Sandvik Duobore pC14-C21: the 270mm-diameter row for code 3.11, and all rows for codes 3.13, 3.2, 3.21, 3.22, 30.11, 30.12, and 30.21, were never captured (a scroll/screenshot gap between images). These are marked with DATA_GAP:true and a note field rather than filled with guessed values. Given the density and volume of this table (~365 data rows), spot-checking a sample against the original source CSV (lookupTables/Component/tblBoring.csv) is recommended before using this for production costing decisions.",182,511,273,966,Bore,"Sandvik Duobore, inserts pC14-C21",2.12,210,Brinell,55.0,0.4,9.5,124,220.0,0.6,0.1,2300,15,25.6,2.0,,
USA reference export,Lookup Table,Machining > Lookup Tables,tblBoring,lookupTables/Component/tblBoring.csv,"This table was transcribed from 24 screenshots across two batches. Two genuine gaps exist in the source screenshots themselves (not introduced by this transcription): (1) Corobore 820, material code 20.12, diameter 237.0mm row was never captured. (2) Sandvik Duobore pC14-C21: the 270mm-diameter row for code 3.11, and all rows for codes 3.13, 3.2, 3.21, 3.22, 30.11, 30.12, and 30.21, were never captured (a scroll/screenshot gap between images). These are marked with DATA_GAP:true and a note field rather than filled with guessed values. Given the density and volume of this table (~365 data rows), spot-checking a sample against the original source CSV (lookupTables/Component/tblBoring.csv) is recommended before using this for production costing decisions.",182,511,273,966,Bore,"Sandvik Duobore, inserts pC14-C21",2.12,210,Brinell,101.0,0.4,9.5,124,606.0,0.9,0.08,2300,15,25.6,2.0,,
USA reference export,Lookup Table,Machining > Lookup Tables,tblBoring,lookupTables/Component/tblBoring.csv,"This table was transcribed from 24 screenshots across two batches. Two genuine gaps exist in the source screenshots themselves (not introduced by this transcription): (1) Corobore 820, material code 20.12, diameter 237.0mm row was never captured. (2) Sandvik Duobore pC14-C21: the 270mm-diameter row for code 3.11, and all rows for codes 3.13, 3.2, 3.21, 3.22, 30.11, 30.12, and 30.21, were never captured (a scroll/screenshot gap between images). These are marked with DATA_GAP:true and a note field rather than filled with guessed values. Given the density and volume of this table (~365 data rows), spot-checking a sample against the original source CSV (lookupTables/Component/tblBoring.csv) is recommended before using this for production costing decisions.",182,511,273,966,Bore,"Sandvik Duobore, inserts pC14-C21",2.12,210,Brinell,270.0,0.4,9.5,124,1080.0,1.2,0.08,2300,15,25.6,2.0,,
USA reference export,Lookup Table,Machining > Lookup Tables,tblBoring,lookupTables/Component/tblBoring.csv,"This table was transcribed from 24 screenshots across two batches. Two genuine gaps exist in the source screenshots themselves (not introduced by this transcription): (1) Corobore 820, material code 20.12, diameter 237.0mm row was never captured. (2) Sandvik Duobore pC14-C21: the 270mm-diameter row for code 3.11, and all rows for codes 3.13, 3.2, 3.21, 3.22, 30.11, 30.12, and 30.21, were never captured (a scroll/screenshot gap between images). These are marked with DATA_GAP:true and a note field rather than filled with guessed values. Given the density and volume of this table (~365 data rows), spot-checking a sample against the original source CSV (lookupTables/Component/tblBoring.csv) is recommended before using this for production costing decisions.",182,511,273,966,Bore,"Sandvik Duobore, inserts pC14-C21",2.2,330,Brinell,25.0,0.8,9.5,101,150.0,0.5687,0.05,2660,15,25.6,2.0,,
USA reference export,Lookup Table,Machining > Lookup Tables,tblBoring,lookupTables/Component/tblBoring.csv,"This table was transcribed from 24 screenshots across two batches. Two genuine gaps exist in the source screenshots themselves (not introduced by this transcription): (1) Corobore 820, material code 20.12, diameter 237.0mm row was never captured. (2) Sandvik Duobore pC14-C21: the 270mm-diameter row for code 3.11, and all rows for codes 3.13, 3.2, 3.21, 3.22, 30.11, 30.12, and 30.21, were never captured (a scroll/screenshot gap between images). These are marked with DATA_GAP:true and a note field rather than filled with guessed values. Given the density and volume of this table (~365 data rows), spot-checking a sample against the original source CSV (lookupTables/Component/tblBoring.csv) is recommended before using this for production costing decisions.",182,511,273,966,Bore,"Sandvik Duobore, inserts pC14-C21",2.2,330,Brinell,37.0,1.2,9.5,101,222.0,0.6125,0.08,2660,15,25.6,2.0,,
USA reference export,Lookup Table,Machining > Lookup Tables,tblBoring,lookupTables/Component/tblBoring.csv,"This table was transcribed from 24 screenshots across two batches. Two genuine gaps exist in the source screenshots themselves (not introduced by this transcription): (1) Corobore 820, material code 20.12, diameter 237.0mm row was never captured. (2) Sandvik Duobore pC14-C21: the 270mm-diameter row for code 3.11, and all rows for codes 3.13, 3.2, 3.21, 3.22, 30.11, 30.12, and 30.21, were never captured (a scroll/screenshot gap between images). These are marked with DATA_GAP:true and a note field rather than filled with guessed values. Given the density and volume of this table (~365 data rows), spot-checking a sample against the original source CSV (lookupTables/Component/tblBoring.csv) is recommended before using this for production costing decisions.",182,511,273,966,Bore,"Sandvik Duobore, inserts pC14-C21",2.2,330,Brinell,46.0,1.2,9.5,101,276.0,0.6475,0.1,2660,15,25.6,2.0,,
USA reference export,Lookup Table,Machining > Lookup Tables,tblBoring,lookupTables/Component/tblBoring.csv,"This table was transcribed from 24 screenshots across two batches. Two genuine gaps exist in the source screenshots themselves (not introduced by this transcription): (1) Corobore 820, material code 20.12, diameter 237.0mm row was never captured. (2) Sandvik Duobore pC14-C21: the 270mm-diameter row for code 3.11, and all rows for codes 3.13, 3.2, 3.21, 3.22, 30.11, 30.12, and 30.21, were never captured (a scroll/screenshot gap between images). These are marked with DATA_GAP:true and a note field rather than filled with guessed values. Given the density and volume of this table (~365 data rows), spot-checking a sample against the original source CSV (lookupTables/Component/tblBoring.csv) is recommended before using this for production costing decisions.",182,511,273,966,Bore,"Sandvik Duobore, inserts pC14-C21",2.2,330,Brinell,55.0,0.4,9.5,101,220.0,0.7,0.1,2660,15,25.6,2.0,,
USA reference export,Lookup Table,Machining > Lookup Tables,tblBoring,lookupTables/Component/tblBoring.csv,"This table was transcribed from 24 screenshots across two batches. Two genuine gaps exist in the source screenshots themselves (not introduced by this transcription): (1) Corobore 820, material code 20.12, diameter 237.0mm row was never captured. (2) Sandvik Duobore pC14-C21: the 270mm-diameter row for code 3.11, and all rows for codes 3.13, 3.2, 3.21, 3.22, 30.11, 30.12, and 30.21, were never captured (a scroll/screenshot gap between images). These are marked with DATA_GAP:true and a note field rather than filled with guessed values. Given the density and volume of this table (~365 data rows), spot-checking a sample against the original source CSV (lookupTables/Component/tblBoring.csv) is recommended before using this for production costing decisions.",182,511,273,966,Bore,"Sandvik Duobore, inserts pC14-C21",2.2,330,Brinell,101.0,0.4,9.5,101,606.0,1.05,0.08,2660,15,25.6,2.0,,
USA reference export,Lookup Table,Machining > Lookup Tables,tblBoring,lookupTables/Component/tblBoring.csv,"This table was transcribed from 24 screenshots across two batches. Two genuine gaps exist in the source screenshots themselves (not introduced by this transcription): (1) Corobore 820, material code 20.12, diameter 237.0mm row was never captured. (2) Sandvik Duobore pC14-C21: the 270mm-diameter row for code 3.11, and all rows for codes 3.13, 3.2, 3.21, 3.22, 30.11, 30.12, and 30.21, were never captured (a scroll/screenshot gap between images). These are marked with DATA_GAP:true and a note field rather than filled with guessed values. Given the density and volume of this table (~365 data rows), spot-checking a sample against the original source CSV (lookupTables/Component/tblBoring.csv) is recommended before using this for production costing decisions.",182,511,273,966,Bore,"Sandvik Duobore, inserts pC14-C21",2.2,330,Brinell,270.0,0.4,9.5,101,1080.0,1.4,0.08,2660,15,25.6,2.0,,
USA reference export,Lookup Table,Machining > Lookup Tables,tblBoring,lookupTables/Component/tblBoring.csv,"This table was transcribed from 24 screenshots across two batches. Two genuine gaps exist in the source screenshots themselves (not introduced by this transcription): (1) Corobore 820, material code 20.12, diameter 237.0mm row was never captured. (2) Sandvik Duobore pC14-C21: the 270mm-diameter row for code 3.11, and all rows for codes 3.13, 3.2, 3.21, 3.22, 30.11, 30.12, and 30.21, were never captured (a scroll/screenshot gap between images). These are marked with DATA_GAP:true and a note field rather than filled with guessed values. Given the density and volume of this table (~365 data rows), spot-checking a sample against the original source CSV (lookupTables/Component/tblBoring.csv) is recommended before using this for production costing decisions.",182,511,273,966,Bore,"Sandvik Duobore, inserts pC14-C21",20.11,200,Brinell,25.0,0.8,9.5,19,150.0,0.3656,0.05,3200,15,25.6,2.0,,
USA reference export,Lookup Table,Machining > Lookup Tables,tblBoring,lookupTables/Component/tblBoring.csv,"This table was transcribed from 24 screenshots across two batches. Two genuine gaps exist in the source screenshots themselves (not introduced by this transcription): (1) Corobore 820, material code 20.12, diameter 237.0mm row was never captured. (2) Sandvik Duobore pC14-C21: the 270mm-diameter row for code 3.11, and all rows for codes 3.13, 3.2, 3.21, 3.22, 30.11, 30.12, and 30.21, were never captured (a scroll/screenshot gap between images). These are marked with DATA_GAP:true and a note field rather than filled with guessed values. Given the density and volume of this table (~365 data rows), spot-checking a sample against the original source CSV (lookupTables/Component/tblBoring.csv) is recommended before using this for production costing decisions.",182,511,273,966,Bore,"Sandvik Duobore, inserts pC14-C21",20.11,200,Brinell,37.0,1.2,9.5,19,222.0,0.3937,0.08,3200,15,25.6,2.0,,
USA reference export,Lookup Table,Machining > Lookup Tables,tblBoring,lookupTables/Component/tblBoring.csv,"This table was transcribed from 24 screenshots across two batches. Two genuine gaps exist in the source screenshots themselves (not introduced by this transcription): (1) Corobore 820, material code 20.12, diameter 237.0mm row was never captured. (2) Sandvik Duobore pC14-C21: the 270mm-diameter row for code 3.11, and all rows for codes 3.13, 3.2, 3.21, 3.22, 30.11, 30.12, and 30.21, were never captured (a scroll/screenshot gap between images). These are marked with DATA_GAP:true and a note field rather than filled with guessed values. Given the density and volume of this table (~365 data rows), spot-checking a sample against the original source CSV (lookupTables/Component/tblBoring.csv) is recommended before using this for production costing decisions.",182,511,273,966,Bore,"Sandvik Duobore, inserts pC14-C21",20.11,200,Brinell,46.0,1.2,9.5,19,276.0,0.4163,0.1,3200,15,25.6,2.0,,
USA reference export,Lookup Table,Machining > Lookup Tables,tblBoring,lookupTables/Component/tblBoring.csv,"This table was transcribed from 24 screenshots across two batches. Two genuine gaps exist in the source screenshots themselves (not introduced by this transcription): (1) Corobore 820, material code 20.12, diameter 237.0mm row was never captured. (2) Sandvik Duobore pC14-C21: the 270mm-diameter row for code 3.11, and all rows for codes 3.13, 3.2, 3.21, 3.22, 30.11, 30.12, and 30.21, were never captured (a scroll/screenshot gap between images). These are marked with DATA_GAP:true and a note field rather than filled with guessed values. Given the density and volume of this table (~365 data rows), spot-checking a sample against the original source CSV (lookupTables/Component/tblBoring.csv) is recommended before using this for production costing decisions.",182,511,273,966,Bore,"Sandvik Duobore, inserts pC14-C21",20.11,200,Brinell,55.0,0.4,9.5,19,220.0,0.45,0.1,3200,15,25.6,2.0,,
USA reference export,Lookup Table,Machining > Lookup Tables,tblBoring,lookupTables/Component/tblBoring.csv,"This table was transcribed from 24 screenshots across two batches. Two genuine gaps exist in the source screenshots themselves (not introduced by this transcription): (1) Corobore 820, material code 20.12, diameter 237.0mm row was never captured. (2) Sandvik Duobore pC14-C21: the 270mm-diameter row for code 3.11, and all rows for codes 3.13, 3.2, 3.21, 3.22, 30.11, 30.12, and 30.21, were never captured (a scroll/screenshot gap between images). These are marked with DATA_GAP:true and a note field rather than filled with guessed values. Given the density and volume of this table (~365 data rows), spot-checking a sample against the original source CSV (lookupTables/Component/tblBoring.csv) is recommended before using this for production costing decisions.",182,511,273,966,Bore,"Sandvik Duobore, inserts pC14-C21",20.11,200,Brinell,101.0,0.4,9.5,19,606.0,0.675,0.08,3200,15,25.6,2.0,,
USA reference export,Lookup Table,Machining > Lookup Tables,tblBoring,lookupTables/Component/tblBoring.csv,"This table was transcribed from 24 screenshots across two batches. Two genuine gaps exist in the source screenshots themselves (not introduced by this transcription): (1) Corobore 820, material code 20.12, diameter 237.0mm row was never captured. (2) Sandvik Duobore pC14-C21: the 270mm-diameter row for code 3.11, and all rows for codes 3.13, 3.2, 3.21, 3.22, 30.11, 30.12, and 30.21, were never captured (a scroll/screenshot gap between images). These are marked with DATA_GAP:true and a note field rather than filled with guessed values. Given the density and volume of this table (~365 data rows), spot-checking a sample against the original source CSV (lookupTables/Component/tblBoring.csv) is recommended before using this for production costing decisions.",182,511,273,966,Bore,"Sandvik Duobore, inserts pC14-C21",20.11,200,Brinell,270.0,0.4,9.5,19,1080.0,0.9,0.08,3200,15,25.6,2.0,,
USA reference export,Lookup Table,Machining > Lookup Tables,tblBoring,lookupTables/Component/tblBoring.csv,"This table was transcribed from 24 screenshots across two batches. Two genuine gaps exist in the source screenshots themselves (not introduced by this transcription): (1) Corobore 820, material code 20.12, diameter 237.0mm row was never captured. (2) Sandvik Duobore pC14-C21: the 270mm-diameter row for code 3.11, and all rows for codes 3.13, 3.2, 3.21, 3.22, 30.11, 30.12, and 30.21, were never captured (a scroll/screenshot gap between images). These are marked with DATA_GAP:true and a note field rather than filled with guessed values. Given the density and volume of this table (~365 data rows), spot-checking a sample against the original source CSV (lookupTables/Component/tblBoring.csv) is recommended before using this for production costing decisions.",182,511,273,966,Bore,"Sandvik Duobore, inserts pC14-C21",20.12,280,Brinell,25.0,0.8,9.5,23,150.0,0.3656,0.05,3340,15,25.6,2.0,,
USA reference export,Lookup Table,Machining > Lookup Tables,tblBoring,lookupTables/Component/tblBoring.csv,"This table was transcribed from 24 screenshots across two batches. Two genuine gaps exist in the source screenshots themselves (not introduced by this transcription): (1) Corobore 820, material code 20.12, diameter 237.0mm row was never captured. (2) Sandvik Duobore pC14-C21: the 270mm-diameter row for code 3.11, and all rows for codes 3.13, 3.2, 3.21, 3.22, 30.11, 30.12, and 30.21, were never captured (a scroll/screenshot gap between images). These are marked with DATA_GAP:true and a note field rather than filled with guessed values. Given the density and volume of this table (~365 data rows), spot-checking a sample against the original source CSV (lookupTables/Component/tblBoring.csv) is recommended before using this for production costing decisions.",182,511,273,966,Bore,"Sandvik Duobore, inserts pC14-C21",20.12,280,Brinell,37.0,1.2,9.5,23,222.0,0.3937,0.08,3340,15,25.6,2.0,,
USA reference export,Lookup Table,Machining > Lookup Tables,tblBoring,lookupTables/Component/tblBoring.csv,"This table was transcribed from 24 screenshots across two batches. Two genuine gaps exist in the source screenshots themselves (not introduced by this transcription): (1) Corobore 820, material code 20.12, diameter 237.0mm row was never captured. (2) Sandvik Duobore pC14-C21: the 270mm-diameter row for code 3.11, and all rows for codes 3.13, 3.2, 3.21, 3.22, 30.11, 30.12, and 30.21, were never captured (a scroll/screenshot gap between images). These are marked with DATA_GAP:true and a note field rather than filled with guessed values. Given the density and volume of this table (~365 data rows), spot-checking a sample against the original source CSV (lookupTables/Component/tblBoring.csv) is recommended before using this for production costing decisions.",182,511,273,966,Bore,"Sandvik Duobore, inserts pC14-C21",20.12,280,Brinell,46.0,1.2,9.5,23,276.0,0.4163,0.1,3340,15,25.6,2.0,,
USA reference export,Lookup Table,Machining > Lookup Tables,tblBoring,lookupTables/Component/tblBoring.csv,"This table was transcribed from 24 screenshots across two batches. Two genuine gaps exist in the source screenshots themselves (not introduced by this transcription): (1) Corobore 820, material code 20.12, diameter 237.0mm row was never captured. (2) Sandvik Duobore pC14-C21: the 270mm-diameter row for code 3.11, and all rows for codes 3.13, 3.2, 3.21, 3.22, 30.11, 30.12, and 30.21, were never captured (a scroll/screenshot gap between images). These are marked with DATA_GAP:true and a note field rather than filled with guessed values. Given the density and volume of this table (~365 data rows), spot-checking a sample against the original source CSV (lookupTables/Component/tblBoring.csv) is recommended before using this for production costing decisions.",182,511,273,966,Bore,"Sandvik Duobore, inserts pC14-C21",20.12,280,Brinell,55.0,0.4,9.5,23,220.0,0.45,0.1,3340,15,25.6,2.0,,
USA reference export,Lookup Table,Machining > Lookup Tables,tblBoring,lookupTables/Component/tblBoring.csv,"This table was transcribed from 24 screenshots across two batches. Two genuine gaps exist in the source screenshots themselves (not introduced by this transcription): (1) Corobore 820, material code 20.12, diameter 237.0mm row was never captured. (2) Sandvik Duobore pC14-C21: the 270mm-diameter row for code 3.11, and all rows for codes 3.13, 3.2, 3.21, 3.22, 30.11, 30.12, and 30.21, were never captured (a scroll/screenshot gap between images). These are marked with DATA_GAP:true and a note field rather than filled with guessed values. Given the density and volume of this table (~365 data rows), spot-checking a sample against the original source CSV (lookupTables/Component/tblBoring.csv) is recommended before using this for production costing decisions.",182,511,273,966,Bore,"Sandvik Duobore, inserts pC14-C21",20.12,280,Brinell,101.0,0.4,9.5,23,606.0,0.675,0.08,3340,15,25.6,2.0,,
USA reference export,Lookup Table,Machining > Lookup Tables,tblBoring,lookupTables/Component/tblBoring.csv,"This table was transcribed from 24 screenshots across two batches. Two genuine gaps exist in the source screenshots themselves (not introduced by this transcription): (1) Corobore 820, material code 20.12, diameter 237.0mm row was never captured. (2) Sandvik Duobore pC14-C21: the 270mm-diameter row for code 3.11, and all rows for codes 3.13, 3.2, 3.21, 3.22, 30.11, 30.12, and 30.21, were never captured (a scroll/screenshot gap between images). These are marked with DATA_GAP:true and a note field rather than filled with guessed values. Given the density and volume of this table (~365 data rows), spot-checking a sample against the original source CSV (lookupTables/Component/tblBoring.csv) is recommended before using this for production costing decisions.",182,511,273,966,Bore,"Sandvik Duobore, inserts pC14-C21",20.12,280,Brinell,270.0,0.4,9.5,23,1080.0,0.9,0.08,3340,15,25.6,2.0,,
USA reference export,Lookup Table,Machining > Lookup Tables,tblBoring,lookupTables/Component/tblBoring.csv,"This table was transcribed from 24 screenshots across two batches. Two genuine gaps exist in the source screenshots themselves (not introduced by this transcription): (1) Corobore 820, material code 20.12, diameter 237.0mm row was never captured. (2) Sandvik Duobore pC14-C21: the 270mm-diameter row for code 3.11, and all rows for codes 3.13, 3.2, 3.21, 3.22, 30.11, 30.12, and 30.21, were never captured (a scroll/screenshot gap between images). These are marked with DATA_GAP:true and a note field rather than filled with guessed values. Given the density and volume of this table (~365 data rows), spot-checking a sample against the original source CSV (lookupTables/Component/tblBoring.csv) is recommended before using this for production costing decisions.",182,511,273,966,Bore,"Sandvik Duobore, inserts pC14-C21",20.21,250,Brinell,25.0,0.8,9.5,30,150.0,0.325,0.05,3540,15,25.6,2.0,,
USA reference export,Lookup Table,Machining > Lookup Tables,tblBoring,lookupTables/Component/tblBoring.csv,"This table was transcribed from 24 screenshots across two batches. Two genuine gaps exist in the source screenshots themselves (not introduced by this transcription): (1) Corobore 820, material code 20.12, diameter 237.0mm row was never captured. (2) Sandvik Duobore pC14-C21: the 270mm-diameter row for code 3.11, and all rows for codes 3.13, 3.2, 3.21, 3.22, 30.11, 30.12, and 30.21, were never captured (a scroll/screenshot gap between images). These are marked with DATA_GAP:true and a note field rather than filled with guessed values. Given the density and volume of this table (~365 data rows), spot-checking a sample against the original source CSV (lookupTables/Component/tblBoring.csv) is recommended before using this for production costing decisions.",182,511,273,966,Bore,"Sandvik Duobore, inserts pC14-C21",20.21,250,Brinell,37.0,1.2,9.5,30,222.0,0.35,0.08,3540,15,25.6,2.0,,
USA reference export,Lookup Table,Machining > Lookup Tables,tblBoring,lookupTables/Component/tblBoring.csv,"This table was transcribed from 24 screenshots across two batches. Two genuine gaps exist in the source screenshots themselves (not introduced by this transcription): (1) Corobore 820, material code 20.12, diameter 237.0mm row was never captured. (2) Sandvik Duobore pC14-C21: the 270mm-diameter row for code 3.11, and all rows for codes 3.13, 3.2, 3.21, 3.22, 30.11, 30.12, and 30.21, were never captured (a scroll/screenshot gap between images). These are marked with DATA_GAP:true and a note field rather than filled with guessed values. Given the density and volume of this table (~365 data rows), spot-checking a sample against the original source CSV (lookupTables/Component/tblBoring.csv) is recommended before using this for production costing decisions.",182,511,273,966,Bore,"Sandvik Duobore, inserts pC14-C21",20.21,250,Brinell,46.0,1.2,9.5,30,276.0,0.37,0.1,3540,15,25.6,2.0,,
USA reference export,Lookup Table,Machining > Lookup Tables,tblBoring,lookupTables/Component/tblBoring.csv,"This table was transcribed from 24 screenshots across two batches. Two genuine gaps exist in the source screenshots themselves (not introduced by this transcription): (1) Corobore 820, material code 20.12, diameter 237.0mm row was never captured. (2) Sandvik Duobore pC14-C21: the 270mm-diameter row for code 3.11, and all rows for codes 3.13, 3.2, 3.21, 3.22, 30.11, 30.12, and 30.21, were never captured (a scroll/screenshot gap between images). These are marked with DATA_GAP:true and a note field rather than filled with guessed values. Given the density and volume of this table (~365 data rows), spot-checking a sample against the original source CSV (lookupTables/Component/tblBoring.csv) is recommended before using this for production costing decisions.",182,511,273,966,Bore,"Sandvik Duobore, inserts pC14-C21",20.21,250,Brinell,55.0,0.4,9.5,30,220.0,0.4,0.1,3540,15,25.6,2.0,,
USA reference export,Lookup Table,Machining > Lookup Tables,tblBoring,lookupTables/Component/tblBoring.csv,"This table was transcribed from 24 screenshots across two batches. Two genuine gaps exist in the source screenshots themselves (not introduced by this transcription): (1) Corobore 820, material code 20.12, diameter 237.0mm row was never captured. (2) Sandvik Duobore pC14-C21: the 270mm-diameter row for code 3.11, and all rows for codes 3.13, 3.2, 3.21, 3.22, 30.11, 30.12, and 30.21, were never captured (a scroll/screenshot gap between images). These are marked with DATA_GAP:true and a note field rather than filled with guessed values. Given the density and volume of this table (~365 data rows), spot-checking a sample against the original source CSV (lookupTables/Component/tblBoring.csv) is recommended before using this for production costing decisions.",182,511,273,966,Bore,"Sandvik Duobore, inserts pC14-C21",20.21,250,Brinell,101.0,0.4,9.5,30,606.0,0.6,0.08,3540,15,25.6,2.0,,
USA reference export,Lookup Table,Machining > Lookup Tables,tblBoring,lookupTables/Component/tblBoring.csv,"This table was transcribed from 24 screenshots across two batches. Two genuine gaps exist in the source screenshots themselves (not introduced by this transcription): (1) Corobore 820, material code 20.12, diameter 237.0mm row was never captured. (2) Sandvik Duobore pC14-C21: the 270mm-diameter row for code 3.11, and all rows for codes 3.13, 3.2, 3.21, 3.22, 30.11, 30.12, and 30.21, were never captured (a scroll/screenshot gap between images). These are marked with DATA_GAP:true and a note field rather than filled with guessed values. Given the density and volume of this table (~365 data rows), spot-checking a sample against the original source CSV (lookupTables/Component/tblBoring.csv) is recommended before using this for production costing decisions.",182,511,273,966,Bore,"Sandvik Duobore, inserts pC14-C21",20.21,250,Brinell,270.0,0.4,9.5,30,1080.0,0.8,0.08,3540,15,25.6,2.0,,
USA reference export,Lookup Table,Machining > Lookup Tables,tblBoring,lookupTables/Component/tblBoring.csv,"This table was transcribed from 24 screenshots across two batches. Two genuine gaps exist in the source screenshots themselves (not introduced by this transcription): (1) Corobore 820, material code 20.12, diameter 237.0mm row was never captured. (2) Sandvik Duobore pC14-C21: the 270mm-diameter row for code 3.11, and all rows for codes 3.13, 3.2, 3.21, 3.22, 30.11, 30.12, and 30.21, were never captured (a scroll/screenshot gap between images). These are marked with DATA_GAP:true and a note field rather than filled with guessed values. Given the density and volume of this table (~365 data rows), spot-checking a sample against the original source CSV (lookupTables/Component/tblBoring.csv) is recommended before using this for production costing decisions.",182,511,273,966,Bore,"Sandvik Duobore, inserts pC14-C21",20.22,350,Brinell,25.0,0.8,9.5,30,150.0,0.325,0.05,3860,15,25.6,2.0,,
USA reference export,Lookup Table,Machining > Lookup Tables,tblBoring,lookupTables/Component/tblBoring.csv,"This table was transcribed from 24 screenshots across two batches. Two genuine gaps exist in the source screenshots themselves (not introduced by this transcription): (1) Corobore 820, material code 20.12, diameter 237.0mm row was never captured. (2) Sandvik Duobore pC14-C21: the 270mm-diameter row for code 3.11, and all rows for codes 3.13, 3.2, 3.21, 3.22, 30.11, 30.12, and 30.21, were never captured (a scroll/screenshot gap between images). These are marked with DATA_GAP:true and a note field rather than filled with guessed values. Given the density and volume of this table (~365 data rows), spot-checking a sample against the original source CSV (lookupTables/Component/tblBoring.csv) is recommended before using this for production costing decisions.",182,511,273,966,Bore,"Sandvik Duobore, inserts pC14-C21",20.22,350,Brinell,37.0,1.2,9.5,30,222.0,0.35,0.08,3860,15,25.6,2.0,,
USA reference export,Lookup Table,Machining > Lookup Tables,tblBoring,lookupTables/Component/tblBoring.csv,"This table was transcribed from 24 screenshots across two batches. Two genuine gaps exist in the source screenshots themselves (not introduced by this transcription): (1) Corobore 820, material code 20.12, diameter 237.0mm row was never captured. (2) Sandvik Duobore pC14-C21: the 270mm-diameter row for code 3.11, and all rows for codes 3.13, 3.2, 3.21, 3.22, 30.11, 30.12, and 30.21, were never captured (a scroll/screenshot gap between images). These are marked with DATA_GAP:true and a note field rather than filled with guessed values. Given the density and volume of this table (~365 data rows), spot-checking a sample against the original source CSV (lookupTables/Component/tblBoring.csv) is recommended before using this for production costing decisions.",182,511,273,966,Bore,"Sandvik Duobore, inserts pC14-C21",20.22,350,Brinell,46.0,1.2,9.5,30,276.0,0.37,0.1,3860,15,25.6,2.0,,
USA reference export,Lookup Table,Machining > Lookup Tables,tblBoring,lookupTables/Component/tblBoring.csv,"This table was transcribed from 24 screenshots across two batches. Two genuine gaps exist in the source screenshots themselves (not introduced by this transcription): (1) Corobore 820, material code 20.12, diameter 237.0mm row was never captured. (2) Sandvik Duobore pC14-C21: the 270mm-diameter row for code 3.11, and all rows for codes 3.13, 3.2, 3.21, 3.22, 30.11, 30.12, and 30.21, were never captured (a scroll/screenshot gap between images). These are marked with DATA_GAP:true and a note field rather than filled with guessed values. Given the density and volume of this table (~365 data rows), spot-checking a sample against the original source CSV (lookupTables/Component/tblBoring.csv) is recommended before using this for production costing decisions.",182,511,273,966,Bore,"Sandvik Duobore, inserts pC14-C21",20.22,350,Brinell,55.0,0.4,9.5,30,220.0,0.4,0.1,3860,15,25.6,2.0,,
USA reference export,Lookup Table,Machining > Lookup Tables,tblBoring,lookupTables/Component/tblBoring.csv,"This table was transcribed from 24 screenshots across two batches. Two genuine gaps exist in the source screenshots themselves (not introduced by this transcription): (1) Corobore 820, material code 20.12, diameter 237.0mm row was never captured. (2) Sandvik Duobore pC14-C21: the 270mm-diameter row for code 3.11, and all rows for codes 3.13, 3.2, 3.21, 3.22, 30.11, 30.12, and 30.21, were never captured (a scroll/screenshot gap between images). These are marked with DATA_GAP:true and a note field rather than filled with guessed values. Given the density and volume of this table (~365 data rows), spot-checking a sample against the original source CSV (lookupTables/Component/tblBoring.csv) is recommended before using this for production costing decisions.",182,511,273,966,Bore,"Sandvik Duobore, inserts pC14-C21",20.22,350,Brinell,101.0,0.4,9.5,30,606.0,0.6,0.08,3860,15,25.6,2.0,,
USA reference export,Lookup Table,Machining > Lookup Tables,tblBoring,lookupTables/Component/tblBoring.csv,"This table was transcribed from 24 screenshots across two batches. Two genuine gaps exist in the source screenshots themselves (not introduced by this transcription): (1) Corobore 820, material code 20.12, diameter 237.0mm row was never captured. (2) Sandvik Duobore pC14-C21: the 270mm-diameter row for code 3.11, and all rows for codes 3.13, 3.2, 3.21, 3.22, 30.11, 30.12, and 30.21, were never captured (a scroll/screenshot gap between images). These are marked with DATA_GAP:true and a note field rather than filled with guessed values. Given the density and volume of this table (~365 data rows), spot-checking a sample against the original source CSV (lookupTables/Component/tblBoring.csv) is recommended before using this for production costing decisions.",182,511,273,966,Bore,"Sandvik Duobore, inserts pC14-C21",20.22,350,Brinell,270.0,0.4,9.5,30,1080.0,0.8,0.08,3860,15,25.6,2.0,,
USA reference export,Lookup Table,Machining > Lookup Tables,tblBoring,lookupTables/Component/tblBoring.csv,"This table was transcribed from 24 screenshots across two batches. Two genuine gaps exist in the source screenshots themselves (not introduced by this transcription): (1) Corobore 820, material code 20.12, diameter 237.0mm row was never captured. (2) Sandvik Duobore pC14-C21: the 270mm-diameter row for code 3.11, and all rows for codes 3.13, 3.2, 3.21, 3.22, 30.11, 30.12, and 30.21, were never captured (a scroll/screenshot gap between images). These are marked with DATA_GAP:true and a note field rather than filled with guessed values. Given the density and volume of this table (~365 data rows), spot-checking a sample against the original source CSV (lookupTables/Component/tblBoring.csv) is recommended before using this for production costing decisions.",182,511,273,966,Bore,"Sandvik Duobore, inserts pC14-C21",20.23,275,Brinell,25.0,0.8,9.5,30,150.0,0.325,0.05,3340,15,25.6,2.0,,
USA reference export,Lookup Table,Machining > Lookup Tables,tblBoring,lookupTables/Component/tblBoring.csv,"This table was transcribed from 24 screenshots across two batches. Two genuine gaps exist in the source screenshots themselves (not introduced by this transcription): (1) Corobore 820, material code 20.12, diameter 237.0mm row was never captured. (2) Sandvik Duobore pC14-C21: the 270mm-diameter row for code 3.11, and all rows for codes 3.13, 3.2, 3.21, 3.22, 30.11, 30.12, and 30.21, were never captured (a scroll/screenshot gap between images). These are marked with DATA_GAP:true and a note field rather than filled with guessed values. Given the density and volume of this table (~365 data rows), spot-checking a sample against the original source CSV (lookupTables/Component/tblBoring.csv) is recommended before using this for production costing decisions.",182,511,273,966,Bore,"Sandvik Duobore, inserts pC14-C21",20.23,275,Brinell,37.0,1.2,9.5,30,222.0,0.35,0.08,3340,15,25.6,2.0,,
USA reference export,Lookup Table,Machining > Lookup Tables,tblBoring,lookupTables/Component/tblBoring.csv,"This table was transcribed from 24 screenshots across two batches. Two genuine gaps exist in the source screenshots themselves (not introduced by this transcription): (1) Corobore 820, material code 20.12, diameter 237.0mm row was never captured. (2) Sandvik Duobore pC14-C21: the 270mm-diameter row for code 3.11, and all rows for codes 3.13, 3.2, 3.21, 3.22, 30.11, 30.12, and 30.21, were never captured (a scroll/screenshot gap between images). These are marked with DATA_GAP:true and a note field rather than filled with guessed values. Given the density and volume of this table (~365 data rows), spot-checking a sample against the original source CSV (lookupTables/Component/tblBoring.csv) is recommended before using this for production costing decisions.",182,511,273,966,Bore,"Sandvik Duobore, inserts pC14-C21",20.23,275,Brinell,46.0,1.2,9.5,30,276.0,0.37,0.1,3340,15,25.6,2.0,,
USA reference export,Lookup Table,Machining > Lookup Tables,tblBoring,lookupTables/Component/tblBoring.csv,"This table was transcribed from 24 screenshots across two batches. Two genuine gaps exist in the source screenshots themselves (not introduced by this transcription): (1) Corobore 820, material code 20.12, diameter 237.0mm row was never captured. (2) Sandvik Duobore pC14-C21: the 270mm-diameter row for code 3.11, and all rows for codes 3.13, 3.2, 3.21, 3.22, 30.11, 30.12, and 30.21, were never captured (a scroll/screenshot gap between images). These are marked with DATA_GAP:true and a note field rather than filled with guessed values. Given the density and volume of this table (~365 data rows), spot-checking a sample against the original source CSV (lookupTables/Component/tblBoring.csv) is recommended before using this for production costing decisions.",182,511,273,966,Bore,"Sandvik Duobore, inserts pC14-C21",20.23,275,Brinell,55.0,0.4,9.5,30,220.0,0.4,0.1,3340,15,25.6,2.0,,
USA reference export,Lookup Table,Machining > Lookup Tables,tblBoring,lookupTables/Component/tblBoring.csv,"This table was transcribed from 24 screenshots across two batches. Two genuine gaps exist in the source screenshots themselves (not introduced by this transcription): (1) Corobore 820, material code 20.12, diameter 237.0mm row was never captured. (2) Sandvik Duobore pC14-C21: the 270mm-diameter row for code 3.11, and all rows for codes 3.13, 3.2, 3.21, 3.22, 30.11, 30.12, and 30.21, were never captured (a scroll/screenshot gap between images). These are marked with DATA_GAP:true and a note field rather than filled with guessed values. Given the density and volume of this table (~365 data rows), spot-checking a sample against the original source CSV (lookupTables/Component/tblBoring.csv) is recommended before using this for production costing decisions.",182,511,273,966,Bore,"Sandvik Duobore, inserts pC14-C21",20.23,275,Brinell,101.0,0.4,9.5,30,606.0,0.6,0.08,3340,15,25.6,2.0,,
USA reference export,Lookup Table,Machining > Lookup Tables,tblBoring,lookupTables/Component/tblBoring.csv,"This table was transcribed from 24 screenshots across two batches. Two genuine gaps exist in the source screenshots themselves (not introduced by this transcription): (1) Corobore 820, material code 20.12, diameter 237.0mm row was never captured. (2) Sandvik Duobore pC14-C21: the 270mm-diameter row for code 3.11, and all rows for codes 3.13, 3.2, 3.21, 3.22, 30.11, 30.12, and 30.21, were never captured (a scroll/screenshot gap between images). These are marked with DATA_GAP:true and a note field rather than filled with guessed values. Given the density and volume of this table (~365 data rows), spot-checking a sample against the original source CSV (lookupTables/Component/tblBoring.csv) is recommended before using this for production costing decisions.",182,511,273,966,Bore,"Sandvik Duobore, inserts pC14-C21",20.23,275,Brinell,270.0,0.4,9.5,30,1080.0,0.8,0.08,3340,15,25.6,2.0,,
USA reference export,Lookup Table,Machining > Lookup Tables,tblBoring,lookupTables/Component/tblBoring.csv,"This table was transcribed from 24 screenshots across two batches. Two genuine gaps exist in the source screenshots themselves (not introduced by this transcription): (1) Corobore 820, material code 20.12, diameter 237.0mm row was never captured. (2) Sandvik Duobore pC14-C21: the 270mm-diameter row for code 3.11, and all rows for codes 3.13, 3.2, 3.21, 3.22, 30.11, 30.12, and 30.21, were never captured (a scroll/screenshot gap between images). These are marked with DATA_GAP:true and a note field rather than filled with guessed values. Given the density and volume of this table (~365 data rows), spot-checking a sample against the original source CSV (lookupTables/Component/tblBoring.csv) is recommended before using this for production costing decisions.",182,511,273,966,Bore,"Sandvik Duobore, inserts pC14-C21",20.24,320,Brinell,25.0,0.8,9.5,30,150.0,0.325,0.05,4000,15,25.6,2.0,,
USA reference export,Lookup Table,Machining > Lookup Tables,tblBoring,lookupTables/Component/tblBoring.csv,"This table was transcribed from 24 screenshots across two batches. Two genuine gaps exist in the source screenshots themselves (not introduced by this transcription): (1) Corobore 820, material code 20.12, diameter 237.0mm row was never captured. (2) Sandvik Duobore pC14-C21: the 270mm-diameter row for code 3.11, and all rows for codes 3.13, 3.2, 3.21, 3.22, 30.11, 30.12, and 30.21, were never captured (a scroll/screenshot gap between images). These are marked with DATA_GAP:true and a note field rather than filled with guessed values. Given the density and volume of this table (~365 data rows), spot-checking a sample against the original source CSV (lookupTables/Component/tblBoring.csv) is recommended before using this for production costing decisions.",182,511,273,966,Bore,"Sandvik Duobore, inserts pC14-C21",20.24,320,Brinell,37.0,1.2,9.5,30,222.0,0.35,0.08,4000,15,25.6,2.0,,
USA reference export,Lookup Table,Machining > Lookup Tables,tblBoring,lookupTables/Component/tblBoring.csv,"This table was transcribed from 24 screenshots across two batches. Two genuine gaps exist in the source screenshots themselves (not introduced by this transcription): (1) Corobore 820, material code 20.12, diameter 237.0mm row was never captured. (2) Sandvik Duobore pC14-C21: the 270mm-diameter row for code 3.11, and all rows for codes 3.13, 3.2, 3.21, 3.22, 30.11, 30.12, and 30.21, were never captured (a scroll/screenshot gap between images). These are marked with DATA_GAP:true and a note field rather than filled with guessed values. Given the density and volume of this table (~365 data rows), spot-checking a sample against the original source CSV (lookupTables/Component/tblBoring.csv) is recommended before using this for production costing decisions.",182,511,273,966,Bore,"Sandvik Duobore, inserts pC14-C21",20.24,320,Brinell,46.0,1.2,9.5,30,276.0,0.37,0.1,4000,15,25.6,2.0,,
USA reference export,Lookup Table,Machining > Lookup Tables,tblBoring,lookupTables/Component/tblBoring.csv,"This table was transcribed from 24 screenshots across two batches. Two genuine gaps exist in the source screenshots themselves (not introduced by this transcription): (1) Corobore 820, material code 20.12, diameter 237.0mm row was never captured. (2) Sandvik Duobore pC14-C21: the 270mm-diameter row for code 3.11, and all rows for codes 3.13, 3.2, 3.21, 3.22, 30.11, 30.12, and 30.21, were never captured (a scroll/screenshot gap between images). These are marked with DATA_GAP:true and a note field rather than filled with guessed values. Given the density and volume of this table (~365 data rows), spot-checking a sample against the original source CSV (lookupTables/Component/tblBoring.csv) is recommended before using this for production costing decisions.",182,511,273,966,Bore,"Sandvik Duobore, inserts pC14-C21",20.24,320,Brinell,55.0,0.4,9.5,30,220.0,0.4,0.1,4000,15,25.6,2.0,,
USA reference export,Lookup Table,Machining > Lookup Tables,tblBoring,lookupTables/Component/tblBoring.csv,"This table was transcribed from 24 screenshots across two batches. Two genuine gaps exist in the source screenshots themselves (not introduced by this transcription): (1) Corobore 820, material code 20.12, diameter 237.0mm row was never captured. (2) Sandvik Duobore pC14-C21: the 270mm-diameter row for code 3.11, and all rows for codes 3.13, 3.2, 3.21, 3.22, 30.11, 30.12, and 30.21, were never captured (a scroll/screenshot gap between images). These are marked with DATA_GAP:true and a note field rather than filled with guessed values. Given the density and volume of this table (~365 data rows), spot-checking a sample against the original source CSV (lookupTables/Component/tblBoring.csv) is recommended before using this for production costing decisions.",182,511,273,966,Bore,"Sandvik Duobore, inserts pC14-C21",20.24,320,Brinell,101.0,0.4,9.5,30,606.0,0.6,0.08,4000,15,25.6,2.0,,
USA reference export,Lookup Table,Machining > Lookup Tables,tblBoring,lookupTables/Component/tblBoring.csv,"This table was transcribed from 24 screenshots across two batches. Two genuine gaps exist in the source screenshots themselves (not introduced by this transcription): (1) Corobore 820, material code 20.12, diameter 237.0mm row was never captured. (2) Sandvik Duobore pC14-C21: the 270mm-diameter row for code 3.11, and all rows for codes 3.13, 3.2, 3.21, 3.22, 30.11, 30.12, and 30.21, were never captured (a scroll/screenshot gap between images). These are marked with DATA_GAP:true and a note field rather than filled with guessed values. Given the density and volume of this table (~365 data rows), spot-checking a sample against the original source CSV (lookupTables/Component/tblBoring.csv) is recommended before using this for production costing decisions.",182,511,273,966,Bore,"Sandvik Duobore, inserts pC14-C21",20.24,320,Brinell,270.0,0.4,9.5,30,1080.0,0.8,0.08,4000,15,25.6,2.0,,
USA reference export,Lookup Table,Machining > Lookup Tables,tblBoring,lookupTables/Component/tblBoring.csv,"This table was transcribed from 24 screenshots across two batches. Two genuine gaps exist in the source screenshots themselves (not introduced by this transcription): (1) Corobore 820, material code 20.12, diameter 237.0mm row was never captured. (2) Sandvik Duobore pC14-C21: the 270mm-diameter row for code 3.11, and all rows for codes 3.13, 3.2, 3.21, 3.22, 30.11, 30.12, and 30.21, were never captured (a scroll/screenshot gap between images). These are marked with DATA_GAP:true and a note field rather than filled with guessed values. Given the density and volume of this table (~365 data rows), spot-checking a sample against the original source CSV (lookupTables/Component/tblBoring.csv) is recommended before using this for production costing decisions.",182,511,273,966,Bore,"Sandvik Duobore, inserts pC14-C21",20.31,200,Brinell,25.0,0.8,9.5,19,150.0,0.3656,0.05,3620,15,25.6,2.0,,
USA reference export,Lookup Table,Machining > Lookup Tables,tblBoring,lookupTables/Component/tblBoring.csv,"This table was transcribed from 24 screenshots across two batches. Two genuine gaps exist in the source screenshots themselves (not introduced by this transcription): (1) Corobore 820, material code 20.12, diameter 237.0mm row was never captured. (2) Sandvik Duobore pC14-C21: the 270mm-diameter row for code 3.11, and all rows for codes 3.13, 3.2, 3.21, 3.22, 30.11, 30.12, and 30.21, were never captured (a scroll/screenshot gap between images). These are marked with DATA_GAP:true and a note field rather than filled with guessed values. Given the density and volume of this table (~365 data rows), spot-checking a sample against the original source CSV (lookupTables/Component/tblBoring.csv) is recommended before using this for production costing decisions.",182,511,273,966,Bore,"Sandvik Duobore, inserts pC14-C21",20.31,200,Brinell,37.0,1.2,9.5,19,222.0,0.3937,0.08,3620,15,25.6,2.0,,
USA reference export,Lookup Table,Machining > Lookup Tables,tblBoring,lookupTables/Component/tblBoring.csv,"This table was transcribed from 24 screenshots across two batches. Two genuine gaps exist in the source screenshots themselves (not introduced by this transcription): (1) Corobore 820, material code 20.12, diameter 237.0mm row was never captured. (2) Sandvik Duobore pC14-C21: the 270mm-diameter row for code 3.11, and all rows for codes 3.13, 3.2, 3.21, 3.22, 30.11, 30.12, and 30.21, were never captured (a scroll/screenshot gap between images). These are marked with DATA_GAP:true and a note field rather than filled with guessed values. Given the density and volume of this table (~365 data rows), spot-checking a sample against the original source CSV (lookupTables/Component/tblBoring.csv) is recommended before using this for production costing decisions.",182,511,273,966,Bore,"Sandvik Duobore, inserts pC14-C21",20.31,200,Brinell,46.0,1.2,9.5,19,276.0,0.4163,0.1,3620,15,25.6,2.0,,
USA reference export,Lookup Table,Machining > Lookup Tables,tblBoring,lookupTables/Component/tblBoring.csv,"This table was transcribed from 24 screenshots across two batches. Two genuine gaps exist in the source screenshots themselves (not introduced by this transcription): (1) Corobore 820, material code 20.12, diameter 237.0mm row was never captured. (2) Sandvik Duobore pC14-C21: the 270mm-diameter row for code 3.11, and all rows for codes 3.13, 3.2, 3.21, 3.22, 30.11, 30.12, and 30.21, were never captured (a scroll/screenshot gap between images). These are marked with DATA_GAP:true and a note field rather than filled with guessed values. Given the density and volume of this table (~365 data rows), spot-checking a sample against the original source CSV (lookupTables/Component/tblBoring.csv) is recommended before using this for production costing decisions.",182,511,273,966,Bore,"Sandvik Duobore, inserts pC14-C21",20.31,200,Brinell,55.0,0.4,9.5,19,220.0,0.45,0.1,3620,15,25.6,2.0,,
USA reference export,Lookup Table,Machining > Lookup Tables,tblBoring,lookupTables/Component/tblBoring.csv,"This table was transcribed from 24 screenshots across two batches. Two genuine gaps exist in the source screenshots themselves (not introduced by this transcription): (1) Corobore 820, material code 20.12, diameter 237.0mm row was never captured. (2) Sandvik Duobore pC14-C21: the 270mm-diameter row for code 3.11, and all rows for codes 3.13, 3.2, 3.21, 3.22, 30.11, 30.12, and 30.21, were never captured (a scroll/screenshot gap between images). These are marked with DATA_GAP:true and a note field rather than filled with guessed values. Given the density and volume of this table (~365 data rows), spot-checking a sample against the original source CSV (lookupTables/Component/tblBoring.csv) is recommended before using this for production costing decisions.",182,511,273,966,Bore,"Sandvik Duobore, inserts pC14-C21",20.31,200,Brinell,101.0,0.4,9.5,19,606.0,0.675,0.08,3620,15,25.6,2.0,,
USA reference export,Lookup Table,Machining > Lookup Tables,tblBoring,lookupTables/Component/tblBoring.csv,"This table was transcribed from 24 screenshots across two batches. Two genuine gaps exist in the source screenshots themselves (not introduced by this transcription): (1) Corobore 820, material code 20.12, diameter 237.0mm row was never captured. (2) Sandvik Duobore pC14-C21: the 270mm-diameter row for code 3.11, and all rows for codes 3.13, 3.2, 3.21, 3.22, 30.11, 30.12, and 30.21, were never captured (a scroll/screenshot gap between images). These are marked with DATA_GAP:true and a note field rather than filled with guessed values. Given the density and volume of this table (~365 data rows), spot-checking a sample against the original source CSV (lookupTables/Component/tblBoring.csv) is recommended before using this for production costing decisions.",182,511,273,966,Bore,"Sandvik Duobore, inserts pC14-C21",20.31,200,Brinell,270.0,0.4,9.5,19,1080.0,0.9,0.08,3620,15,25.6,2.0,,
USA reference export,Lookup Table,Machining > Lookup Tables,tblBoring,lookupTables/Component/tblBoring.csv,"This table was transcribed from 24 screenshots across two batches. Two genuine gaps exist in the source screenshots themselves (not introduced by this transcription): (1) Corobore 820, material code 20.12, diameter 237.0mm row was never captured. (2) Sandvik Duobore pC14-C21: the 270mm-diameter row for code 3.11, and all rows for codes 3.13, 3.2, 3.21, 3.22, 30.11, 30.12, and 30.21, were never captured (a scroll/screenshot gap between images). These are marked with DATA_GAP:true and a note field rather than filled with guessed values. Given the density and volume of this table (~365 data rows), spot-checking a sample against the original source CSV (lookupTables/Component/tblBoring.csv) is recommended before using this for production costing decisions.",182,511,273,966,Bore,"Sandvik Duobore, inserts pC14-C21",20.32,300,Brinell,25.0,0.8,9.5,7,150.0,0.4063,0.05,4000,15,25.6,2.0,,
USA reference export,Lookup Table,Machining > Lookup Tables,tblBoring,lookupTables/Component/tblBoring.csv,"This table was transcribed from 24 screenshots across two batches. Two genuine gaps exist in the source screenshots themselves (not introduced by this transcription): (1) Corobore 820, material code 20.12, diameter 237.0mm row was never captured. (2) Sandvik Duobore pC14-C21: the 270mm-diameter row for code 3.11, and all rows for codes 3.13, 3.2, 3.21, 3.22, 30.11, 30.12, and 30.21, were never captured (a scroll/screenshot gap between images). These are marked with DATA_GAP:true and a note field rather than filled with guessed values. Given the density and volume of this table (~365 data rows), spot-checking a sample against the original source CSV (lookupTables/Component/tblBoring.csv) is recommended before using this for production costing decisions.",182,511,273,966,Bore,"Sandvik Duobore, inserts pC14-C21",20.32,300,Brinell,37.0,1.2,9.5,7,222.0,0.4375,0.08,4000,15,25.6,2.0,,
USA reference export,Lookup Table,Machining > Lookup Tables,tblBoring,lookupTables/Component/tblBoring.csv,"This table was transcribed from 24 screenshots across two batches. Two genuine gaps exist in the source screenshots themselves (not introduced by this transcription): (1) Corobore 820, material code 20.12, diameter 237.0mm row was never captured. (2) Sandvik Duobore pC14-C21: the 270mm-diameter row for code 3.11, and all rows for codes 3.13, 3.2, 3.21, 3.22, 30.11, 30.12, and 30.21, were never captured (a scroll/screenshot gap between images). These are marked with DATA_GAP:true and a note field rather than filled with guessed values. Given the density and volume of this table (~365 data rows), spot-checking a sample against the original source CSV (lookupTables/Component/tblBoring.csv) is recommended before using this for production costing decisions.",182,511,273,966,Bore,"Sandvik Duobore, inserts pC14-C21",20.32,300,Brinell,46.0,1.2,9.5,7,276.0,0.4625,0.1,4000,15,25.6,2.0,,
USA reference export,Lookup Table,Machining > Lookup Tables,tblBoring,lookupTables/Component/tblBoring.csv,"This table was transcribed from 24 screenshots across two batches. Two genuine gaps exist in the source screenshots themselves (not introduced by this transcription): (1) Corobore 820, material code 20.12, diameter 237.0mm row was never captured. (2) Sandvik Duobore pC14-C21: the 270mm-diameter row for code 3.11, and all rows for codes 3.13, 3.2, 3.21, 3.22, 30.11, 30.12, and 30.21, were never captured (a scroll/screenshot gap between images). These are marked with DATA_GAP:true and a note field rather than filled with guessed values. Given the density and volume of this table (~365 data rows), spot-checking a sample against the original source CSV (lookupTables/Component/tblBoring.csv) is recommended before using this for production costing decisions.",182,511,273,966,Bore,"Sandvik Duobore, inserts pC14-C21",20.32,300,Brinell,55.0,0.4,9.5,7,220.0,0.5,0.1,4000,15,25.6,2.0,,
USA reference export,Lookup Table,Machining > Lookup Tables,tblBoring,lookupTables/Component/tblBoring.csv,"This table was transcribed from 24 screenshots across two batches. Two genuine gaps exist in the source screenshots themselves (not introduced by this transcription): (1) Corobore 820, material code 20.12, diameter 237.0mm row was never captured. (2) Sandvik Duobore pC14-C21: the 270mm-diameter row for code 3.11, and all rows for codes 3.13, 3.2, 3.21, 3.22, 30.11, 30.12, and 30.21, were never captured (a scroll/screenshot gap between images). These are marked with DATA_GAP:true and a note field rather than filled with guessed values. Given the density and volume of this table (~365 data rows), spot-checking a sample against the original source CSV (lookupTables/Component/tblBoring.csv) is recommended before using this for production costing decisions.",182,511,273,966,Bore,"Sandvik Duobore, inserts pC14-C21",20.32,300,Brinell,101.0,0.4,9.5,7,606.0,0.75,0.08,4000,15,25.6,2.0,,
USA reference export,Lookup Table,Machining > Lookup Tables,tblBoring,lookupTables/Component/tblBoring.csv,"This table was transcribed from 24 screenshots across two batches. Two genuine gaps exist in the source screenshots themselves (not introduced by this transcription): (1) Corobore 820, material code 20.12, diameter 237.0mm row was never captured. (2) Sandvik Duobore pC14-C21: the 270mm-diameter row for code 3.11, and all rows for codes 3.13, 3.2, 3.21, 3.22, 30.11, 30.12, and 30.21, were never captured (a scroll/screenshot gap between images). These are marked with DATA_GAP:true and a note field rather than filled with guessed values. Given the density and volume of this table (~365 data rows), spot-checking a sample against the original source CSV (lookupTables/Component/tblBoring.csv) is recommended before using this for production costing decisions.",182,511,273,966,Bore,"Sandvik Duobore, inserts pC14-C21",20.32,300,Brinell,270.0,0.4,9.5,7,1080.0,1.0,0.08,4000,15,25.6,2.0,,
USA reference export,Lookup Table,Machining > Lookup Tables,tblBoring,lookupTables/Component/tblBoring.csv,"This table was transcribed from 24 screenshots across two batches. Two genuine gaps exist in the source screenshots themselves (not introduced by this transcription): (1) Corobore 820, material code 20.12, diameter 237.0mm row was never captured. (2) Sandvik Duobore pC14-C21: the 270mm-diameter row for code 3.11, and all rows for codes 3.13, 3.2, 3.21, 3.22, 30.11, 30.12, and 30.21, were never captured (a scroll/screenshot gap between images). These are marked with DATA_GAP:true and a note field rather than filled with guessed values. Given the density and volume of this table (~365 data rows), spot-checking a sample against the original source CSV (lookupTables/Component/tblBoring.csv) is recommended before using this for production costing decisions.",182,511,273,966,Bore,"Sandvik Duobore, inserts pC14-C21",20.33,320,Brinell,25.0,0.8,9.5,3,150.0,0.4144,0.05,4140,15,25.6,2.0,,
USA reference export,Lookup Table,Machining > Lookup Tables,tblBoring,lookupTables/Component/tblBoring.csv,"This table was transcribed from 24 screenshots across two batches. Two genuine gaps exist in the source screenshots themselves (not introduced by this transcription): (1) Corobore 820, material code 20.12, diameter 237.0mm row was never captured. (2) Sandvik Duobore pC14-C21: the 270mm-diameter row for code 3.11, and all rows for codes 3.13, 3.2, 3.21, 3.22, 30.11, 30.12, and 30.21, were never captured (a scroll/screenshot gap between images). These are marked with DATA_GAP:true and a note field rather than filled with guessed values. Given the density and volume of this table (~365 data rows), spot-checking a sample against the original source CSV (lookupTables/Component/tblBoring.csv) is recommended before using this for production costing decisions.",182,511,273,966,Bore,"Sandvik Duobore, inserts pC14-C21",20.33,320,Brinell,37.0,1.2,9.5,3,222.0,0.4462,0.08,4140,15,25.6,2.0,,
USA reference export,Lookup Table,Machining > Lookup Tables,tblBoring,lookupTables/Component/tblBoring.csv,"This table was transcribed from 24 screenshots across two batches. Two genuine gaps exist in the source screenshots themselves (not introduced by this transcription): (1) Corobore 820, material code 20.12, diameter 237.0mm row was never captured. (2) Sandvik Duobore pC14-C21: the 270mm-diameter row for code 3.11, and all rows for codes 3.13, 3.2, 3.21, 3.22, 30.11, 30.12, and 30.21, were never captured (a scroll/screenshot gap between images). These are marked with DATA_GAP:true and a note field rather than filled with guessed values. Given the density and volume of this table (~365 data rows), spot-checking a sample against the original source CSV (lookupTables/Component/tblBoring.csv) is recommended before using this for production costing decisions.",182,511,273,966,Bore,"Sandvik Duobore, inserts pC14-C21",20.33,320,Brinell,46.0,1.2,9.5,3,276.0,0.4718,0.1,4140,15,25.6,2.0,,
USA reference export,Lookup Table,Machining > Lookup Tables,tblBoring,lookupTables/Component/tblBoring.csv,"This table was transcribed from 24 screenshots across two batches. Two genuine gaps exist in the source screenshots themselves (not introduced by this transcription): (1) Corobore 820, material code 20.12, diameter 237.0mm row was never captured. (2) Sandvik Duobore pC14-C21: the 270mm-diameter row for code 3.11, and all rows for codes 3.13, 3.2, 3.21, 3.22, 30.11, 30.12, and 30.21, were never captured (a scroll/screenshot gap between images). These are marked with DATA_GAP:true and a note field rather than filled with guessed values. Given the density and volume of this table (~365 data rows), spot-checking a sample against the original source CSV (lookupTables/Component/tblBoring.csv) is recommended before using this for production costing decisions.",182,511,273,966,Bore,"Sandvik Duobore, inserts pC14-C21",20.33,320,Brinell,55.0,0.4,9.5,3,220.0,0.51,0.1,4140,15,25.6,2.0,,
USA reference export,Lookup Table,Machining > Lookup Tables,tblBoring,lookupTables/Component/tblBoring.csv,"This table was transcribed from 24 screenshots across two batches. Two genuine gaps exist in the source screenshots themselves (not introduced by this transcription): (1) Corobore 820, material code 20.12, diameter 237.0mm row was never captured. (2) Sandvik Duobore pC14-C21: the 270mm-diameter row for code 3.11, and all rows for codes 3.13, 3.2, 3.21, 3.22, 30.11, 30.12, and 30.21, were never captured (a scroll/screenshot gap between images). These are marked with DATA_GAP:true and a note field rather than filled with guessed values. Given the density and volume of this table (~365 data rows), spot-checking a sample against the original source CSV (lookupTables/Component/tblBoring.csv) is recommended before using this for production costing decisions.",182,511,273,966,Bore,"Sandvik Duobore, inserts pC14-C21",20.33,320,Brinell,101.0,0.4,9.5,3,606.0,0.765,0.08,4140,15,25.6,2.0,,
USA reference export,Lookup Table,Machining > Lookup Tables,tblBoring,lookupTables/Component/tblBoring.csv,"This table was transcribed from 24 screenshots across two batches. Two genuine gaps exist in the source screenshots themselves (not introduced by this transcription): (1) Corobore 820, material code 20.12, diameter 237.0mm row was never captured. (2) Sandvik Duobore pC14-C21: the 270mm-diameter row for code 3.11, and all rows for codes 3.13, 3.2, 3.21, 3.22, 30.11, 30.12, and 30.21, were never captured (a scroll/screenshot gap between images). These are marked with DATA_GAP:true and a note field rather than filled with guessed values. Given the density and volume of this table (~365 data rows), spot-checking a sample against the original source CSV (lookupTables/Component/tblBoring.csv) is recommended before using this for production costing decisions.",182,511,273,966,Bore,"Sandvik Duobore, inserts pC14-C21",20.33,320,Brinell,270.0,0.4,9.5,3,1080.0,1.02,0.08,4140,15,25.6,2.0,,
USA reference export,Lookup Table,Machining > Lookup Tables,tblBoring,lookupTables/Component/tblBoring.csv,"This table was transcribed from 24 screenshots across two batches. Two genuine gaps exist in the source screenshots themselves (not introduced by this transcription): (1) Corobore 820, material code 20.12, diameter 237.0mm row was never captured. (2) Sandvik Duobore pC14-C21: the 270mm-diameter row for code 3.11, and all rows for codes 3.13, 3.2, 3.21, 3.22, 30.11, 30.12, and 30.21, were never captured (a scroll/screenshot gap between images). These are marked with DATA_GAP:true and a note field rather than filled with guessed values. Given the density and volume of this table (~365 data rows), spot-checking a sample against the original source CSV (lookupTables/Component/tblBoring.csv) is recommended before using this for production costing decisions.",182,511,273,966,Bore,"Sandvik Duobore, inserts pC14-C21",23.1,400,Tensile Strength,25.0,0.8,9.5,48,150.0,0.5687,0.05,1660,15,25.6,2.0,,
USA reference export,Lookup Table,Machining > Lookup Tables,tblBoring,lookupTables/Component/tblBoring.csv,"This table was transcribed from 24 screenshots across two batches. Two genuine gaps exist in the source screenshots themselves (not introduced by this transcription): (1) Corobore 820, material code 20.12, diameter 237.0mm row was never captured. (2) Sandvik Duobore pC14-C21: the 270mm-diameter row for code 3.11, and all rows for codes 3.13, 3.2, 3.21, 3.22, 30.11, 30.12, and 30.21, were never captured (a scroll/screenshot gap between images). These are marked with DATA_GAP:true and a note field rather than filled with guessed values. Given the density and volume of this table (~365 data rows), spot-checking a sample against the original source CSV (lookupTables/Component/tblBoring.csv) is recommended before using this for production costing decisions.",182,511,273,966,Bore,"Sandvik Duobore, inserts pC14-C21",23.1,400,Tensile Strength,37.0,1.2,9.5,48,222.0,0.6125,0.08,1660,15,25.6,2.0,,
USA reference export,Lookup Table,Machining > Lookup Tables,tblBoring,lookupTables/Component/tblBoring.csv,"This table was transcribed from 24 screenshots across two batches. Two genuine gaps exist in the source screenshots themselves (not introduced by this transcription): (1) Corobore 820, material code 20.12, diameter 237.0mm row was never captured. (2) Sandvik Duobore pC14-C21: the 270mm-diameter row for code 3.11, and all rows for codes 3.13, 3.2, 3.21, 3.22, 30.11, 30.12, and 30.21, were never captured (a scroll/screenshot gap between images). These are marked with DATA_GAP:true and a note field rather than filled with guessed values. Given the density and volume of this table (~365 data rows), spot-checking a sample against the original source CSV (lookupTables/Component/tblBoring.csv) is recommended before using this for production costing decisions.",182,511,273,966,Bore,"Sandvik Duobore, inserts pC14-C21",23.1,400,Tensile Strength,46.0,1.2,9.5,48,276.0,0.6475,0.1,1660,15,25.6,2.0,,
USA reference export,Lookup Table,Machining > Lookup Tables,tblBoring,lookupTables/Component/tblBoring.csv,"This table was transcribed from 24 screenshots across two batches. Two genuine gaps exist in the source screenshots themselves (not introduced by this transcription): (1) Corobore 820, material code 20.12, diameter 237.0mm row was never captured. (2) Sandvik Duobore pC14-C21: the 270mm-diameter row for code 3.11, and all rows for codes 3.13, 3.2, 3.21, 3.22, 30.11, 30.12, and 30.21, were never captured (a scroll/screenshot gap between images). These are marked with DATA_GAP:true and a note field rather than filled with guessed values. Given the density and volume of this table (~365 data rows), spot-checking a sample against the original source CSV (lookupTables/Component/tblBoring.csv) is recommended before using this for production costing decisions.",182,511,273,966,Bore,"Sandvik Duobore, inserts pC14-C21",23.1,400,Tensile Strength,55.0,0.4,9.5,48,220.0,0.7,0.1,1660,15,25.6,2.0,,
USA reference export,Lookup Table,Machining > Lookup Tables,tblBoring,lookupTables/Component/tblBoring.csv,"This table was transcribed from 24 screenshots across two batches. Two genuine gaps exist in the source screenshots themselves (not introduced by this transcription): (1) Corobore 820, material code 20.12, diameter 237.0mm row was never captured. (2) Sandvik Duobore pC14-C21: the 270mm-diameter row for code 3.11, and all rows for codes 3.13, 3.2, 3.21, 3.22, 30.11, 30.12, and 30.21, were never captured (a scroll/screenshot gap between images). These are marked with DATA_GAP:true and a note field rather than filled with guessed values. Given the density and volume of this table (~365 data rows), spot-checking a sample against the original source CSV (lookupTables/Component/tblBoring.csv) is recommended before using this for production costing decisions.",182,511,273,966,Bore,"Sandvik Duobore, inserts pC14-C21",23.1,400,Tensile Strength,101.0,0.4,9.5,48,606.0,1.05,0.08,1660,15,25.6,2.0,,
USA reference export,Lookup Table,Machining > Lookup Tables,tblBoring,lookupTables/Component/tblBoring.csv,"This table was transcribed from 24 screenshots across two batches. Two genuine gaps exist in the source screenshots themselves (not introduced by this transcription): (1) Corobore 820, material code 20.12, diameter 237.0mm row was never captured. (2) Sandvik Duobore pC14-C21: the 270mm-diameter row for code 3.11, and all rows for codes 3.13, 3.2, 3.21, 3.22, 30.11, 30.12, and 30.21, were never captured (a scroll/screenshot gap between images). These are marked with DATA_GAP:true and a note field rather than filled with guessed values. Given the density and volume of this table (~365 data rows), spot-checking a sample against the original source CSV (lookupTables/Component/tblBoring.csv) is recommended before using this for production costing decisions.",182,511,273,966,Bore,"Sandvik Duobore, inserts pC14-C21",23.1,400,Tensile Strength,270.0,0.4,9.5,48,1080.0,1.4,0.08,1660,15,25.6,2.0,,
USA reference export,Lookup Table,Machining > Lookup Tables,tblBoring,lookupTables/Component/tblBoring.csv,"This table was transcribed from 24 screenshots across two batches. Two genuine gaps exist in the source screenshots themselves (not introduced by this transcription): (1) Corobore 820, material code 20.12, diameter 237.0mm row was never captured. (2) Sandvik Duobore pC14-C21: the 270mm-diameter row for code 3.11, and all rows for codes 3.13, 3.2, 3.21, 3.22, 30.11, 30.12, and 30.21, were never captured (a scroll/screenshot gap between images). These are marked with DATA_GAP:true and a note field rather than filled with guessed values. Given the density and volume of this table (~365 data rows), spot-checking a sample against the original source CSV (lookupTables/Component/tblBoring.csv) is recommended before using this for production costing decisions.",182,511,273,966,Bore,"Sandvik Duobore, inserts pC14-C21",23.21,950,Tensile Strength,25.0,0.8,9.5,36,150.0,0.5687,0.05,1800,15,25.6,2.0,,
USA reference export,Lookup Table,Machining > Lookup Tables,tblBoring,lookupTables/Component/tblBoring.csv,"This table was transcribed from 24 screenshots across two batches. Two genuine gaps exist in the source screenshots themselves (not introduced by this transcription): (1) Corobore 820, material code 20.12, diameter 237.0mm row was never captured. (2) Sandvik Duobore pC14-C21: the 270mm-diameter row for code 3.11, and all rows for codes 3.13, 3.2, 3.21, 3.22, 30.11, 30.12, and 30.21, were never captured (a scroll/screenshot gap between images). These are marked with DATA_GAP:true and a note field rather than filled with guessed values. Given the density and volume of this table (~365 data rows), spot-checking a sample against the original source CSV (lookupTables/Component/tblBoring.csv) is recommended before using this for production costing decisions.",182,511,273,966,Bore,"Sandvik Duobore, inserts pC14-C21",23.21,950,Tensile Strength,37.0,1.2,9.5,36,222.0,0.6125,0.08,1800,15,25.6,2.0,,
USA reference export,Lookup Table,Machining > Lookup Tables,tblBoring,lookupTables/Component/tblBoring.csv,"This table was transcribed from 24 screenshots across two batches. Two genuine gaps exist in the source screenshots themselves (not introduced by this transcription): (1) Corobore 820, material code 20.12, diameter 237.0mm row was never captured. (2) Sandvik Duobore pC14-C21: the 270mm-diameter row for code 3.11, and all rows for codes 3.13, 3.2, 3.21, 3.22, 30.11, 30.12, and 30.21, were never captured (a scroll/screenshot gap between images). These are marked with DATA_GAP:true and a note field rather than filled with guessed values. Given the density and volume of this table (~365 data rows), spot-checking a sample against the original source CSV (lookupTables/Component/tblBoring.csv) is recommended before using this for production costing decisions.",182,511,273,966,Bore,"Sandvik Duobore, inserts pC14-C21",23.21,950,Tensile Strength,46.0,1.2,9.5,36,276.0,0.6475,0.1,1800,15,25.6,2.0,,
USA reference export,Lookup Table,Machining > Lookup Tables,tblBoring,lookupTables/Component/tblBoring.csv,"This table was transcribed from 24 screenshots across two batches. Two genuine gaps exist in the source screenshots themselves (not introduced by this transcription): (1) Corobore 820, material code 20.12, diameter 237.0mm row was never captured. (2) Sandvik Duobore pC14-C21: the 270mm-diameter row for code 3.11, and all rows for codes 3.13, 3.2, 3.21, 3.22, 30.11, 30.12, and 30.21, were never captured (a scroll/screenshot gap between images). These are marked with DATA_GAP:true and a note field rather than filled with guessed values. Given the density and volume of this table (~365 data rows), spot-checking a sample against the original source CSV (lookupTables/Component/tblBoring.csv) is recommended before using this for production costing decisions.",182,511,273,966,Bore,"Sandvik Duobore, inserts pC14-C21",23.21,950,Tensile Strength,55.0,0.4,9.5,36,220.0,0.7,0.1,1800,15,25.6,2.0,,
USA reference export,Lookup Table,Machining > Lookup Tables,tblBoring,lookupTables/Component/tblBoring.csv,"This table was transcribed from 24 screenshots across two batches. Two genuine gaps exist in the source screenshots themselves (not introduced by this transcription): (1) Corobore 820, material code 20.12, diameter 237.0mm row was never captured. (2) Sandvik Duobore pC14-C21: the 270mm-diameter row for code 3.11, and all rows for codes 3.13, 3.2, 3.21, 3.22, 30.11, 30.12, and 30.21, were never captured (a scroll/screenshot gap between images). These are marked with DATA_GAP:true and a note field rather than filled with guessed values. Given the density and volume of this table (~365 data rows), spot-checking a sample against the original source CSV (lookupTables/Component/tblBoring.csv) is recommended before using this for production costing decisions.",182,511,273,966,Bore,"Sandvik Duobore, inserts pC14-C21",23.21,950,Tensile Strength,101.0,0.4,9.5,36,606.0,1.05,0.08,1800,15,25.6,2.0,,
USA reference export,Lookup Table,Machining > Lookup Tables,tblBoring,lookupTables/Component/tblBoring.csv,"This table was transcribed from 24 screenshots across two batches. Two genuine gaps exist in the source screenshots themselves (not introduced by this transcription): (1) Corobore 820, material code 20.12, diameter 237.0mm row was never captured. (2) Sandvik Duobore pC14-C21: the 270mm-diameter row for code 3.11, and all rows for codes 3.13, 3.2, 3.21, 3.22, 30.11, 30.12, and 30.21, were never captured (a scroll/screenshot gap between images). These are marked with DATA_GAP:true and a note field rather than filled with guessed values. Given the density and volume of this table (~365 data rows), spot-checking a sample against the original source CSV (lookupTables/Component/tblBoring.csv) is recommended before using this for production costing decisions.",182,511,273,966,Bore,"Sandvik Duobore, inserts pC14-C21",23.21,950,Tensile Strength,270.0,0.4,9.5,36,1080.0,1.4,0.08,1800,15,25.6,2.0,,
USA reference export,Lookup Table,Machining > Lookup Tables,tblBoring,lookupTables/Component/tblBoring.csv,"This table was transcribed from 24 screenshots across two batches. Two genuine gaps exist in the source screenshots themselves (not introduced by this transcription): (1) Corobore 820, material code 20.12, diameter 237.0mm row was never captured. (2) Sandvik Duobore pC14-C21: the 270mm-diameter row for code 3.11, and all rows for codes 3.13, 3.2, 3.21, 3.22, 30.11, 30.12, and 30.21, were never captured (a scroll/screenshot gap between images). These are marked with DATA_GAP:true and a note field rather than filled with guessed values. Given the density and volume of this table (~365 data rows), spot-checking a sample against the original source CSV (lookupTables/Component/tblBoring.csv) is recommended before using this for production costing decisions.",182,511,273,966,Bore,"Sandvik Duobore, inserts pC14-C21",23.22,1050,Tensile Strength,25.0,0.8,9.5,36,150.0,0.5687,0.05,1800,15,25.6,2.0,,
USA reference export,Lookup Table,Machining > Lookup Tables,tblBoring,lookupTables/Component/tblBoring.csv,"This table was transcribed from 24 screenshots across two batches. Two genuine gaps exist in the source screenshots themselves (not introduced by this transcription): (1) Corobore 820, material code 20.12, diameter 237.0mm row was never captured. (2) Sandvik Duobore pC14-C21: the 270mm-diameter row for code 3.11, and all rows for codes 3.13, 3.2, 3.21, 3.22, 30.11, 30.12, and 30.21, were never captured (a scroll/screenshot gap between images). These are marked with DATA_GAP:true and a note field rather than filled with guessed values. Given the density and volume of this table (~365 data rows), spot-checking a sample against the original source CSV (lookupTables/Component/tblBoring.csv) is recommended before using this for production costing decisions.",182,511,273,966,Bore,"Sandvik Duobore, inserts pC14-C21",23.22,1050,Tensile Strength,37.0,1.2,9.5,36,222.0,0.6125,0.08,1800,15,25.6,2.0,,
USA reference export,Lookup Table,Machining > Lookup Tables,tblBoring,lookupTables/Component/tblBoring.csv,"This table was transcribed from 24 screenshots across two batches. Two genuine gaps exist in the source screenshots themselves (not introduced by this transcription): (1) Corobore 820, material code 20.12, diameter 237.0mm row was never captured. (2) Sandvik Duobore pC14-C21: the 270mm-diameter row for code 3.11, and all rows for codes 3.13, 3.2, 3.21, 3.22, 30.11, 30.12, and 30.21, were never captured (a scroll/screenshot gap between images). These are marked with DATA_GAP:true and a note field rather than filled with guessed values. Given the density and volume of this table (~365 data rows), spot-checking a sample against the original source CSV (lookupTables/Component/tblBoring.csv) is recommended before using this for production costing decisions.",182,511,273,966,Bore,"Sandvik Duobore, inserts pC14-C21",23.22,1050,Tensile Strength,46.0,1.2,9.5,36,276.0,0.6475,0.1,1800,15,25.6,2.0,,
USA reference export,Lookup Table,Machining > Lookup Tables,tblBoring,lookupTables/Component/tblBoring.csv,"This table was transcribed from 24 screenshots across two batches. Two genuine gaps exist in the source screenshots themselves (not introduced by this transcription): (1) Corobore 820, material code 20.12, diameter 237.0mm row was never captured. (2) Sandvik Duobore pC14-C21: the 270mm-diameter row for code 3.11, and all rows for codes 3.13, 3.2, 3.21, 3.22, 30.11, 30.12, and 30.21, were never captured (a scroll/screenshot gap between images). These are marked with DATA_GAP:true and a note field rather than filled with guessed values. Given the density and volume of this table (~365 data rows), spot-checking a sample against the original source CSV (lookupTables/Component/tblBoring.csv) is recommended before using this for production costing decisions.",182,511,273,966,Bore,"Sandvik Duobore, inserts pC14-C21",23.22,1050,Tensile Strength,55.0,0.4,9.5,36,220.0,0.7,0.1,1800,15,25.6,2.0,,
USA reference export,Lookup Table,Machining > Lookup Tables,tblBoring,lookupTables/Component/tblBoring.csv,"This table was transcribed from 24 screenshots across two batches. Two genuine gaps exist in the source screenshots themselves (not introduced by this transcription): (1) Corobore 820, material code 20.12, diameter 237.0mm row was never captured. (2) Sandvik Duobore pC14-C21: the 270mm-diameter row for code 3.11, and all rows for codes 3.13, 3.2, 3.21, 3.22, 30.11, 30.12, and 30.21, were never captured (a scroll/screenshot gap between images). These are marked with DATA_GAP:true and a note field rather than filled with guessed values. Given the density and volume of this table (~365 data rows), spot-checking a sample against the original source CSV (lookupTables/Component/tblBoring.csv) is recommended before using this for production costing decisions.",182,511,273,966,Bore,"Sandvik Duobore, inserts pC14-C21",23.22,1050,Tensile Strength,101.0,0.4,9.5,36,606.0,1.05,0.08,1800,15,25.6,2.0,,
USA reference export,Lookup Table,Machining > Lookup Tables,tblBoring,lookupTables/Component/tblBoring.csv,"This table was transcribed from 24 screenshots across two batches. Two genuine gaps exist in the source screenshots themselves (not introduced by this transcription): (1) Corobore 820, material code 20.12, diameter 237.0mm row was never captured. (2) Sandvik Duobore pC14-C21: the 270mm-diameter row for code 3.11, and all rows for codes 3.13, 3.2, 3.21, 3.22, 30.11, 30.12, and 30.21, were never captured (a scroll/screenshot gap between images). These are marked with DATA_GAP:true and a note field rather than filled with guessed values. Given the density and volume of this table (~365 data rows), spot-checking a sample against the original source CSV (lookupTables/Component/tblBoring.csv) is recommended before using this for production costing decisions.",182,511,273,966,Bore,"Sandvik Duobore, inserts pC14-C21",23.22,1050,Tensile Strength,270.0,0.4,9.5,36,1080.0,1.4,0.08,1800,15,25.6,2.0,,
USA reference export,Lookup Table,Machining > Lookup Tables,tblBoring,lookupTables/Component/tblBoring.csv,"This table was transcribed from 24 screenshots across two batches. Two genuine gaps exist in the source screenshots themselves (not introduced by this transcription): (1) Corobore 820, material code 20.12, diameter 237.0mm row was never captured. (2) Sandvik Duobore pC14-C21: the 270mm-diameter row for code 3.11, and all rows for codes 3.13, 3.2, 3.21, 3.22, 30.11, 30.12, and 30.21, were never captured (a scroll/screenshot gap between images). These are marked with DATA_GAP:true and a note field rather than filled with guessed values. Given the density and volume of this table (~365 data rows), spot-checking a sample against the original source CSV (lookupTables/Component/tblBoring.csv) is recommended before using this for production costing decisions.",182,511,273,966,Bore,"Sandvik Duobore, inserts pC14-C21",3.1,200,Brinell,25.0,0.8,9.5,169,150.0,0.5687,0.05,2740,15,25.6,2.0,,
USA reference export,Lookup Table,Machining > Lookup Tables,tblBoring,lookupTables/Component/tblBoring.csv,"This table was transcribed from 24 screenshots across two batches. Two genuine gaps exist in the source screenshots themselves (not introduced by this transcription): (1) Corobore 820, material code 20.12, diameter 237.0mm row was never captured. (2) Sandvik Duobore pC14-C21: the 270mm-diameter row for code 3.11, and all rows for codes 3.13, 3.2, 3.21, 3.22, 30.11, 30.12, and 30.21, were never captured (a scroll/screenshot gap between images). These are marked with DATA_GAP:true and a note field rather than filled with guessed values. Given the density and volume of this table (~365 data rows), spot-checking a sample against the original source CSV (lookupTables/Component/tblBoring.csv) is recommended before using this for production costing decisions.",182,511,273,966,Bore,"Sandvik Duobore, inserts pC14-C21",3.1,200,Brinell,37.0,1.2,9.5,169,222.0,0.6125,0.08,2740,15,25.6,2.0,,
USA reference export,Lookup Table,Machining > Lookup Tables,tblBoring,lookupTables/Component/tblBoring.csv,"This table was transcribed from 24 screenshots across two batches. Two genuine gaps exist in the source screenshots themselves (not introduced by this transcription): (1) Corobore 820, material code 20.12, diameter 237.0mm row was never captured. (2) Sandvik Duobore pC14-C21: the 270mm-diameter row for code 3.11, and all rows for codes 3.13, 3.2, 3.21, 3.22, 30.11, 30.12, and 30.21, were never captured (a scroll/screenshot gap between images). These are marked with DATA_GAP:true and a note field rather than filled with guessed values. Given the density and volume of this table (~365 data rows), spot-checking a sample against the original source CSV (lookupTables/Component/tblBoring.csv) is recommended before using this for production costing decisions.",182,511,273,966,Bore,"Sandvik Duobore, inserts pC14-C21",3.1,200,Brinell,46.0,1.2,9.5,169,276.0,0.6475,0.1,2740,15,25.6,2.0,,
USA reference export,Lookup Table,Machining > Lookup Tables,tblBoring,lookupTables/Component/tblBoring.csv,"This table was transcribed from 24 screenshots across two batches. Two genuine gaps exist in the source screenshots themselves (not introduced by this transcription): (1) Corobore 820, material code 20.12, diameter 237.0mm row was never captured. (2) Sandvik Duobore pC14-C21: the 270mm-diameter row for code 3.11, and all rows for codes 3.13, 3.2, 3.21, 3.22, 30.11, 30.12, and 30.21, were never captured (a scroll/screenshot gap between images). These are marked with DATA_GAP:true and a note field rather than filled with guessed values. Given the density and volume of this table (~365 data rows), spot-checking a sample against the original source CSV (lookupTables/Component/tblBoring.csv) is recommended before using this for production costing decisions.",182,511,273,966,Bore,"Sandvik Duobore, inserts pC14-C21",3.1,200,Brinell,55.0,0.4,9.5,169,220.0,0.7,0.1,2740,15,25.6,2.0,,
USA reference export,Lookup Table,Machining > Lookup Tables,tblBoring,lookupTables/Component/tblBoring.csv,"This table was transcribed from 24 screenshots across two batches. Two genuine gaps exist in the source screenshots themselves (not introduced by this transcription): (1) Corobore 820, material code 20.12, diameter 237.0mm row was never captured. (2) Sandvik Duobore pC14-C21: the 270mm-diameter row for code 3.11, and all rows for codes 3.13, 3.2, 3.21, 3.22, 30.11, 30.12, and 30.21, were never captured (a scroll/screenshot gap between images). These are marked with DATA_GAP:true and a note field rather than filled with guessed values. Given the density and volume of this table (~365 data rows), spot-checking a sample against the original source CSV (lookupTables/Component/tblBoring.csv) is recommended before using this for production costing decisions.",182,511,273,966,Bore,"Sandvik Duobore, inserts pC14-C21",3.1,200,Brinell,101.0,0.4,9.5,169,606.0,1.05,0.08,2740,15,25.6,2.0,,
USA reference export,Lookup Table,Machining > Lookup Tables,tblBoring,lookupTables/Component/tblBoring.csv,"This table was transcribed from 24 screenshots across two batches. Two genuine gaps exist in the source screenshots themselves (not introduced by this transcription): (1) Corobore 820, material code 20.12, diameter 237.0mm row was never captured. (2) Sandvik Duobore pC14-C21: the 270mm-diameter row for code 3.11, and all rows for codes 3.13, 3.2, 3.21, 3.22, 30.11, 30.12, and 30.21, were never captured (a scroll/screenshot gap between images). These are marked with DATA_GAP:true and a note field rather than filled with guessed values. Given the density and volume of this table (~365 data rows), spot-checking a sample against the original source CSV (lookupTables/Component/tblBoring.csv) is recommended before using this for production costing decisions.",182,511,273,966,Bore,"Sandvik Duobore, inserts pC14-C21",3.1,200,Brinell,270.0,0.4,9.5,169,1080.0,1.4,0.08,2740,15,25.6,2.0,,
USA reference export,Lookup Table,Machining > Lookup Tables,tblBoring,lookupTables/Component/tblBoring.csv,"This table was transcribed from 24 screenshots across two batches. Two genuine gaps exist in the source screenshots themselves (not introduced by this transcription): (1) Corobore 820, material code 20.12, diameter 237.0mm row was never captured. (2) Sandvik Duobore pC14-C21: the 270mm-diameter row for code 3.11, and all rows for codes 3.13, 3.2, 3.21, 3.22, 30.11, 30.12, and 30.21, were never captured (a scroll/screenshot gap between images). These are marked with DATA_GAP:true and a note field rather than filled with guessed values. Given the density and volume of this table (~365 data rows), spot-checking a sample against the original source CSV (lookupTables/Component/tblBoring.csv) is recommended before using this for production costing decisions.",182,511,273,966,Bore,"Sandvik Duobore, inserts pC14-C21",3.11,200,Brinell,25.0,0.8,9.5,107,150.0,0.5687,0.05,2600,15,25.6,2.0,,
USA reference export,Lookup Table,Machining > Lookup Tables,tblBoring,lookupTables/Component/tblBoring.csv,"This table was transcribed from 24 screenshots across two batches. Two genuine gaps exist in the source screenshots themselves (not introduced by this transcription): (1) Corobore 820, material code 20.12, diameter 237.0mm row was never captured. (2) Sandvik Duobore pC14-C21: the 270mm-diameter row for code 3.11, and all rows for codes 3.13, 3.2, 3.21, 3.22, 30.11, 30.12, and 30.21, were never captured (a scroll/screenshot gap between images). These are marked with DATA_GAP:true and a note field rather than filled with guessed values. Given the density and volume of this table (~365 data rows), spot-checking a sample against the original source CSV (lookupTables/Component/tblBoring.csv) is recommended before using this for production costing decisions.",182,511,273,966,Bore,"Sandvik Duobore, inserts pC14-C21",3.11,200,Brinell,37.0,1.2,9.5,107,222.0,0.6125,0.08,2600,15,25.6,2.0,,
USA reference export,Lookup Table,Machining > Lookup Tables,tblBoring,lookupTables/Component/tblBoring.csv,"This table was transcribed from 24 screenshots across two batches. Two genuine gaps exist in the source screenshots themselves (not introduced by this transcription): (1) Corobore 820, material code 20.12, diameter 237.0mm row was never captured. (2) Sandvik Duobore pC14-C21: the 270mm-diameter row for code 3.11, and all rows for codes 3.13, 3.2, 3.21, 3.22, 30.11, 30.12, and 30.21, were never captured (a scroll/screenshot gap between images). These are marked with DATA_GAP:true and a note field rather than filled with guessed values. Given the density and volume of this table (~365 data rows), spot-checking a sample against the original source CSV (lookupTables/Component/tblBoring.csv) is recommended before using this for production costing decisions.",182,511,273,966,Bore,"Sandvik Duobore, inserts pC14-C21",3.11,200,Brinell,46.0,1.2,9.5,107,276.0,0.6475,0.1,2600,15,25.6,2.0,,
USA reference export,Lookup Table,Machining > Lookup Tables,tblBoring,lookupTables/Component/tblBoring.csv,"This table was transcribed from 24 screenshots across two batches. Two genuine gaps exist in the source screenshots themselves (not introduced by this transcription): (1) Corobore 820, material code 20.12, diameter 237.0mm row was never captured. (2) Sandvik Duobore pC14-C21: the 270mm-diameter row for code 3.11, and all rows for codes 3.13, 3.2, 3.21, 3.22, 30.11, 30.12, and 30.21, were never captured (a scroll/screenshot gap between images). These are marked with DATA_GAP:true and a note field rather than filled with guessed values. Given the density and volume of this table (~365 data rows), spot-checking a sample against the original source CSV (lookupTables/Component/tblBoring.csv) is recommended before using this for production costing decisions.",182,511,273,966,Bore,"Sandvik Duobore, inserts pC14-C21",3.11,200,Brinell,55.0,0.4,9.5,107,220.0,0.7,0.1,2600,15,25.6,2.0,,
USA reference export,Lookup Table,Machining > Lookup Tables,tblBoring,lookupTables/Component/tblBoring.csv,"This table was transcribed from 24 screenshots across two batches. Two genuine gaps exist in the source screenshots themselves (not introduced by this transcription): (1) Corobore 820, material code 20.12, diameter 237.0mm row was never captured. (2) Sandvik Duobore pC14-C21: the 270mm-diameter row for code 3.11, and all rows for codes 3.13, 3.2, 3.21, 3.22, 30.11, 30.12, and 30.21, were never captured (a scroll/screenshot gap between images). These are marked with DATA_GAP:true and a note field rather than filled with guessed values. Given the density and volume of this table (~365 data rows), spot-checking a sample against the original source CSV (lookupTables/Component/tblBoring.csv) is recommended before using this for production costing decisions.",182,511,273,966,Bore,"Sandvik Duobore, inserts pC14-C21",3.11,200,Brinell,101.0,0.4,9.5,107,606.0,1.05,0.08,2600,15,25.6,2.0,,
USA reference export,Lookup Table,Machining > Lookup Tables,tblBoring,lookupTables/Component/tblBoring.csv,"This table was transcribed from 24 screenshots across two batches. Two genuine gaps exist in the source screenshots themselves (not introduced by this transcription): (1) Corobore 820, material code 20.12, diameter 237.0mm row was never captured. (2) Sandvik Duobore pC14-C21: the 270mm-diameter row for code 3.11, and all rows for codes 3.13, 3.2, 3.21, 3.22, 30.11, 30.12, and 30.21, were never captured (a scroll/screenshot gap between images). These are marked with DATA_GAP:true and a note field rather than filled with guessed values. Given the density and volume of this table (~365 data rows), spot-checking a sample against the original source CSV (lookupTables/Component/tblBoring.csv) is recommended before using this for production costing decisions.",182,511,273,966,Bore,"Sandvik Duobore, inserts pC14-C21",3.11,200,Brinell,270.0,,,,,,,,,,,True,Row not captured in any provided screenshot (gap between screenshots). Not fabricated - verify against source.
USA reference export,Lookup Table,Machining > Lookup Tables,tblBoring,lookupTables/Component/tblBoring.csv,"This table was transcribed from 24 screenshots across two batches. Two genuine gaps exist in the source screenshots themselves (not introduced by this transcription): (1) Corobore 820, material code 20.12, diameter 237.0mm row was never captured. (2) Sandvik Duobore pC14-C21: the 270mm-diameter row for code 3.11, and all rows for codes 3.13, 3.2, 3.21, 3.22, 30.11, 30.12, and 30.21, were never captured (a scroll/screenshot gap between images). These are marked with DATA_GAP:true and a note field rather than filled with guessed values. Given the density and volume of this table (~365 data rows), spot-checking a sample against the original source CSV (lookupTables/Component/tblBoring.csv) is recommended before using this for production costing decisions.",182,511,273,966,Bore,"Sandvik Duobore, inserts pC14-C21",30.22,90,Brinell,25.0,0.8,9.5,178,150.0,0.65,0.05,940,15,25.6,2.0,,
USA reference export,Lookup Table,Machining > Lookup Tables,tblBoring,lookupTables/Component/tblBoring.csv,"This table was transcribed from 24 screenshots across two batches. Two genuine gaps exist in the source screenshots themselves (not introduced by this transcription): (1) Corobore 820, material code 20.12, diameter 237.0mm row was never captured. (2) Sandvik Duobore pC14-C21: the 270mm-diameter row for code 3.11, and all rows for codes 3.13, 3.2, 3.21, 3.22, 30.11, 30.12, and 30.21, were never captured (a scroll/screenshot gap between images). These are marked with DATA_GAP:true and a note field rather than filled with guessed values. Given the density and volume of this table (~365 data rows), spot-checking a sample against the original source CSV (lookupTables/Component/tblBoring.csv) is recommended before using this for production costing decisions.",182,511,273,966,Bore,"Sandvik Duobore, inserts pC14-C21",30.22,90,Brinell,37.0,1.2,9.5,178,222.0,0.7,0.08,940,15,25.6,2.0,,
USA reference export,Lookup Table,Machining > Lookup Tables,tblBoring,lookupTables/Component/tblBoring.csv,"This table was transcribed from 24 screenshots across two batches. Two genuine gaps exist in the source screenshots themselves (not introduced by this transcription): (1) Corobore 820, material code 20.12, diameter 237.0mm row was never captured. (2) Sandvik Duobore pC14-C21: the 270mm-diameter row for code 3.11, and all rows for codes 3.13, 3.2, 3.21, 3.22, 30.11, 30.12, and 30.21, were never captured (a scroll/screenshot gap between images). These are marked with DATA_GAP:true and a note field rather than filled with guessed values. Given the density and volume of this table (~365 data rows), spot-checking a sample against the original source CSV (lookupTables/Component/tblBoring.csv) is recommended before using this for production costing decisions.",182,511,273,966,Bore,"Sandvik Duobore, inserts pC14-C21",30.22,90,Brinell,46.0,1.2,9.5,178,276.0,0.74,0.1,940,15,25.6,2.0,,
USA reference export,Lookup Table,Machining > Lookup Tables,tblBoring,lookupTables/Component/tblBoring.csv,"This table was transcribed from 24 screenshots across two batches. Two genuine gaps exist in the source screenshots themselves (not introduced by this transcription): (1) Corobore 820, material code 20.12, diameter 237.0mm row was never captured. (2) Sandvik Duobore pC14-C21: the 270mm-diameter row for code 3.11, and all rows for codes 3.13, 3.2, 3.21, 3.22, 30.11, 30.12, and 30.21, were never captured (a scroll/screenshot gap between images). These are marked with DATA_GAP:true and a note field rather than filled with guessed values. Given the density and volume of this table (~365 data rows), spot-checking a sample against the original source CSV (lookupTables/Component/tblBoring.csv) is recommended before using this for production costing decisions.",182,511,273,966,Bore,"Sandvik Duobore, inserts pC14-C21",30.22,90,Brinell,55.0,0.4,9.5,178,220.0,0.8,0.1,940,15,25.6,2.0,,
USA reference export,Lookup Table,Machining > Lookup Tables,tblBoring,lookupTables/Component/tblBoring.csv,"This table was transcribed from 24 screenshots across two batches. Two genuine gaps exist in the source screenshots themselves (not introduced by this transcription): (1) Corobore 820, material code 20.12, diameter 237.0mm row was never captured. (2) Sandvik Duobore pC14-C21: the 270mm-diameter row for code 3.11, and all rows for codes 3.13, 3.2, 3.21, 3.22, 30.11, 30.12, and 30.21, were never captured (a scroll/screenshot gap between images). These are marked with DATA_GAP:true and a note field rather than filled with guessed values. Given the density and volume of this table (~365 data rows), spot-checking a sample against the original source CSV (lookupTables/Component/tblBoring.csv) is recommended before using this for production costing decisions.",182,511,273,966,Bore,"Sandvik Duobore, inserts pC14-C21",30.22,90,Brinell,101.0,0.4,9.5,178,606.0,1.2,0.08,940,15,25.6,2.0,,
USA reference export,Lookup Table,Machining > Lookup Tables,tblBoring,lookupTables/Component/tblBoring.csv,"This table was transcribed from 24 screenshots across two batches. Two genuine gaps exist in the source screenshots themselves (not introduced by this transcription): (1) Corobore 820, material code 20.12, diameter 237.0mm row was never captured. (2) Sandvik Duobore pC14-C21: the 270mm-diameter row for code 3.11, and all rows for codes 3.13, 3.2, 3.21, 3.22, 30.11, 30.12, and 30.21, were never captured (a scroll/screenshot gap between images). These are marked with DATA_GAP:true and a note field rather than filled with guessed values. Given the density and volume of this table (~365 data rows), spot-checking a sample against the original source CSV (lookupTables/Component/tblBoring.csv) is recommended before using this for production costing decisions.",182,511,273,966,Bore,"Sandvik Duobore, inserts pC14-C21",30.22,90,Brinell,270.0,0.4,9.5,178,1080.0,1.6,0.08,940,15,25.6,2.0,,
USA reference export,Lookup Table,Machining > Lookup Tables,tblBoring,lookupTables/Component/tblBoring.csv,"This table was transcribed from 24 screenshots across two batches. Two genuine gaps exist in the source screenshots themselves (not introduced by this transcription): (1) Corobore 820, material code 20.12, diameter 237.0mm row was never captured. (2) Sandvik Duobore pC14-C21: the 270mm-diameter row for code 3.11, and all rows for codes 3.13, 3.2, 3.21, 3.22, 30.11, 30.12, and 30.21, were never captured (a scroll/screenshot gap between images). These are marked with DATA_GAP:true and a note field rather than filled with guessed values. Given the density and volume of this table (~365 data rows), spot-checking a sample against the original source CSV (lookupTables/Component/tblBoring.csv) is recommended before using this for production costing decisions.",182,511,273,966,Bore,"Sandvik Duobore, inserts pC14-C21",30.3,30,Brinell,25.0,0.8,9.5,374,150.0,2.0313,0.05,460,15,25.6,2.0,,
USA reference export,Lookup Table,Machining > Lookup Tables,tblBoring,lookupTables/Component/tblBoring.csv,"This table was transcribed from 24 screenshots across two batches. Two genuine gaps exist in the source screenshots themselves (not introduced by this transcription): (1) Corobore 820, material code 20.12, diameter 237.0mm row was never captured. (2) Sandvik Duobore pC14-C21: the 270mm-diameter row for code 3.11, and all rows for codes 3.13, 3.2, 3.21, 3.22, 30.11, 30.12, and 30.21, were never captured (a scroll/screenshot gap between images). These are marked with DATA_GAP:true and a note field rather than filled with guessed values. Given the density and volume of this table (~365 data rows), spot-checking a sample against the original source CSV (lookupTables/Component/tblBoring.csv) is recommended before using this for production costing decisions.",182,511,273,966,Bore,"Sandvik Duobore, inserts pC14-C21",30.3,30,Brinell,37.0,1.2,9.5,374,222.0,2.1875,0.08,460,15,25.6,2.0,,
USA reference export,Lookup Table,Machining > Lookup Tables,tblBoring,lookupTables/Component/tblBoring.csv,"This table was transcribed from 24 screenshots across two batches. Two genuine gaps exist in the source screenshots themselves (not introduced by this transcription): (1) Corobore 820, material code 20.12, diameter 237.0mm row was never captured. (2) Sandvik Duobore pC14-C21: the 270mm-diameter row for code 3.11, and all rows for codes 3.13, 3.2, 3.21, 3.22, 30.11, 30.12, and 30.21, were never captured (a scroll/screenshot gap between images). These are marked with DATA_GAP:true and a note field rather than filled with guessed values. Given the density and volume of this table (~365 data rows), spot-checking a sample against the original source CSV (lookupTables/Component/tblBoring.csv) is recommended before using this for production costing decisions.",182,511,273,966,Bore,"Sandvik Duobore, inserts pC14-C21",30.3,30,Brinell,46.0,1.2,9.5,374,276.0,2.3125,0.1,460,15,25.6,2.0,,
USA reference export,Lookup Table,Machining > Lookup Tables,tblBoring,lookupTables/Component/tblBoring.csv,"This table was transcribed from 24 screenshots across two batches. Two genuine gaps exist in the source screenshots themselves (not introduced by this transcription): (1) Corobore 820, material code 20.12, diameter 237.0mm row was never captured. (2) Sandvik Duobore pC14-C21: the 270mm-diameter row for code 3.11, and all rows for codes 3.13, 3.2, 3.21, 3.22, 30.11, 30.12, and 30.21, were never captured (a scroll/screenshot gap between images). These are marked with DATA_GAP:true and a note field rather than filled with guessed values. Given the density and volume of this table (~365 data rows), spot-checking a sample against the original source CSV (lookupTables/Component/tblBoring.csv) is recommended before using this for production costing decisions.",182,511,273,966,Bore,"Sandvik Duobore, inserts pC14-C21",30.3,30,Brinell,55.0,0.4,9.5,374,220.0,2.5,0.1,460,15,25.6,2.0,,
USA reference export,Lookup Table,Machining > Lookup Tables,tblBoring,lookupTables/Component/tblBoring.csv,"This table was transcribed from 24 screenshots across two batches. Two genuine gaps exist in the source screenshots themselves (not introduced by this transcription): (1) Corobore 820, material code 20.12, diameter 237.0mm row was never captured. (2) Sandvik Duobore pC14-C21: the 270mm-diameter row for code 3.11, and all rows for codes 3.13, 3.2, 3.21, 3.22, 30.11, 30.12, and 30.21, were never captured (a scroll/screenshot gap between images). These are marked with DATA_GAP:true and a note field rather than filled with guessed values. Given the density and volume of this table (~365 data rows), spot-checking a sample against the original source CSV (lookupTables/Component/tblBoring.csv) is recommended before using this for production costing decisions.",182,511,273,966,Bore,"Sandvik Duobore, inserts pC14-C21",30.3,30,Brinell,101.0,0.4,9.5,374,606.0,3.75,0.08,460,15,25.6,2.0,,
USA reference export,Lookup Table,Machining > Lookup Tables,tblBoring,lookupTables/Component/tblBoring.csv,"This table was transcribed from 24 screenshots across two batches. Two genuine gaps exist in the source screenshots themselves (not introduced by this transcription): (1) Corobore 820, material code 20.12, diameter 237.0mm row was never captured. (2) Sandvik Duobore pC14-C21: the 270mm-diameter row for code 3.11, and all rows for codes 3.13, 3.2, 3.21, 3.22, 30.11, 30.12, and 30.21, were never captured (a scroll/screenshot gap between images). These are marked with DATA_GAP:true and a note field rather than filled with guessed values. Given the density and volume of this table (~365 data rows), spot-checking a sample against the original source CSV (lookupTables/Component/tblBoring.csv) is recommended before using this for production costing decisions.",182,511,273,966,Bore,"Sandvik Duobore, inserts pC14-C21",30.3,30,Brinell,270.0,0.4,9.5,374,1080.0,5.0,0.08,460,15,25.6,2.0,,
USA reference export,Lookup Table,Machining > Lookup Tables,tblBoring,lookupTables/Component/tblBoring.csv,"This table was transcribed from 24 screenshots across two batches. Two genuine gaps exist in the source screenshots themselves (not introduced by this transcription): (1) Corobore 820, material code 20.12, diameter 237.0mm row was never captured. (2) Sandvik Duobore pC14-C21: the 270mm-diameter row for code 3.11, and all rows for codes 3.13, 3.2, 3.21, 3.22, 30.11, 30.12, and 30.21, were never captured (a scroll/screenshot gap between images). These are marked with DATA_GAP:true and a note field rather than filled with guessed values. Given the density and volume of this table (~365 data rows), spot-checking a sample against the original source CSV (lookupTables/Component/tblBoring.csv) is recommended before using this for production costing decisions.",182,511,273,966,Bore,"Sandvik Duobore, inserts pC14-C21",30.41,130,Brinell,25.0,0.8,9.5,150,150.0,1.625,0.05,940,15,25.6,2.0,,
USA reference export,Lookup Table,Machining > Lookup Tables,tblBoring,lookupTables/Component/tblBoring.csv,"This table was transcribed from 24 screenshots across two batches. Two genuine gaps exist in the source screenshots themselves (not introduced by this transcription): (1) Corobore 820, material code 20.12, diameter 237.0mm row was never captured. (2) Sandvik Duobore pC14-C21: the 270mm-diameter row for code 3.11, and all rows for codes 3.13, 3.2, 3.21, 3.22, 30.11, 30.12, and 30.21, were never captured (a scroll/screenshot gap between images). These are marked with DATA_GAP:true and a note field rather than filled with guessed values. Given the density and volume of this table (~365 data rows), spot-checking a sample against the original source CSV (lookupTables/Component/tblBoring.csv) is recommended before using this for production costing decisions.",182,511,273,966,Bore,"Sandvik Duobore, inserts pC14-C21",30.41,130,Brinell,37.0,1.2,9.5,150,222.0,1.75,0.08,940,15,25.6,2.0,,
USA reference export,Lookup Table,Machining > Lookup Tables,tblBoring,lookupTables/Component/tblBoring.csv,"This table was transcribed from 24 screenshots across two batches. Two genuine gaps exist in the source screenshots themselves (not introduced by this transcription): (1) Corobore 820, material code 20.12, diameter 237.0mm row was never captured. (2) Sandvik Duobore pC14-C21: the 270mm-diameter row for code 3.11, and all rows for codes 3.13, 3.2, 3.21, 3.22, 30.11, 30.12, and 30.21, were never captured (a scroll/screenshot gap between images). These are marked with DATA_GAP:true and a note field rather than filled with guessed values. Given the density and volume of this table (~365 data rows), spot-checking a sample against the original source CSV (lookupTables/Component/tblBoring.csv) is recommended before using this for production costing decisions.",182,511,273,966,Bore,"Sandvik Duobore, inserts pC14-C21",30.41,130,Brinell,46.0,1.2,9.5,150,276.0,1.85,0.1,940,15,25.6,2.0,,
USA reference export,Lookup Table,Machining > Lookup Tables,tblBoring,lookupTables/Component/tblBoring.csv,"This table was transcribed from 24 screenshots across two batches. Two genuine gaps exist in the source screenshots themselves (not introduced by this transcription): (1) Corobore 820, material code 20.12, diameter 237.0mm row was never captured. (2) Sandvik Duobore pC14-C21: the 270mm-diameter row for code 3.11, and all rows for codes 3.13, 3.2, 3.21, 3.22, 30.11, 30.12, and 30.21, were never captured (a scroll/screenshot gap between images). These are marked with DATA_GAP:true and a note field rather than filled with guessed values. Given the density and volume of this table (~365 data rows), spot-checking a sample against the original source CSV (lookupTables/Component/tblBoring.csv) is recommended before using this for production costing decisions.",182,511,273,966,Bore,"Sandvik Duobore, inserts pC14-C21",30.41,130,Brinell,55.0,0.4,9.5,150,220.0,2.0,0.1,940,15,25.6,2.0,,
USA reference export,Lookup Table,Machining > Lookup Tables,tblBoring,lookupTables/Component/tblBoring.csv,"This table was transcribed from 24 screenshots across two batches. Two genuine gaps exist in the source screenshots themselves (not introduced by this transcription): (1) Corobore 820, material code 20.12, diameter 237.0mm row was never captured. (2) Sandvik Duobore pC14-C21: the 270mm-diameter row for code 3.11, and all rows for codes 3.13, 3.2, 3.21, 3.22, 30.11, 30.12, and 30.21, were never captured (a scroll/screenshot gap between images). These are marked with DATA_GAP:true and a note field rather than filled with guessed values. Given the density and volume of this table (~365 data rows), spot-checking a sample against the original source CSV (lookupTables/Component/tblBoring.csv) is recommended before using this for production costing decisions.",182,511,273,966,Bore,"Sandvik Duobore, inserts pC14-C21",30.41,130,Brinell,101.0,0.4,9.5,150,606.0,3.0,0.08,940,15,25.6,2.0,,
USA reference export,Lookup Table,Machining > Lookup Tables,tblBoring,lookupTables/Component/tblBoring.csv,"This table was transcribed from 24 screenshots across two batches. Two genuine gaps exist in the source screenshots themselves (not introduced by this transcription): (1) Corobore 820, material code 20.12, diameter 237.0mm row was never captured. (2) Sandvik Duobore pC14-C21: the 270mm-diameter row for code 3.11, and all rows for codes 3.13, 3.2, 3.21, 3.22, 30.11, 30.12, and 30.21, were never captured (a scroll/screenshot gap between images). These are marked with DATA_GAP:true and a note field rather than filled with guessed values. Given the density and volume of this table (~365 data rows), spot-checking a sample against the original source CSV (lookupTables/Component/tblBoring.csv) is recommended before using this for production costing decisions.",182,511,273,966,Bore,"Sandvik Duobore, inserts pC14-C21",30.41,130,Brinell,270.0,0.4,9.5,150,1080.0,4.0,0.08,940,15,25.6,2.0,,
USA reference export,Lookup Table,Machining > Lookup Tables,tblBoring,lookupTables/Component/tblBoring.csv,"This table was transcribed from 24 screenshots across two batches. Two genuine gaps exist in the source screenshots themselves (not introduced by this transcription): (1) Corobore 820, material code 20.12, diameter 237.0mm row was never captured. (2) Sandvik Duobore pC14-C21: the 270mm-diameter row for code 3.11, and all rows for codes 3.13, 3.2, 3.21, 3.22, 30.11, 30.12, and 30.21, were never captured (a scroll/screenshot gap between images). These are marked with DATA_GAP:true and a note field rather than filled with guessed values. Given the density and volume of this table (~365 data rows), spot-checking a sample against the original source CSV (lookupTables/Component/tblBoring.csv) is recommended before using this for production costing decisions.",182,511,273,966,Bore,"Sandvik Duobore, inserts pC14-C21",30.42,130,Brinell,25.0,0.8,9.5,112,150.0,1.625,0.05,940,15,25.6,2.0,,
USA reference export,Lookup Table,Machining > Lookup Tables,tblBoring,lookupTables/Component/tblBoring.csv,"This table was transcribed from 24 screenshots across two batches. Two genuine gaps exist in the source screenshots themselves (not introduced by this transcription): (1) Corobore 820, material code 20.12, diameter 237.0mm row was never captured. (2) Sandvik Duobore pC14-C21: the 270mm-diameter row for code 3.11, and all rows for codes 3.13, 3.2, 3.21, 3.22, 30.11, 30.12, and 30.21, were never captured (a scroll/screenshot gap between images). These are marked with DATA_GAP:true and a note field rather than filled with guessed values. Given the density and volume of this table (~365 data rows), spot-checking a sample against the original source CSV (lookupTables/Component/tblBoring.csv) is recommended before using this for production costing decisions.",182,511,273,966,Bore,"Sandvik Duobore, inserts pC14-C21",30.42,130,Brinell,37.0,1.2,9.5,112,222.0,1.75,0.08,940,15,25.6,2.0,,
USA reference export,Lookup Table,Machining > Lookup Tables,tblBoring,lookupTables/Component/tblBoring.csv,"This table was transcribed from 24 screenshots across two batches. Two genuine gaps exist in the source screenshots themselves (not introduced by this transcription): (1) Corobore 820, material code 20.12, diameter 237.0mm row was never captured. (2) Sandvik Duobore pC14-C21: the 270mm-diameter row for code 3.11, and all rows for codes 3.13, 3.2, 3.21, 3.22, 30.11, 30.12, and 30.21, were never captured (a scroll/screenshot gap between images). These are marked with DATA_GAP:true and a note field rather than filled with guessed values. Given the density and volume of this table (~365 data rows), spot-checking a sample against the original source CSV (lookupTables/Component/tblBoring.csv) is recommended before using this for production costing decisions.",182,511,273,966,Bore,"Sandvik Duobore, inserts pC14-C21",30.42,130,Brinell,46.0,1.2,9.5,112,276.0,1.85,0.1,940,15,25.6,2.0,,
USA reference export,Lookup Table,Machining > Lookup Tables,tblBoring,lookupTables/Component/tblBoring.csv,"This table was transcribed from 24 screenshots across two batches. Two genuine gaps exist in the source screenshots themselves (not introduced by this transcription): (1) Corobore 820, material code 20.12, diameter 237.0mm row was never captured. (2) Sandvik Duobore pC14-C21: the 270mm-diameter row for code 3.11, and all rows for codes 3.13, 3.2, 3.21, 3.22, 30.11, 30.12, and 30.21, were never captured (a scroll/screenshot gap between images). These are marked with DATA_GAP:true and a note field rather than filled with guessed values. Given the density and volume of this table (~365 data rows), spot-checking a sample against the original source CSV (lookupTables/Component/tblBoring.csv) is recommended before using this for production costing decisions.",182,511,273,966,Bore,"Sandvik Duobore, inserts pC14-C21",30.42,130,Brinell,55.0,0.4,9.5,112,220.0,2.0,0.1,940,15,25.6,2.0,,
USA reference export,Lookup Table,Machining > Lookup Tables,tblBoring,lookupTables/Component/tblBoring.csv,"This table was transcribed from 24 screenshots across two batches. Two genuine gaps exist in the source screenshots themselves (not introduced by this transcription): (1) Corobore 820, material code 20.12, diameter 237.0mm row was never captured. (2) Sandvik Duobore pC14-C21: the 270mm-diameter row for code 3.11, and all rows for codes 3.13, 3.2, 3.21, 3.22, 30.11, 30.12, and 30.21, were never captured (a scroll/screenshot gap between images). These are marked with DATA_GAP:true and a note field rather than filled with guessed values. Given the density and volume of this table (~365 data rows), spot-checking a sample against the original source CSV (lookupTables/Component/tblBoring.csv) is recommended before using this for production costing decisions.",182,511,273,966,Bore,"Sandvik Duobore, inserts pC14-C21",30.42,130,Brinell,101.0,0.4,9.5,112,606.0,3.0,0.08,940,15,25.6,2.0,,
USA reference export,Lookup Table,Machining > Lookup Tables,tblBoring,lookupTables/Component/tblBoring.csv,"This table was transcribed from 24 screenshots across two batches. Two genuine gaps exist in the source screenshots themselves (not introduced by this transcription): (1) Corobore 820, material code 20.12, diameter 237.0mm row was never captured. (2) Sandvik Duobore pC14-C21: the 270mm-diameter row for code 3.11, and all rows for codes 3.13, 3.2, 3.21, 3.22, 30.11, 30.12, and 30.21, were never captured (a scroll/screenshot gap between images). These are marked with DATA_GAP:true and a note field rather than filled with guessed values. Given the density and volume of this table (~365 data rows), spot-checking a sample against the original source CSV (lookupTables/Component/tblBoring.csv) is recommended before using this for production costing decisions.",182,511,273,966,Bore,"Sandvik Duobore, inserts pC14-C21",30.42,130,Brinell,270.0,0.4,9.5,112,1080.0,4.0,0.08,940,15,25.6,2.0,,
USA reference export,Lookup Table,Machining > Lookup Tables,tblBoring,lookupTables/Component/tblBoring.csv,"This table was transcribed from 24 screenshots across two batches. Two genuine gaps exist in the source screenshots themselves (not introduced by this transcription): (1) Corobore 820, material code 20.12, diameter 237.0mm row was never captured. (2) Sandvik Duobore pC14-C21: the 270mm-diameter row for code 3.11, and all rows for codes 3.13, 3.2, 3.21, 3.22, 30.11, 30.12, and 30.21, were never captured (a scroll/screenshot gap between images). These are marked with DATA_GAP:true and a note field rather than filled with guessed values. Given the density and volume of this table (~365 data rows), spot-checking a sample against the original source CSV (lookupTables/Component/tblBoring.csv) is recommended before using this for production costing decisions.",182,511,273,966,Bore,"Sandvik Duobore, inserts pC14-C21",33.1,110,Brinell,25.0,0.8,9.5,178,150.0,0.65,0.05,740,15,25.6,2.0,,
USA reference export,Lookup Table,Machining > Lookup Tables,tblBoring,lookupTables/Component/tblBoring.csv,"This table was transcribed from 24 screenshots across two batches. Two genuine gaps exist in the source screenshots themselves (not introduced by this transcription): (1) Corobore 820, material code 20.12, diameter 237.0mm row was never captured. (2) Sandvik Duobore pC14-C21: the 270mm-diameter row for code 3.11, and all rows for codes 3.13, 3.2, 3.21, 3.22, 30.11, 30.12, and 30.21, were never captured (a scroll/screenshot gap between images). These are marked with DATA_GAP:true and a note field rather than filled with guessed values. Given the density and volume of this table (~365 data rows), spot-checking a sample against the original source CSV (lookupTables/Component/tblBoring.csv) is recommended before using this for production costing decisions.",182,511,273,966,Bore,"Sandvik Duobore, inserts pC14-C21",33.1,110,Brinell,37.0,1.2,9.5,178,222.0,0.7,0.08,740,15,25.6,2.0,,
USA reference export,Lookup Table,Machining > Lookup Tables,tblBoring,lookupTables/Component/tblBoring.csv,"This table was transcribed from 24 screenshots across two batches. Two genuine gaps exist in the source screenshots themselves (not introduced by this transcription): (1) Corobore 820, material code 20.12, diameter 237.0mm row was never captured. (2) Sandvik Duobore pC14-C21: the 270mm-diameter row for code 3.11, and all rows for codes 3.13, 3.2, 3.21, 3.22, 30.11, 30.12, and 30.21, were never captured (a scroll/screenshot gap between images). These are marked with DATA_GAP:true and a note field rather than filled with guessed values. Given the density and volume of this table (~365 data rows), spot-checking a sample against the original source CSV (lookupTables/Component/tblBoring.csv) is recommended before using this for production costing decisions.",182,511,273,966,Bore,"Sandvik Duobore, inserts pC14-C21",33.1,110,Brinell,46.0,1.2,9.5,178,276.0,0.74,0.1,740,15,25.6,2.0,,
USA reference export,Lookup Table,Machining > Lookup Tables,tblBoring,lookupTables/Component/tblBoring.csv,"This table was transcribed from 24 screenshots across two batches. Two genuine gaps exist in the source screenshots themselves (not introduced by this transcription): (1) Corobore 820, material code 20.12, diameter 237.0mm row was never captured. (2) Sandvik Duobore pC14-C21: the 270mm-diameter row for code 3.11, and all rows for codes 3.13, 3.2, 3.21, 3.22, 30.11, 30.12, and 30.21, were never captured (a scroll/screenshot gap between images). These are marked with DATA_GAP:true and a note field rather than filled with guessed values. Given the density and volume of this table (~365 data rows), spot-checking a sample against the original source CSV (lookupTables/Component/tblBoring.csv) is recommended before using this for production costing decisions.",182,511,273,966,Bore,"Sandvik Duobore, inserts pC14-C21",33.1,110,Brinell,55.0,0.4,9.5,178,220.0,0.8,0.1,740,15,25.6,2.0,,
USA reference export,Lookup Table,Machining > Lookup Tables,tblBoring,lookupTables/Component/tblBoring.csv,"This table was transcribed from 24 screenshots across two batches. Two genuine gaps exist in the source screenshots themselves (not introduced by this transcription): (1) Corobore 820, material code 20.12, diameter 237.0mm row was never captured. (2) Sandvik Duobore pC14-C21: the 270mm-diameter row for code 3.11, and all rows for codes 3.13, 3.2, 3.21, 3.22, 30.11, 30.12, and 30.21, were never captured (a scroll/screenshot gap between images). These are marked with DATA_GAP:true and a note field rather than filled with guessed values. Given the density and volume of this table (~365 data rows), spot-checking a sample against the original source CSV (lookupTables/Component/tblBoring.csv) is recommended before using this for production costing decisions.",182,511,273,966,Bore,"Sandvik Duobore, inserts pC14-C21",33.1,110,Brinell,101.0,0.4,9.5,178,606.0,1.2,0.08,740,15,25.6,2.0,,
USA reference export,Lookup Table,Machining > Lookup Tables,tblBoring,lookupTables/Component/tblBoring.csv,"This table was transcribed from 24 screenshots across two batches. Two genuine gaps exist in the source screenshots themselves (not introduced by this transcription): (1) Corobore 820, material code 20.12, diameter 237.0mm row was never captured. (2) Sandvik Duobore pC14-C21: the 270mm-diameter row for code 3.11, and all rows for codes 3.13, 3.2, 3.21, 3.22, 30.11, 30.12, and 30.21, were never captured (a scroll/screenshot gap between images). These are marked with DATA_GAP:true and a note field rather than filled with guessed values. Given the density and volume of this table (~365 data rows), spot-checking a sample against the original source CSV (lookupTables/Component/tblBoring.csv) is recommended before using this for production costing decisions.",182,511,273,966,Bore,"Sandvik Duobore, inserts pC14-C21",33.1,110,Brinell,270.0,0.4,9.5,178,1080.0,1.6,0.08,740,15,25.6,2.0,,
USA reference export,Lookup Table,Machining > Lookup Tables,tblBoring,lookupTables/Component/tblBoring.csv,"This table was transcribed from 24 screenshots across two batches. Two genuine gaps exist in the source screenshots themselves (not introduced by this transcription): (1) Corobore 820, material code 20.12, diameter 237.0mm row was never captured. (2) Sandvik Duobore pC14-C21: the 270mm-diameter row for code 3.11, and all rows for codes 3.13, 3.2, 3.21, 3.22, 30.11, 30.12, and 30.21, were never captured (a scroll/screenshot gap between images). These are marked with DATA_GAP:true and a note field rather than filled with guessed values. Given the density and volume of this table (~365 data rows), spot-checking a sample against the original source CSV (lookupTables/Component/tblBoring.csv) is recommended before using this for production costing decisions.",182,511,273,966,Bore,"Sandvik Duobore, inserts pC14-C21",33.2,90,Brinell,25.0,0.8,9.5,136,150.0,0.65,0.05,740,15,25.6,2.0,,
USA reference export,Lookup Table,Machining > Lookup Tables,tblBoring,lookupTables/Component/tblBoring.csv,"This table was transcribed from 24 screenshots across two batches. Two genuine gaps exist in the source screenshots themselves (not introduced by this transcription): (1) Corobore 820, material code 20.12, diameter 237.0mm row was never captured. (2) Sandvik Duobore pC14-C21: the 270mm-diameter row for code 3.11, and all rows for codes 3.13, 3.2, 3.21, 3.22, 30.11, 30.12, and 30.21, were never captured (a scroll/screenshot gap between images). These are marked with DATA_GAP:true and a note field rather than filled with guessed values. Given the density and volume of this table (~365 data rows), spot-checking a sample against the original source CSV (lookupTables/Component/tblBoring.csv) is recommended before using this for production costing decisions.",182,511,273,966,Bore,"Sandvik Duobore, inserts pC14-C21",33.2,90,Brinell,37.0,1.2,9.5,136,222.0,0.7,0.08,740,15,25.6,2.0,,
USA reference export,Lookup Table,Machining > Lookup Tables,tblBoring,lookupTables/Component/tblBoring.csv,"This table was transcribed from 24 screenshots across two batches. Two genuine gaps exist in the source screenshots themselves (not introduced by this transcription): (1) Corobore 820, material code 20.12, diameter 237.0mm row was never captured. (2) Sandvik Duobore pC14-C21: the 270mm-diameter row for code 3.11, and all rows for codes 3.13, 3.2, 3.21, 3.22, 30.11, 30.12, and 30.21, were never captured (a scroll/screenshot gap between images). These are marked with DATA_GAP:true and a note field rather than filled with guessed values. Given the density and volume of this table (~365 data rows), spot-checking a sample against the original source CSV (lookupTables/Component/tblBoring.csv) is recommended before using this for production costing decisions.",182,511,273,966,Bore,"Sandvik Duobore, inserts pC14-C21",33.2,90,Brinell,46.0,1.2,9.5,136,276.0,0.74,0.1,740,15,25.6,2.0,,
USA reference export,Lookup Table,Machining > Lookup Tables,tblBoring,lookupTables/Component/tblBoring.csv,"This table was transcribed from 24 screenshots across two batches. Two genuine gaps exist in the source screenshots themselves (not introduced by this transcription): (1) Corobore 820, material code 20.12, diameter 237.0mm row was never captured. (2) Sandvik Duobore pC14-C21: the 270mm-diameter row for code 3.11, and all rows for codes 3.13, 3.2, 3.21, 3.22, 30.11, 30.12, and 30.21, were never captured (a scroll/screenshot gap between images). These are marked with DATA_GAP:true and a note field rather than filled with guessed values. Given the density and volume of this table (~365 data rows), spot-checking a sample against the original source CSV (lookupTables/Component/tblBoring.csv) is recommended before using this for production costing decisions.",182,511,273,966,Bore,"Sandvik Duobore, inserts pC14-C21",33.2,90,Brinell,55.0,0.4,9.5,136,220.0,0.8,0.1,740,15,25.6,2.0,,
USA reference export,Lookup Table,Machining > Lookup Tables,tblBoring,lookupTables/Component/tblBoring.csv,"This table was transcribed from 24 screenshots across two batches. Two genuine gaps exist in the source screenshots themselves (not introduced by this transcription): (1) Corobore 820, material code 20.12, diameter 237.0mm row was never captured. (2) Sandvik Duobore pC14-C21: the 270mm-diameter row for code 3.11, and all rows for codes 3.13, 3.2, 3.21, 3.22, 30.11, 30.12, and 30.21, were never captured (a scroll/screenshot gap between images). These are marked with DATA_GAP:true and a note field rather than filled with guessed values. Given the density and volume of this table (~365 data rows), spot-checking a sample against the original source CSV (lookupTables/Component/tblBoring.csv) is recommended before using this for production costing decisions.",182,511,273,966,Bore,"Sandvik Duobore, inserts pC14-C21",33.2,90,Brinell,101.0,0.4,9.5,136,606.0,1.2,0.08,740,15,25.6,2.0,,
USA reference export,Lookup Table,Machining > Lookup Tables,tblBoring,lookupTables/Component/tblBoring.csv,"This table was transcribed from 24 screenshots across two batches. Two genuine gaps exist in the source screenshots themselves (not introduced by this transcription): (1) Corobore 820, material code 20.12, diameter 237.0mm row was never captured. (2) Sandvik Duobore pC14-C21: the 270mm-diameter row for code 3.11, and all rows for codes 3.13, 3.2, 3.21, 3.22, 30.11, 30.12, and 30.21, were never captured (a scroll/screenshot gap between images). These are marked with DATA_GAP:true and a note field rather than filled with guessed values. Given the density and volume of this table (~365 data rows), spot-checking a sample against the original source CSV (lookupTables/Component/tblBoring.csv) is recommended before using this for production costing decisions.",182,511,273,966,Bore,"Sandvik Duobore, inserts pC14-C21",33.2,90,Brinell,270.0,0.4,9.5,136,1080.0,1.6,0.08,740,15,25.6,2.0,,
USA reference export,Lookup Table,Machining > Lookup Tables,tblBoring,lookupTables/Component/tblBoring.csv,"This table was transcribed from 24 screenshots across two batches. Two genuine gaps exist in the source screenshots themselves (not introduced by this transcription): (1) Corobore 820, material code 20.12, diameter 237.0mm row was never captured. (2) Sandvik Duobore pC14-C21: the 270mm-diameter row for code 3.11, and all rows for codes 3.13, 3.2, 3.21, 3.22, 30.11, 30.12, and 30.21, were never captured (a scroll/screenshot gap between images). These are marked with DATA_GAP:true and a note field rather than filled with guessed values. Given the density and volume of this table (~365 data rows), spot-checking a sample against the original source CSV (lookupTables/Component/tblBoring.csv) is recommended before using this for production costing decisions.",182,511,273,966,Bore,"Sandvik Duobore, inserts pC14-C21",33.3,100,Brinell,25.0,0.8,9.5,130,150.0,0.65,0.05,1800,15,25.6,2.0,,
USA reference export,Lookup Table,Machining > Lookup Tables,tblBoring,lookupTables/Component/tblBoring.csv,"This table was transcribed from 24 screenshots across two batches. Two genuine gaps exist in the source screenshots themselves (not introduced by this transcription): (1) Corobore 820, material code 20.12, diameter 237.0mm row was never captured. (2) Sandvik Duobore pC14-C21: the 270mm-diameter row for code 3.11, and all rows for codes 3.13, 3.2, 3.21, 3.22, 30.11, 30.12, and 30.21, were never captured (a scroll/screenshot gap between images). These are marked with DATA_GAP:true and a note field rather than filled with guessed values. Given the density and volume of this table (~365 data rows), spot-checking a sample against the original source CSV (lookupTables/Component/tblBoring.csv) is recommended before using this for production costing decisions.",182,511,273,966,Bore,"Sandvik Duobore, inserts pC14-C21",33.3,100,Brinell,37.0,1.2,9.5,130,222.0,0.7,0.08,1800,15,25.6,2.0,,
USA reference export,Lookup Table,Machining > Lookup Tables,tblBoring,lookupTables/Component/tblBoring.csv,"This table was transcribed from 24 screenshots across two batches. Two genuine gaps exist in the source screenshots themselves (not introduced by this transcription): (1) Corobore 820, material code 20.12, diameter 237.0mm row was never captured. (2) Sandvik Duobore pC14-C21: the 270mm-diameter row for code 3.11, and all rows for codes 3.13, 3.2, 3.21, 3.22, 30.11, 30.12, and 30.21, were never captured (a scroll/screenshot gap between images). These are marked with DATA_GAP:true and a note field rather than filled with guessed values. Given the density and volume of this table (~365 data rows), spot-checking a sample against the original source CSV (lookupTables/Component/tblBoring.csv) is recommended before using this for production costing decisions.",182,511,273,966,Bore,"Sandvik Duobore, inserts pC14-C21",33.3,100,Brinell,46.0,1.2,9.5,130,276.0,0.74,0.1,1800,15,25.6,2.0,,
USA reference export,Lookup Table,Machining > Lookup Tables,tblBoring,lookupTables/Component/tblBoring.csv,"This table was transcribed from 24 screenshots across two batches. Two genuine gaps exist in the source screenshots themselves (not introduced by this transcription): (1) Corobore 820, material code 20.12, diameter 237.0mm row was never captured. (2) Sandvik Duobore pC14-C21: the 270mm-diameter row for code 3.11, and all rows for codes 3.13, 3.2, 3.21, 3.22, 30.11, 30.12, and 30.21, were never captured (a scroll/screenshot gap between images). These are marked with DATA_GAP:true and a note field rather than filled with guessed values. Given the density and volume of this table (~365 data rows), spot-checking a sample against the original source CSV (lookupTables/Component/tblBoring.csv) is recommended before using this for production costing decisions.",182,511,273,966,Bore,"Sandvik Duobore, inserts pC14-C21",33.3,100,Brinell,55.0,0.4,9.5,130,220.0,0.8,0.1,1800,15,25.6,2.0,,
USA reference export,Lookup Table,Machining > Lookup Tables,tblBoring,lookupTables/Component/tblBoring.csv,"This table was transcribed from 24 screenshots across two batches. Two genuine gaps exist in the source screenshots themselves (not introduced by this transcription): (1) Corobore 820, material code 20.12, diameter 237.0mm row was never captured. (2) Sandvik Duobore pC14-C21: the 270mm-diameter row for code 3.11, and all rows for codes 3.13, 3.2, 3.21, 3.22, 30.11, 30.12, and 30.21, were never captured (a scroll/screenshot gap between images). These are marked with DATA_GAP:true and a note field rather than filled with guessed values. Given the density and volume of this table (~365 data rows), spot-checking a sample against the original source CSV (lookupTables/Component/tblBoring.csv) is recommended before using this for production costing decisions.",182,511,273,966,Bore,"Sandvik Duobore, inserts pC14-C21",33.3,100,Brinell,101.0,0.4,9.5,130,606.0,1.2,0.08,1800,15,25.6,2.0,,
USA reference export,Lookup Table,Machining > Lookup Tables,tblBoring,lookupTables/Component/tblBoring.csv,"This table was transcribed from 24 screenshots across two batches. Two genuine gaps exist in the source screenshots themselves (not introduced by this transcription): (1) Corobore 820, material code 20.12, diameter 237.0mm row was never captured. (2) Sandvik Duobore pC14-C21: the 270mm-diameter row for code 3.11, and all rows for codes 3.13, 3.2, 3.21, 3.22, 30.11, 30.12, and 30.21, were never captured (a scroll/screenshot gap between images). These are marked with DATA_GAP:true and a note field rather than filled with guessed values. Given the density and volume of this table (~365 data rows), spot-checking a sample against the original source CSV (lookupTables/Component/tblBoring.csv) is recommended before using this for production costing decisions.",182,511,273,966,Bore,"Sandvik Duobore, inserts pC14-C21",33.3,100,Brinell,270.0,0.4,9.5,130,1080.0,1.6,0.08,1800,15,25.6,2.0,,
USA reference export,Lookup Table,Machining > Lookup Tables,tblBoring,lookupTables/Component/tblBoring.csv,"This table was transcribed from 24 screenshots across two batches. Two genuine gaps exist in the source screenshots themselves (not introduced by this transcription): (1) Corobore 820, material code 20.12, diameter 237.0mm row was never captured. (2) Sandvik Duobore pC14-C21: the 270mm-diameter row for code 3.11, and all rows for codes 3.13, 3.2, 3.21, 3.22, 30.11, 30.12, and 30.21, were never captured (a scroll/screenshot gap between images). These are marked with DATA_GAP:true and a note field rather than filled with guessed values. Given the density and volume of this table (~365 data rows), spot-checking a sample against the original source CSV (lookupTables/Component/tblBoring.csv) is recommended before using this for production costing decisions.",182,511,273,966,Bore,"Sandvik Duobore, inserts pC14-C21",34.0,515,Brinell,25.0,0.8,9.5,296,150.0,0.624,0.05,700,15,25.6,2.0,,
USA reference export,Lookup Table,Machining > Lookup Tables,tblBoring,lookupTables/Component/tblBoring.csv,"This table was transcribed from 24 screenshots across two batches. Two genuine gaps exist in the source screenshots themselves (not introduced by this transcription): (1) Corobore 820, material code 20.12, diameter 237.0mm row was never captured. (2) Sandvik Duobore pC14-C21: the 270mm-diameter row for code 3.11, and all rows for codes 3.13, 3.2, 3.21, 3.22, 30.11, 30.12, and 30.21, were never captured (a scroll/screenshot gap between images). These are marked with DATA_GAP:true and a note field rather than filled with guessed values. Given the density and volume of this table (~365 data rows), spot-checking a sample against the original source CSV (lookupTables/Component/tblBoring.csv) is recommended before using this for production costing decisions.",182,511,273,966,Bore,"Sandvik Duobore, inserts pC14-C21",34.0,515,Brinell,37.0,1.2,9.5,296,222.0,0.672,0.08,700,15,25.6,2.0,,
USA reference export,Lookup Table,Machining > Lookup Tables,tblBoring,lookupTables/Component/tblBoring.csv,"This table was transcribed from 24 screenshots across two batches. Two genuine gaps exist in the source screenshots themselves (not introduced by this transcription): (1) Corobore 820, material code 20.12, diameter 237.0mm row was never captured. (2) Sandvik Duobore pC14-C21: the 270mm-diameter row for code 3.11, and all rows for codes 3.13, 3.2, 3.21, 3.22, 30.11, 30.12, and 30.21, were never captured (a scroll/screenshot gap between images). These are marked with DATA_GAP:true and a note field rather than filled with guessed values. Given the density and volume of this table (~365 data rows), spot-checking a sample against the original source CSV (lookupTables/Component/tblBoring.csv) is recommended before using this for production costing decisions.",182,511,273,966,Bore,"Sandvik Duobore, inserts pC14-C21",34.0,515,Brinell,46.0,1.2,9.5,296,276.0,0.7104,0.1,700,15,25.6,2.0,,
USA reference export,Lookup Table,Machining > Lookup Tables,tblBoring,lookupTables/Component/tblBoring.csv,"This table was transcribed from 24 screenshots across two batches. Two genuine gaps exist in the source screenshots themselves (not introduced by this transcription): (1) Corobore 820, material code 20.12, diameter 237.0mm row was never captured. (2) Sandvik Duobore pC14-C21: the 270mm-diameter row for code 3.11, and all rows for codes 3.13, 3.2, 3.21, 3.22, 30.11, 30.12, and 30.21, were never captured (a scroll/screenshot gap between images). These are marked with DATA_GAP:true and a note field rather than filled with guessed values. Given the density and volume of this table (~365 data rows), spot-checking a sample against the original source CSV (lookupTables/Component/tblBoring.csv) is recommended before using this for production costing decisions.",182,511,273,966,Bore,"Sandvik Duobore, inserts pC14-C21",34.0,515,Brinell,55.0,0.4,9.5,296,220.0,0.768,0.1,700,15,25.6,2.0,,
USA reference export,Lookup Table,Machining > Lookup Tables,tblBoring,lookupTables/Component/tblBoring.csv,"This table was transcribed from 24 screenshots across two batches. Two genuine gaps exist in the source screenshots themselves (not introduced by this transcription): (1) Corobore 820, material code 20.12, diameter 237.0mm row was never captured. (2) Sandvik Duobore pC14-C21: the 270mm-diameter row for code 3.11, and all rows for codes 3.13, 3.2, 3.21, 3.22, 30.11, 30.12, and 30.21, were never captured (a scroll/screenshot gap between images). These are marked with DATA_GAP:true and a note field rather than filled with guessed values. Given the density and volume of this table (~365 data rows), spot-checking a sample against the original source CSV (lookupTables/Component/tblBoring.csv) is recommended before using this for production costing decisions.",182,511,273,966,Bore,"Sandvik Duobore, inserts pC14-C21",34.0,515,Brinell,101.0,0.4,9.5,296,606.0,1.152,0.08,700,15,25.6,2.0,,
USA reference export,Lookup Table,Machining > Lookup Tables,tblBoring,lookupTables/Component/tblBoring.csv,"This table was transcribed from 24 screenshots across two batches. Two genuine gaps exist in the source screenshots themselves (not introduced by this transcription): (1) Corobore 820, material code 20.12, diameter 237.0mm row was never captured. (2) Sandvik Duobore pC14-C21: the 270mm-diameter row for code 3.11, and all rows for codes 3.13, 3.2, 3.21, 3.22, 30.11, 30.12, and 30.21, were never captured (a scroll/screenshot gap between images). These are marked with DATA_GAP:true and a note field rather than filled with guessed values. Given the density and volume of this table (~365 data rows), spot-checking a sample against the original source CSV (lookupTables/Component/tblBoring.csv) is recommended before using this for production costing decisions.",182,511,273,966,Bore,"Sandvik Duobore, inserts pC14-C21",34.0,515,Brinell,270.0,0.4,9.5,296,1080.0,1.536,0.08,700,15,25.6,2.0,,
USA reference export,Lookup Table,Machining > Lookup Tables,tblBoring,lookupTables/Component/tblBoring.csv,"This table was transcribed from 24 screenshots across two batches. Two genuine gaps exist in the source screenshots themselves (not introduced by this transcription): (1) Corobore 820, material code 20.12, diameter 237.0mm row was never captured. (2) Sandvik Duobore pC14-C21: the 270mm-diameter row for code 3.11, and all rows for codes 3.13, 3.2, 3.21, 3.22, 30.11, 30.12, and 30.21, were never captured (a scroll/screenshot gap between images). These are marked with DATA_GAP:true and a note field rather than filled with guessed values. Given the density and volume of this table (~365 data rows), spot-checking a sample against the original source CSV (lookupTables/Component/tblBoring.csv) is recommended before using this for production costing decisions.",182,511,273,966,Bore,"Sandvik Duobore, inserts pC14-C21",4.0,55,Rockwell C,25.0,0.8,9.5,67,150.0,0.6094,0.05,4540,15,25.6,2.0,,
USA reference export,Lookup Table,Machining > Lookup Tables,tblBoring,lookupTables/Component/tblBoring.csv,"This table was transcribed from 24 screenshots across two batches. Two genuine gaps exist in the source screenshots themselves (not introduced by this transcription): (1) Corobore 820, material code 20.12, diameter 237.0mm row was never captured. (2) Sandvik Duobore pC14-C21: the 270mm-diameter row for code 3.11, and all rows for codes 3.13, 3.2, 3.21, 3.22, 30.11, 30.12, and 30.21, were never captured (a scroll/screenshot gap between images). These are marked with DATA_GAP:true and a note field rather than filled with guessed values. Given the density and volume of this table (~365 data rows), spot-checking a sample against the original source CSV (lookupTables/Component/tblBoring.csv) is recommended before using this for production costing decisions.",182,511,273,966,Bore,"Sandvik Duobore, inserts pC14-C21",4.0,55,Rockwell C,37.0,1.2,9.5,67,222.0,0.6563,0.08,4540,15,25.6,2.0,,
USA reference export,Lookup Table,Machining > Lookup Tables,tblBoring,lookupTables/Component/tblBoring.csv,"This table was transcribed from 24 screenshots across two batches. Two genuine gaps exist in the source screenshots themselves (not introduced by this transcription): (1) Corobore 820, material code 20.12, diameter 237.0mm row was never captured. (2) Sandvik Duobore pC14-C21: the 270mm-diameter row for code 3.11, and all rows for codes 3.13, 3.2, 3.21, 3.22, 30.11, 30.12, and 30.21, were never captured (a scroll/screenshot gap between images). These are marked with DATA_GAP:true and a note field rather than filled with guessed values. Given the density and volume of this table (~365 data rows), spot-checking a sample against the original source CSV (lookupTables/Component/tblBoring.csv) is recommended before using this for production costing decisions.",182,511,273,966,Bore,"Sandvik Duobore, inserts pC14-C21",4.0,55,Rockwell C,46.0,1.2,9.5,67,276.0,0.6937,0.1,4540,15,25.6,2.0,,
USA reference export,Lookup Table,Machining > Lookup Tables,tblBoring,lookupTables/Component/tblBoring.csv,"This table was transcribed from 24 screenshots across two batches. Two genuine gaps exist in the source screenshots themselves (not introduced by this transcription): (1) Corobore 820, material code 20.12, diameter 237.0mm row was never captured. (2) Sandvik Duobore pC14-C21: the 270mm-diameter row for code 3.11, and all rows for codes 3.13, 3.2, 3.21, 3.22, 30.11, 30.12, and 30.21, were never captured (a scroll/screenshot gap between images). These are marked with DATA_GAP:true and a note field rather than filled with guessed values. Given the density and volume of this table (~365 data rows), spot-checking a sample against the original source CSV (lookupTables/Component/tblBoring.csv) is recommended before using this for production costing decisions.",182,511,273,966,Bore,"Sandvik Duobore, inserts pC14-C21",4.0,55,Rockwell C,55.0,0.4,9.5,67,220.0,0.75,0.1,4540,15,25.6,2.0,,
USA reference export,Lookup Table,Machining > Lookup Tables,tblBoring,lookupTables/Component/tblBoring.csv,"This table was transcribed from 24 screenshots across two batches. Two genuine gaps exist in the source screenshots themselves (not introduced by this transcription): (1) Corobore 820, material code 20.12, diameter 237.0mm row was never captured. (2) Sandvik Duobore pC14-C21: the 270mm-diameter row for code 3.11, and all rows for codes 3.13, 3.2, 3.21, 3.22, 30.11, 30.12, and 30.21, were never captured (a scroll/screenshot gap between images). These are marked with DATA_GAP:true and a note field rather than filled with guessed values. Given the density and volume of this table (~365 data rows), spot-checking a sample against the original source CSV (lookupTables/Component/tblBoring.csv) is recommended before using this for production costing decisions.",182,511,273,966,Bore,"Sandvik Duobore, inserts pC14-C21",4.0,55,Rockwell C,101.0,0.4,9.5,67,606.0,1.125,0.08,4540,15,25.6,2.0,,
USA reference export,Lookup Table,Machining > Lookup Tables,tblBoring,lookupTables/Component/tblBoring.csv,"This table was transcribed from 24 screenshots across two batches. Two genuine gaps exist in the source screenshots themselves (not introduced by this transcription): (1) Corobore 820, material code 20.12, diameter 237.0mm row was never captured. (2) Sandvik Duobore pC14-C21: the 270mm-diameter row for code 3.11, and all rows for codes 3.13, 3.2, 3.21, 3.22, 30.11, 30.12, and 30.21, were never captured (a scroll/screenshot gap between images). These are marked with DATA_GAP:true and a note field rather than filled with guessed values. Given the density and volume of this table (~365 data rows), spot-checking a sample against the original source CSV (lookupTables/Component/tblBoring.csv) is recommended before using this for production costing decisions.",182,511,273,966,Bore,"Sandvik Duobore, inserts pC14-C21",4.0,55,Rockwell C,270.0,0.4,9.5,67,1080.0,1.5,0.08,4540,15,25.6,2.0,,
USA reference export,Lookup Table,Machining > Lookup Tables,tblBoring,lookupTables/Component/tblBoring.csv,"This table was transcribed from 24 screenshots across two batches. Two genuine gaps exist in the source screenshots themselves (not introduced by this transcription): (1) Corobore 820, material code 20.12, diameter 237.0mm row was never captured. (2) Sandvik Duobore pC14-C21: the 270mm-diameter row for code 3.11, and all rows for codes 3.13, 3.2, 3.21, 3.22, 30.11, 30.12, and 30.21, were never captured (a scroll/screenshot gap between images). These are marked with DATA_GAP:true and a note field rather than filled with guessed values. Given the density and volume of this table (~365 data rows), spot-checking a sample against the original source CSV (lookupTables/Component/tblBoring.csv) is recommended before using this for production costing decisions.",182,511,273,966,Bore,"Sandvik Duobore, inserts pC14-C21",4.1,59,Rockwell C,25.0,0.8,9.5,38,150.0,0.6094,0.05,5620,15,25.6,2.0,,
USA reference export,Lookup Table,Machining > Lookup Tables,tblBoring,lookupTables/Component/tblBoring.csv,"This table was transcribed from 24 screenshots across two batches. Two genuine gaps exist in the source screenshots themselves (not introduced by this transcription): (1) Corobore 820, material code 20.12, diameter 237.0mm row was never captured. (2) Sandvik Duobore pC14-C21: the 270mm-diameter row for code 3.11, and all rows for codes 3.13, 3.2, 3.21, 3.22, 30.11, 30.12, and 30.21, were never captured (a scroll/screenshot gap between images). These are marked with DATA_GAP:true and a note field rather than filled with guessed values. Given the density and volume of this table (~365 data rows), spot-checking a sample against the original source CSV (lookupTables/Component/tblBoring.csv) is recommended before using this for production costing decisions.",182,511,273,966,Bore,"Sandvik Duobore, inserts pC14-C21",4.1,59,Rockwell C,37.0,1.2,9.5,38,222.0,0.6563,0.08,5620,15,25.6,2.0,,
USA reference export,Lookup Table,Machining > Lookup Tables,tblBoring,lookupTables/Component/tblBoring.csv,"This table was transcribed from 24 screenshots across two batches. Two genuine gaps exist in the source screenshots themselves (not introduced by this transcription): (1) Corobore 820, material code 20.12, diameter 237.0mm row was never captured. (2) Sandvik Duobore pC14-C21: the 270mm-diameter row for code 3.11, and all rows for codes 3.13, 3.2, 3.21, 3.22, 30.11, 30.12, and 30.21, were never captured (a scroll/screenshot gap between images). These are marked with DATA_GAP:true and a note field rather than filled with guessed values. Given the density and volume of this table (~365 data rows), spot-checking a sample against the original source CSV (lookupTables/Component/tblBoring.csv) is recommended before using this for production costing decisions.",182,511,273,966,Bore,"Sandvik Duobore, inserts pC14-C21",4.1,59,Rockwell C,46.0,1.2,9.5,38,276.0,0.6937,0.1,5620,15,25.6,2.0,,
USA reference export,Lookup Table,Machining > Lookup Tables,tblBoring,lookupTables/Component/tblBoring.csv,"This table was transcribed from 24 screenshots across two batches. Two genuine gaps exist in the source screenshots themselves (not introduced by this transcription): (1) Corobore 820, material code 20.12, diameter 237.0mm row was never captured. (2) Sandvik Duobore pC14-C21: the 270mm-diameter row for code 3.11, and all rows for codes 3.13, 3.2, 3.21, 3.22, 30.11, 30.12, and 30.21, were never captured (a scroll/screenshot gap between images). These are marked with DATA_GAP:true and a note field rather than filled with guessed values. Given the density and volume of this table (~365 data rows), spot-checking a sample against the original source CSV (lookupTables/Component/tblBoring.csv) is recommended before using this for production costing decisions.",182,511,273,966,Bore,"Sandvik Duobore, inserts pC14-C21",4.1,59,Rockwell C,55.0,0.4,9.5,38,220.0,0.75,0.1,5620,15,25.6,2.0,,
USA reference export,Lookup Table,Machining > Lookup Tables,tblBoring,lookupTables/Component/tblBoring.csv,"This table was transcribed from 24 screenshots across two batches. Two genuine gaps exist in the source screenshots themselves (not introduced by this transcription): (1) Corobore 820, material code 20.12, diameter 237.0mm row was never captured. (2) Sandvik Duobore pC14-C21: the 270mm-diameter row for code 3.11, and all rows for codes 3.13, 3.2, 3.21, 3.22, 30.11, 30.12, and 30.21, were never captured (a scroll/screenshot gap between images). These are marked with DATA_GAP:true and a note field rather than filled with guessed values. Given the density and volume of this table (~365 data rows), spot-checking a sample against the original source CSV (lookupTables/Component/tblBoring.csv) is recommended before using this for production costing decisions.",182,511,273,966,Bore,"Sandvik Duobore, inserts pC14-C21",4.1,59,Rockwell C,101.0,0.4,9.5,38,606.0,1.125,0.08,5620,15,25.6,2.0,,
USA reference export,Lookup Table,Machining > Lookup Tables,tblBoring,lookupTables/Component/tblBoring.csv,"This table was transcribed from 24 screenshots across two batches. Two genuine gaps exist in the source screenshots themselves (not introduced by this transcription): (1) Corobore 820, material code 20.12, diameter 237.0mm row was never captured. (2) Sandvik Duobore pC14-C21: the 270mm-diameter row for code 3.11, and all rows for codes 3.13, 3.2, 3.21, 3.22, 30.11, 30.12, and 30.21, were never captured (a scroll/screenshot gap between images). These are marked with DATA_GAP:true and a note field rather than filled with guessed values. Given the density and volume of this table (~365 data rows), spot-checking a sample against the original source CSV (lookupTables/Component/tblBoring.csv) is recommended before using this for production costing decisions.",182,511,273,966,Bore,"Sandvik Duobore, inserts pC14-C21",4.1,59,Rockwell C,270.0,0.4,9.5,38,1080.0,1.5,0.08,5620,15,25.6,2.0,,
USA reference export,Lookup Table,Machining > Lookup Tables,tblBoring,lookupTables/Component/tblBoring.csv,"This table was transcribed from 24 screenshots across two batches. Two genuine gaps exist in the source screenshots themselves (not introduced by this transcription): (1) Corobore 820, material code 20.12, diameter 237.0mm row was never captured. (2) Sandvik Duobore pC14-C21: the 270mm-diameter row for code 3.11, and all rows for codes 3.13, 3.2, 3.21, 3.22, 30.11, 30.12, and 30.21, were never captured (a scroll/screenshot gap between images). These are marked with DATA_GAP:true and a note field rather than filled with guessed values. Given the density and volume of this table (~365 data rows), spot-checking a sample against the original source CSV (lookupTables/Component/tblBoring.csv) is recommended before using this for production costing decisions.",182,511,273,966,Bore,"Sandvik Duobore, inserts pC14-C21",41.11,30,Brinell,25.0,0.8,9.5,192,150.0,0.5,0.05,460,15,25.6,2.0,,
USA reference export,Lookup Table,Machining > Lookup Tables,tblBoring,lookupTables/Component/tblBoring.csv,"This table was transcribed from 24 screenshots across two batches. Two genuine gaps exist in the source screenshots themselves (not introduced by this transcription): (1) Corobore 820, material code 20.12, diameter 237.0mm row was never captured. (2) Sandvik Duobore pC14-C21: the 270mm-diameter row for code 3.11, and all rows for codes 3.13, 3.2, 3.21, 3.22, 30.11, 30.12, and 30.21, were never captured (a scroll/screenshot gap between images). These are marked with DATA_GAP:true and a note field rather than filled with guessed values. Given the density and volume of this table (~365 data rows), spot-checking a sample against the original source CSV (lookupTables/Component/tblBoring.csv) is recommended before using this for production costing decisions.",182,511,273,966,Bore,"Sandvik Duobore, inserts pC14-C21",41.11,30,Brinell,37.0,1.2,9.5,192,222.0,0.5385,0.08,460,15,25.6,2.0,,
USA reference export,Lookup Table,Machining > Lookup Tables,tblBoring,lookupTables/Component/tblBoring.csv,"This table was transcribed from 24 screenshots across two batches. Two genuine gaps exist in the source screenshots themselves (not introduced by this transcription): (1) Corobore 820, material code 20.12, diameter 237.0mm row was never captured. (2) Sandvik Duobore pC14-C21: the 270mm-diameter row for code 3.11, and all rows for codes 3.13, 3.2, 3.21, 3.22, 30.11, 30.12, and 30.21, were never captured (a scroll/screenshot gap between images). These are marked with DATA_GAP:true and a note field rather than filled with guessed values. Given the density and volume of this table (~365 data rows), spot-checking a sample against the original source CSV (lookupTables/Component/tblBoring.csv) is recommended before using this for production costing decisions.",182,511,273,966,Bore,"Sandvik Duobore, inserts pC14-C21",41.11,30,Brinell,46.0,1.2,9.5,192,276.0,0.5692,0.1,460,15,25.6,2.0,,
USA reference export,Lookup Table,Machining > Lookup Tables,tblBoring,lookupTables/Component/tblBoring.csv,"This table was transcribed from 24 screenshots across two batches. Two genuine gaps exist in the source screenshots themselves (not introduced by this transcription): (1) Corobore 820, material code 20.12, diameter 237.0mm row was never captured. (2) Sandvik Duobore pC14-C21: the 270mm-diameter row for code 3.11, and all rows for codes 3.13, 3.2, 3.21, 3.22, 30.11, 30.12, and 30.21, were never captured (a scroll/screenshot gap between images). These are marked with DATA_GAP:true and a note field rather than filled with guessed values. Given the density and volume of this table (~365 data rows), spot-checking a sample against the original source CSV (lookupTables/Component/tblBoring.csv) is recommended before using this for production costing decisions.",182,511,273,966,Bore,"Sandvik Duobore, inserts pC14-C21",41.11,30,Brinell,55.0,0.4,9.5,192,220.0,0.6154,0.1,460,15,25.6,2.0,,
USA reference export,Lookup Table,Machining > Lookup Tables,tblBoring,lookupTables/Component/tblBoring.csv,"This table was transcribed from 24 screenshots across two batches. Two genuine gaps exist in the source screenshots themselves (not introduced by this transcription): (1) Corobore 820, material code 20.12, diameter 237.0mm row was never captured. (2) Sandvik Duobore pC14-C21: the 270mm-diameter row for code 3.11, and all rows for codes 3.13, 3.2, 3.21, 3.22, 30.11, 30.12, and 30.21, were never captured (a scroll/screenshot gap between images). These are marked with DATA_GAP:true and a note field rather than filled with guessed values. Given the density and volume of this table (~365 data rows), spot-checking a sample against the original source CSV (lookupTables/Component/tblBoring.csv) is recommended before using this for production costing decisions.",182,511,273,966,Bore,"Sandvik Duobore, inserts pC14-C21",41.11,30,Brinell,101.0,0.4,9.5,192,606.0,0.9231,0.08,460,15,25.6,2.0,,
USA reference export,Lookup Table,Machining > Lookup Tables,tblBoring,lookupTables/Component/tblBoring.csv,"This table was transcribed from 24 screenshots across two batches. Two genuine gaps exist in the source screenshots themselves (not introduced by this transcription): (1) Corobore 820, material code 20.12, diameter 237.0mm row was never captured. (2) Sandvik Duobore pC14-C21: the 270mm-diameter row for code 3.11, and all rows for codes 3.13, 3.2, 3.21, 3.22, 30.11, 30.12, and 30.21, were never captured (a scroll/screenshot gap between images). These are marked with DATA_GAP:true and a note field rather than filled with guessed values. Given the density and volume of this table (~365 data rows), spot-checking a sample against the original source CSV (lookupTables/Component/tblBoring.csv) is recommended before using this for production costing decisions.",182,511,273,966,Bore,"Sandvik Duobore, inserts pC14-C21",41.11,30,Brinell,270.0,0.4,9.5,192,1080.0,1.2308,0.08,460,15,25.6,2.0,,
USA reference export,Lookup Table,Machining > Lookup Tables,tblBoring,lookupTables/Component/tblBoring.csv,"This table was transcribed from 24 screenshots across two batches. Two genuine gaps exist in the source screenshots themselves (not introduced by this transcription): (1) Corobore 820, material code 20.12, diameter 237.0mm row was never captured. (2) Sandvik Duobore pC14-C21: the 270mm-diameter row for code 3.11, and all rows for codes 3.13, 3.2, 3.21, 3.22, 30.11, 30.12, and 30.21, were never captured (a scroll/screenshot gap between images). These are marked with DATA_GAP:true and a note field rather than filled with guessed values. Given the density and volume of this table (~365 data rows), spot-checking a sample against the original source CSV (lookupTables/Component/tblBoring.csv) is recommended before using this for production costing decisions.",182,511,273,966,Bore,"Sandvik Duobore, inserts pC14-C21",41.21,30,Brinell,25.0,0.8,9.5,216,150.0,0.5,0.05,460,15,25.6,2.0,,
USA reference export,Lookup Table,Machining > Lookup Tables,tblBoring,lookupTables/Component/tblBoring.csv,"This table was transcribed from 24 screenshots across two batches. Two genuine gaps exist in the source screenshots themselves (not introduced by this transcription): (1) Corobore 820, material code 20.12, diameter 237.0mm row was never captured. (2) Sandvik Duobore pC14-C21: the 270mm-diameter row for code 3.11, and all rows for codes 3.13, 3.2, 3.21, 3.22, 30.11, 30.12, and 30.21, were never captured (a scroll/screenshot gap between images). These are marked with DATA_GAP:true and a note field rather than filled with guessed values. Given the density and volume of this table (~365 data rows), spot-checking a sample against the original source CSV (lookupTables/Component/tblBoring.csv) is recommended before using this for production costing decisions.",182,511,273,966,Bore,"Sandvik Duobore, inserts pC14-C21",41.21,30,Brinell,37.0,1.2,9.5,216,222.0,0.5385,0.08,460,15,25.6,2.0,,
USA reference export,Lookup Table,Machining > Lookup Tables,tblBoring,lookupTables/Component/tblBoring.csv,"This table was transcribed from 24 screenshots across two batches. Two genuine gaps exist in the source screenshots themselves (not introduced by this transcription): (1) Corobore 820, material code 20.12, diameter 237.0mm row was never captured. (2) Sandvik Duobore pC14-C21: the 270mm-diameter row for code 3.11, and all rows for codes 3.13, 3.2, 3.21, 3.22, 30.11, 30.12, and 30.21, were never captured (a scroll/screenshot gap between images). These are marked with DATA_GAP:true and a note field rather than filled with guessed values. Given the density and volume of this table (~365 data rows), spot-checking a sample against the original source CSV (lookupTables/Component/tblBoring.csv) is recommended before using this for production costing decisions.",182,511,273,966,Bore,"Sandvik Duobore, inserts pC14-C21",41.21,30,Brinell,46.0,1.2,9.5,216,276.0,0.5692,0.1,460,15,25.6,2.0,,
USA reference export,Lookup Table,Machining > Lookup Tables,tblBoring,lookupTables/Component/tblBoring.csv,"This table was transcribed from 24 screenshots across two batches. Two genuine gaps exist in the source screenshots themselves (not introduced by this transcription): (1) Corobore 820, material code 20.12, diameter 237.0mm row was never captured. (2) Sandvik Duobore pC14-C21: the 270mm-diameter row for code 3.11, and all rows for codes 3.13, 3.2, 3.21, 3.22, 30.11, 30.12, and 30.21, were never captured (a scroll/screenshot gap between images). These are marked with DATA_GAP:true and a note field rather than filled with guessed values. Given the density and volume of this table (~365 data rows), spot-checking a sample against the original source CSV (lookupTables/Component/tblBoring.csv) is recommended before using this for production costing decisions.",182,511,273,966,Bore,"Sandvik Duobore, inserts pC14-C21",41.21,30,Brinell,55.0,0.4,9.5,216,220.0,0.6154,0.1,460,15,25.6,2.0,,
USA reference export,Lookup Table,Machining > Lookup Tables,tblBoring,lookupTables/Component/tblBoring.csv,"This table was transcribed from 24 screenshots across two batches. Two genuine gaps exist in the source screenshots themselves (not introduced by this transcription): (1) Corobore 820, material code 20.12, diameter 237.0mm row was never captured. (2) Sandvik Duobore pC14-C21: the 270mm-diameter row for code 3.11, and all rows for codes 3.13, 3.2, 3.21, 3.22, 30.11, 30.12, and 30.21, were never captured (a scroll/screenshot gap between images). These are marked with DATA_GAP:true and a note field rather than filled with guessed values. Given the density and volume of this table (~365 data rows), spot-checking a sample against the original source CSV (lookupTables/Component/tblBoring.csv) is recommended before using this for production costing decisions.",182,511,273,966,Bore,"Sandvik Duobore, inserts pC14-C21",41.21,30,Brinell,101.0,0.4,9.5,216,606.0,0.9231,0.08,460,15,25.6,2.0,,
USA reference export,Lookup Table,Machining > Lookup Tables,tblBoring,lookupTables/Component/tblBoring.csv,"This table was transcribed from 24 screenshots across two batches. Two genuine gaps exist in the source screenshots themselves (not introduced by this transcription): (1) Corobore 820, material code 20.12, diameter 237.0mm row was never captured. (2) Sandvik Duobore pC14-C21: the 270mm-diameter row for code 3.11, and all rows for codes 3.13, 3.2, 3.21, 3.22, 30.11, 30.12, and 30.21, were never captured (a scroll/screenshot gap between images). These are marked with DATA_GAP:true and a note field rather than filled with guessed values. Given the density and volume of this table (~365 data rows), spot-checking a sample against the original source CSV (lookupTables/Component/tblBoring.csv) is recommended before using this for production costing decisions.",182,511,273,966,Bore,"Sandvik Duobore, inserts pC14-C21",41.21,30,Brinell,270.0,0.4,9.5,216,1080.0,1.2308,0.08,460,15,25.6,2.0,,
USA reference export,Lookup Table,Machining > Lookup Tables,tblBoring,lookupTables/Component/tblBoring.csv,"This table was transcribed from 24 screenshots across two batches. Two genuine gaps exist in the source screenshots themselves (not introduced by this transcription): (1) Corobore 820, material code 20.12, diameter 237.0mm row was never captured. (2) Sandvik Duobore pC14-C21: the 270mm-diameter row for code 3.11, and all rows for codes 3.13, 3.2, 3.21, 3.22, 30.11, 30.12, and 30.21, were never captured (a scroll/screenshot gap between images). These are marked with DATA_GAP:true and a note field rather than filled with guessed values. Given the density and volume of this table (~365 data rows), spot-checking a sample against the original source CSV (lookupTables/Component/tblBoring.csv) is recommended before using this for production costing decisions.",182,511,273,966,Bore,"Sandvik Duobore, inserts pC14-C21",42.11,30,Brinell,25.0,0.8,9.5,168,150.0,0.75,0.05,460,15,25.6,2.0,,
USA reference export,Lookup Table,Machining > Lookup Tables,tblBoring,lookupTables/Component/tblBoring.csv,"This table was transcribed from 24 screenshots across two batches. Two genuine gaps exist in the source screenshots themselves (not introduced by this transcription): (1) Corobore 820, material code 20.12, diameter 237.0mm row was never captured. (2) Sandvik Duobore pC14-C21: the 270mm-diameter row for code 3.11, and all rows for codes 3.13, 3.2, 3.21, 3.22, 30.11, 30.12, and 30.21, were never captured (a scroll/screenshot gap between images). These are marked with DATA_GAP:true and a note field rather than filled with guessed values. Given the density and volume of this table (~365 data rows), spot-checking a sample against the original source CSV (lookupTables/Component/tblBoring.csv) is recommended before using this for production costing decisions.",182,511,273,966,Bore,"Sandvik Duobore, inserts pC14-C21",42.11,30,Brinell,37.0,1.2,9.5,168,222.0,0.8077,0.08,460,15,25.6,2.0,,
USA reference export,Lookup Table,Machining > Lookup Tables,tblBoring,lookupTables/Component/tblBoring.csv,"This table was transcribed from 24 screenshots across two batches. Two genuine gaps exist in the source screenshots themselves (not introduced by this transcription): (1) Corobore 820, material code 20.12, diameter 237.0mm row was never captured. (2) Sandvik Duobore pC14-C21: the 270mm-diameter row for code 3.11, and all rows for codes 3.13, 3.2, 3.21, 3.22, 30.11, 30.12, and 30.21, were never captured (a scroll/screenshot gap between images). These are marked with DATA_GAP:true and a note field rather than filled with guessed values. Given the density and volume of this table (~365 data rows), spot-checking a sample against the original source CSV (lookupTables/Component/tblBoring.csv) is recommended before using this for production costing decisions.",182,511,273,966,Bore,"Sandvik Duobore, inserts pC14-C21",42.11,30,Brinell,46.0,1.2,9.5,168,276.0,0.8538,0.1,460,15,25.6,2.0,,
USA reference export,Lookup Table,Machining > Lookup Tables,tblBoring,lookupTables/Component/tblBoring.csv,"This table was transcribed from 24 screenshots across two batches. Two genuine gaps exist in the source screenshots themselves (not introduced by this transcription): (1) Corobore 820, material code 20.12, diameter 237.0mm row was never captured. (2) Sandvik Duobore pC14-C21: the 270mm-diameter row for code 3.11, and all rows for codes 3.13, 3.2, 3.21, 3.22, 30.11, 30.12, and 30.21, were never captured (a scroll/screenshot gap between images). These are marked with DATA_GAP:true and a note field rather than filled with guessed values. Given the density and volume of this table (~365 data rows), spot-checking a sample against the original source CSV (lookupTables/Component/tblBoring.csv) is recommended before using this for production costing decisions.",182,511,273,966,Bore,"Sandvik Duobore, inserts pC14-C21",42.11,30,Brinell,55.0,0.4,9.5,168,220.0,0.9231,0.1,460,15,25.6,2.0,,
USA reference export,Lookup Table,Machining > Lookup Tables,tblBoring,lookupTables/Component/tblBoring.csv,"This table was transcribed from 24 screenshots across two batches. Two genuine gaps exist in the source screenshots themselves (not introduced by this transcription): (1) Corobore 820, material code 20.12, diameter 237.0mm row was never captured. (2) Sandvik Duobore pC14-C21: the 270mm-diameter row for code 3.11, and all rows for codes 3.13, 3.2, 3.21, 3.22, 30.11, 30.12, and 30.21, were never captured (a scroll/screenshot gap between images). These are marked with DATA_GAP:true and a note field rather than filled with guessed values. Given the density and volume of this table (~365 data rows), spot-checking a sample against the original source CSV (lookupTables/Component/tblBoring.csv) is recommended before using this for production costing decisions.",182,511,273,966,Bore,"Sandvik Duobore, inserts pC14-C21",42.11,30,Brinell,101.0,0.4,9.5,168,606.0,1.3846,0.08,460,15,25.6,2.0,,
USA reference export,Lookup Table,Machining > Lookup Tables,tblBoring,lookupTables/Component/tblBoring.csv,"This table was transcribed from 24 screenshots across two batches. Two genuine gaps exist in the source screenshots themselves (not introduced by this transcription): (1) Corobore 820, material code 20.12, diameter 237.0mm row was never captured. (2) Sandvik Duobore pC14-C21: the 270mm-diameter row for code 3.11, and all rows for codes 3.13, 3.2, 3.21, 3.22, 30.11, 30.12, and 30.21, were never captured (a scroll/screenshot gap between images). These are marked with DATA_GAP:true and a note field rather than filled with guessed values. Given the density and volume of this table (~365 data rows), spot-checking a sample against the original source CSV (lookupTables/Component/tblBoring.csv) is recommended before using this for production costing decisions.",182,511,273,966,Bore,"Sandvik Duobore, inserts pC14-C21",42.11,30,Brinell,270.0,0.4,9.5,168,1080.0,1.8461,0.08,460,15,25.6,2.0,,
USA reference export,Lookup Table,Machining > Lookup Tables,tblBoring,lookupTables/Component/tblBoring.csv,"This table was transcribed from 24 screenshots across two batches. Two genuine gaps exist in the source screenshots themselves (not introduced by this transcription): (1) Corobore 820, material code 20.12, diameter 237.0mm row was never captured. (2) Sandvik Duobore pC14-C21: the 270mm-diameter row for code 3.11, and all rows for codes 3.13, 3.2, 3.21, 3.22, 30.11, 30.12, and 30.21, were never captured (a scroll/screenshot gap between images). These are marked with DATA_GAP:true and a note field rather than filled with guessed values. Given the density and volume of this table (~365 data rows), spot-checking a sample against the original source CSV (lookupTables/Component/tblBoring.csv) is recommended before using this for production costing decisions.",182,511,273,966,Bore,"Sandvik Duobore, inserts pC14-C21",42.12,30,Brinell,25.0,0.8,9.5,216,150.0,0.5,0.05,460,15,25.6,2.0,,
USA reference export,Lookup Table,Machining > Lookup Tables,tblBoring,lookupTables/Component/tblBoring.csv,"This table was transcribed from 24 screenshots across two batches. Two genuine gaps exist in the source screenshots themselves (not introduced by this transcription): (1) Corobore 820, material code 20.12, diameter 237.0mm row was never captured. (2) Sandvik Duobore pC14-C21: the 270mm-diameter row for code 3.11, and all rows for codes 3.13, 3.2, 3.21, 3.22, 30.11, 30.12, and 30.21, were never captured (a scroll/screenshot gap between images). These are marked with DATA_GAP:true and a note field rather than filled with guessed values. Given the density and volume of this table (~365 data rows), spot-checking a sample against the original source CSV (lookupTables/Component/tblBoring.csv) is recommended before using this for production costing decisions.",182,511,273,966,Bore,"Sandvik Duobore, inserts pC14-C21",42.12,30,Brinell,37.0,1.2,9.5,216,222.0,0.5385,0.08,460,15,25.6,2.0,,
USA reference export,Lookup Table,Machining > Lookup Tables,tblBoring,lookupTables/Component/tblBoring.csv,"This table was transcribed from 24 screenshots across two batches. Two genuine gaps exist in the source screenshots themselves (not introduced by this transcription): (1) Corobore 820, material code 20.12, diameter 237.0mm row was never captured. (2) Sandvik Duobore pC14-C21: the 270mm-diameter row for code 3.11, and all rows for codes 3.13, 3.2, 3.21, 3.22, 30.11, 30.12, and 30.21, were never captured (a scroll/screenshot gap between images). These are marked with DATA_GAP:true and a note field rather than filled with guessed values. Given the density and volume of this table (~365 data rows), spot-checking a sample against the original source CSV (lookupTables/Component/tblBoring.csv) is recommended before using this for production costing decisions.",182,511,273,966,Bore,"Sandvik Duobore, inserts pC14-C21",42.12,30,Brinell,46.0,1.2,9.5,216,276.0,0.5692,0.1,460,15,25.6,2.0,,
USA reference export,Lookup Table,Machining > Lookup Tables,tblBoring,lookupTables/Component/tblBoring.csv,"This table was transcribed from 24 screenshots across two batches. Two genuine gaps exist in the source screenshots themselves (not introduced by this transcription): (1) Corobore 820, material code 20.12, diameter 237.0mm row was never captured. (2) Sandvik Duobore pC14-C21: the 270mm-diameter row for code 3.11, and all rows for codes 3.13, 3.2, 3.21, 3.22, 30.11, 30.12, and 30.21, were never captured (a scroll/screenshot gap between images). These are marked with DATA_GAP:true and a note field rather than filled with guessed values. Given the density and volume of this table (~365 data rows), spot-checking a sample against the original source CSV (lookupTables/Component/tblBoring.csv) is recommended before using this for production costing decisions.",182,511,273,966,Bore,"Sandvik Duobore, inserts pC14-C21",42.12,30,Brinell,55.0,0.4,9.5,216,220.0,0.6154,0.1,460,15,25.6,2.0,,
USA reference export,Lookup Table,Machining > Lookup Tables,tblBoring,lookupTables/Component/tblBoring.csv,"This table was transcribed from 24 screenshots across two batches. Two genuine gaps exist in the source screenshots themselves (not introduced by this transcription): (1) Corobore 820, material code 20.12, diameter 237.0mm row was never captured. (2) Sandvik Duobore pC14-C21: the 270mm-diameter row for code 3.11, and all rows for codes 3.13, 3.2, 3.21, 3.22, 30.11, 30.12, and 30.21, were never captured (a scroll/screenshot gap between images). These are marked with DATA_GAP:true and a note field rather than filled with guessed values. Given the density and volume of this table (~365 data rows), spot-checking a sample against the original source CSV (lookupTables/Component/tblBoring.csv) is recommended before using this for production costing decisions.",182,511,273,966,Bore,"Sandvik Duobore, inserts pC14-C21",42.12,30,Brinell,101.0,0.4,9.5,216,606.0,0.9231,0.08,460,15,25.6,2.0,,
USA reference export,Lookup Table,Machining > Lookup Tables,tblBoring,lookupTables/Component/tblBoring.csv,"This table was transcribed from 24 screenshots across two batches. Two genuine gaps exist in the source screenshots themselves (not introduced by this transcription): (1) Corobore 820, material code 20.12, diameter 237.0mm row was never captured. (2) Sandvik Duobore pC14-C21: the 270mm-diameter row for code 3.11, and all rows for codes 3.13, 3.2, 3.21, 3.22, 30.11, 30.12, and 30.21, were never captured (a scroll/screenshot gap between images). These are marked with DATA_GAP:true and a note field rather than filled with guessed values. Given the density and volume of this table (~365 data rows), spot-checking a sample against the original source CSV (lookupTables/Component/tblBoring.csv) is recommended before using this for production costing decisions.",182,511,273,966,Bore,"Sandvik Duobore, inserts pC14-C21",42.12,30,Brinell,270.0,0.4,9.5,216,1080.0,1.2308,0.08,460,15,25.6,2.0,,
USA reference export,Lookup Table,Machining > Lookup Tables,tblBoring,lookupTables/Component/tblBoring.csv,"This table was transcribed from 24 screenshots across two batches. Two genuine gaps exist in the source screenshots themselves (not introduced by this transcription): (1) Corobore 820, material code 20.12, diameter 237.0mm row was never captured. (2) Sandvik Duobore pC14-C21: the 270mm-diameter row for code 3.11, and all rows for codes 3.13, 3.2, 3.21, 3.22, 30.11, 30.12, and 30.21, were never captured (a scroll/screenshot gap between images). These are marked with DATA_GAP:true and a note field rather than filled with guessed values. Given the density and volume of this table (~365 data rows), spot-checking a sample against the original source CSV (lookupTables/Component/tblBoring.csv) is recommended before using this for production costing decisions.",182,511,273,966,Bore,"Sandvik Duobore, inserts pC14-C21",42.13,30,Brinell,25.0,0.8,9.5,216,150.0,0.5,0.05,460,15,25.6,2.0,,
USA reference export,Lookup Table,Machining > Lookup Tables,tblBoring,lookupTables/Component/tblBoring.csv,"This table was transcribed from 24 screenshots across two batches. Two genuine gaps exist in the source screenshots themselves (not introduced by this transcription): (1) Corobore 820, material code 20.12, diameter 237.0mm row was never captured. (2) Sandvik Duobore pC14-C21: the 270mm-diameter row for code 3.11, and all rows for codes 3.13, 3.2, 3.21, 3.22, 30.11, 30.12, and 30.21, were never captured (a scroll/screenshot gap between images). These are marked with DATA_GAP:true and a note field rather than filled with guessed values. Given the density and volume of this table (~365 data rows), spot-checking a sample against the original source CSV (lookupTables/Component/tblBoring.csv) is recommended before using this for production costing decisions.",182,511,273,966,Bore,"Sandvik Duobore, inserts pC14-C21",42.13,30,Brinell,37.0,1.2,9.5,216,222.0,0.5385,0.08,460,15,25.6,2.0,,
USA reference export,Lookup Table,Machining > Lookup Tables,tblBoring,lookupTables/Component/tblBoring.csv,"This table was transcribed from 24 screenshots across two batches. Two genuine gaps exist in the source screenshots themselves (not introduced by this transcription): (1) Corobore 820, material code 20.12, diameter 237.0mm row was never captured. (2) Sandvik Duobore pC14-C21: the 270mm-diameter row for code 3.11, and all rows for codes 3.13, 3.2, 3.21, 3.22, 30.11, 30.12, and 30.21, were never captured (a scroll/screenshot gap between images). These are marked with DATA_GAP:true and a note field rather than filled with guessed values. Given the density and volume of this table (~365 data rows), spot-checking a sample against the original source CSV (lookupTables/Component/tblBoring.csv) is recommended before using this for production costing decisions.",182,511,273,966,Bore,"Sandvik Duobore, inserts pC14-C21",42.13,30,Brinell,46.0,1.2,9.5,216,276.0,0.5692,0.1,460,15,25.6,2.0,,
USA reference export,Lookup Table,Machining > Lookup Tables,tblBoring,lookupTables/Component/tblBoring.csv,"This table was transcribed from 24 screenshots across two batches. Two genuine gaps exist in the source screenshots themselves (not introduced by this transcription): (1) Corobore 820, material code 20.12, diameter 237.0mm row was never captured. (2) Sandvik Duobore pC14-C21: the 270mm-diameter row for code 3.11, and all rows for codes 3.13, 3.2, 3.21, 3.22, 30.11, 30.12, and 30.21, were never captured (a scroll/screenshot gap between images). These are marked with DATA_GAP:true and a note field rather than filled with guessed values. Given the density and volume of this table (~365 data rows), spot-checking a sample against the original source CSV (lookupTables/Component/tblBoring.csv) is recommended before using this for production costing decisions.",182,511,273,966,Bore,"Sandvik Duobore, inserts pC14-C21",42.13,30,Brinell,55.0,0.4,9.5,216,220.0,0.6154,0.1,460,15,25.6,2.0,,
USA reference export,Lookup Table,Machining > Lookup Tables,tblBoring,lookupTables/Component/tblBoring.csv,"This table was transcribed from 24 screenshots across two batches. Two genuine gaps exist in the source screenshots themselves (not introduced by this transcription): (1) Corobore 820, material code 20.12, diameter 237.0mm row was never captured. (2) Sandvik Duobore pC14-C21: the 270mm-diameter row for code 3.11, and all rows for codes 3.13, 3.2, 3.21, 3.22, 30.11, 30.12, and 30.21, were never captured (a scroll/screenshot gap between images). These are marked with DATA_GAP:true and a note field rather than filled with guessed values. Given the density and volume of this table (~365 data rows), spot-checking a sample against the original source CSV (lookupTables/Component/tblBoring.csv) is recommended before using this for production costing decisions.",182,511,273,966,Bore,"Sandvik Duobore, inserts pC14-C21",42.13,30,Brinell,101.0,0.4,9.5,216,606.0,0.9231,0.08,460,15,25.6,2.0,,
USA reference export,Lookup Table,Machining > Lookup Tables,tblBoring,lookupTables/Component/tblBoring.csv,"This table was transcribed from 24 screenshots across two batches. Two genuine gaps exist in the source screenshots themselves (not introduced by this transcription): (1) Corobore 820, material code 20.12, diameter 237.0mm row was never captured. (2) Sandvik Duobore pC14-C21: the 270mm-diameter row for code 3.11, and all rows for codes 3.13, 3.2, 3.21, 3.22, 30.11, 30.12, and 30.21, were never captured (a scroll/screenshot gap between images). These are marked with DATA_GAP:true and a note field rather than filled with guessed values. Given the density and volume of this table (~365 data rows), spot-checking a sample against the original source CSV (lookupTables/Component/tblBoring.csv) is recommended before using this for production costing decisions.",182,511,273,966,Bore,"Sandvik Duobore, inserts pC14-C21",42.13,30,Brinell,270.0,0.4,9.5,216,1080.0,1.2308,0.08,460,15,25.6,2.0,,
USA reference export,Lookup Table,Machining > Lookup Tables,tblBoring,lookupTables/Component/tblBoring.csv,"This table was transcribed from 24 screenshots across two batches. Two genuine gaps exist in the source screenshots themselves (not introduced by this transcription): (1) Corobore 820, material code 20.12, diameter 237.0mm row was never captured. (2) Sandvik Duobore pC14-C21: the 270mm-diameter row for code 3.11, and all rows for codes 3.13, 3.2, 3.21, 3.22, 30.11, 30.12, and 30.21, were never captured (a scroll/screenshot gap between images). These are marked with DATA_GAP:true and a note field rather than filled with guessed values. Given the density and volume of this table (~365 data rows), spot-checking a sample against the original source CSV (lookupTables/Component/tblBoring.csv) is recommended before using this for production costing decisions.",182,511,273,966,Bore,"Sandvik Duobore, inserts pC14-C21",5.1,200,Brinell,25.0,0.8,9.5,74,150.0,0.5687,0.05,2100,15,25.6,2.0,,
USA reference export,Lookup Table,Machining > Lookup Tables,tblBoring,lookupTables/Component/tblBoring.csv,"This table was transcribed from 24 screenshots across two batches. Two genuine gaps exist in the source screenshots themselves (not introduced by this transcription): (1) Corobore 820, material code 20.12, diameter 237.0mm row was never captured. (2) Sandvik Duobore pC14-C21: the 270mm-diameter row for code 3.11, and all rows for codes 3.13, 3.2, 3.21, 3.22, 30.11, 30.12, and 30.21, were never captured (a scroll/screenshot gap between images). These are marked with DATA_GAP:true and a note field rather than filled with guessed values. Given the density and volume of this table (~365 data rows), spot-checking a sample against the original source CSV (lookupTables/Component/tblBoring.csv) is recommended before using this for production costing decisions.",182,511,273,966,Bore,"Sandvik Duobore, inserts pC14-C21",5.1,200,Brinell,37.0,1.2,9.5,74,222.0,0.6125,0.08,2100,15,25.6,2.0,,
USA reference export,Lookup Table,Machining > Lookup Tables,tblBoring,lookupTables/Component/tblBoring.csv,"This table was transcribed from 24 screenshots across two batches. Two genuine gaps exist in the source screenshots themselves (not introduced by this transcription): (1) Corobore 820, material code 20.12, diameter 237.0mm row was never captured. (2) Sandvik Duobore pC14-C21: the 270mm-diameter row for code 3.11, and all rows for codes 3.13, 3.2, 3.21, 3.22, 30.11, 30.12, and 30.21, were never captured (a scroll/screenshot gap between images). These are marked with DATA_GAP:true and a note field rather than filled with guessed values. Given the density and volume of this table (~365 data rows), spot-checking a sample against the original source CSV (lookupTables/Component/tblBoring.csv) is recommended before using this for production costing decisions.",182,511,273,966,Bore,"Sandvik Duobore, inserts pC14-C21",5.1,200,Brinell,46.0,1.2,9.5,74,276.0,0.6475,0.1,2100,15,25.6,2.0,,
USA reference export,Lookup Table,Machining > Lookup Tables,tblBoring,lookupTables/Component/tblBoring.csv,"This table was transcribed from 24 screenshots across two batches. Two genuine gaps exist in the source screenshots themselves (not introduced by this transcription): (1) Corobore 820, material code 20.12, diameter 237.0mm row was never captured. (2) Sandvik Duobore pC14-C21: the 270mm-diameter row for code 3.11, and all rows for codes 3.13, 3.2, 3.21, 3.22, 30.11, 30.12, and 30.21, were never captured (a scroll/screenshot gap between images). These are marked with DATA_GAP:true and a note field rather than filled with guessed values. Given the density and volume of this table (~365 data rows), spot-checking a sample against the original source CSV (lookupTables/Component/tblBoring.csv) is recommended before using this for production costing decisions.",182,511,273,966,Bore,"Sandvik Duobore, inserts pC14-C21",5.1,200,Brinell,55.0,0.4,9.5,74,220.0,0.7,0.1,2100,15,25.6,2.0,,
USA reference export,Lookup Table,Machining > Lookup Tables,tblBoring,lookupTables/Component/tblBoring.csv,"This table was transcribed from 24 screenshots across two batches. Two genuine gaps exist in the source screenshots themselves (not introduced by this transcription): (1) Corobore 820, material code 20.12, diameter 237.0mm row was never captured. (2) Sandvik Duobore pC14-C21: the 270mm-diameter row for code 3.11, and all rows for codes 3.13, 3.2, 3.21, 3.22, 30.11, 30.12, and 30.21, were never captured (a scroll/screenshot gap between images). These are marked with DATA_GAP:true and a note field rather than filled with guessed values. Given the density and volume of this table (~365 data rows), spot-checking a sample against the original source CSV (lookupTables/Component/tblBoring.csv) is recommended before using this for production costing decisions.",182,511,273,966,Bore,"Sandvik Duobore, inserts pC14-C21",5.1,200,Brinell,101.0,0.4,9.5,74,606.0,1.05,0.08,2100,15,25.6,2.0,,
USA reference export,Lookup Table,Machining > Lookup Tables,tblBoring,lookupTables/Component/tblBoring.csv,"This table was transcribed from 24 screenshots across two batches. Two genuine gaps exist in the source screenshots themselves (not introduced by this transcription): (1) Corobore 820, material code 20.12, diameter 237.0mm row was never captured. (2) Sandvik Duobore pC14-C21: the 270mm-diameter row for code 3.11, and all rows for codes 3.13, 3.2, 3.21, 3.22, 30.11, 30.12, and 30.21, were never captured (a scroll/screenshot gap between images). These are marked with DATA_GAP:true and a note field rather than filled with guessed values. Given the density and volume of this table (~365 data rows), spot-checking a sample against the original source CSV (lookupTables/Component/tblBoring.csv) is recommended before using this for production costing decisions.",182,511,273,966,Bore,"Sandvik Duobore, inserts pC14-C21",5.1,200,Brinell,270.0,0.4,9.5,74,1080.0,1.4,0.08,2100,15,25.6,2.0,,
USA reference export,Lookup Table,Machining > Lookup Tables,tblBoring,lookupTables/Component/tblBoring.csv,"This table was transcribed from 24 screenshots across two batches. Two genuine gaps exist in the source screenshots themselves (not introduced by this transcription): (1) Corobore 820, material code 20.12, diameter 237.0mm row was never captured. (2) Sandvik Duobore pC14-C21: the 270mm-diameter row for code 3.11, and all rows for codes 3.13, 3.2, 3.21, 3.22, 30.11, 30.12, and 30.21, were never captured (a scroll/screenshot gap between images). These are marked with DATA_GAP:true and a note field rather than filled with guessed values. Given the density and volume of this table (~365 data rows), spot-checking a sample against the original source CSV (lookupTables/Component/tblBoring.csv) is recommended before using this for production costing decisions.",182,511,273,966,Bore,"Sandvik Duobore, inserts pC14-C21",5.11,200,Brinell,25.0,0.8,9.5,88,150.0,0.5687,0.05,2180,15,25.6,2.0,,
USA reference export,Lookup Table,Machining > Lookup Tables,tblBoring,lookupTables/Component/tblBoring.csv,"This table was transcribed from 24 screenshots across two batches. Two genuine gaps exist in the source screenshots themselves (not introduced by this transcription): (1) Corobore 820, material code 20.12, diameter 237.0mm row was never captured. (2) Sandvik Duobore pC14-C21: the 270mm-diameter row for code 3.11, and all rows for codes 3.13, 3.2, 3.21, 3.22, 30.11, 30.12, and 30.21, were never captured (a scroll/screenshot gap between images). These are marked with DATA_GAP:true and a note field rather than filled with guessed values. Given the density and volume of this table (~365 data rows), spot-checking a sample against the original source CSV (lookupTables/Component/tblBoring.csv) is recommended before using this for production costing decisions.",182,511,273,966,Bore,"Sandvik Duobore, inserts pC14-C21",5.11,200,Brinell,37.0,1.2,9.5,88,222.0,0.6125,0.08,2180,15,25.6,2.0,,
USA reference export,Lookup Table,Machining > Lookup Tables,tblBoring,lookupTables/Component/tblBoring.csv,"This table was transcribed from 24 screenshots across two batches. Two genuine gaps exist in the source screenshots themselves (not introduced by this transcription): (1) Corobore 820, material code 20.12, diameter 237.0mm row was never captured. (2) Sandvik Duobore pC14-C21: the 270mm-diameter row for code 3.11, and all rows for codes 3.13, 3.2, 3.21, 3.22, 30.11, 30.12, and 30.21, were never captured (a scroll/screenshot gap between images). These are marked with DATA_GAP:true and a note field rather than filled with guessed values. Given the density and volume of this table (~365 data rows), spot-checking a sample against the original source CSV (lookupTables/Component/tblBoring.csv) is recommended before using this for production costing decisions.",182,511,273,966,Bore,"Sandvik Duobore, inserts pC14-C21",5.11,200,Brinell,46.0,1.2,9.5,88,276.0,0.6475,0.1,2180,15,25.6,2.0,,
USA reference export,Lookup Table,Machining > Lookup Tables,tblBoring,lookupTables/Component/tblBoring.csv,"This table was transcribed from 24 screenshots across two batches. Two genuine gaps exist in the source screenshots themselves (not introduced by this transcription): (1) Corobore 820, material code 20.12, diameter 237.0mm row was never captured. (2) Sandvik Duobore pC14-C21: the 270mm-diameter row for code 3.11, and all rows for codes 3.13, 3.2, 3.21, 3.22, 30.11, 30.12, and 30.21, were never captured (a scroll/screenshot gap between images). These are marked with DATA_GAP:true and a note field rather than filled with guessed values. Given the density and volume of this table (~365 data rows), spot-checking a sample against the original source CSV (lookupTables/Component/tblBoring.csv) is recommended before using this for production costing decisions.",182,511,273,966,Bore,"Sandvik Duobore, inserts pC14-C21",5.11,200,Brinell,55.0,0.4,9.5,88,220.0,0.7,0.1,2180,15,25.6,2.0,,
USA reference export,Lookup Table,Machining > Lookup Tables,tblBoring,lookupTables/Component/tblBoring.csv,"This table was transcribed from 24 screenshots across two batches. Two genuine gaps exist in the source screenshots themselves (not introduced by this transcription): (1) Corobore 820, material code 20.12, diameter 237.0mm row was never captured. (2) Sandvik Duobore pC14-C21: the 270mm-diameter row for code 3.11, and all rows for codes 3.13, 3.2, 3.21, 3.22, 30.11, 30.12, and 30.21, were never captured (a scroll/screenshot gap between images). These are marked with DATA_GAP:true and a note field rather than filled with guessed values. Given the density and volume of this table (~365 data rows), spot-checking a sample against the original source CSV (lookupTables/Component/tblBoring.csv) is recommended before using this for production costing decisions.",182,511,273,966,Bore,"Sandvik Duobore, inserts pC14-C21",5.11,200,Brinell,101.0,0.4,9.5,88,606.0,1.05,0.08,2180,15,25.6,2.0,,
USA reference export,Lookup Table,Machining > Lookup Tables,tblBoring,lookupTables/Component/tblBoring.csv,"This table was transcribed from 24 screenshots across two batches. Two genuine gaps exist in the source screenshots themselves (not introduced by this transcription): (1) Corobore 820, material code 20.12, diameter 237.0mm row was never captured. (2) Sandvik Duobore pC14-C21: the 270mm-diameter row for code 3.11, and all rows for codes 3.13, 3.2, 3.21, 3.22, 30.11, 30.12, and 30.21, were never captured (a scroll/screenshot gap between images). These are marked with DATA_GAP:true and a note field rather than filled with guessed values. Given the density and volume of this table (~365 data rows), spot-checking a sample against the original source CSV (lookupTables/Component/tblBoring.csv) is recommended before using this for production costing decisions.",182,511,273,966,Bore,"Sandvik Duobore, inserts pC14-C21",5.11,200,Brinell,270.0,0.4,9.5,88,1080.0,1.4,0.08,2180,15,25.6,2.0,,
USA reference export,Lookup Table,Machining > Lookup Tables,tblBoring,lookupTables/Component/tblBoring.csv,"This table was transcribed from 24 screenshots across two batches. Two genuine gaps exist in the source screenshots themselves (not introduced by this transcription): (1) Corobore 820, material code 20.12, diameter 237.0mm row was never captured. (2) Sandvik Duobore pC14-C21: the 270mm-diameter row for code 3.11, and all rows for codes 3.13, 3.2, 3.21, 3.22, 30.11, 30.12, and 30.21, were never captured (a scroll/screenshot gap between images). These are marked with DATA_GAP:true and a note field rather than filled with guessed values. Given the density and volume of this table (~365 data rows), spot-checking a sample against the original source CSV (lookupTables/Component/tblBoring.csv) is recommended before using this for production costing decisions.",182,511,273,966,Bore,"Sandvik Duobore, inserts pC14-C21",5.12,330,Brinell,25.0,0.8,9.5,87,150.0,0.5687,0.05,3400,15,25.6,2.0,,
USA reference export,Lookup Table,Machining > Lookup Tables,tblBoring,lookupTables/Component/tblBoring.csv,"This table was transcribed from 24 screenshots across two batches. Two genuine gaps exist in the source screenshots themselves (not introduced by this transcription): (1) Corobore 820, material code 20.12, diameter 237.0mm row was never captured. (2) Sandvik Duobore pC14-C21: the 270mm-diameter row for code 3.11, and all rows for codes 3.13, 3.2, 3.21, 3.22, 30.11, 30.12, and 30.21, were never captured (a scroll/screenshot gap between images). These are marked with DATA_GAP:true and a note field rather than filled with guessed values. Given the density and volume of this table (~365 data rows), spot-checking a sample against the original source CSV (lookupTables/Component/tblBoring.csv) is recommended before using this for production costing decisions.",182,511,273,966,Bore,"Sandvik Duobore, inserts pC14-C21",5.12,330,Brinell,37.0,1.2,9.5,87,222.0,0.6125,0.08,3400,15,25.6,2.0,,
USA reference export,Lookup Table,Machining > Lookup Tables,tblBoring,lookupTables/Component/tblBoring.csv,"This table was transcribed from 24 screenshots across two batches. Two genuine gaps exist in the source screenshots themselves (not introduced by this transcription): (1) Corobore 820, material code 20.12, diameter 237.0mm row was never captured. (2) Sandvik Duobore pC14-C21: the 270mm-diameter row for code 3.11, and all rows for codes 3.13, 3.2, 3.21, 3.22, 30.11, 30.12, and 30.21, were never captured (a scroll/screenshot gap between images). These are marked with DATA_GAP:true and a note field rather than filled with guessed values. Given the density and volume of this table (~365 data rows), spot-checking a sample against the original source CSV (lookupTables/Component/tblBoring.csv) is recommended before using this for production costing decisions.",182,511,273,966,Bore,"Sandvik Duobore, inserts pC14-C21",5.12,330,Brinell,46.0,1.2,9.5,87,276.0,0.6475,0.1,3400,15,25.6,2.0,,
USA reference export,Lookup Table,Machining > Lookup Tables,tblBoring,lookupTables/Component/tblBoring.csv,"This table was transcribed from 24 screenshots across two batches. Two genuine gaps exist in the source screenshots themselves (not introduced by this transcription): (1) Corobore 820, material code 20.12, diameter 237.0mm row was never captured. (2) Sandvik Duobore pC14-C21: the 270mm-diameter row for code 3.11, and all rows for codes 3.13, 3.2, 3.21, 3.22, 30.11, 30.12, and 30.21, were never captured (a scroll/screenshot gap between images). These are marked with DATA_GAP:true and a note field rather than filled with guessed values. Given the density and volume of this table (~365 data rows), spot-checking a sample against the original source CSV (lookupTables/Component/tblBoring.csv) is recommended before using this for production costing decisions.",182,511,273,966,Bore,"Sandvik Duobore, inserts pC14-C21",5.12,330,Brinell,55.0,0.4,9.5,87,220.0,0.7,0.1,3400,15,25.6,2.0,,
USA reference export,Lookup Table,Machining > Lookup Tables,tblBoring,lookupTables/Component/tblBoring.csv,"This table was transcribed from 24 screenshots across two batches. Two genuine gaps exist in the source screenshots themselves (not introduced by this transcription): (1) Corobore 820, material code 20.12, diameter 237.0mm row was never captured. (2) Sandvik Duobore pC14-C21: the 270mm-diameter row for code 3.11, and all rows for codes 3.13, 3.2, 3.21, 3.22, 30.11, 30.12, and 30.21, were never captured (a scroll/screenshot gap between images). These are marked with DATA_GAP:true and a note field rather than filled with guessed values. Given the density and volume of this table (~365 data rows), spot-checking a sample against the original source CSV (lookupTables/Component/tblBoring.csv) is recommended before using this for production costing decisions.",182,511,273,966,Bore,"Sandvik Duobore, inserts pC14-C21",5.12,330,Brinell,101.0,0.4,9.5,87,606.0,1.05,0.08,3400,15,25.6,2.0,,
USA reference export,Lookup Table,Machining > Lookup Tables,tblBoring,lookupTables/Component/tblBoring.csv,"This table was transcribed from 24 screenshots across two batches. Two genuine gaps exist in the source screenshots themselves (not introduced by this transcription): (1) Corobore 820, material code 20.12, diameter 237.0mm row was never captured. (2) Sandvik Duobore pC14-C21: the 270mm-diameter row for code 3.11, and all rows for codes 3.13, 3.2, 3.21, 3.22, 30.11, 30.12, and 30.21, were never captured (a scroll/screenshot gap between images). These are marked with DATA_GAP:true and a note field rather than filled with guessed values. Given the density and volume of this table (~365 data rows), spot-checking a sample against the original source CSV (lookupTables/Component/tblBoring.csv) is recommended before using this for production costing decisions.",182,511,273,966,Bore,"Sandvik Duobore, inserts pC14-C21",5.12,330,Brinell,270.0,0.4,9.5,87,1080.0,1.4,0.08,3400,15,25.6,2.0,,
USA reference export,Lookup Table,Machining > Lookup Tables,tblBoring,lookupTables/Component/tblBoring.csv,"This table was transcribed from 24 screenshots across two batches. Two genuine gaps exist in the source screenshots themselves (not introduced by this transcription): (1) Corobore 820, material code 20.12, diameter 237.0mm row was never captured. (2) Sandvik Duobore pC14-C21: the 270mm-diameter row for code 3.11, and all rows for codes 3.13, 3.2, 3.21, 3.22, 30.11, 30.12, and 30.21, were never captured (a scroll/screenshot gap between images). These are marked with DATA_GAP:true and a note field rather than filled with guessed values. Given the density and volume of this table (~365 data rows), spot-checking a sample against the original source CSV (lookupTables/Component/tblBoring.csv) is recommended before using this for production costing decisions.",182,511,273,966,Bore,"Sandvik Duobore, inserts pC14-C21",5.13,330,Brinell,25.0,0.8,9.5,93,150.0,0.5687,0.05,2800,15,25.6,2.0,,
USA reference export,Lookup Table,Machining > Lookup Tables,tblBoring,lookupTables/Component/tblBoring.csv,"This table was transcribed from 24 screenshots across two batches. Two genuine gaps exist in the source screenshots themselves (not introduced by this transcription): (1) Corobore 820, material code 20.12, diameter 237.0mm row was never captured. (2) Sandvik Duobore pC14-C21: the 270mm-diameter row for code 3.11, and all rows for codes 3.13, 3.2, 3.21, 3.22, 30.11, 30.12, and 30.21, were never captured (a scroll/screenshot gap between images). These are marked with DATA_GAP:true and a note field rather than filled with guessed values. Given the density and volume of this table (~365 data rows), spot-checking a sample against the original source CSV (lookupTables/Component/tblBoring.csv) is recommended before using this for production costing decisions.",182,511,273,966,Bore,"Sandvik Duobore, inserts pC14-C21",5.13,330,Brinell,37.0,1.2,9.5,93,222.0,0.6125,0.08,2800,15,25.6,2.0,,
USA reference export,Lookup Table,Machining > Lookup Tables,tblBoring,lookupTables/Component/tblBoring.csv,"This table was transcribed from 24 screenshots across two batches. Two genuine gaps exist in the source screenshots themselves (not introduced by this transcription): (1) Corobore 820, material code 20.12, diameter 237.0mm row was never captured. (2) Sandvik Duobore pC14-C21: the 270mm-diameter row for code 3.11, and all rows for codes 3.13, 3.2, 3.21, 3.22, 30.11, 30.12, and 30.21, were never captured (a scroll/screenshot gap between images). These are marked with DATA_GAP:true and a note field rather than filled with guessed values. Given the density and volume of this table (~365 data rows), spot-checking a sample against the original source CSV (lookupTables/Component/tblBoring.csv) is recommended before using this for production costing decisions.",182,511,273,966,Bore,"Sandvik Duobore, inserts pC14-C21",5.13,330,Brinell,46.0,1.2,9.5,93,276.0,0.6475,0.1,2800,15,25.6,2.0,,
USA reference export,Lookup Table,Machining > Lookup Tables,tblBoring,lookupTables/Component/tblBoring.csv,"This table was transcribed from 24 screenshots across two batches. Two genuine gaps exist in the source screenshots themselves (not introduced by this transcription): (1) Corobore 820, material code 20.12, diameter 237.0mm row was never captured. (2) Sandvik Duobore pC14-C21: the 270mm-diameter row for code 3.11, and all rows for codes 3.13, 3.2, 3.21, 3.22, 30.11, 30.12, and 30.21, were never captured (a scroll/screenshot gap between images). These are marked with DATA_GAP:true and a note field rather than filled with guessed values. Given the density and volume of this table (~365 data rows), spot-checking a sample against the original source CSV (lookupTables/Component/tblBoring.csv) is recommended before using this for production costing decisions.",182,511,273,966,Bore,"Sandvik Duobore, inserts pC14-C21",5.13,330,Brinell,55.0,0.4,9.5,93,220.0,0.7,0.1,2800,15,25.6,2.0,,
USA reference export,Lookup Table,Machining > Lookup Tables,tblBoring,lookupTables/Component/tblBoring.csv,"This table was transcribed from 24 screenshots across two batches. Two genuine gaps exist in the source screenshots themselves (not introduced by this transcription): (1) Corobore 820, material code 20.12, diameter 237.0mm row was never captured. (2) Sandvik Duobore pC14-C21: the 270mm-diameter row for code 3.11, and all rows for codes 3.13, 3.2, 3.21, 3.22, 30.11, 30.12, and 30.21, were never captured (a scroll/screenshot gap between images). These are marked with DATA_GAP:true and a note field rather than filled with guessed values. Given the density and volume of this table (~365 data rows), spot-checking a sample against the original source CSV (lookupTables/Component/tblBoring.csv) is recommended before using this for production costing decisions.",182,511,273,966,Bore,"Sandvik Duobore, inserts pC14-C21",5.13,330,Brinell,101.0,0.4,9.5,93,606.0,1.05,0.08,2800,15,25.6,2.0,,
USA reference export,Lookup Table,Machining > Lookup Tables,tblBoring,lookupTables/Component/tblBoring.csv,"This table was transcribed from 24 screenshots across two batches. Two genuine gaps exist in the source screenshots themselves (not introduced by this transcription): (1) Corobore 820, material code 20.12, diameter 237.0mm row was never captured. (2) Sandvik Duobore pC14-C21: the 270mm-diameter row for code 3.11, and all rows for codes 3.13, 3.2, 3.21, 3.22, 30.11, 30.12, and 30.21, were never captured (a scroll/screenshot gap between images). These are marked with DATA_GAP:true and a note field rather than filled with guessed values. Given the density and volume of this table (~365 data rows), spot-checking a sample against the original source CSV (lookupTables/Component/tblBoring.csv) is recommended before using this for production costing decisions.",182,511,273,966,Bore,"Sandvik Duobore, inserts pC14-C21",5.13,330,Brinell,270.0,0.4,9.5,93,1080.0,1.4,0.08,2800,15,25.6,2.0,,
USA reference export,Lookup Table,Machining > Lookup Tables,tblBoring,lookupTables/Component/tblBoring.csv,"This table was transcribed from 24 screenshots across two batches. Two genuine gaps exist in the source screenshots themselves (not introduced by this transcription): (1) Corobore 820, material code 20.12, diameter 237.0mm row was never captured. (2) Sandvik Duobore pC14-C21: the 270mm-diameter row for code 3.11, and all rows for codes 3.13, 3.2, 3.21, 3.22, 30.11, 30.12, and 30.21, were never captured (a scroll/screenshot gap between images). These are marked with DATA_GAP:true and a note field rather than filled with guessed values. Given the density and volume of this table (~365 data rows), spot-checking a sample against the original source CSV (lookupTables/Component/tblBoring.csv) is recommended before using this for production costing decisions.",182,511,273,966,Bore,"Sandvik Duobore, inserts pC14-C21",5.2,175,Brinell,25.0,0.8,9.5,132,150.0,0.5687,0.05,2300,15,25.6,2.0,,
USA reference export,Lookup Table,Machining > Lookup Tables,tblBoring,lookupTables/Component/tblBoring.csv,"This table was transcribed from 24 screenshots across two batches. Two genuine gaps exist in the source screenshots themselves (not introduced by this transcription): (1) Corobore 820, material code 20.12, diameter 237.0mm row was never captured. (2) Sandvik Duobore pC14-C21: the 270mm-diameter row for code 3.11, and all rows for codes 3.13, 3.2, 3.21, 3.22, 30.11, 30.12, and 30.21, were never captured (a scroll/screenshot gap between images). These are marked with DATA_GAP:true and a note field rather than filled with guessed values. Given the density and volume of this table (~365 data rows), spot-checking a sample against the original source CSV (lookupTables/Component/tblBoring.csv) is recommended before using this for production costing decisions.",182,511,273,966,Bore,"Sandvik Duobore, inserts pC14-C21",5.2,175,Brinell,37.0,1.2,9.5,132,222.0,0.6125,0.08,2300,15,25.6,2.0,,
USA reference export,Lookup Table,Machining > Lookup Tables,tblBoring,lookupTables/Component/tblBoring.csv,"This table was transcribed from 24 screenshots across two batches. Two genuine gaps exist in the source screenshots themselves (not introduced by this transcription): (1) Corobore 820, material code 20.12, diameter 237.0mm row was never captured. (2) Sandvik Duobore pC14-C21: the 270mm-diameter row for code 3.11, and all rows for codes 3.13, 3.2, 3.21, 3.22, 30.11, 30.12, and 30.21, were never captured (a scroll/screenshot gap between images). These are marked with DATA_GAP:true and a note field rather than filled with guessed values. Given the density and volume of this table (~365 data rows), spot-checking a sample against the original source CSV (lookupTables/Component/tblBoring.csv) is recommended before using this for production costing decisions.",182,511,273,966,Bore,"Sandvik Duobore, inserts pC14-C21",5.2,175,Brinell,46.0,1.2,9.5,132,276.0,0.6475,0.1,2300,15,25.6,2.0,,
USA reference export,Lookup Table,Machining > Lookup Tables,tblBoring,lookupTables/Component/tblBoring.csv,"This table was transcribed from 24 screenshots across two batches. Two genuine gaps exist in the source screenshots themselves (not introduced by this transcription): (1) Corobore 820, material code 20.12, diameter 237.0mm row was never captured. (2) Sandvik Duobore pC14-C21: the 270mm-diameter row for code 3.11, and all rows for codes 3.13, 3.2, 3.21, 3.22, 30.11, 30.12, and 30.21, were never captured (a scroll/screenshot gap between images). These are marked with DATA_GAP:true and a note field rather than filled with guessed values. Given the density and volume of this table (~365 data rows), spot-checking a sample against the original source CSV (lookupTables/Component/tblBoring.csv) is recommended before using this for production costing decisions.",182,511,273,966,Bore,"Sandvik Duobore, inserts pC14-C21",5.2,175,Brinell,55.0,0.4,9.5,132,220.0,0.7,0.1,2300,15,25.6,2.0,,
USA reference export,Lookup Table,Machining > Lookup Tables,tblBoring,lookupTables/Component/tblBoring.csv,"This table was transcribed from 24 screenshots across two batches. Two genuine gaps exist in the source screenshots themselves (not introduced by this transcription): (1) Corobore 820, material code 20.12, diameter 237.0mm row was never captured. (2) Sandvik Duobore pC14-C21: the 270mm-diameter row for code 3.11, and all rows for codes 3.13, 3.2, 3.21, 3.22, 30.11, 30.12, and 30.21, were never captured (a scroll/screenshot gap between images). These are marked with DATA_GAP:true and a note field rather than filled with guessed values. Given the density and volume of this table (~365 data rows), spot-checking a sample against the original source CSV (lookupTables/Component/tblBoring.csv) is recommended before using this for production costing decisions.",182,511,273,966,Bore,"Sandvik Duobore, inserts pC14-C21",5.2,175,Brinell,101.0,0.4,9.5,132,606.0,1.05,0.08,2300,15,25.6,2.0,,
USA reference export,Lookup Table,Machining > Lookup Tables,tblBoring,lookupTables/Component/tblBoring.csv,"This table was transcribed from 24 screenshots across two batches. Two genuine gaps exist in the source screenshots themselves (not introduced by this transcription): (1) Corobore 820, material code 20.12, diameter 237.0mm row was never captured. (2) Sandvik Duobore pC14-C21: the 270mm-diameter row for code 3.11, and all rows for codes 3.13, 3.2, 3.21, 3.22, 30.11, 30.12, and 30.21, were never captured (a scroll/screenshot gap between images). These are marked with DATA_GAP:true and a note field rather than filled with guessed values. Given the density and volume of this table (~365 data rows), spot-checking a sample against the original source CSV (lookupTables/Component/tblBoring.csv) is recommended before using this for production costing decisions.",182,511,273,966,Bore,"Sandvik Duobore, inserts pC14-C21",5.2,175,Brinell,270.0,0.4,9.5,132,1080.0,1.4,0.08,2300,15,25.6,2.0,,
USA reference export,Lookup Table,Machining > Lookup Tables,tblBoring,lookupTables/Component/tblBoring.csv,"This table was transcribed from 24 screenshots across two batches. Two genuine gaps exist in the source screenshots themselves (not introduced by this transcription): (1) Corobore 820, material code 20.12, diameter 237.0mm row was never captured. (2) Sandvik Duobore pC14-C21: the 270mm-diameter row for code 3.11, and all rows for codes 3.13, 3.2, 3.21, 3.22, 30.11, 30.12, and 30.21, were never captured (a scroll/screenshot gap between images). These are marked with DATA_GAP:true and a note field rather than filled with guessed values. Given the density and volume of this table (~365 data rows), spot-checking a sample against the original source CSV (lookupTables/Component/tblBoring.csv) is recommended before using this for production costing decisions.",182,511,273,966,Bore,"Sandvik Duobore, inserts pC14-C21",5.21,200,Brinell,25.0,0.8,9.5,89,150.0,0.4875,0.05,2420,15,25.6,2.0,,
USA reference export,Lookup Table,Machining > Lookup Tables,tblBoring,lookupTables/Component/tblBoring.csv,"This table was transcribed from 24 screenshots across two batches. Two genuine gaps exist in the source screenshots themselves (not introduced by this transcription): (1) Corobore 820, material code 20.12, diameter 237.0mm row was never captured. (2) Sandvik Duobore pC14-C21: the 270mm-diameter row for code 3.11, and all rows for codes 3.13, 3.2, 3.21, 3.22, 30.11, 30.12, and 30.21, were never captured (a scroll/screenshot gap between images). These are marked with DATA_GAP:true and a note field rather than filled with guessed values. Given the density and volume of this table (~365 data rows), spot-checking a sample against the original source CSV (lookupTables/Component/tblBoring.csv) is recommended before using this for production costing decisions.",182,511,273,966,Bore,"Sandvik Duobore, inserts pC14-C21",5.21,200,Brinell,37.0,1.2,9.5,89,222.0,0.525,0.08,2420,15,25.6,2.0,,
USA reference export,Lookup Table,Machining > Lookup Tables,tblBoring,lookupTables/Component/tblBoring.csv,"This table was transcribed from 24 screenshots across two batches. Two genuine gaps exist in the source screenshots themselves (not introduced by this transcription): (1) Corobore 820, material code 20.12, diameter 237.0mm row was never captured. (2) Sandvik Duobore pC14-C21: the 270mm-diameter row for code 3.11, and all rows for codes 3.13, 3.2, 3.21, 3.22, 30.11, 30.12, and 30.21, were never captured (a scroll/screenshot gap between images). These are marked with DATA_GAP:true and a note field rather than filled with guessed values. Given the density and volume of this table (~365 data rows), spot-checking a sample against the original source CSV (lookupTables/Component/tblBoring.csv) is recommended before using this for production costing decisions.",182,511,273,966,Bore,"Sandvik Duobore, inserts pC14-C21",5.21,200,Brinell,46.0,1.2,9.5,89,276.0,0.555,0.1,2420,15,25.6,2.0,,
USA reference export,Lookup Table,Machining > Lookup Tables,tblBoring,lookupTables/Component/tblBoring.csv,"This table was transcribed from 24 screenshots across two batches. Two genuine gaps exist in the source screenshots themselves (not introduced by this transcription): (1) Corobore 820, material code 20.12, diameter 237.0mm row was never captured. (2) Sandvik Duobore pC14-C21: the 270mm-diameter row for code 3.11, and all rows for codes 3.13, 3.2, 3.21, 3.22, 30.11, 30.12, and 30.21, were never captured (a scroll/screenshot gap between images). These are marked with DATA_GAP:true and a note field rather than filled with guessed values. Given the density and volume of this table (~365 data rows), spot-checking a sample against the original source CSV (lookupTables/Component/tblBoring.csv) is recommended before using this for production costing decisions.",182,511,273,966,Bore,"Sandvik Duobore, inserts pC14-C21",5.21,200,Brinell,55.0,0.4,9.5,89,220.0,0.6,0.1,2420,15,25.6,2.0,,
USA reference export,Lookup Table,Machining > Lookup Tables,tblBoring,lookupTables/Component/tblBoring.csv,"This table was transcribed from 24 screenshots across two batches. Two genuine gaps exist in the source screenshots themselves (not introduced by this transcription): (1) Corobore 820, material code 20.12, diameter 237.0mm row was never captured. (2) Sandvik Duobore pC14-C21: the 270mm-diameter row for code 3.11, and all rows for codes 3.13, 3.2, 3.21, 3.22, 30.11, 30.12, and 30.21, were never captured (a scroll/screenshot gap between images). These are marked with DATA_GAP:true and a note field rather than filled with guessed values. Given the density and volume of this table (~365 data rows), spot-checking a sample against the original source CSV (lookupTables/Component/tblBoring.csv) is recommended before using this for production costing decisions.",182,511,273,966,Bore,"Sandvik Duobore, inserts pC14-C21",5.21,200,Brinell,101.0,0.4,9.5,89,606.0,0.9,0.08,2420,15,25.6,2.0,,
USA reference export,Lookup Table,Machining > Lookup Tables,tblBoring,lookupTables/Component/tblBoring.csv,"This table was transcribed from 24 screenshots across two batches. Two genuine gaps exist in the source screenshots themselves (not introduced by this transcription): (1) Corobore 820, material code 20.12, diameter 237.0mm row was never captured. (2) Sandvik Duobore pC14-C21: the 270mm-diameter row for code 3.11, and all rows for codes 3.13, 3.2, 3.21, 3.22, 30.11, 30.12, and 30.21, were never captured (a scroll/screenshot gap between images). These are marked with DATA_GAP:true and a note field rather than filled with guessed values. Given the density and volume of this table (~365 data rows), spot-checking a sample against the original source CSV (lookupTables/Component/tblBoring.csv) is recommended before using this for production costing decisions.",182,511,273,966,Bore,"Sandvik Duobore, inserts pC14-C21",5.21,200,Brinell,270.0,0.4,9.5,89,1080.0,1.2,0.08,2420,15,25.6,2.0,,
USA reference export,Lookup Table,Machining > Lookup Tables,tblBoring,lookupTables/Component/tblBoring.csv,"This table was transcribed from 24 screenshots across two batches. Two genuine gaps exist in the source screenshots themselves (not introduced by this transcription): (1) Corobore 820, material code 20.12, diameter 237.0mm row was never captured. (2) Sandvik Duobore pC14-C21: the 270mm-diameter row for code 3.11, and all rows for codes 3.13, 3.2, 3.21, 3.22, 30.11, 30.12, and 30.21, were never captured (a scroll/screenshot gap between images). These are marked with DATA_GAP:true and a note field rather than filled with guessed values. Given the density and volume of this table (~365 data rows), spot-checking a sample against the original source CSV (lookupTables/Component/tblBoring.csv) is recommended before using this for production costing decisions.",182,511,273,966,Bore,"Sandvik Duobore, inserts pC14-C21",5.22,330,Brinell,25.0,0.8,9.5,77,150.0,0.4875,0.05,3400,15,25.6,2.0,,
USA reference export,Lookup Table,Machining > Lookup Tables,tblBoring,lookupTables/Component/tblBoring.csv,"This table was transcribed from 24 screenshots across two batches. Two genuine gaps exist in the source screenshots themselves (not introduced by this transcription): (1) Corobore 820, material code 20.12, diameter 237.0mm row was never captured. (2) Sandvik Duobore pC14-C21: the 270mm-diameter row for code 3.11, and all rows for codes 3.13, 3.2, 3.21, 3.22, 30.11, 30.12, and 30.21, were never captured (a scroll/screenshot gap between images). These are marked with DATA_GAP:true and a note field rather than filled with guessed values. Given the density and volume of this table (~365 data rows), spot-checking a sample against the original source CSV (lookupTables/Component/tblBoring.csv) is recommended before using this for production costing decisions.",182,511,273,966,Bore,"Sandvik Duobore, inserts pC14-C21",5.22,330,Brinell,37.0,1.2,9.5,77,222.0,0.525,0.08,3400,15,25.6,2.0,,
USA reference export,Lookup Table,Machining > Lookup Tables,tblBoring,lookupTables/Component/tblBoring.csv,"This table was transcribed from 24 screenshots across two batches. Two genuine gaps exist in the source screenshots themselves (not introduced by this transcription): (1) Corobore 820, material code 20.12, diameter 237.0mm row was never captured. (2) Sandvik Duobore pC14-C21: the 270mm-diameter row for code 3.11, and all rows for codes 3.13, 3.2, 3.21, 3.22, 30.11, 30.12, and 30.21, were never captured (a scroll/screenshot gap between images). These are marked with DATA_GAP:true and a note field rather than filled with guessed values. Given the density and volume of this table (~365 data rows), spot-checking a sample against the original source CSV (lookupTables/Component/tblBoring.csv) is recommended before using this for production costing decisions.",182,511,273,966,Bore,"Sandvik Duobore, inserts pC14-C21",5.22,330,Brinell,46.0,1.2,9.5,77,276.0,0.555,0.1,3400,15,25.6,2.0,,
USA reference export,Lookup Table,Machining > Lookup Tables,tblBoring,lookupTables/Component/tblBoring.csv,"This table was transcribed from 24 screenshots across two batches. Two genuine gaps exist in the source screenshots themselves (not introduced by this transcription): (1) Corobore 820, material code 20.12, diameter 237.0mm row was never captured. (2) Sandvik Duobore pC14-C21: the 270mm-diameter row for code 3.11, and all rows for codes 3.13, 3.2, 3.21, 3.22, 30.11, 30.12, and 30.21, were never captured (a scroll/screenshot gap between images). These are marked with DATA_GAP:true and a note field rather than filled with guessed values. Given the density and volume of this table (~365 data rows), spot-checking a sample against the original source CSV (lookupTables/Component/tblBoring.csv) is recommended before using this for production costing decisions.",182,511,273,966,Bore,"Sandvik Duobore, inserts pC14-C21",5.22,330,Brinell,55.0,0.4,9.5,77,220.0,0.6,0.1,3400,15,25.6,2.0,,
USA reference export,Lookup Table,Machining > Lookup Tables,tblBoring,lookupTables/Component/tblBoring.csv,"This table was transcribed from 24 screenshots across two batches. Two genuine gaps exist in the source screenshots themselves (not introduced by this transcription): (1) Corobore 820, material code 20.12, diameter 237.0mm row was never captured. (2) Sandvik Duobore pC14-C21: the 270mm-diameter row for code 3.11, and all rows for codes 3.13, 3.2, 3.21, 3.22, 30.11, 30.12, and 30.21, were never captured (a scroll/screenshot gap between images). These are marked with DATA_GAP:true and a note field rather than filled with guessed values. Given the density and volume of this table (~365 data rows), spot-checking a sample against the original source CSV (lookupTables/Component/tblBoring.csv) is recommended before using this for production costing decisions.",182,511,273,966,Bore,"Sandvik Duobore, inserts pC14-C21",5.22,330,Brinell,101.0,0.4,9.5,77,606.0,0.9,0.08,3400,15,25.6,2.0,,
USA reference export,Lookup Table,Machining > Lookup Tables,tblBoring,lookupTables/Component/tblBoring.csv,"This table was transcribed from 24 screenshots across two batches. Two genuine gaps exist in the source screenshots themselves (not introduced by this transcription): (1) Corobore 820, material code 20.12, diameter 237.0mm row was never captured. (2) Sandvik Duobore pC14-C21: the 270mm-diameter row for code 3.11, and all rows for codes 3.13, 3.2, 3.21, 3.22, 30.11, 30.12, and 30.21, were never captured (a scroll/screenshot gap between images). These are marked with DATA_GAP:true and a note field rather than filled with guessed values. Given the density and volume of this table (~365 data rows), spot-checking a sample against the original source CSV (lookupTables/Component/tblBoring.csv) is recommended before using this for production costing decisions.",182,511,273,966,Bore,"Sandvik Duobore, inserts pC14-C21",5.22,330,Brinell,270.0,0.4,9.5,77,1080.0,1.2,0.08,3400,15,25.6,2.0,,
USA reference export,Lookup Table,Machining > Lookup Tables,tblBoring,lookupTables/Component/tblBoring.csv,"This table was transcribed from 24 screenshots across two batches. Two genuine gaps exist in the source screenshots themselves (not introduced by this transcription): (1) Corobore 820, material code 20.12, diameter 237.0mm row was never captured. (2) Sandvik Duobore pC14-C21: the 270mm-diameter row for code 3.11, and all rows for codes 3.13, 3.2, 3.21, 3.22, 30.11, 30.12, and 30.21, were never captured (a scroll/screenshot gap between images). These are marked with DATA_GAP:true and a note field rather than filled with guessed values. Given the density and volume of this table (~365 data rows), spot-checking a sample against the original source CSV (lookupTables/Component/tblBoring.csv) is recommended before using this for production costing decisions.",182,511,273,966,Bore,"Sandvik Duobore, inserts pC14-C21",5.23,200,Brinell,25.0,0.8,9.5,64,150.0,0.4875,0.05,2960,15,25.6,2.0,,
USA reference export,Lookup Table,Machining > Lookup Tables,tblBoring,lookupTables/Component/tblBoring.csv,"This table was transcribed from 24 screenshots across two batches. Two genuine gaps exist in the source screenshots themselves (not introduced by this transcription): (1) Corobore 820, material code 20.12, diameter 237.0mm row was never captured. (2) Sandvik Duobore pC14-C21: the 270mm-diameter row for code 3.11, and all rows for codes 3.13, 3.2, 3.21, 3.22, 30.11, 30.12, and 30.21, were never captured (a scroll/screenshot gap between images). These are marked with DATA_GAP:true and a note field rather than filled with guessed values. Given the density and volume of this table (~365 data rows), spot-checking a sample against the original source CSV (lookupTables/Component/tblBoring.csv) is recommended before using this for production costing decisions.",182,511,273,966,Bore,"Sandvik Duobore, inserts pC14-C21",5.23,200,Brinell,37.0,1.2,9.5,64,222.0,0.525,0.08,2960,15,25.6,2.0,,
USA reference export,Lookup Table,Machining > Lookup Tables,tblBoring,lookupTables/Component/tblBoring.csv,"This table was transcribed from 24 screenshots across two batches. Two genuine gaps exist in the source screenshots themselves (not introduced by this transcription): (1) Corobore 820, material code 20.12, diameter 237.0mm row was never captured. (2) Sandvik Duobore pC14-C21: the 270mm-diameter row for code 3.11, and all rows for codes 3.13, 3.2, 3.21, 3.22, 30.11, 30.12, and 30.21, were never captured (a scroll/screenshot gap between images). These are marked with DATA_GAP:true and a note field rather than filled with guessed values. Given the density and volume of this table (~365 data rows), spot-checking a sample against the original source CSV (lookupTables/Component/tblBoring.csv) is recommended before using this for production costing decisions.",182,511,273,966,Bore,"Sandvik Duobore, inserts pC14-C21",5.23,200,Brinell,46.0,1.2,9.5,64,276.0,0.555,0.1,2960,15,25.6,2.0,,
USA reference export,Lookup Table,Machining > Lookup Tables,tblBoring,lookupTables/Component/tblBoring.csv,"This table was transcribed from 24 screenshots across two batches. Two genuine gaps exist in the source screenshots themselves (not introduced by this transcription): (1) Corobore 820, material code 20.12, diameter 237.0mm row was never captured. (2) Sandvik Duobore pC14-C21: the 270mm-diameter row for code 3.11, and all rows for codes 3.13, 3.2, 3.21, 3.22, 30.11, 30.12, and 30.21, were never captured (a scroll/screenshot gap between images). These are marked with DATA_GAP:true and a note field rather than filled with guessed values. Given the density and volume of this table (~365 data rows), spot-checking a sample against the original source CSV (lookupTables/Component/tblBoring.csv) is recommended before using this for production costing decisions.",182,511,273,966,Bore,"Sandvik Duobore, inserts pC14-C21",5.23,200,Brinell,55.0,0.4,9.5,64,220.0,0.6,0.1,2960,15,25.6,2.0,,
USA reference export,Lookup Table,Machining > Lookup Tables,tblBoring,lookupTables/Component/tblBoring.csv,"This table was transcribed from 24 screenshots across two batches. Two genuine gaps exist in the source screenshots themselves (not introduced by this transcription): (1) Corobore 820, material code 20.12, diameter 237.0mm row was never captured. (2) Sandvik Duobore pC14-C21: the 270mm-diameter row for code 3.11, and all rows for codes 3.13, 3.2, 3.21, 3.22, 30.11, 30.12, and 30.21, were never captured (a scroll/screenshot gap between images). These are marked with DATA_GAP:true and a note field rather than filled with guessed values. Given the density and volume of this table (~365 data rows), spot-checking a sample against the original source CSV (lookupTables/Component/tblBoring.csv) is recommended before using this for production costing decisions.",182,511,273,966,Bore,"Sandvik Duobore, inserts pC14-C21",5.23,200,Brinell,101.0,0.4,9.5,64,606.0,0.9,0.08,2960,15,25.6,2.0,,
USA reference export,Lookup Table,Machining > Lookup Tables,tblBoring,lookupTables/Component/tblBoring.csv,"This table was transcribed from 24 screenshots across two batches. Two genuine gaps exist in the source screenshots themselves (not introduced by this transcription): (1) Corobore 820, material code 20.12, diameter 237.0mm row was never captured. (2) Sandvik Duobore pC14-C21: the 270mm-diameter row for code 3.11, and all rows for codes 3.13, 3.2, 3.21, 3.22, 30.11, 30.12, and 30.21, were never captured (a scroll/screenshot gap between images). These are marked with DATA_GAP:true and a note field rather than filled with guessed values. Given the density and volume of this table (~365 data rows), spot-checking a sample against the original source CSV (lookupTables/Component/tblBoring.csv) is recommended before using this for production costing decisions.",182,511,273,966,Bore,"Sandvik Duobore, inserts pC14-C21",5.23,200,Brinell,270.0,0.4,9.5,64,1080.0,1.2,0.08,2960,15,25.6,2.0,,
USA reference export,Lookup Table,Machining > Lookup Tables,tblBoring,lookupTables/Component/tblBoring.csv,"This table was transcribed from 24 screenshots across two batches. Two genuine gaps exist in the source screenshots themselves (not introduced by this transcription): (1) Corobore 820, material code 20.12, diameter 237.0mm row was never captured. (2) Sandvik Duobore pC14-C21: the 270mm-diameter row for code 3.11, and all rows for codes 3.13, 3.2, 3.21, 3.22, 30.11, 30.12, and 30.21, were never captured (a scroll/screenshot gap between images). These are marked with DATA_GAP:true and a note field rather than filled with guessed values. Given the density and volume of this table (~365 data rows), spot-checking a sample against the original source CSV (lookupTables/Component/tblBoring.csv) is recommended before using this for production costing decisions.",182,511,273,966,Bore,"Sandvik Duobore, inserts pC14-C21",5.51,230,Brinell,25.0,0.8,9.5,65,150.0,0.4875,0.05,2420,15,25.6,2.0,,
USA reference export,Lookup Table,Machining > Lookup Tables,tblBoring,lookupTables/Component/tblBoring.csv,"This table was transcribed from 24 screenshots across two batches. Two genuine gaps exist in the source screenshots themselves (not introduced by this transcription): (1) Corobore 820, material code 20.12, diameter 237.0mm row was never captured. (2) Sandvik Duobore pC14-C21: the 270mm-diameter row for code 3.11, and all rows for codes 3.13, 3.2, 3.21, 3.22, 30.11, 30.12, and 30.21, were never captured (a scroll/screenshot gap between images). These are marked with DATA_GAP:true and a note field rather than filled with guessed values. Given the density and volume of this table (~365 data rows), spot-checking a sample against the original source CSV (lookupTables/Component/tblBoring.csv) is recommended before using this for production costing decisions.",182,511,273,966,Bore,"Sandvik Duobore, inserts pC14-C21",5.51,230,Brinell,37.0,1.2,9.5,65,222.0,0.525,0.08,2420,15,25.6,2.0,,
USA reference export,Lookup Table,Machining > Lookup Tables,tblBoring,lookupTables/Component/tblBoring.csv,"This table was transcribed from 24 screenshots across two batches. Two genuine gaps exist in the source screenshots themselves (not introduced by this transcription): (1) Corobore 820, material code 20.12, diameter 237.0mm row was never captured. (2) Sandvik Duobore pC14-C21: the 270mm-diameter row for code 3.11, and all rows for codes 3.13, 3.2, 3.21, 3.22, 30.11, 30.12, and 30.21, were never captured (a scroll/screenshot gap between images). These are marked with DATA_GAP:true and a note field rather than filled with guessed values. Given the density and volume of this table (~365 data rows), spot-checking a sample against the original source CSV (lookupTables/Component/tblBoring.csv) is recommended before using this for production costing decisions.",182,511,273,966,Bore,"Sandvik Duobore, inserts pC14-C21",5.51,230,Brinell,46.0,1.2,9.5,65,276.0,0.555,0.1,2420,15,25.6,2.0,,
USA reference export,Lookup Table,Machining > Lookup Tables,tblBoring,lookupTables/Component/tblBoring.csv,"This table was transcribed from 24 screenshots across two batches. Two genuine gaps exist in the source screenshots themselves (not introduced by this transcription): (1) Corobore 820, material code 20.12, diameter 237.0mm row was never captured. (2) Sandvik Duobore pC14-C21: the 270mm-diameter row for code 3.11, and all rows for codes 3.13, 3.2, 3.21, 3.22, 30.11, 30.12, and 30.21, were never captured (a scroll/screenshot gap between images). These are marked with DATA_GAP:true and a note field rather than filled with guessed values. Given the density and volume of this table (~365 data rows), spot-checking a sample against the original source CSV (lookupTables/Component/tblBoring.csv) is recommended before using this for production costing decisions.",182,511,273,966,Bore,"Sandvik Duobore, inserts pC14-C21",5.51,230,Brinell,55.0,0.4,9.5,65,220.0,0.6,0.1,2420,15,25.6,2.0,,
USA reference export,Lookup Table,Machining > Lookup Tables,tblBoring,lookupTables/Component/tblBoring.csv,"This table was transcribed from 24 screenshots across two batches. Two genuine gaps exist in the source screenshots themselves (not introduced by this transcription): (1) Corobore 820, material code 20.12, diameter 237.0mm row was never captured. (2) Sandvik Duobore pC14-C21: the 270mm-diameter row for code 3.11, and all rows for codes 3.13, 3.2, 3.21, 3.22, 30.11, 30.12, and 30.21, were never captured (a scroll/screenshot gap between images). These are marked with DATA_GAP:true and a note field rather than filled with guessed values. Given the density and volume of this table (~365 data rows), spot-checking a sample against the original source CSV (lookupTables/Component/tblBoring.csv) is recommended before using this for production costing decisions.",182,511,273,966,Bore,"Sandvik Duobore, inserts pC14-C21",5.51,230,Brinell,101.0,0.4,9.5,65,606.0,0.9,0.08,2420,15,25.6,2.0,,
USA reference export,Lookup Table,Machining > Lookup Tables,tblBoring,lookupTables/Component/tblBoring.csv,"This table was transcribed from 24 screenshots across two batches. Two genuine gaps exist in the source screenshots themselves (not introduced by this transcription): (1) Corobore 820, material code 20.12, diameter 237.0mm row was never captured. (2) Sandvik Duobore pC14-C21: the 270mm-diameter row for code 3.11, and all rows for codes 3.13, 3.2, 3.21, 3.22, 30.11, 30.12, and 30.21, were never captured (a scroll/screenshot gap between images). These are marked with DATA_GAP:true and a note field rather than filled with guessed values. Given the density and volume of this table (~365 data rows), spot-checking a sample against the original source CSV (lookupTables/Component/tblBoring.csv) is recommended before using this for production costing decisions.",182,511,273,966,Bore,"Sandvik Duobore, inserts pC14-C21",5.51,230,Brinell,270.0,0.4,9.5,65,1080.0,1.2,0.08,2420,15,25.6,2.0,,
USA reference export,Lookup Table,Machining > Lookup Tables,tblBoring,lookupTables/Component/tblBoring.csv,"This table was transcribed from 24 screenshots across two batches. Two genuine gaps exist in the source screenshots themselves (not introduced by this transcription): (1) Corobore 820, material code 20.12, diameter 237.0mm row was never captured. (2) Sandvik Duobore pC14-C21: the 270mm-diameter row for code 3.11, and all rows for codes 3.13, 3.2, 3.21, 3.22, 30.11, 30.12, and 30.21, were never captured (a scroll/screenshot gap between images). These are marked with DATA_GAP:true and a note field rather than filled with guessed values. Given the density and volume of this table (~365 data rows), spot-checking a sample against the original source CSV (lookupTables/Component/tblBoring.csv) is recommended before using this for production costing decisions.",182,511,273,966,Bore,"Sandvik Duobore, inserts pC14-C21",5.52,260,Brinell,25.0,0.8,9.5,65,150.0,0.4875,0.05,2920,15,25.6,2.0,,
USA reference export,Lookup Table,Machining > Lookup Tables,tblBoring,lookupTables/Component/tblBoring.csv,"This table was transcribed from 24 screenshots across two batches. Two genuine gaps exist in the source screenshots themselves (not introduced by this transcription): (1) Corobore 820, material code 20.12, diameter 237.0mm row was never captured. (2) Sandvik Duobore pC14-C21: the 270mm-diameter row for code 3.11, and all rows for codes 3.13, 3.2, 3.21, 3.22, 30.11, 30.12, and 30.21, were never captured (a scroll/screenshot gap between images). These are marked with DATA_GAP:true and a note field rather than filled with guessed values. Given the density and volume of this table (~365 data rows), spot-checking a sample against the original source CSV (lookupTables/Component/tblBoring.csv) is recommended before using this for production costing decisions.",182,511,273,966,Bore,"Sandvik Duobore, inserts pC14-C21",5.52,260,Brinell,37.0,1.2,9.5,65,222.0,0.525,0.08,2920,15,25.6,2.0,,
USA reference export,Lookup Table,Machining > Lookup Tables,tblBoring,lookupTables/Component/tblBoring.csv,"This table was transcribed from 24 screenshots across two batches. Two genuine gaps exist in the source screenshots themselves (not introduced by this transcription): (1) Corobore 820, material code 20.12, diameter 237.0mm row was never captured. (2) Sandvik Duobore pC14-C21: the 270mm-diameter row for code 3.11, and all rows for codes 3.13, 3.2, 3.21, 3.22, 30.11, 30.12, and 30.21, were never captured (a scroll/screenshot gap between images). These are marked with DATA_GAP:true and a note field rather than filled with guessed values. Given the density and volume of this table (~365 data rows), spot-checking a sample against the original source CSV (lookupTables/Component/tblBoring.csv) is recommended before using this for production costing decisions.",182,511,273,966,Bore,"Sandvik Duobore, inserts pC14-C21",5.52,260,Brinell,46.0,1.2,9.5,65,276.0,0.555,0.1,2920,15,25.6,2.0,,
USA reference export,Lookup Table,Machining > Lookup Tables,tblBoring,lookupTables/Component/tblBoring.csv,"This table was transcribed from 24 screenshots across two batches. Two genuine gaps exist in the source screenshots themselves (not introduced by this transcription): (1) Corobore 820, material code 20.12, diameter 237.0mm row was never captured. (2) Sandvik Duobore pC14-C21: the 270mm-diameter row for code 3.11, and all rows for codes 3.13, 3.2, 3.21, 3.22, 30.11, 30.12, and 30.21, were never captured (a scroll/screenshot gap between images). These are marked with DATA_GAP:true and a note field rather than filled with guessed values. Given the density and volume of this table (~365 data rows), spot-checking a sample against the original source CSV (lookupTables/Component/tblBoring.csv) is recommended before using this for production costing decisions.",182,511,273,966,Bore,"Sandvik Duobore, inserts pC14-C21",5.52,260,Brinell,55.0,0.4,9.5,65,220.0,0.6,0.1,2920,15,25.6,2.0,,
USA reference export,Lookup Table,Machining > Lookup Tables,tblBoring,lookupTables/Component/tblBoring.csv,"This table was transcribed from 24 screenshots across two batches. Two genuine gaps exist in the source screenshots themselves (not introduced by this transcription): (1) Corobore 820, material code 20.12, diameter 237.0mm row was never captured. (2) Sandvik Duobore pC14-C21: the 270mm-diameter row for code 3.11, and all rows for codes 3.13, 3.2, 3.21, 3.22, 30.11, 30.12, and 30.21, were never captured (a scroll/screenshot gap between images). These are marked with DATA_GAP:true and a note field rather than filled with guessed values. Given the density and volume of this table (~365 data rows), spot-checking a sample against the original source CSV (lookupTables/Component/tblBoring.csv) is recommended before using this for production costing decisions.",182,511,273,966,Bore,"Sandvik Duobore, inserts pC14-C21",5.52,260,Brinell,101.0,0.4,9.5,65,606.0,0.9,0.08,2920,15,25.6,2.0,,
USA reference export,Lookup Table,Machining > Lookup Tables,tblBoring,lookupTables/Component/tblBoring.csv,"This table was transcribed from 24 screenshots across two batches. Two genuine gaps exist in the source screenshots themselves (not introduced by this transcription): (1) Corobore 820, material code 20.12, diameter 237.0mm row was never captured. (2) Sandvik Duobore pC14-C21: the 270mm-diameter row for code 3.11, and all rows for codes 3.13, 3.2, 3.21, 3.22, 30.11, 30.12, and 30.21, were never captured (a scroll/screenshot gap between images). These are marked with DATA_GAP:true and a note field rather than filled with guessed values. Given the density and volume of this table (~365 data rows), spot-checking a sample against the original source CSV (lookupTables/Component/tblBoring.csv) is recommended before using this for production costing decisions.",182,511,273,966,Bore,"Sandvik Duobore, inserts pC14-C21",5.52,260,Brinell,270.0,0.4,9.5,65,1080.0,1.2,0.08,2920,15,25.6,2.0,,
USA reference export,Lookup Table,Machining > Lookup Tables,tblBoring,lookupTables/Component/tblBoring.csv,"This table was transcribed from 24 screenshots across two batches. Two genuine gaps exist in the source screenshots themselves (not introduced by this transcription): (1) Corobore 820, material code 20.12, diameter 237.0mm row was never captured. (2) Sandvik Duobore pC14-C21: the 270mm-diameter row for code 3.11, and all rows for codes 3.13, 3.2, 3.21, 3.22, 30.11, 30.12, and 30.21, were never captured (a scroll/screenshot gap between images). These are marked with DATA_GAP:true and a note field rather than filled with guessed values. Given the density and volume of this table (~365 data rows), spot-checking a sample against the original source CSV (lookupTables/Component/tblBoring.csv) is recommended before using this for production costing decisions.",182,511,273,966,Bore,"Sandvik Duobore, inserts pC14-C21",51.21,30,Brinell,25.0,0.8,9.5,392,150.0,0.75,0.05,460,15,25.6,2.0,,
USA reference export,Lookup Table,Machining > Lookup Tables,tblBoring,lookupTables/Component/tblBoring.csv,"This table was transcribed from 24 screenshots across two batches. Two genuine gaps exist in the source screenshots themselves (not introduced by this transcription): (1) Corobore 820, material code 20.12, diameter 237.0mm row was never captured. (2) Sandvik Duobore pC14-C21: the 270mm-diameter row for code 3.11, and all rows for codes 3.13, 3.2, 3.21, 3.22, 30.11, 30.12, and 30.21, were never captured (a scroll/screenshot gap between images). These are marked with DATA_GAP:true and a note field rather than filled with guessed values. Given the density and volume of this table (~365 data rows), spot-checking a sample against the original source CSV (lookupTables/Component/tblBoring.csv) is recommended before using this for production costing decisions.",182,511,273,966,Bore,"Sandvik Duobore, inserts pC14-C21",51.21,30,Brinell,37.0,1.2,9.5,392,222.0,0.8077,0.08,460,15,25.6,2.0,,
USA reference export,Lookup Table,Machining > Lookup Tables,tblBoring,lookupTables/Component/tblBoring.csv,"This table was transcribed from 24 screenshots across two batches. Two genuine gaps exist in the source screenshots themselves (not introduced by this transcription): (1) Corobore 820, material code 20.12, diameter 237.0mm row was never captured. (2) Sandvik Duobore pC14-C21: the 270mm-diameter row for code 3.11, and all rows for codes 3.13, 3.2, 3.21, 3.22, 30.11, 30.12, and 30.21, were never captured (a scroll/screenshot gap between images). These are marked with DATA_GAP:true and a note field rather than filled with guessed values. Given the density and volume of this table (~365 data rows), spot-checking a sample against the original source CSV (lookupTables/Component/tblBoring.csv) is recommended before using this for production costing decisions.",182,511,273,966,Bore,"Sandvik Duobore, inserts pC14-C21",51.21,30,Brinell,46.0,1.2,9.5,392,276.0,0.8538,0.1,460,15,25.6,2.0,,
USA reference export,Lookup Table,Machining > Lookup Tables,tblBoring,lookupTables/Component/tblBoring.csv,"This table was transcribed from 24 screenshots across two batches. Two genuine gaps exist in the source screenshots themselves (not introduced by this transcription): (1) Corobore 820, material code 20.12, diameter 237.0mm row was never captured. (2) Sandvik Duobore pC14-C21: the 270mm-diameter row for code 3.11, and all rows for codes 3.13, 3.2, 3.21, 3.22, 30.11, 30.12, and 30.21, were never captured (a scroll/screenshot gap between images). These are marked with DATA_GAP:true and a note field rather than filled with guessed values. Given the density and volume of this table (~365 data rows), spot-checking a sample against the original source CSV (lookupTables/Component/tblBoring.csv) is recommended before using this for production costing decisions.",182,511,273,966,Bore,"Sandvik Duobore, inserts pC14-C21",51.21,30,Brinell,55.0,0.4,9.5,392,220.0,0.9231,0.1,460,15,25.6,2.0,,
USA reference export,Lookup Table,Machining > Lookup Tables,tblBoring,lookupTables/Component/tblBoring.csv,"This table was transcribed from 24 screenshots across two batches. Two genuine gaps exist in the source screenshots themselves (not introduced by this transcription): (1) Corobore 820, material code 20.12, diameter 237.0mm row was never captured. (2) Sandvik Duobore pC14-C21: the 270mm-diameter row for code 3.11, and all rows for codes 3.13, 3.2, 3.21, 3.22, 30.11, 30.12, and 30.21, were never captured (a scroll/screenshot gap between images). These are marked with DATA_GAP:true and a note field rather than filled with guessed values. Given the density and volume of this table (~365 data rows), spot-checking a sample against the original source CSV (lookupTables/Component/tblBoring.csv) is recommended before using this for production costing decisions.",182,511,273,966,Bore,"Sandvik Duobore, inserts pC14-C21",51.21,30,Brinell,101.0,0.4,9.5,392,606.0,1.3846,0.08,460,15,25.6,2.0,,
USA reference export,Lookup Table,Machining > Lookup Tables,tblBoring,lookupTables/Component/tblBoring.csv,"This table was transcribed from 24 screenshots across two batches. Two genuine gaps exist in the source screenshots themselves (not introduced by this transcription): (1) Corobore 820, material code 20.12, diameter 237.0mm row was never captured. (2) Sandvik Duobore pC14-C21: the 270mm-diameter row for code 3.11, and all rows for codes 3.13, 3.2, 3.21, 3.22, 30.11, 30.12, and 30.21, were never captured (a scroll/screenshot gap between images). These are marked with DATA_GAP:true and a note field rather than filled with guessed values. Given the density and volume of this table (~365 data rows), spot-checking a sample against the original source CSV (lookupTables/Component/tblBoring.csv) is recommended before using this for production costing decisions.",182,511,273,966,Bore,"Sandvik Duobore, inserts pC14-C21",51.21,30,Brinell,270.0,0.4,9.5,392,1080.0,1.8461,0.08,460,15,25.6,2.0,,
USA reference export,Lookup Table,Machining > Lookup Tables,tblBoring,lookupTables/Component/tblBoring.csv,"This table was transcribed from 24 screenshots across two batches. Two genuine gaps exist in the source screenshots themselves (not introduced by this transcription): (1) Corobore 820, material code 20.12, diameter 237.0mm row was never captured. (2) Sandvik Duobore pC14-C21: the 270mm-diameter row for code 3.11, and all rows for codes 3.13, 3.2, 3.21, 3.22, 30.11, 30.12, and 30.21, were never captured (a scroll/screenshot gap between images). These are marked with DATA_GAP:true and a note field rather than filled with guessed values. Given the density and volume of this table (~365 data rows), spot-checking a sample against the original source CSV (lookupTables/Component/tblBoring.csv) is recommended before using this for production costing decisions.",182,511,273,966,Bore,"Sandvik Duobore, inserts pC14-C21",51.22,30,Brinell,25.0,0.8,9.5,392,150.0,0.75,0.05,460,15,25.6,2.0,,
USA reference export,Lookup Table,Machining > Lookup Tables,tblBoring,lookupTables/Component/tblBoring.csv,"This table was transcribed from 24 screenshots across two batches. Two genuine gaps exist in the source screenshots themselves (not introduced by this transcription): (1) Corobore 820, material code 20.12, diameter 237.0mm row was never captured. (2) Sandvik Duobore pC14-C21: the 270mm-diameter row for code 3.11, and all rows for codes 3.13, 3.2, 3.21, 3.22, 30.11, 30.12, and 30.21, were never captured (a scroll/screenshot gap between images). These are marked with DATA_GAP:true and a note field rather than filled with guessed values. Given the density and volume of this table (~365 data rows), spot-checking a sample against the original source CSV (lookupTables/Component/tblBoring.csv) is recommended before using this for production costing decisions.",182,511,273,966,Bore,"Sandvik Duobore, inserts pC14-C21",51.22,30,Brinell,37.0,1.2,9.5,392,222.0,0.8077,0.08,460,15,25.6,2.0,,
USA reference export,Lookup Table,Machining > Lookup Tables,tblBoring,lookupTables/Component/tblBoring.csv,"This table was transcribed from 24 screenshots across two batches. Two genuine gaps exist in the source screenshots themselves (not introduced by this transcription): (1) Corobore 820, material code 20.12, diameter 237.0mm row was never captured. (2) Sandvik Duobore pC14-C21: the 270mm-diameter row for code 3.11, and all rows for codes 3.13, 3.2, 3.21, 3.22, 30.11, 30.12, and 30.21, were never captured (a scroll/screenshot gap between images). These are marked with DATA_GAP:true and a note field rather than filled with guessed values. Given the density and volume of this table (~365 data rows), spot-checking a sample against the original source CSV (lookupTables/Component/tblBoring.csv) is recommended before using this for production costing decisions.",182,511,273,966,Bore,"Sandvik Duobore, inserts pC14-C21",51.22,30,Brinell,46.0,1.2,9.5,392,276.0,0.8538,0.1,460,15,25.6,2.0,,
USA reference export,Lookup Table,Machining > Lookup Tables,tblBoring,lookupTables/Component/tblBoring.csv,"This table was transcribed from 24 screenshots across two batches. Two genuine gaps exist in the source screenshots themselves (not introduced by this transcription): (1) Corobore 820, material code 20.12, diameter 237.0mm row was never captured. (2) Sandvik Duobore pC14-C21: the 270mm-diameter row for code 3.11, and all rows for codes 3.13, 3.2, 3.21, 3.22, 30.11, 30.12, and 30.21, were never captured (a scroll/screenshot gap between images). These are marked with DATA_GAP:true and a note field rather than filled with guessed values. Given the density and volume of this table (~365 data rows), spot-checking a sample against the original source CSV (lookupTables/Component/tblBoring.csv) is recommended before using this for production costing decisions.",182,511,273,966,Bore,"Sandvik Duobore, inserts pC14-C21",51.22,30,Brinell,55.0,0.4,9.5,392,220.0,0.9231,0.1,460,15,25.6,2.0,,
USA reference export,Lookup Table,Machining > Lookup Tables,tblBoring,lookupTables/Component/tblBoring.csv,"This table was transcribed from 24 screenshots across two batches. Two genuine gaps exist in the source screenshots themselves (not introduced by this transcription): (1) Corobore 820, material code 20.12, diameter 237.0mm row was never captured. (2) Sandvik Duobore pC14-C21: the 270mm-diameter row for code 3.11, and all rows for codes 3.13, 3.2, 3.21, 3.22, 30.11, 30.12, and 30.21, were never captured (a scroll/screenshot gap between images). These are marked with DATA_GAP:true and a note field rather than filled with guessed values. Given the density and volume of this table (~365 data rows), spot-checking a sample against the original source CSV (lookupTables/Component/tblBoring.csv) is recommended before using this for production costing decisions.",182,511,273,966,Bore,"Sandvik Duobore, inserts pC14-C21",51.22,30,Brinell,101.0,0.4,9.5,392,606.0,1.3846,0.08,460,15,25.6,2.0,,
USA reference export,Lookup Table,Machining > Lookup Tables,tblBoring,lookupTables/Component/tblBoring.csv,"This table was transcribed from 24 screenshots across two batches. Two genuine gaps exist in the source screenshots themselves (not introduced by this transcription): (1) Corobore 820, material code 20.12, diameter 237.0mm row was never captured. (2) Sandvik Duobore pC14-C21: the 270mm-diameter row for code 3.11, and all rows for codes 3.13, 3.2, 3.21, 3.22, 30.11, 30.12, and 30.21, were never captured (a scroll/screenshot gap between images). These are marked with DATA_GAP:true and a note field rather than filled with guessed values. Given the density and volume of this table (~365 data rows), spot-checking a sample against the original source CSV (lookupTables/Component/tblBoring.csv) is recommended before using this for production costing decisions.",182,511,273,966,Bore,"Sandvik Duobore, inserts pC14-C21",51.22,30,Brinell,270.0,0.4,9.5,392,1080.0,1.8461,0.08,460,15,25.6,2.0,,
USA reference export,Lookup Table,Machining > Lookup Tables,tblBoring,lookupTables/Component/tblBoring.csv,"This table was transcribed from 24 screenshots across two batches. Two genuine gaps exist in the source screenshots themselves (not introduced by this transcription): (1) Corobore 820, material code 20.12, diameter 237.0mm row was never captured. (2) Sandvik Duobore pC14-C21: the 270mm-diameter row for code 3.11, and all rows for codes 3.13, 3.2, 3.21, 3.22, 30.11, 30.12, and 30.21, were never captured (a scroll/screenshot gap between images). These are marked with DATA_GAP:true and a note field rather than filled with guessed values. Given the density and volume of this table (~365 data rows), spot-checking a sample against the original source CSV (lookupTables/Component/tblBoring.csv) is recommended before using this for production costing decisions.",182,511,273,966,Bore,"Sandvik Duobore, inserts pC14-C21",51.31,30,Brinell,25.0,0.8,9.5,488,150.0,0.75,0.05,460,15,25.6,2.0,,
USA reference export,Lookup Table,Machining > Lookup Tables,tblBoring,lookupTables/Component/tblBoring.csv,"This table was transcribed from 24 screenshots across two batches. Two genuine gaps exist in the source screenshots themselves (not introduced by this transcription): (1) Corobore 820, material code 20.12, diameter 237.0mm row was never captured. (2) Sandvik Duobore pC14-C21: the 270mm-diameter row for code 3.11, and all rows for codes 3.13, 3.2, 3.21, 3.22, 30.11, 30.12, and 30.21, were never captured (a scroll/screenshot gap between images). These are marked with DATA_GAP:true and a note field rather than filled with guessed values. Given the density and volume of this table (~365 data rows), spot-checking a sample against the original source CSV (lookupTables/Component/tblBoring.csv) is recommended before using this for production costing decisions.",182,511,273,966,Bore,"Sandvik Duobore, inserts pC14-C21",51.31,30,Brinell,37.0,1.2,9.5,488,222.0,0.8077,0.08,460,15,25.6,2.0,,
USA reference export,Lookup Table,Machining > Lookup Tables,tblBoring,lookupTables/Component/tblBoring.csv,"This table was transcribed from 24 screenshots across two batches. Two genuine gaps exist in the source screenshots themselves (not introduced by this transcription): (1) Corobore 820, material code 20.12, diameter 237.0mm row was never captured. (2) Sandvik Duobore pC14-C21: the 270mm-diameter row for code 3.11, and all rows for codes 3.13, 3.2, 3.21, 3.22, 30.11, 30.12, and 30.21, were never captured (a scroll/screenshot gap between images). These are marked with DATA_GAP:true and a note field rather than filled with guessed values. Given the density and volume of this table (~365 data rows), spot-checking a sample against the original source CSV (lookupTables/Component/tblBoring.csv) is recommended before using this for production costing decisions.",182,511,273,966,Bore,"Sandvik Duobore, inserts pC14-C21",51.31,30,Brinell,46.0,1.2,9.5,488,276.0,0.8538,0.1,460,15,25.6,2.0,,
USA reference export,Lookup Table,Machining > Lookup Tables,tblBoring,lookupTables/Component/tblBoring.csv,"This table was transcribed from 24 screenshots across two batches. Two genuine gaps exist in the source screenshots themselves (not introduced by this transcription): (1) Corobore 820, material code 20.12, diameter 237.0mm row was never captured. (2) Sandvik Duobore pC14-C21: the 270mm-diameter row for code 3.11, and all rows for codes 3.13, 3.2, 3.21, 3.22, 30.11, 30.12, and 30.21, were never captured (a scroll/screenshot gap between images). These are marked with DATA_GAP:true and a note field rather than filled with guessed values. Given the density and volume of this table (~365 data rows), spot-checking a sample against the original source CSV (lookupTables/Component/tblBoring.csv) is recommended before using this for production costing decisions.",182,511,273,966,Bore,"Sandvik Duobore, inserts pC14-C21",51.31,30,Brinell,55.0,0.4,9.5,488,220.0,0.9231,0.1,460,15,25.6,2.0,,
USA reference export,Lookup Table,Machining > Lookup Tables,tblBoring,lookupTables/Component/tblBoring.csv,"This table was transcribed from 24 screenshots across two batches. Two genuine gaps exist in the source screenshots themselves (not introduced by this transcription): (1) Corobore 820, material code 20.12, diameter 237.0mm row was never captured. (2) Sandvik Duobore pC14-C21: the 270mm-diameter row for code 3.11, and all rows for codes 3.13, 3.2, 3.21, 3.22, 30.11, 30.12, and 30.21, were never captured (a scroll/screenshot gap between images). These are marked with DATA_GAP:true and a note field rather than filled with guessed values. Given the density and volume of this table (~365 data rows), spot-checking a sample against the original source CSV (lookupTables/Component/tblBoring.csv) is recommended before using this for production costing decisions.",182,511,273,966,Bore,"Sandvik Duobore, inserts pC14-C21",51.31,30,Brinell,101.0,0.4,9.5,488,606.0,1.3846,0.08,460,15,25.6,2.0,,
USA reference export,Lookup Table,Machining > Lookup Tables,tblBoring,lookupTables/Component/tblBoring.csv,"This table was transcribed from 24 screenshots across two batches. Two genuine gaps exist in the source screenshots themselves (not introduced by this transcription): (1) Corobore 820, material code 20.12, diameter 237.0mm row was never captured. (2) Sandvik Duobore pC14-C21: the 270mm-diameter row for code 3.11, and all rows for codes 3.13, 3.2, 3.21, 3.22, 30.11, 30.12, and 30.21, were never captured (a scroll/screenshot gap between images). These are marked with DATA_GAP:true and a note field rather than filled with guessed values. Given the density and volume of this table (~365 data rows), spot-checking a sample against the original source CSV (lookupTables/Component/tblBoring.csv) is recommended before using this for production costing decisions.",182,511,273,966,Bore,"Sandvik Duobore, inserts pC14-C21",51.31,30,Brinell,270.0,0.4,9.5,488,1080.0,1.8461,0.08,460,15,25.6,2.0,,
USA reference export,Lookup Table,Machining > Lookup Tables,tblBoring,lookupTables/Component/tblBoring.csv,"This table was transcribed from 24 screenshots across two batches. Two genuine gaps exist in the source screenshots themselves (not introduced by this transcription): (1) Corobore 820, material code 20.12, diameter 237.0mm row was never captured. (2) Sandvik Duobore pC14-C21: the 270mm-diameter row for code 3.11, and all rows for codes 3.13, 3.2, 3.21, 3.22, 30.11, 30.12, and 30.21, were never captured (a scroll/screenshot gap between images). These are marked with DATA_GAP:true and a note field rather than filled with guessed values. Given the density and volume of this table (~365 data rows), spot-checking a sample against the original source CSV (lookupTables/Component/tblBoring.csv) is recommended before using this for production costing decisions.",182,511,273,966,Bore,"Sandvik Duobore, inserts pC14-C21",51.32,30,Brinell,25.0,0.8,9.5,488,150.0,0.75,0.05,460,15,25.6,2.0,,
USA reference export,Lookup Table,Machining > Lookup Tables,tblBoring,lookupTables/Component/tblBoring.csv,"This table was transcribed from 24 screenshots across two batches. Two genuine gaps exist in the source screenshots themselves (not introduced by this transcription): (1) Corobore 820, material code 20.12, diameter 237.0mm row was never captured. (2) Sandvik Duobore pC14-C21: the 270mm-diameter row for code 3.11, and all rows for codes 3.13, 3.2, 3.21, 3.22, 30.11, 30.12, and 30.21, were never captured (a scroll/screenshot gap between images). These are marked with DATA_GAP:true and a note field rather than filled with guessed values. Given the density and volume of this table (~365 data rows), spot-checking a sample against the original source CSV (lookupTables/Component/tblBoring.csv) is recommended before using this for production costing decisions.",182,511,273,966,Bore,"Sandvik Duobore, inserts pC14-C21",51.32,30,Brinell,37.0,1.2,9.5,488,222.0,0.8077,0.08,460,15,25.6,2.0,,
USA reference export,Lookup Table,Machining > Lookup Tables,tblBoring,lookupTables/Component/tblBoring.csv,"This table was transcribed from 24 screenshots across two batches. Two genuine gaps exist in the source screenshots themselves (not introduced by this transcription): (1) Corobore 820, material code 20.12, diameter 237.0mm row was never captured. (2) Sandvik Duobore pC14-C21: the 270mm-diameter row for code 3.11, and all rows for codes 3.13, 3.2, 3.21, 3.22, 30.11, 30.12, and 30.21, were never captured (a scroll/screenshot gap between images). These are marked with DATA_GAP:true and a note field rather than filled with guessed values. Given the density and volume of this table (~365 data rows), spot-checking a sample against the original source CSV (lookupTables/Component/tblBoring.csv) is recommended before using this for production costing decisions.",182,511,273,966,Bore,"Sandvik Duobore, inserts pC14-C21",51.32,30,Brinell,46.0,1.2,9.5,488,276.0,0.8538,0.1,460,15,25.6,2.0,,
USA reference export,Lookup Table,Machining > Lookup Tables,tblBoring,lookupTables/Component/tblBoring.csv,"This table was transcribed from 24 screenshots across two batches. Two genuine gaps exist in the source screenshots themselves (not introduced by this transcription): (1) Corobore 820, material code 20.12, diameter 237.0mm row was never captured. (2) Sandvik Duobore pC14-C21: the 270mm-diameter row for code 3.11, and all rows for codes 3.13, 3.2, 3.21, 3.22, 30.11, 30.12, and 30.21, were never captured (a scroll/screenshot gap between images). These are marked with DATA_GAP:true and a note field rather than filled with guessed values. Given the density and volume of this table (~365 data rows), spot-checking a sample against the original source CSV (lookupTables/Component/tblBoring.csv) is recommended before using this for production costing decisions.",182,511,273,966,Bore,"Sandvik Duobore, inserts pC14-C21",51.32,30,Brinell,55.0,0.4,9.5,488,220.0,0.9231,0.1,460,15,25.6,2.0,,
USA reference export,Lookup Table,Machining > Lookup Tables,tblBoring,lookupTables/Component/tblBoring.csv,"This table was transcribed from 24 screenshots across two batches. Two genuine gaps exist in the source screenshots themselves (not introduced by this transcription): (1) Corobore 820, material code 20.12, diameter 237.0mm row was never captured. (2) Sandvik Duobore pC14-C21: the 270mm-diameter row for code 3.11, and all rows for codes 3.13, 3.2, 3.21, 3.22, 30.11, 30.12, and 30.21, were never captured (a scroll/screenshot gap between images). These are marked with DATA_GAP:true and a note field rather than filled with guessed values. Given the density and volume of this table (~365 data rows), spot-checking a sample against the original source CSV (lookupTables/Component/tblBoring.csv) is recommended before using this for production costing decisions.",182,511,273,966,Bore,"Sandvik Duobore, inserts pC14-C21",51.32,30,Brinell,101.0,0.4,9.5,488,606.0,1.3846,0.08,460,15,25.6,2.0,,
USA reference export,Lookup Table,Machining > Lookup Tables,tblBoring,lookupTables/Component/tblBoring.csv,"This table was transcribed from 24 screenshots across two batches. Two genuine gaps exist in the source screenshots themselves (not introduced by this transcription): (1) Corobore 820, material code 20.12, diameter 237.0mm row was never captured. (2) Sandvik Duobore pC14-C21: the 270mm-diameter row for code 3.11, and all rows for codes 3.13, 3.2, 3.21, 3.22, 30.11, 30.12, and 30.21, were never captured (a scroll/screenshot gap between images). These are marked with DATA_GAP:true and a note field rather than filled with guessed values. Given the density and volume of this table (~365 data rows), spot-checking a sample against the original source CSV (lookupTables/Component/tblBoring.csv) is recommended before using this for production costing decisions.",182,511,273,966,Bore,"Sandvik Duobore, inserts pC14-C21",51.32,30,Brinell,270.0,0.4,9.5,488,1080.0,1.8461,0.08,460,15,25.6,2.0,,
USA reference export,Lookup Table,Machining > Lookup Tables,tblBoring,lookupTables/Component/tblBoring.csv,"This table was transcribed from 24 screenshots across two batches. Two genuine gaps exist in the source screenshots themselves (not introduced by this transcription): (1) Corobore 820, material code 20.12, diameter 237.0mm row was never captured. (2) Sandvik Duobore pC14-C21: the 270mm-diameter row for code 3.11, and all rows for codes 3.13, 3.2, 3.21, 3.22, 30.11, 30.12, and 30.21, were never captured (a scroll/screenshot gap between images). These are marked with DATA_GAP:true and a note field rather than filled with guessed values. Given the density and volume of this table (~365 data rows), spot-checking a sample against the original source CSV (lookupTables/Component/tblBoring.csv) is recommended before using this for production costing decisions.",182,511,273,966,Bore,"Sandvik Duobore, inserts pC14-C21",52.11,30,Brinell,25.0,0.8,9.5,216,150.0,0.75,0.05,460,15,25.6,2.0,,
USA reference export,Lookup Table,Machining > Lookup Tables,tblBoring,lookupTables/Component/tblBoring.csv,"This table was transcribed from 24 screenshots across two batches. Two genuine gaps exist in the source screenshots themselves (not introduced by this transcription): (1) Corobore 820, material code 20.12, diameter 237.0mm row was never captured. (2) Sandvik Duobore pC14-C21: the 270mm-diameter row for code 3.11, and all rows for codes 3.13, 3.2, 3.21, 3.22, 30.11, 30.12, and 30.21, were never captured (a scroll/screenshot gap between images). These are marked with DATA_GAP:true and a note field rather than filled with guessed values. Given the density and volume of this table (~365 data rows), spot-checking a sample against the original source CSV (lookupTables/Component/tblBoring.csv) is recommended before using this for production costing decisions.",182,511,273,966,Bore,"Sandvik Duobore, inserts pC14-C21",52.11,30,Brinell,37.0,1.2,9.5,216,222.0,0.8077,0.08,460,15,25.6,2.0,,
USA reference export,Lookup Table,Machining > Lookup Tables,tblBoring,lookupTables/Component/tblBoring.csv,"This table was transcribed from 24 screenshots across two batches. Two genuine gaps exist in the source screenshots themselves (not introduced by this transcription): (1) Corobore 820, material code 20.12, diameter 237.0mm row was never captured. (2) Sandvik Duobore pC14-C21: the 270mm-diameter row for code 3.11, and all rows for codes 3.13, 3.2, 3.21, 3.22, 30.11, 30.12, and 30.21, were never captured (a scroll/screenshot gap between images). These are marked with DATA_GAP:true and a note field rather than filled with guessed values. Given the density and volume of this table (~365 data rows), spot-checking a sample against the original source CSV (lookupTables/Component/tblBoring.csv) is recommended before using this for production costing decisions.",182,511,273,966,Bore,"Sandvik Duobore, inserts pC14-C21",52.11,30,Brinell,46.0,1.2,9.5,216,276.0,0.8538,0.1,460,15,25.6,2.0,,
USA reference export,Lookup Table,Machining > Lookup Tables,tblBoring,lookupTables/Component/tblBoring.csv,"This table was transcribed from 24 screenshots across two batches. Two genuine gaps exist in the source screenshots themselves (not introduced by this transcription): (1) Corobore 820, material code 20.12, diameter 237.0mm row was never captured. (2) Sandvik Duobore pC14-C21: the 270mm-diameter row for code 3.11, and all rows for codes 3.13, 3.2, 3.21, 3.22, 30.11, 30.12, and 30.21, were never captured (a scroll/screenshot gap between images). These are marked with DATA_GAP:true and a note field rather than filled with guessed values. Given the density and volume of this table (~365 data rows), spot-checking a sample against the original source CSV (lookupTables/Component/tblBoring.csv) is recommended before using this for production costing decisions.",182,511,273,966,Bore,"Sandvik Duobore, inserts pC14-C21",52.11,30,Brinell,55.0,0.4,9.5,216,220.0,0.9231,0.1,460,15,25.6,2.0,,
USA reference export,Lookup Table,Machining > Lookup Tables,tblBoring,lookupTables/Component/tblBoring.csv,"This table was transcribed from 24 screenshots across two batches. Two genuine gaps exist in the source screenshots themselves (not introduced by this transcription): (1) Corobore 820, material code 20.12, diameter 237.0mm row was never captured. (2) Sandvik Duobore pC14-C21: the 270mm-diameter row for code 3.11, and all rows for codes 3.13, 3.2, 3.21, 3.22, 30.11, 30.12, and 30.21, were never captured (a scroll/screenshot gap between images). These are marked with DATA_GAP:true and a note field rather than filled with guessed values. Given the density and volume of this table (~365 data rows), spot-checking a sample against the original source CSV (lookupTables/Component/tblBoring.csv) is recommended before using this for production costing decisions.",182,511,273,966,Bore,"Sandvik Duobore, inserts pC14-C21",52.11,30,Brinell,101.0,0.4,9.5,216,606.0,1.3846,0.08,460,15,25.6,2.0,,
USA reference export,Lookup Table,Machining > Lookup Tables,tblBoring,lookupTables/Component/tblBoring.csv,"This table was transcribed from 24 screenshots across two batches. Two genuine gaps exist in the source screenshots themselves (not introduced by this transcription): (1) Corobore 820, material code 20.12, diameter 237.0mm row was never captured. (2) Sandvik Duobore pC14-C21: the 270mm-diameter row for code 3.11, and all rows for codes 3.13, 3.2, 3.21, 3.22, 30.11, 30.12, and 30.21, were never captured (a scroll/screenshot gap between images). These are marked with DATA_GAP:true and a note field rather than filled with guessed values. Given the density and volume of this table (~365 data rows), spot-checking a sample against the original source CSV (lookupTables/Component/tblBoring.csv) is recommended before using this for production costing decisions.",182,511,273,966,Bore,"Sandvik Duobore, inserts pC14-C21",52.11,30,Brinell,270.0,0.4,9.5,216,1080.0,1.8461,0.08,460,15,25.6,2.0,,
USA reference export,Lookup Table,Machining > Lookup Tables,tblBoring,lookupTables/Component/tblBoring.csv,"This table was transcribed from 24 screenshots across two batches. Two genuine gaps exist in the source screenshots themselves (not introduced by this transcription): (1) Corobore 820, material code 20.12, diameter 237.0mm row was never captured. (2) Sandvik Duobore pC14-C21: the 270mm-diameter row for code 3.11, and all rows for codes 3.13, 3.2, 3.21, 3.22, 30.11, 30.12, and 30.21, were never captured (a scroll/screenshot gap between images). These are marked with DATA_GAP:true and a note field rather than filled with guessed values. Given the density and volume of this table (~365 data rows), spot-checking a sample against the original source CSV (lookupTables/Component/tblBoring.csv) is recommended before using this for production costing decisions.",182,511,273,966,Bore,"Sandvik Duobore, inserts pC14-C21",52.12,30,Brinell,25.0,0.8,9.5,272,150.0,0.75,0.05,460,15,25.6,2.0,,
USA reference export,Lookup Table,Machining > Lookup Tables,tblBoring,lookupTables/Component/tblBoring.csv,"This table was transcribed from 24 screenshots across two batches. Two genuine gaps exist in the source screenshots themselves (not introduced by this transcription): (1) Corobore 820, material code 20.12, diameter 237.0mm row was never captured. (2) Sandvik Duobore pC14-C21: the 270mm-diameter row for code 3.11, and all rows for codes 3.13, 3.2, 3.21, 3.22, 30.11, 30.12, and 30.21, were never captured (a scroll/screenshot gap between images). These are marked with DATA_GAP:true and a note field rather than filled with guessed values. Given the density and volume of this table (~365 data rows), spot-checking a sample against the original source CSV (lookupTables/Component/tblBoring.csv) is recommended before using this for production costing decisions.",182,511,273,966,Bore,"Sandvik Duobore, inserts pC14-C21",52.12,30,Brinell,37.0,1.2,9.5,272,222.0,0.8077,0.08,460,15,25.6,2.0,,
USA reference export,Lookup Table,Machining > Lookup Tables,tblBoring,lookupTables/Component/tblBoring.csv,"This table was transcribed from 24 screenshots across two batches. Two genuine gaps exist in the source screenshots themselves (not introduced by this transcription): (1) Corobore 820, material code 20.12, diameter 237.0mm row was never captured. (2) Sandvik Duobore pC14-C21: the 270mm-diameter row for code 3.11, and all rows for codes 3.13, 3.2, 3.21, 3.22, 30.11, 30.12, and 30.21, were never captured (a scroll/screenshot gap between images). These are marked with DATA_GAP:true and a note field rather than filled with guessed values. Given the density and volume of this table (~365 data rows), spot-checking a sample against the original source CSV (lookupTables/Component/tblBoring.csv) is recommended before using this for production costing decisions.",182,511,273,966,Bore,"Sandvik Duobore, inserts pC14-C21",52.12,30,Brinell,46.0,1.2,9.5,272,276.0,0.8538,0.1,460,15,25.6,2.0,,
USA reference export,Lookup Table,Machining > Lookup Tables,tblBoring,lookupTables/Component/tblBoring.csv,"This table was transcribed from 24 screenshots across two batches. Two genuine gaps exist in the source screenshots themselves (not introduced by this transcription): (1) Corobore 820, material code 20.12, diameter 237.0mm row was never captured. (2) Sandvik Duobore pC14-C21: the 270mm-diameter row for code 3.11, and all rows for codes 3.13, 3.2, 3.21, 3.22, 30.11, 30.12, and 30.21, were never captured (a scroll/screenshot gap between images). These are marked with DATA_GAP:true and a note field rather than filled with guessed values. Given the density and volume of this table (~365 data rows), spot-checking a sample against the original source CSV (lookupTables/Component/tblBoring.csv) is recommended before using this for production costing decisions.",182,511,273,966,Bore,"Sandvik Duobore, inserts pC14-C21",52.12,30,Brinell,55.0,0.4,9.5,272,220.0,0.9231,0.1,460,15,25.6,2.0,,
USA reference export,Lookup Table,Machining > Lookup Tables,tblBoring,lookupTables/Component/tblBoring.csv,"This table was transcribed from 24 screenshots across two batches. Two genuine gaps exist in the source screenshots themselves (not introduced by this transcription): (1) Corobore 820, material code 20.12, diameter 237.0mm row was never captured. (2) Sandvik Duobore pC14-C21: the 270mm-diameter row for code 3.11, and all rows for codes 3.13, 3.2, 3.21, 3.22, 30.11, 30.12, and 30.21, were never captured (a scroll/screenshot gap between images). These are marked with DATA_GAP:true and a note field rather than filled with guessed values. Given the density and volume of this table (~365 data rows), spot-checking a sample against the original source CSV (lookupTables/Component/tblBoring.csv) is recommended before using this for production costing decisions.",182,511,273,966,Bore,"Sandvik Duobore, inserts pC14-C21",52.12,30,Brinell,101.0,0.4,9.5,272,606.0,1.3846,0.08,460,15,25.6,2.0,,
USA reference export,Lookup Table,Machining > Lookup Tables,tblBoring,lookupTables/Component/tblBoring.csv,"This table was transcribed from 24 screenshots across two batches. Two genuine gaps exist in the source screenshots themselves (not introduced by this transcription): (1) Corobore 820, material code 20.12, diameter 237.0mm row was never captured. (2) Sandvik Duobore pC14-C21: the 270mm-diameter row for code 3.11, and all rows for codes 3.13, 3.2, 3.21, 3.22, 30.11, 30.12, and 30.21, were never captured (a scroll/screenshot gap between images). These are marked with DATA_GAP:true and a note field rather than filled with guessed values. Given the density and volume of this table (~365 data rows), spot-checking a sample against the original source CSV (lookupTables/Component/tblBoring.csv) is recommended before using this for production costing decisions.",182,511,273,966,Bore,"Sandvik Duobore, inserts pC14-C21",52.12,30,Brinell,270.0,0.4,9.5,272,1080.0,1.8461,0.08,460,15,25.6,2.0,,
USA reference export,Lookup Table,Machining > Lookup Tables,tblBoring,lookupTables/Component/tblBoring.csv,"This table was transcribed from 24 screenshots across two batches. Two genuine gaps exist in the source screenshots themselves (not introduced by this transcription): (1) Corobore 820, material code 20.12, diameter 237.0mm row was never captured. (2) Sandvik Duobore pC14-C21: the 270mm-diameter row for code 3.11, and all rows for codes 3.13, 3.2, 3.21, 3.22, 30.11, 30.12, and 30.21, were never captured (a scroll/screenshot gap between images). These are marked with DATA_GAP:true and a note field rather than filled with guessed values. Given the density and volume of this table (~365 data rows), spot-checking a sample against the original source CSV (lookupTables/Component/tblBoring.csv) is recommended before using this for production costing decisions.",182,511,273,966,Bore,"Sandvik Duobore, inserts pC14-C21",52.13,30,Brinell,25.0,0.8,9.5,272,150.0,0.75,0.05,460,15,25.6,2.0,,
USA reference export,Lookup Table,Machining > Lookup Tables,tblBoring,lookupTables/Component/tblBoring.csv,"This table was transcribed from 24 screenshots across two batches. Two genuine gaps exist in the source screenshots themselves (not introduced by this transcription): (1) Corobore 820, material code 20.12, diameter 237.0mm row was never captured. (2) Sandvik Duobore pC14-C21: the 270mm-diameter row for code 3.11, and all rows for codes 3.13, 3.2, 3.21, 3.22, 30.11, 30.12, and 30.21, were never captured (a scroll/screenshot gap between images). These are marked with DATA_GAP:true and a note field rather than filled with guessed values. Given the density and volume of this table (~365 data rows), spot-checking a sample against the original source CSV (lookupTables/Component/tblBoring.csv) is recommended before using this for production costing decisions.",182,511,273,966,Bore,"Sandvik Duobore, inserts pC14-C21",52.13,30,Brinell,37.0,1.2,9.5,272,222.0,0.8077,0.08,460,15,25.6,2.0,,
USA reference export,Lookup Table,Machining > Lookup Tables,tblBoring,lookupTables/Component/tblBoring.csv,"This table was transcribed from 24 screenshots across two batches. Two genuine gaps exist in the source screenshots themselves (not introduced by this transcription): (1) Corobore 820, material code 20.12, diameter 237.0mm row was never captured. (2) Sandvik Duobore pC14-C21: the 270mm-diameter row for code 3.11, and all rows for codes 3.13, 3.2, 3.21, 3.22, 30.11, 30.12, and 30.21, were never captured (a scroll/screenshot gap between images). These are marked with DATA_GAP:true and a note field rather than filled with guessed values. Given the density and volume of this table (~365 data rows), spot-checking a sample against the original source CSV (lookupTables/Component/tblBoring.csv) is recommended before using this for production costing decisions.",182,511,273,966,Bore,"Sandvik Duobore, inserts pC14-C21",52.13,30,Brinell,46.0,1.2,9.5,272,276.0,0.8538,0.1,460,15,25.6,2.0,,
USA reference export,Lookup Table,Machining > Lookup Tables,tblBoring,lookupTables/Component/tblBoring.csv,"This table was transcribed from 24 screenshots across two batches. Two genuine gaps exist in the source screenshots themselves (not introduced by this transcription): (1) Corobore 820, material code 20.12, diameter 237.0mm row was never captured. (2) Sandvik Duobore pC14-C21: the 270mm-diameter row for code 3.11, and all rows for codes 3.13, 3.2, 3.21, 3.22, 30.11, 30.12, and 30.21, were never captured (a scroll/screenshot gap between images). These are marked with DATA_GAP:true and a note field rather than filled with guessed values. Given the density and volume of this table (~365 data rows), spot-checking a sample against the original source CSV (lookupTables/Component/tblBoring.csv) is recommended before using this for production costing decisions.",182,511,273,966,Bore,"Sandvik Duobore, inserts pC14-C21",52.13,30,Brinell,55.0,0.4,9.5,272,220.0,0.9231,0.1,460,15,25.6,2.0,,
USA reference export,Lookup Table,Machining > Lookup Tables,tblBoring,lookupTables/Component/tblBoring.csv,"This table was transcribed from 24 screenshots across two batches. Two genuine gaps exist in the source screenshots themselves (not introduced by this transcription): (1) Corobore 820, material code 20.12, diameter 237.0mm row was never captured. (2) Sandvik Duobore pC14-C21: the 270mm-diameter row for code 3.11, and all rows for codes 3.13, 3.2, 3.21, 3.22, 30.11, 30.12, and 30.21, were never captured (a scroll/screenshot gap between images). These are marked with DATA_GAP:true and a note field rather than filled with guessed values. Given the density and volume of this table (~365 data rows), spot-checking a sample against the original source CSV (lookupTables/Component/tblBoring.csv) is recommended before using this for production costing decisions.",182,511,273,966,Bore,"Sandvik Duobore, inserts pC14-C21",52.13,30,Brinell,101.0,0.4,9.5,272,606.0,1.3846,0.08,460,15,25.6,2.0,,
USA reference export,Lookup Table,Machining > Lookup Tables,tblBoring,lookupTables/Component/tblBoring.csv,"This table was transcribed from 24 screenshots across two batches. Two genuine gaps exist in the source screenshots themselves (not introduced by this transcription): (1) Corobore 820, material code 20.12, diameter 237.0mm row was never captured. (2) Sandvik Duobore pC14-C21: the 270mm-diameter row for code 3.11, and all rows for codes 3.13, 3.2, 3.21, 3.22, 30.11, 30.12, and 30.21, were never captured (a scroll/screenshot gap between images). These are marked with DATA_GAP:true and a note field rather than filled with guessed values. Given the density and volume of this table (~365 data rows), spot-checking a sample against the original source CSV (lookupTables/Component/tblBoring.csv) is recommended before using this for production costing decisions.",182,511,273,966,Bore,"Sandvik Duobore, inserts pC14-C21",52.13,30,Brinell,270.0,0.4,9.5,272,1080.0,1.8461,0.08,460,15,25.6,2.0,,
USA reference export,Lookup Table,Machining > Lookup Tables,tblBoring,lookupTables/Component/tblBoring.csv,"This table was transcribed from 24 screenshots across two batches. Two genuine gaps exist in the source screenshots themselves (not introduced by this transcription): (1) Corobore 820, material code 20.12, diameter 237.0mm row was never captured. (2) Sandvik Duobore pC14-C21: the 270mm-diameter row for code 3.11, and all rows for codes 3.13, 3.2, 3.21, 3.22, 30.11, 30.12, and 30.21, were never captured (a scroll/screenshot gap between images). These are marked with DATA_GAP:true and a note field rather than filled with guessed values. Given the density and volume of this table (~365 data rows), spot-checking a sample against the original source CSV (lookupTables/Component/tblBoring.csv) is recommended before using this for production costing decisions.",182,511,273,966,Bore,"Sandvik Duobore, inserts pC14-C21",52.14,30,Brinell,25.0,0.8,9.5,272,150.0,0.5,0.05,460,15,25.6,2.0,,
USA reference export,Lookup Table,Machining > Lookup Tables,tblBoring,lookupTables/Component/tblBoring.csv,"This table was transcribed from 24 screenshots across two batches. Two genuine gaps exist in the source screenshots themselves (not introduced by this transcription): (1) Corobore 820, material code 20.12, diameter 237.0mm row was never captured. (2) Sandvik Duobore pC14-C21: the 270mm-diameter row for code 3.11, and all rows for codes 3.13, 3.2, 3.21, 3.22, 30.11, 30.12, and 30.21, were never captured (a scroll/screenshot gap between images). These are marked with DATA_GAP:true and a note field rather than filled with guessed values. Given the density and volume of this table (~365 data rows), spot-checking a sample against the original source CSV (lookupTables/Component/tblBoring.csv) is recommended before using this for production costing decisions.",182,511,273,966,Bore,"Sandvik Duobore, inserts pC14-C21",52.14,30,Brinell,37.0,1.2,9.5,272,222.0,0.5385,0.08,460,15,25.6,2.0,,
USA reference export,Lookup Table,Machining > Lookup Tables,tblBoring,lookupTables/Component/tblBoring.csv,"This table was transcribed from 24 screenshots across two batches. Two genuine gaps exist in the source screenshots themselves (not introduced by this transcription): (1) Corobore 820, material code 20.12, diameter 237.0mm row was never captured. (2) Sandvik Duobore pC14-C21: the 270mm-diameter row for code 3.11, and all rows for codes 3.13, 3.2, 3.21, 3.22, 30.11, 30.12, and 30.21, were never captured (a scroll/screenshot gap between images). These are marked with DATA_GAP:true and a note field rather than filled with guessed values. Given the density and volume of this table (~365 data rows), spot-checking a sample against the original source CSV (lookupTables/Component/tblBoring.csv) is recommended before using this for production costing decisions.",182,511,273,966,Bore,"Sandvik Duobore, inserts pC14-C21",52.14,30,Brinell,46.0,1.2,9.5,272,276.0,0.5692,0.1,460,15,25.6,2.0,,
USA reference export,Lookup Table,Machining > Lookup Tables,tblBoring,lookupTables/Component/tblBoring.csv,"This table was transcribed from 24 screenshots across two batches. Two genuine gaps exist in the source screenshots themselves (not introduced by this transcription): (1) Corobore 820, material code 20.12, diameter 237.0mm row was never captured. (2) Sandvik Duobore pC14-C21: the 270mm-diameter row for code 3.11, and all rows for codes 3.13, 3.2, 3.21, 3.22, 30.11, 30.12, and 30.21, were never captured (a scroll/screenshot gap between images). These are marked with DATA_GAP:true and a note field rather than filled with guessed values. Given the density and volume of this table (~365 data rows), spot-checking a sample against the original source CSV (lookupTables/Component/tblBoring.csv) is recommended before using this for production costing decisions.",182,511,273,966,Bore,"Sandvik Duobore, inserts pC14-C21",52.14,30,Brinell,55.0,0.4,9.5,272,220.0,0.6154,0.1,460,15,25.6,2.0,,
USA reference export,Lookup Table,Machining > Lookup Tables,tblBoring,lookupTables/Component/tblBoring.csv,"This table was transcribed from 24 screenshots across two batches. Two genuine gaps exist in the source screenshots themselves (not introduced by this transcription): (1) Corobore 820, material code 20.12, diameter 237.0mm row was never captured. (2) Sandvik Duobore pC14-C21: the 270mm-diameter row for code 3.11, and all rows for codes 3.13, 3.2, 3.21, 3.22, 30.11, 30.12, and 30.21, were never captured (a scroll/screenshot gap between images). These are marked with DATA_GAP:true and a note field rather than filled with guessed values. Given the density and volume of this table (~365 data rows), spot-checking a sample against the original source CSV (lookupTables/Component/tblBoring.csv) is recommended before using this for production costing decisions.",182,511,273,966,Bore,"Sandvik Duobore, inserts pC14-C21",52.14,30,Brinell,101.0,0.4,9.5,272,606.0,0.9231,0.08,460,15,25.6,2.0,,
USA reference export,Lookup Table,Machining > Lookup Tables,tblBoring,lookupTables/Component/tblBoring.csv,"This table was transcribed from 24 screenshots across two batches. Two genuine gaps exist in the source screenshots themselves (not introduced by this transcription): (1) Corobore 820, material code 20.12, diameter 237.0mm row was never captured. (2) Sandvik Duobore pC14-C21: the 270mm-diameter row for code 3.11, and all rows for codes 3.13, 3.2, 3.21, 3.22, 30.11, 30.12, and 30.21, were never captured (a scroll/screenshot gap between images). These are marked with DATA_GAP:true and a note field rather than filled with guessed values. Given the density and volume of this table (~365 data rows), spot-checking a sample against the original source CSV (lookupTables/Component/tblBoring.csv) is recommended before using this for production costing decisions.",182,511,273,966,Bore,"Sandvik Duobore, inserts pC14-C21",52.14,30,Brinell,270.0,0.4,9.5,272,1080.0,1.2308,0.08,460,15,25.6,2.0,,
USA reference export,Lookup Table,Machining > Lookup Tables,tblBoring,lookupTables/Component/tblBoring.csv,"This table was transcribed from 24 screenshots across two batches. Two genuine gaps exist in the source screenshots themselves (not introduced by this transcription): (1) Corobore 820, material code 20.12, diameter 237.0mm row was never captured. (2) Sandvik Duobore pC14-C21: the 270mm-diameter row for code 3.11, and all rows for codes 3.13, 3.2, 3.21, 3.22, 30.11, 30.12, and 30.21, were never captured (a scroll/screenshot gap between images). These are marked with DATA_GAP:true and a note field rather than filled with guessed values. Given the density and volume of this table (~365 data rows), spot-checking a sample against the original source CSV (lookupTables/Component/tblBoring.csv) is recommended before using this for production costing decisions.",182,511,273,966,Bore,"Sandvik Duobore, inserts pC14-C21",52.15,30,Brinell,25.0,0.8,9.5,368,150.0,0.75,0.05,460,15,25.6,2.0,,
USA reference export,Lookup Table,Machining > Lookup Tables,tblBoring,lookupTables/Component/tblBoring.csv,"This table was transcribed from 24 screenshots across two batches. Two genuine gaps exist in the source screenshots themselves (not introduced by this transcription): (1) Corobore 820, material code 20.12, diameter 237.0mm row was never captured. (2) Sandvik Duobore pC14-C21: the 270mm-diameter row for code 3.11, and all rows for codes 3.13, 3.2, 3.21, 3.22, 30.11, 30.12, and 30.21, were never captured (a scroll/screenshot gap between images). These are marked with DATA_GAP:true and a note field rather than filled with guessed values. Given the density and volume of this table (~365 data rows), spot-checking a sample against the original source CSV (lookupTables/Component/tblBoring.csv) is recommended before using this for production costing decisions.",182,511,273,966,Bore,"Sandvik Duobore, inserts pC14-C21",52.15,30,Brinell,37.0,1.2,9.5,368,222.0,0.8077,0.08,460,15,25.6,2.0,,
USA reference export,Lookup Table,Machining > Lookup Tables,tblBoring,lookupTables/Component/tblBoring.csv,"This table was transcribed from 24 screenshots across two batches. Two genuine gaps exist in the source screenshots themselves (not introduced by this transcription): (1) Corobore 820, material code 20.12, diameter 237.0mm row was never captured. (2) Sandvik Duobore pC14-C21: the 270mm-diameter row for code 3.11, and all rows for codes 3.13, 3.2, 3.21, 3.22, 30.11, 30.12, and 30.21, were never captured (a scroll/screenshot gap between images). These are marked with DATA_GAP:true and a note field rather than filled with guessed values. Given the density and volume of this table (~365 data rows), spot-checking a sample against the original source CSV (lookupTables/Component/tblBoring.csv) is recommended before using this for production costing decisions.",182,511,273,966,Bore,"Sandvik Duobore, inserts pC14-C21",52.15,30,Brinell,46.0,1.2,9.5,368,276.0,0.8538,0.1,460,15,25.6,2.0,,
USA reference export,Lookup Table,Machining > Lookup Tables,tblBoring,lookupTables/Component/tblBoring.csv,"This table was transcribed from 24 screenshots across two batches. Two genuine gaps exist in the source screenshots themselves (not introduced by this transcription): (1) Corobore 820, material code 20.12, diameter 237.0mm row was never captured. (2) Sandvik Duobore pC14-C21: the 270mm-diameter row for code 3.11, and all rows for codes 3.13, 3.2, 3.21, 3.22, 30.11, 30.12, and 30.21, were never captured (a scroll/screenshot gap between images). These are marked with DATA_GAP:true and a note field rather than filled with guessed values. Given the density and volume of this table (~365 data rows), spot-checking a sample against the original source CSV (lookupTables/Component/tblBoring.csv) is recommended before using this for production costing decisions.",182,511,273,966,Bore,"Sandvik Duobore, inserts pC14-C21",52.15,30,Brinell,55.0,0.4,9.5,368,220.0,0.9231,0.1,460,15,25.6,2.0,,
USA reference export,Lookup Table,Machining > Lookup Tables,tblBoring,lookupTables/Component/tblBoring.csv,"This table was transcribed from 24 screenshots across two batches. Two genuine gaps exist in the source screenshots themselves (not introduced by this transcription): (1) Corobore 820, material code 20.12, diameter 237.0mm row was never captured. (2) Sandvik Duobore pC14-C21: the 270mm-diameter row for code 3.11, and all rows for codes 3.13, 3.2, 3.21, 3.22, 30.11, 30.12, and 30.21, were never captured (a scroll/screenshot gap between images). These are marked with DATA_GAP:true and a note field rather than filled with guessed values. Given the density and volume of this table (~365 data rows), spot-checking a sample against the original source CSV (lookupTables/Component/tblBoring.csv) is recommended before using this for production costing decisions.",182,511,273,966,Bore,"Sandvik Duobore, inserts pC14-C21",52.15,30,Brinell,101.0,0.4,9.5,368,606.0,1.3846,0.08,460,15,25.6,2.0,,
USA reference export,Lookup Table,Machining > Lookup Tables,tblBoring,lookupTables/Component/tblBoring.csv,"This table was transcribed from 24 screenshots across two batches. Two genuine gaps exist in the source screenshots themselves (not introduced by this transcription): (1) Corobore 820, material code 20.12, diameter 237.0mm row was never captured. (2) Sandvik Duobore pC14-C21: the 270mm-diameter row for code 3.11, and all rows for codes 3.13, 3.2, 3.21, 3.22, 30.11, 30.12, and 30.21, were never captured (a scroll/screenshot gap between images). These are marked with DATA_GAP:true and a note field rather than filled with guessed values. Given the density and volume of this table (~365 data rows), spot-checking a sample against the original source CSV (lookupTables/Component/tblBoring.csv) is recommended before using this for production costing decisions.",182,511,273,966,Bore,"Sandvik Duobore, inserts pC14-C21",52.15,30,Brinell,270.0,0.4,9.5,368,1080.0,1.8461,0.08,460,15,25.6,2.0,,
USA reference export,Lookup Table,Machining > Lookup Tables,tblBoring,lookupTables/Component/tblBoring.csv,"This table was transcribed from 24 screenshots across two batches. Two genuine gaps exist in the source screenshots themselves (not introduced by this transcription): (1) Corobore 820, material code 20.12, diameter 237.0mm row was never captured. (2) Sandvik Duobore pC14-C21: the 270mm-diameter row for code 3.11, and all rows for codes 3.13, 3.2, 3.21, 3.22, 30.11, 30.12, and 30.21, were never captured (a scroll/screenshot gap between images). These are marked with DATA_GAP:true and a note field rather than filled with guessed values. Given the density and volume of this table (~365 data rows), spot-checking a sample against the original source CSV (lookupTables/Component/tblBoring.csv) is recommended before using this for production costing decisions.",182,511,273,966,Bore,"Sandvik Duobore, inserts pC14-C21",52.21,30,Brinell,25.0,0.8,9.5,368,150.0,0.75,0.05,460,15,25.6,2.0,,
USA reference export,Lookup Table,Machining > Lookup Tables,tblBoring,lookupTables/Component/tblBoring.csv,"This table was transcribed from 24 screenshots across two batches. Two genuine gaps exist in the source screenshots themselves (not introduced by this transcription): (1) Corobore 820, material code 20.12, diameter 237.0mm row was never captured. (2) Sandvik Duobore pC14-C21: the 270mm-diameter row for code 3.11, and all rows for codes 3.13, 3.2, 3.21, 3.22, 30.11, 30.12, and 30.21, were never captured (a scroll/screenshot gap between images). These are marked with DATA_GAP:true and a note field rather than filled with guessed values. Given the density and volume of this table (~365 data rows), spot-checking a sample against the original source CSV (lookupTables/Component/tblBoring.csv) is recommended before using this for production costing decisions.",182,511,273,966,Bore,"Sandvik Duobore, inserts pC14-C21",52.21,30,Brinell,37.0,1.2,9.5,368,222.0,0.8077,0.08,460,15,25.6,2.0,,
USA reference export,Lookup Table,Machining > Lookup Tables,tblBoring,lookupTables/Component/tblBoring.csv,"This table was transcribed from 24 screenshots across two batches. Two genuine gaps exist in the source screenshots themselves (not introduced by this transcription): (1) Corobore 820, material code 20.12, diameter 237.0mm row was never captured. (2) Sandvik Duobore pC14-C21: the 270mm-diameter row for code 3.11, and all rows for codes 3.13, 3.2, 3.21, 3.22, 30.11, 30.12, and 30.21, were never captured (a scroll/screenshot gap between images). These are marked with DATA_GAP:true and a note field rather than filled with guessed values. Given the density and volume of this table (~365 data rows), spot-checking a sample against the original source CSV (lookupTables/Component/tblBoring.csv) is recommended before using this for production costing decisions.",182,511,273,966,Bore,"Sandvik Duobore, inserts pC14-C21",52.21,30,Brinell,46.0,1.2,9.5,368,276.0,0.8538,0.1,460,15,25.6,2.0,,
USA reference export,Lookup Table,Machining > Lookup Tables,tblBoring,lookupTables/Component/tblBoring.csv,"This table was transcribed from 24 screenshots across two batches. Two genuine gaps exist in the source screenshots themselves (not introduced by this transcription): (1) Corobore 820, material code 20.12, diameter 237.0mm row was never captured. (2) Sandvik Duobore pC14-C21: the 270mm-diameter row for code 3.11, and all rows for codes 3.13, 3.2, 3.21, 3.22, 30.11, 30.12, and 30.21, were never captured (a scroll/screenshot gap between images). These are marked with DATA_GAP:true and a note field rather than filled with guessed values. Given the density and volume of this table (~365 data rows), spot-checking a sample against the original source CSV (lookupTables/Component/tblBoring.csv) is recommended before using this for production costing decisions.",182,511,273,966,Bore,"Sandvik Duobore, inserts pC14-C21",52.21,30,Brinell,55.0,0.4,9.5,368,220.0,0.9231,0.1,460,15,25.6,2.0,,
USA reference export,Lookup Table,Machining > Lookup Tables,tblBoring,lookupTables/Component/tblBoring.csv,"This table was transcribed from 24 screenshots across two batches. Two genuine gaps exist in the source screenshots themselves (not introduced by this transcription): (1) Corobore 820, material code 20.12, diameter 237.0mm row was never captured. (2) Sandvik Duobore pC14-C21: the 270mm-diameter row for code 3.11, and all rows for codes 3.13, 3.2, 3.21, 3.22, 30.11, 30.12, and 30.21, were never captured (a scroll/screenshot gap between images). These are marked with DATA_GAP:true and a note field rather than filled with guessed values. Given the density and volume of this table (~365 data rows), spot-checking a sample against the original source CSV (lookupTables/Component/tblBoring.csv) is recommended before using this for production costing decisions.",182,511,273,966,Bore,"Sandvik Duobore, inserts pC14-C21",52.21,30,Brinell,101.0,0.4,9.5,368,606.0,1.3846,0.08,460,15,25.6,2.0,,
USA reference export,Lookup Table,Machining > Lookup Tables,tblBoring,lookupTables/Component/tblBoring.csv,"This table was transcribed from 24 screenshots across two batches. Two genuine gaps exist in the source screenshots themselves (not introduced by this transcription): (1) Corobore 820, material code 20.12, diameter 237.0mm row was never captured. (2) Sandvik Duobore pC14-C21: the 270mm-diameter row for code 3.11, and all rows for codes 3.13, 3.2, 3.21, 3.22, 30.11, 30.12, and 30.21, were never captured (a scroll/screenshot gap between images). These are marked with DATA_GAP:true and a note field rather than filled with guessed values. Given the density and volume of this table (~365 data rows), spot-checking a sample against the original source CSV (lookupTables/Component/tblBoring.csv) is recommended before using this for production costing decisions.",182,511,273,966,Bore,"Sandvik Duobore, inserts pC14-C21",52.21,30,Brinell,270.0,0.4,9.5,368,1080.0,1.8461,0.08,460,15,25.6,2.0,,
USA reference export,Lookup Table,Machining > Lookup Tables,tblBoring,lookupTables/Component/tblBoring.csv,"This table was transcribed from 24 screenshots across two batches. Two genuine gaps exist in the source screenshots themselves (not introduced by this transcription): (1) Corobore 820, material code 20.12, diameter 237.0mm row was never captured. (2) Sandvik Duobore pC14-C21: the 270mm-diameter row for code 3.11, and all rows for codes 3.13, 3.2, 3.21, 3.22, 30.11, 30.12, and 30.21, were never captured (a scroll/screenshot gap between images). These are marked with DATA_GAP:true and a note field rather than filled with guessed values. Given the density and volume of this table (~365 data rows), spot-checking a sample against the original source CSV (lookupTables/Component/tblBoring.csv) is recommended before using this for production costing decisions.",182,511,273,966,Bore,"Sandvik Duobore, inserts pC14-C21",52.31,30,Brinell,25.0,0.8,9.5,488,150.0,0.75,0.05,460,15,25.6,2.0,,
USA reference export,Lookup Table,Machining > Lookup Tables,tblBoring,lookupTables/Component/tblBoring.csv,"This table was transcribed from 24 screenshots across two batches. Two genuine gaps exist in the source screenshots themselves (not introduced by this transcription): (1) Corobore 820, material code 20.12, diameter 237.0mm row was never captured. (2) Sandvik Duobore pC14-C21: the 270mm-diameter row for code 3.11, and all rows for codes 3.13, 3.2, 3.21, 3.22, 30.11, 30.12, and 30.21, were never captured (a scroll/screenshot gap between images). These are marked with DATA_GAP:true and a note field rather than filled with guessed values. Given the density and volume of this table (~365 data rows), spot-checking a sample against the original source CSV (lookupTables/Component/tblBoring.csv) is recommended before using this for production costing decisions.",182,511,273,966,Bore,"Sandvik Duobore, inserts pC14-C21",52.31,30,Brinell,37.0,1.2,9.5,488,222.0,0.8077,0.08,460,15,25.6,2.0,,
USA reference export,Lookup Table,Machining > Lookup Tables,tblBoring,lookupTables/Component/tblBoring.csv,"This table was transcribed from 24 screenshots across two batches. Two genuine gaps exist in the source screenshots themselves (not introduced by this transcription): (1) Corobore 820, material code 20.12, diameter 237.0mm row was never captured. (2) Sandvik Duobore pC14-C21: the 270mm-diameter row for code 3.11, and all rows for codes 3.13, 3.2, 3.21, 3.22, 30.11, 30.12, and 30.21, were never captured (a scroll/screenshot gap between images). These are marked with DATA_GAP:true and a note field rather than filled with guessed values. Given the density and volume of this table (~365 data rows), spot-checking a sample against the original source CSV (lookupTables/Component/tblBoring.csv) is recommended before using this for production costing decisions.",182,511,273,966,Bore,"Sandvik Duobore, inserts pC14-C21",52.31,30,Brinell,46.0,1.2,9.5,488,276.0,0.8538,0.1,460,15,25.6,2.0,,
USA reference export,Lookup Table,Machining > Lookup Tables,tblBoring,lookupTables/Component/tblBoring.csv,"This table was transcribed from 24 screenshots across two batches. Two genuine gaps exist in the source screenshots themselves (not introduced by this transcription): (1) Corobore 820, material code 20.12, diameter 237.0mm row was never captured. (2) Sandvik Duobore pC14-C21: the 270mm-diameter row for code 3.11, and all rows for codes 3.13, 3.2, 3.21, 3.22, 30.11, 30.12, and 30.21, were never captured (a scroll/screenshot gap between images). These are marked with DATA_GAP:true and a note field rather than filled with guessed values. Given the density and volume of this table (~365 data rows), spot-checking a sample against the original source CSV (lookupTables/Component/tblBoring.csv) is recommended before using this for production costing decisions.",182,511,273,966,Bore,"Sandvik Duobore, inserts pC14-C21",52.31,30,Brinell,55.0,0.4,9.5,488,220.0,0.9231,0.1,460,15,25.6,2.0,,
USA reference export,Lookup Table,Machining > Lookup Tables,tblBoring,lookupTables/Component/tblBoring.csv,"This table was transcribed from 24 screenshots across two batches. Two genuine gaps exist in the source screenshots themselves (not introduced by this transcription): (1) Corobore 820, material code 20.12, diameter 237.0mm row was never captured. (2) Sandvik Duobore pC14-C21: the 270mm-diameter row for code 3.11, and all rows for codes 3.13, 3.2, 3.21, 3.22, 30.11, 30.12, and 30.21, were never captured (a scroll/screenshot gap between images). These are marked with DATA_GAP:true and a note field rather than filled with guessed values. Given the density and volume of this table (~365 data rows), spot-checking a sample against the original source CSV (lookupTables/Component/tblBoring.csv) is recommended before using this for production costing decisions.",182,511,273,966,Bore,"Sandvik Duobore, inserts pC14-C21",52.31,30,Brinell,101.0,0.4,9.5,488,606.0,1.3846,0.08,460,15,25.6,2.0,,
USA reference export,Lookup Table,Machining > Lookup Tables,tblBoring,lookupTables/Component/tblBoring.csv,"This table was transcribed from 24 screenshots across two batches. Two genuine gaps exist in the source screenshots themselves (not introduced by this transcription): (1) Corobore 820, material code 20.12, diameter 237.0mm row was never captured. (2) Sandvik Duobore pC14-C21: the 270mm-diameter row for code 3.11, and all rows for codes 3.13, 3.2, 3.21, 3.22, 30.11, 30.12, and 30.21, were never captured (a scroll/screenshot gap between images). These are marked with DATA_GAP:true and a note field rather than filled with guessed values. Given the density and volume of this table (~365 data rows), spot-checking a sample against the original source CSV (lookupTables/Component/tblBoring.csv) is recommended before using this for production costing decisions.",182,511,273,966,Bore,"Sandvik Duobore, inserts pC14-C21",52.31,30,Brinell,270.0,0.4,9.5,488,1080.0,1.8461,0.08,460,15,25.6,2.0,,
USA reference export,Lookup Table,Machining > Lookup Tables,tblBoring,lookupTables/Component/tblBoring.csv,"This table was transcribed from 24 screenshots across two batches. Two genuine gaps exist in the source screenshots themselves (not introduced by this transcription): (1) Corobore 820, material code 20.12, diameter 237.0mm row was never captured. (2) Sandvik Duobore pC14-C21: the 270mm-diameter row for code 3.11, and all rows for codes 3.13, 3.2, 3.21, 3.22, 30.11, 30.12, and 30.21, were never captured (a scroll/screenshot gap between images). These are marked with DATA_GAP:true and a note field rather than filled with guessed values. Given the density and volume of this table (~365 data rows), spot-checking a sample against the original source CSV (lookupTables/Component/tblBoring.csv) is recommended before using this for production costing decisions.",182,511,273,966,Bore,"Sandvik Duobore, inserts pC14-C21",52.32,30,Brinell,25.0,0.8,9.5,488,150.0,0.75,0.05,460,15,25.6,2.0,,
USA reference export,Lookup Table,Machining > Lookup Tables,tblBoring,lookupTables/Component/tblBoring.csv,"This table was transcribed from 24 screenshots across two batches. Two genuine gaps exist in the source screenshots themselves (not introduced by this transcription): (1) Corobore 820, material code 20.12, diameter 237.0mm row was never captured. (2) Sandvik Duobore pC14-C21: the 270mm-diameter row for code 3.11, and all rows for codes 3.13, 3.2, 3.21, 3.22, 30.11, 30.12, and 30.21, were never captured (a scroll/screenshot gap between images). These are marked with DATA_GAP:true and a note field rather than filled with guessed values. Given the density and volume of this table (~365 data rows), spot-checking a sample against the original source CSV (lookupTables/Component/tblBoring.csv) is recommended before using this for production costing decisions.",182,511,273,966,Bore,"Sandvik Duobore, inserts pC14-C21",52.32,30,Brinell,37.0,1.2,9.5,488,222.0,0.8077,0.08,460,15,25.6,2.0,,
USA reference export,Lookup Table,Machining > Lookup Tables,tblBoring,lookupTables/Component/tblBoring.csv,"This table was transcribed from 24 screenshots across two batches. Two genuine gaps exist in the source screenshots themselves (not introduced by this transcription): (1) Corobore 820, material code 20.12, diameter 237.0mm row was never captured. (2) Sandvik Duobore pC14-C21: the 270mm-diameter row for code 3.11, and all rows for codes 3.13, 3.2, 3.21, 3.22, 30.11, 30.12, and 30.21, were never captured (a scroll/screenshot gap between images). These are marked with DATA_GAP:true and a note field rather than filled with guessed values. Given the density and volume of this table (~365 data rows), spot-checking a sample against the original source CSV (lookupTables/Component/tblBoring.csv) is recommended before using this for production costing decisions.",182,511,273,966,Bore,"Sandvik Duobore, inserts pC14-C21",52.32,30,Brinell,46.0,1.2,9.5,488,276.0,0.8538,0.1,460,15,25.6,2.0,,
USA reference export,Lookup Table,Machining > Lookup Tables,tblBoring,lookupTables/Component/tblBoring.csv,"This table was transcribed from 24 screenshots across two batches. Two genuine gaps exist in the source screenshots themselves (not introduced by this transcription): (1) Corobore 820, material code 20.12, diameter 237.0mm row was never captured. (2) Sandvik Duobore pC14-C21: the 270mm-diameter row for code 3.11, and all rows for codes 3.13, 3.2, 3.21, 3.22, 30.11, 30.12, and 30.21, were never captured (a scroll/screenshot gap between images). These are marked with DATA_GAP:true and a note field rather than filled with guessed values. Given the density and volume of this table (~365 data rows), spot-checking a sample against the original source CSV (lookupTables/Component/tblBoring.csv) is recommended before using this for production costing decisions.",182,511,273,966,Bore,"Sandvik Duobore, inserts pC14-C21",52.32,30,Brinell,55.0,0.4,9.5,488,220.0,0.9231,0.1,460,15,25.6,2.0,,
USA reference export,Lookup Table,Machining > Lookup Tables,tblBoring,lookupTables/Component/tblBoring.csv,"This table was transcribed from 24 screenshots across two batches. Two genuine gaps exist in the source screenshots themselves (not introduced by this transcription): (1) Corobore 820, material code 20.12, diameter 237.0mm row was never captured. (2) Sandvik Duobore pC14-C21: the 270mm-diameter row for code 3.11, and all rows for codes 3.13, 3.2, 3.21, 3.22, 30.11, 30.12, and 30.21, were never captured (a scroll/screenshot gap between images). These are marked with DATA_GAP:true and a note field rather than filled with guessed values. Given the density and volume of this table (~365 data rows), spot-checking a sample against the original source CSV (lookupTables/Component/tblBoring.csv) is recommended before using this for production costing decisions.",182,511,273,966,Bore,"Sandvik Duobore, inserts pC14-C21",52.32,30,Brinell,101.0,0.4,9.5,488,606.0,1.3846,0.08,460,15,25.6,2.0,,
USA reference export,Lookup Table,Machining > Lookup Tables,tblBoring,lookupTables/Component/tblBoring.csv,"This table was transcribed from 24 screenshots across two batches. Two genuine gaps exist in the source screenshots themselves (not introduced by this transcription): (1) Corobore 820, material code 20.12, diameter 237.0mm row was never captured. (2) Sandvik Duobore pC14-C21: the 270mm-diameter row for code 3.11, and all rows for codes 3.13, 3.2, 3.21, 3.22, 30.11, 30.12, and 30.21, were never captured (a scroll/screenshot gap between images). These are marked with DATA_GAP:true and a note field rather than filled with guessed values. Given the density and volume of this table (~365 data rows), spot-checking a sample against the original source CSV (lookupTables/Component/tblBoring.csv) is recommended before using this for production costing decisions.",182,511,273,966,Bore,"Sandvik Duobore, inserts pC14-C21",52.32,30,Brinell,270.0,0.4,9.5,488,1080.0,1.8461,0.08,460,15,25.6,2.0,,
USA reference export,Lookup Table,Machining > Lookup Tables,tblBoring,lookupTables/Component/tblBoring.csv,"This table was transcribed from 24 screenshots across two batches. Two genuine gaps exist in the source screenshots themselves (not introduced by this transcription): (1) Corobore 820, material code 20.12, diameter 237.0mm row was never captured. (2) Sandvik Duobore pC14-C21: the 270mm-diameter row for code 3.11, and all rows for codes 3.13, 3.2, 3.21, 3.22, 30.11, 30.12, and 30.21, were never captured (a scroll/screenshot gap between images). These are marked with DATA_GAP:true and a note field rather than filled with guessed values. Given the density and volume of this table (~365 data rows), spot-checking a sample against the original source CSV (lookupTables/Component/tblBoring.csv) is recommended before using this for production costing decisions.",182,511,273,966,Bore,"Sandvik Duobore, inserts pC14-C21",6.1,150,Brinell,25.0,0.8,9.5,119,150.0,0.325,0.05,1860,15,25.6,2.0,,
USA reference export,Lookup Table,Machining > Lookup Tables,tblBoring,lookupTables/Component/tblBoring.csv,"This table was transcribed from 24 screenshots across two batches. Two genuine gaps exist in the source screenshots themselves (not introduced by this transcription): (1) Corobore 820, material code 20.12, diameter 237.0mm row was never captured. (2) Sandvik Duobore pC14-C21: the 270mm-diameter row for code 3.11, and all rows for codes 3.13, 3.2, 3.21, 3.22, 30.11, 30.12, and 30.21, were never captured (a scroll/screenshot gap between images). These are marked with DATA_GAP:true and a note field rather than filled with guessed values. Given the density and volume of this table (~365 data rows), spot-checking a sample against the original source CSV (lookupTables/Component/tblBoring.csv) is recommended before using this for production costing decisions.",182,511,273,966,Bore,"Sandvik Duobore, inserts pC14-C21",6.1,150,Brinell,37.0,1.2,9.5,119,222.0,0.35,0.08,1860,15,25.6,2.0,,
USA reference export,Lookup Table,Machining > Lookup Tables,tblBoring,lookupTables/Component/tblBoring.csv,"This table was transcribed from 24 screenshots across two batches. Two genuine gaps exist in the source screenshots themselves (not introduced by this transcription): (1) Corobore 820, material code 20.12, diameter 237.0mm row was never captured. (2) Sandvik Duobore pC14-C21: the 270mm-diameter row for code 3.11, and all rows for codes 3.13, 3.2, 3.21, 3.22, 30.11, 30.12, and 30.21, were never captured (a scroll/screenshot gap between images). These are marked with DATA_GAP:true and a note field rather than filled with guessed values. Given the density and volume of this table (~365 data rows), spot-checking a sample against the original source CSV (lookupTables/Component/tblBoring.csv) is recommended before using this for production costing decisions.",182,511,273,966,Bore,"Sandvik Duobore, inserts pC14-C21",6.1,150,Brinell,46.0,1.2,9.5,119,276.0,0.37,0.1,1860,15,25.6,2.0,,
USA reference export,Lookup Table,Machining > Lookup Tables,tblBoring,lookupTables/Component/tblBoring.csv,"This table was transcribed from 24 screenshots across two batches. Two genuine gaps exist in the source screenshots themselves (not introduced by this transcription): (1) Corobore 820, material code 20.12, diameter 237.0mm row was never captured. (2) Sandvik Duobore pC14-C21: the 270mm-diameter row for code 3.11, and all rows for codes 3.13, 3.2, 3.21, 3.22, 30.11, 30.12, and 30.21, were never captured (a scroll/screenshot gap between images). These are marked with DATA_GAP:true and a note field rather than filled with guessed values. Given the density and volume of this table (~365 data rows), spot-checking a sample against the original source CSV (lookupTables/Component/tblBoring.csv) is recommended before using this for production costing decisions.",182,511,273,966,Bore,"Sandvik Duobore, inserts pC14-C21",6.1,150,Brinell,55.0,0.4,9.5,119,220.0,0.4,0.1,1860,15,25.6,2.0,,
USA reference export,Lookup Table,Machining > Lookup Tables,tblBoring,lookupTables/Component/tblBoring.csv,"This table was transcribed from 24 screenshots across two batches. Two genuine gaps exist in the source screenshots themselves (not introduced by this transcription): (1) Corobore 820, material code 20.12, diameter 237.0mm row was never captured. (2) Sandvik Duobore pC14-C21: the 270mm-diameter row for code 3.11, and all rows for codes 3.13, 3.2, 3.21, 3.22, 30.11, 30.12, and 30.21, were never captured (a scroll/screenshot gap between images). These are marked with DATA_GAP:true and a note field rather than filled with guessed values. Given the density and volume of this table (~365 data rows), spot-checking a sample against the original source CSV (lookupTables/Component/tblBoring.csv) is recommended before using this for production costing decisions.",182,511,273,966,Bore,"Sandvik Duobore, inserts pC14-C21",6.1,150,Brinell,101.0,0.4,9.5,119,606.0,0.6,0.08,1860,15,25.6,2.0,,
USA reference export,Lookup Table,Machining > Lookup Tables,tblBoring,lookupTables/Component/tblBoring.csv,"This table was transcribed from 24 screenshots across two batches. Two genuine gaps exist in the source screenshots themselves (not introduced by this transcription): (1) Corobore 820, material code 20.12, diameter 237.0mm row was never captured. (2) Sandvik Duobore pC14-C21: the 270mm-diameter row for code 3.11, and all rows for codes 3.13, 3.2, 3.21, 3.22, 30.11, 30.12, and 30.21, were never captured (a scroll/screenshot gap between images). These are marked with DATA_GAP:true and a note field rather than filled with guessed values. Given the density and volume of this table (~365 data rows), spot-checking a sample against the original source CSV (lookupTables/Component/tblBoring.csv) is recommended before using this for production costing decisions.",182,511,273,966,Bore,"Sandvik Duobore, inserts pC14-C21",6.1,150,Brinell,270.0,0.4,9.5,119,1080.0,0.8,0.08,1860,15,25.6,2.0,,
USA reference export,Lookup Table,Machining > Lookup Tables,tblBoring,lookupTables/Component/tblBoring.csv,"This table was transcribed from 24 screenshots across two batches. Two genuine gaps exist in the source screenshots themselves (not introduced by this transcription): (1) Corobore 820, material code 20.12, diameter 237.0mm row was never captured. (2) Sandvik Duobore pC14-C21: the 270mm-diameter row for code 3.11, and all rows for codes 3.13, 3.2, 3.21, 3.22, 30.11, 30.12, and 30.21, were never captured (a scroll/screenshot gap between images). These are marked with DATA_GAP:true and a note field rather than filled with guessed values. Given the density and volume of this table (~365 data rows), spot-checking a sample against the original source CSV (lookupTables/Component/tblBoring.csv) is recommended before using this for production costing decisions.",182,511,273,966,Bore,"Sandvik Duobore, inserts pC14-C21",6.2,200,Brinell,25.0,0.8,9.5,95,150.0,0.4875,0.05,2140,15,25.6,2.0,,
USA reference export,Lookup Table,Machining > Lookup Tables,tblBoring,lookupTables/Component/tblBoring.csv,"This table was transcribed from 24 screenshots across two batches. Two genuine gaps exist in the source screenshots themselves (not introduced by this transcription): (1) Corobore 820, material code 20.12, diameter 237.0mm row was never captured. (2) Sandvik Duobore pC14-C21: the 270mm-diameter row for code 3.11, and all rows for codes 3.13, 3.2, 3.21, 3.22, 30.11, 30.12, and 30.21, were never captured (a scroll/screenshot gap between images). These are marked with DATA_GAP:true and a note field rather than filled with guessed values. Given the density and volume of this table (~365 data rows), spot-checking a sample against the original source CSV (lookupTables/Component/tblBoring.csv) is recommended before using this for production costing decisions.",182,511,273,966,Bore,"Sandvik Duobore, inserts pC14-C21",6.2,200,Brinell,37.0,1.2,9.5,95,222.0,0.525,0.08,2140,15,25.6,2.0,,
USA reference export,Lookup Table,Machining > Lookup Tables,tblBoring,lookupTables/Component/tblBoring.csv,"This table was transcribed from 24 screenshots across two batches. Two genuine gaps exist in the source screenshots themselves (not introduced by this transcription): (1) Corobore 820, material code 20.12, diameter 237.0mm row was never captured. (2) Sandvik Duobore pC14-C21: the 270mm-diameter row for code 3.11, and all rows for codes 3.13, 3.2, 3.21, 3.22, 30.11, 30.12, and 30.21, were never captured (a scroll/screenshot gap between images). These are marked with DATA_GAP:true and a note field rather than filled with guessed values. Given the density and volume of this table (~365 data rows), spot-checking a sample against the original source CSV (lookupTables/Component/tblBoring.csv) is recommended before using this for production costing decisions.",182,511,273,966,Bore,"Sandvik Duobore, inserts pC14-C21",6.2,200,Brinell,46.0,1.2,9.5,95,276.0,0.555,0.1,2140,15,25.6,2.0,,
USA reference export,Lookup Table,Machining > Lookup Tables,tblBoring,lookupTables/Component/tblBoring.csv,"This table was transcribed from 24 screenshots across two batches. Two genuine gaps exist in the source screenshots themselves (not introduced by this transcription): (1) Corobore 820, material code 20.12, diameter 237.0mm row was never captured. (2) Sandvik Duobore pC14-C21: the 270mm-diameter row for code 3.11, and all rows for codes 3.13, 3.2, 3.21, 3.22, 30.11, 30.12, and 30.21, were never captured (a scroll/screenshot gap between images). These are marked with DATA_GAP:true and a note field rather than filled with guessed values. Given the density and volume of this table (~365 data rows), spot-checking a sample against the original source CSV (lookupTables/Component/tblBoring.csv) is recommended before using this for production costing decisions.",182,511,273,966,Bore,"Sandvik Duobore, inserts pC14-C21",6.2,200,Brinell,55.0,0.4,9.5,95,220.0,0.6,0.1,2140,15,25.6,2.0,,
USA reference export,Lookup Table,Machining > Lookup Tables,tblBoring,lookupTables/Component/tblBoring.csv,"This table was transcribed from 24 screenshots across two batches. Two genuine gaps exist in the source screenshots themselves (not introduced by this transcription): (1) Corobore 820, material code 20.12, diameter 237.0mm row was never captured. (2) Sandvik Duobore pC14-C21: the 270mm-diameter row for code 3.11, and all rows for codes 3.13, 3.2, 3.21, 3.22, 30.11, 30.12, and 30.21, were never captured (a scroll/screenshot gap between images). These are marked with DATA_GAP:true and a note field rather than filled with guessed values. Given the density and volume of this table (~365 data rows), spot-checking a sample against the original source CSV (lookupTables/Component/tblBoring.csv) is recommended before using this for production costing decisions.",182,511,273,966,Bore,"Sandvik Duobore, inserts pC14-C21",6.2,200,Brinell,101.0,0.4,9.5,95,606.0,0.9,0.08,2140,15,25.6,2.0,,
USA reference export,Lookup Table,Machining > Lookup Tables,tblBoring,lookupTables/Component/tblBoring.csv,"This table was transcribed from 24 screenshots across two batches. Two genuine gaps exist in the source screenshots themselves (not introduced by this transcription): (1) Corobore 820, material code 20.12, diameter 237.0mm row was never captured. (2) Sandvik Duobore pC14-C21: the 270mm-diameter row for code 3.11, and all rows for codes 3.13, 3.2, 3.21, 3.22, 30.11, 30.12, and 30.21, were never captured (a scroll/screenshot gap between images). These are marked with DATA_GAP:true and a note field rather than filled with guessed values. Given the density and volume of this table (~365 data rows), spot-checking a sample against the original source CSV (lookupTables/Component/tblBoring.csv) is recommended before using this for production costing decisions.",182,511,273,966,Bore,"Sandvik Duobore, inserts pC14-C21",6.2,200,Brinell,270.0,0.4,9.5,95,1080.0,1.2,0.08,2140,15,25.6,2.0,,
USA reference export,Lookup Table,Machining > Lookup Tables,tblBoring,lookupTables/Component/tblBoring.csv,"This table was transcribed from 24 screenshots across two batches. Two genuine gaps exist in the source screenshots themselves (not introduced by this transcription): (1) Corobore 820, material code 20.12, diameter 237.0mm row was never captured. (2) Sandvik Duobore pC14-C21: the 270mm-diameter row for code 3.11, and all rows for codes 3.13, 3.2, 3.21, 3.22, 30.11, 30.12, and 30.21, were never captured (a scroll/screenshot gap between images). These are marked with DATA_GAP:true and a note field rather than filled with guessed values. Given the density and volume of this table (~365 data rows), spot-checking a sample against the original source CSV (lookupTables/Component/tblBoring.csv) is recommended before using this for production costing decisions.",182,511,273,966,Bore,"Sandvik Duobore, inserts pC14-C21",6.3,200,Brinell,25.0,0.8,9.5,67,150.0,0.4469,0.05,2600,15,25.6,2.0,,
USA reference export,Lookup Table,Machining > Lookup Tables,tblBoring,lookupTables/Component/tblBoring.csv,"This table was transcribed from 24 screenshots across two batches. Two genuine gaps exist in the source screenshots themselves (not introduced by this transcription): (1) Corobore 820, material code 20.12, diameter 237.0mm row was never captured. (2) Sandvik Duobore pC14-C21: the 270mm-diameter row for code 3.11, and all rows for codes 3.13, 3.2, 3.21, 3.22, 30.11, 30.12, and 30.21, were never captured (a scroll/screenshot gap between images). These are marked with DATA_GAP:true and a note field rather than filled with guessed values. Given the density and volume of this table (~365 data rows), spot-checking a sample against the original source CSV (lookupTables/Component/tblBoring.csv) is recommended before using this for production costing decisions.",182,511,273,966,Bore,"Sandvik Duobore, inserts pC14-C21",6.3,200,Brinell,37.0,1.2,9.5,67,222.0,0.4813,0.08,2600,15,25.6,2.0,,
USA reference export,Lookup Table,Machining > Lookup Tables,tblBoring,lookupTables/Component/tblBoring.csv,"This table was transcribed from 24 screenshots across two batches. Two genuine gaps exist in the source screenshots themselves (not introduced by this transcription): (1) Corobore 820, material code 20.12, diameter 237.0mm row was never captured. (2) Sandvik Duobore pC14-C21: the 270mm-diameter row for code 3.11, and all rows for codes 3.13, 3.2, 3.21, 3.22, 30.11, 30.12, and 30.21, were never captured (a scroll/screenshot gap between images). These are marked with DATA_GAP:true and a note field rather than filled with guessed values. Given the density and volume of this table (~365 data rows), spot-checking a sample against the original source CSV (lookupTables/Component/tblBoring.csv) is recommended before using this for production costing decisions.",182,511,273,966,Bore,"Sandvik Duobore, inserts pC14-C21",6.3,200,Brinell,46.0,1.2,9.5,67,276.0,0.5088,0.1,2600,15,25.6,2.0,,
USA reference export,Lookup Table,Machining > Lookup Tables,tblBoring,lookupTables/Component/tblBoring.csv,"This table was transcribed from 24 screenshots across two batches. Two genuine gaps exist in the source screenshots themselves (not introduced by this transcription): (1) Corobore 820, material code 20.12, diameter 237.0mm row was never captured. (2) Sandvik Duobore pC14-C21: the 270mm-diameter row for code 3.11, and all rows for codes 3.13, 3.2, 3.21, 3.22, 30.11, 30.12, and 30.21, were never captured (a scroll/screenshot gap between images). These are marked with DATA_GAP:true and a note field rather than filled with guessed values. Given the density and volume of this table (~365 data rows), spot-checking a sample against the original source CSV (lookupTables/Component/tblBoring.csv) is recommended before using this for production costing decisions.",182,511,273,966,Bore,"Sandvik Duobore, inserts pC14-C21",6.3,200,Brinell,55.0,0.4,9.5,67,220.0,0.55,0.1,2600,15,25.6,2.0,,
USA reference export,Lookup Table,Machining > Lookup Tables,tblBoring,lookupTables/Component/tblBoring.csv,"This table was transcribed from 24 screenshots across two batches. Two genuine gaps exist in the source screenshots themselves (not introduced by this transcription): (1) Corobore 820, material code 20.12, diameter 237.0mm row was never captured. (2) Sandvik Duobore pC14-C21: the 270mm-diameter row for code 3.11, and all rows for codes 3.13, 3.2, 3.21, 3.22, 30.11, 30.12, and 30.21, were never captured (a scroll/screenshot gap between images). These are marked with DATA_GAP:true and a note field rather than filled with guessed values. Given the density and volume of this table (~365 data rows), spot-checking a sample against the original source CSV (lookupTables/Component/tblBoring.csv) is recommended before using this for production costing decisions.",182,511,273,966,Bore,"Sandvik Duobore, inserts pC14-C21",6.3,200,Brinell,101.0,0.4,9.5,67,606.0,0.825,0.08,2600,15,25.6,2.0,,
USA reference export,Lookup Table,Machining > Lookup Tables,tblBoring,lookupTables/Component/tblBoring.csv,"This table was transcribed from 24 screenshots across two batches. Two genuine gaps exist in the source screenshots themselves (not introduced by this transcription): (1) Corobore 820, material code 20.12, diameter 237.0mm row was never captured. (2) Sandvik Duobore pC14-C21: the 270mm-diameter row for code 3.11, and all rows for codes 3.13, 3.2, 3.21, 3.22, 30.11, 30.12, and 30.21, were never captured (a scroll/screenshot gap between images). These are marked with DATA_GAP:true and a note field rather than filled with guessed values. Given the density and volume of this table (~365 data rows), spot-checking a sample against the original source CSV (lookupTables/Component/tblBoring.csv) is recommended before using this for production costing decisions.",182,511,273,966,Bore,"Sandvik Duobore, inserts pC14-C21",6.3,200,Brinell,270.0,0.4,9.5,67,1080.0,1.1,0.08,2600,15,25.6,2.0,,
USA reference export,Lookup Table,Machining > Lookup Tables,tblBoring,lookupTables/Component/tblBoring.csv,"This table was transcribed from 24 screenshots across two batches. Two genuine gaps exist in the source screenshots themselves (not introduced by this transcription): (1) Corobore 820, material code 20.12, diameter 237.0mm row was never captured. (2) Sandvik Duobore pC14-C21: the 270mm-diameter row for code 3.11, and all rows for codes 3.13, 3.2, 3.21, 3.22, 30.11, 30.12, and 30.21, were never captured (a scroll/screenshot gap between images). These are marked with DATA_GAP:true and a note field rather than filled with guessed values. Given the density and volume of this table (~365 data rows), spot-checking a sample against the original source CSV (lookupTables/Component/tblBoring.csv) is recommended before using this for production costing decisions.",182,511,273,966,Bore,"Sandvik Duobore, inserts pC14-C21",6.32,200,Brinell,25.0,0.8,9.5,44,150.0,0.4469,0.05,3060,15,25.6,2.0,,
USA reference export,Lookup Table,Machining > Lookup Tables,tblBoring,lookupTables/Component/tblBoring.csv,"This table was transcribed from 24 screenshots across two batches. Two genuine gaps exist in the source screenshots themselves (not introduced by this transcription): (1) Corobore 820, material code 20.12, diameter 237.0mm row was never captured. (2) Sandvik Duobore pC14-C21: the 270mm-diameter row for code 3.11, and all rows for codes 3.13, 3.2, 3.21, 3.22, 30.11, 30.12, and 30.21, were never captured (a scroll/screenshot gap between images). These are marked with DATA_GAP:true and a note field rather than filled with guessed values. Given the density and volume of this table (~365 data rows), spot-checking a sample against the original source CSV (lookupTables/Component/tblBoring.csv) is recommended before using this for production costing decisions.",182,511,273,966,Bore,"Sandvik Duobore, inserts pC14-C21",6.32,200,Brinell,37.0,1.2,9.5,44,222.0,0.4813,0.08,3060,15,25.6,2.0,,
USA reference export,Lookup Table,Machining > Lookup Tables,tblBoring,lookupTables/Component/tblBoring.csv,"This table was transcribed from 24 screenshots across two batches. Two genuine gaps exist in the source screenshots themselves (not introduced by this transcription): (1) Corobore 820, material code 20.12, diameter 237.0mm row was never captured. (2) Sandvik Duobore pC14-C21: the 270mm-diameter row for code 3.11, and all rows for codes 3.13, 3.2, 3.21, 3.22, 30.11, 30.12, and 30.21, were never captured (a scroll/screenshot gap between images). These are marked with DATA_GAP:true and a note field rather than filled with guessed values. Given the density and volume of this table (~365 data rows), spot-checking a sample against the original source CSV (lookupTables/Component/tblBoring.csv) is recommended before using this for production costing decisions.",182,511,273,966,Bore,"Sandvik Duobore, inserts pC14-C21",6.32,200,Brinell,46.0,1.2,9.5,44,276.0,0.5088,0.1,3060,15,25.6,2.0,,
USA reference export,Lookup Table,Machining > Lookup Tables,tblBoring,lookupTables/Component/tblBoring.csv,"This table was transcribed from 24 screenshots across two batches. Two genuine gaps exist in the source screenshots themselves (not introduced by this transcription): (1) Corobore 820, material code 20.12, diameter 237.0mm row was never captured. (2) Sandvik Duobore pC14-C21: the 270mm-diameter row for code 3.11, and all rows for codes 3.13, 3.2, 3.21, 3.22, 30.11, 30.12, and 30.21, were never captured (a scroll/screenshot gap between images). These are marked with DATA_GAP:true and a note field rather than filled with guessed values. Given the density and volume of this table (~365 data rows), spot-checking a sample against the original source CSV (lookupTables/Component/tblBoring.csv) is recommended before using this for production costing decisions.",182,511,273,966,Bore,"Sandvik Duobore, inserts pC14-C21",6.32,200,Brinell,55.0,0.4,9.5,44,220.0,0.55,0.1,3060,15,25.6,2.0,,
USA reference export,Lookup Table,Machining > Lookup Tables,tblBoring,lookupTables/Component/tblBoring.csv,"This table was transcribed from 24 screenshots across two batches. Two genuine gaps exist in the source screenshots themselves (not introduced by this transcription): (1) Corobore 820, material code 20.12, diameter 237.0mm row was never captured. (2) Sandvik Duobore pC14-C21: the 270mm-diameter row for code 3.11, and all rows for codes 3.13, 3.2, 3.21, 3.22, 30.11, 30.12, and 30.21, were never captured (a scroll/screenshot gap between images). These are marked with DATA_GAP:true and a note field rather than filled with guessed values. Given the density and volume of this table (~365 data rows), spot-checking a sample against the original source CSV (lookupTables/Component/tblBoring.csv) is recommended before using this for production costing decisions.",182,511,273,966,Bore,"Sandvik Duobore, inserts pC14-C21",6.32,200,Brinell,101.0,0.4,9.5,44,606.0,0.825,0.08,3060,15,25.6,2.0,,
USA reference export,Lookup Table,Machining > Lookup Tables,tblBoring,lookupTables/Component/tblBoring.csv,"This table was transcribed from 24 screenshots across two batches. Two genuine gaps exist in the source screenshots themselves (not introduced by this transcription): (1) Corobore 820, material code 20.12, diameter 237.0mm row was never captured. (2) Sandvik Duobore pC14-C21: the 270mm-diameter row for code 3.11, and all rows for codes 3.13, 3.2, 3.21, 3.22, 30.11, 30.12, and 30.21, were never captured (a scroll/screenshot gap between images). These are marked with DATA_GAP:true and a note field rather than filled with guessed values. Given the density and volume of this table (~365 data rows), spot-checking a sample against the original source CSV (lookupTables/Component/tblBoring.csv) is recommended before using this for production costing decisions.",182,511,273,966,Bore,"Sandvik Duobore, inserts pC14-C21",6.32,200,Brinell,270.0,0.4,9.5,44,1080.0,1.1,0.08,3060,15,25.6,2.0,,
USA reference export,Lookup Table,Machining > Lookup Tables,tblBoring,lookupTables/Component/tblBoring.csv,"This table was transcribed from 24 screenshots across two batches. Two genuine gaps exist in the source screenshots themselves (not introduced by this transcription): (1) Corobore 820, material code 20.12, diameter 237.0mm row was never captured. (2) Sandvik Duobore pC14-C21: the 270mm-diameter row for code 3.11, and all rows for codes 3.13, 3.2, 3.21, 3.22, 30.11, 30.12, and 30.21, were never captured (a scroll/screenshot gap between images). These are marked with DATA_GAP:true and a note field rather than filled with guessed values. Given the density and volume of this table (~365 data rows), spot-checking a sample against the original source CSV (lookupTables/Component/tblBoring.csv) is recommended before using this for production costing decisions.",182,511,273,966,Bore,"Sandvik Duobore, inserts pC14-C21",6.33,250,Brinell,25.0,0.8,9.5,36,150.0,0.4469,0.05,3860,15,25.6,2.0,,
USA reference export,Lookup Table,Machining > Lookup Tables,tblBoring,lookupTables/Component/tblBoring.csv,"This table was transcribed from 24 screenshots across two batches. Two genuine gaps exist in the source screenshots themselves (not introduced by this transcription): (1) Corobore 820, material code 20.12, diameter 237.0mm row was never captured. (2) Sandvik Duobore pC14-C21: the 270mm-diameter row for code 3.11, and all rows for codes 3.13, 3.2, 3.21, 3.22, 30.11, 30.12, and 30.21, were never captured (a scroll/screenshot gap between images). These are marked with DATA_GAP:true and a note field rather than filled with guessed values. Given the density and volume of this table (~365 data rows), spot-checking a sample against the original source CSV (lookupTables/Component/tblBoring.csv) is recommended before using this for production costing decisions.",182,511,273,966,Bore,"Sandvik Duobore, inserts pC14-C21",6.33,250,Brinell,37.0,1.2,9.5,36,222.0,0.4813,0.08,3860,15,25.6,2.0,,
USA reference export,Lookup Table,Machining > Lookup Tables,tblBoring,lookupTables/Component/tblBoring.csv,"This table was transcribed from 24 screenshots across two batches. Two genuine gaps exist in the source screenshots themselves (not introduced by this transcription): (1) Corobore 820, material code 20.12, diameter 237.0mm row was never captured. (2) Sandvik Duobore pC14-C21: the 270mm-diameter row for code 3.11, and all rows for codes 3.13, 3.2, 3.21, 3.22, 30.11, 30.12, and 30.21, were never captured (a scroll/screenshot gap between images). These are marked with DATA_GAP:true and a note field rather than filled with guessed values. Given the density and volume of this table (~365 data rows), spot-checking a sample against the original source CSV (lookupTables/Component/tblBoring.csv) is recommended before using this for production costing decisions.",182,511,273,966,Bore,"Sandvik Duobore, inserts pC14-C21",6.33,250,Brinell,46.0,1.2,9.5,36,276.0,0.5088,0.1,3860,15,25.6,2.0,,
USA reference export,Lookup Table,Machining > Lookup Tables,tblBoring,lookupTables/Component/tblBoring.csv,"This table was transcribed from 24 screenshots across two batches. Two genuine gaps exist in the source screenshots themselves (not introduced by this transcription): (1) Corobore 820, material code 20.12, diameter 237.0mm row was never captured. (2) Sandvik Duobore pC14-C21: the 270mm-diameter row for code 3.11, and all rows for codes 3.13, 3.2, 3.21, 3.22, 30.11, 30.12, and 30.21, were never captured (a scroll/screenshot gap between images). These are marked with DATA_GAP:true and a note field rather than filled with guessed values. Given the density and volume of this table (~365 data rows), spot-checking a sample against the original source CSV (lookupTables/Component/tblBoring.csv) is recommended before using this for production costing decisions.",182,511,273,966,Bore,"Sandvik Duobore, inserts pC14-C21",6.33,250,Brinell,55.0,0.4,9.5,36,220.0,0.55,0.1,3860,15,25.6,2.0,,
USA reference export,Lookup Table,Machining > Lookup Tables,tblBoring,lookupTables/Component/tblBoring.csv,"This table was transcribed from 24 screenshots across two batches. Two genuine gaps exist in the source screenshots themselves (not introduced by this transcription): (1) Corobore 820, material code 20.12, diameter 237.0mm row was never captured. (2) Sandvik Duobore pC14-C21: the 270mm-diameter row for code 3.11, and all rows for codes 3.13, 3.2, 3.21, 3.22, 30.11, 30.12, and 30.21, were never captured (a scroll/screenshot gap between images). These are marked with DATA_GAP:true and a note field rather than filled with guessed values. Given the density and volume of this table (~365 data rows), spot-checking a sample against the original source CSV (lookupTables/Component/tblBoring.csv) is recommended before using this for production costing decisions.",182,511,273,966,Bore,"Sandvik Duobore, inserts pC14-C21",6.33,250,Brinell,101.0,0.4,9.5,36,606.0,0.825,0.08,3860,15,25.6,2.0,,
USA reference export,Lookup Table,Machining > Lookup Tables,tblBoring,lookupTables/Component/tblBoring.csv,"This table was transcribed from 24 screenshots across two batches. Two genuine gaps exist in the source screenshots themselves (not introduced by this transcription): (1) Corobore 820, material code 20.12, diameter 237.0mm row was never captured. (2) Sandvik Duobore pC14-C21: the 270mm-diameter row for code 3.11, and all rows for codes 3.13, 3.2, 3.21, 3.22, 30.11, 30.12, and 30.21, were never captured (a scroll/screenshot gap between images). These are marked with DATA_GAP:true and a note field rather than filled with guessed values. Given the density and volume of this table (~365 data rows), spot-checking a sample against the original source CSV (lookupTables/Component/tblBoring.csv) is recommended before using this for production costing decisions.",182,511,273,966,Bore,"Sandvik Duobore, inserts pC14-C21",6.33,250,Brinell,270.0,0.4,9.5,36,1080.0,1.1,0.08,3860,15,25.6,2.0,,
USA reference export,Lookup Table,Machining > Lookup Tables,tblBoring,lookupTables/Component/tblBoring.csv,"This table was transcribed from 24 screenshots across two batches. Two genuine gaps exist in the source screenshots themselves (not introduced by this transcription): (1) Corobore 820, material code 20.12, diameter 237.0mm row was never captured. (2) Sandvik Duobore pC14-C21: the 270mm-diameter row for code 3.11, and all rows for codes 3.13, 3.2, 3.21, 3.22, 30.11, 30.12, and 30.21, were never captured (a scroll/screenshot gap between images). These are marked with DATA_GAP:true and a note field rather than filled with guessed values. Given the density and volume of this table (~365 data rows), spot-checking a sample against the original source CSV (lookupTables/Component/tblBoring.csv) is recommended before using this for production costing decisions.",182,511,273,966,Bore,"Sandvik Duobore, inserts pC14-C21",7.1,130,Brinell,25.0,0.8,9.5,101,150.0,0.7312,0.05,1160,15,25.6,2.0,,
USA reference export,Lookup Table,Machining > Lookup Tables,tblBoring,lookupTables/Component/tblBoring.csv,"This table was transcribed from 24 screenshots across two batches. Two genuine gaps exist in the source screenshots themselves (not introduced by this transcription): (1) Corobore 820, material code 20.12, diameter 237.0mm row was never captured. (2) Sandvik Duobore pC14-C21: the 270mm-diameter row for code 3.11, and all rows for codes 3.13, 3.2, 3.21, 3.22, 30.11, 30.12, and 30.21, were never captured (a scroll/screenshot gap between images). These are marked with DATA_GAP:true and a note field rather than filled with guessed values. Given the density and volume of this table (~365 data rows), spot-checking a sample against the original source CSV (lookupTables/Component/tblBoring.csv) is recommended before using this for production costing decisions.",182,511,273,966,Bore,"Sandvik Duobore, inserts pC14-C21",7.1,130,Brinell,37.0,1.2,9.5,101,222.0,0.7875,0.08,1160,15,25.6,2.0,,
USA reference export,Lookup Table,Machining > Lookup Tables,tblBoring,lookupTables/Component/tblBoring.csv,"This table was transcribed from 24 screenshots across two batches. Two genuine gaps exist in the source screenshots themselves (not introduced by this transcription): (1) Corobore 820, material code 20.12, diameter 237.0mm row was never captured. (2) Sandvik Duobore pC14-C21: the 270mm-diameter row for code 3.11, and all rows for codes 3.13, 3.2, 3.21, 3.22, 30.11, 30.12, and 30.21, were never captured (a scroll/screenshot gap between images). These are marked with DATA_GAP:true and a note field rather than filled with guessed values. Given the density and volume of this table (~365 data rows), spot-checking a sample against the original source CSV (lookupTables/Component/tblBoring.csv) is recommended before using this for production costing decisions.",182,511,273,966,Bore,"Sandvik Duobore, inserts pC14-C21",7.1,130,Brinell,46.0,1.2,9.5,101,276.0,0.8325,0.1,1160,15,25.6,2.0,,
USA reference export,Lookup Table,Machining > Lookup Tables,tblBoring,lookupTables/Component/tblBoring.csv,"This table was transcribed from 24 screenshots across two batches. Two genuine gaps exist in the source screenshots themselves (not introduced by this transcription): (1) Corobore 820, material code 20.12, diameter 237.0mm row was never captured. (2) Sandvik Duobore pC14-C21: the 270mm-diameter row for code 3.11, and all rows for codes 3.13, 3.2, 3.21, 3.22, 30.11, 30.12, and 30.21, were never captured (a scroll/screenshot gap between images). These are marked with DATA_GAP:true and a note field rather than filled with guessed values. Given the density and volume of this table (~365 data rows), spot-checking a sample against the original source CSV (lookupTables/Component/tblBoring.csv) is recommended before using this for production costing decisions.",182,511,273,966,Bore,"Sandvik Duobore, inserts pC14-C21",7.1,130,Brinell,55.0,0.4,9.5,101,220.0,0.9,0.1,1160,15,25.6,2.0,,
USA reference export,Lookup Table,Machining > Lookup Tables,tblBoring,lookupTables/Component/tblBoring.csv,"This table was transcribed from 24 screenshots across two batches. Two genuine gaps exist in the source screenshots themselves (not introduced by this transcription): (1) Corobore 820, material code 20.12, diameter 237.0mm row was never captured. (2) Sandvik Duobore pC14-C21: the 270mm-diameter row for code 3.11, and all rows for codes 3.13, 3.2, 3.21, 3.22, 30.11, 30.12, and 30.21, were never captured (a scroll/screenshot gap between images). These are marked with DATA_GAP:true and a note field rather than filled with guessed values. Given the density and volume of this table (~365 data rows), spot-checking a sample against the original source CSV (lookupTables/Component/tblBoring.csv) is recommended before using this for production costing decisions.",182,511,273,966,Bore,"Sandvik Duobore, inserts pC14-C21",7.1,130,Brinell,101.0,0.4,9.5,101,606.0,1.35,0.08,1160,15,25.6,2.0,,
USA reference export,Lookup Table,Machining > Lookup Tables,tblBoring,lookupTables/Component/tblBoring.csv,"This table was transcribed from 24 screenshots across two batches. Two genuine gaps exist in the source screenshots themselves (not introduced by this transcription): (1) Corobore 820, material code 20.12, diameter 237.0mm row was never captured. (2) Sandvik Duobore pC14-C21: the 270mm-diameter row for code 3.11, and all rows for codes 3.13, 3.2, 3.21, 3.22, 30.11, 30.12, and 30.21, were never captured (a scroll/screenshot gap between images). These are marked with DATA_GAP:true and a note field rather than filled with guessed values. Given the density and volume of this table (~365 data rows), spot-checking a sample against the original source CSV (lookupTables/Component/tblBoring.csv) is recommended before using this for production costing decisions.",182,511,273,966,Bore,"Sandvik Duobore, inserts pC14-C21",7.1,130,Brinell,270.0,0.4,9.5,101,1080.0,1.8,0.08,1160,15,25.6,2.0,,
USA reference export,Lookup Table,Machining > Lookup Tables,tblBoring,lookupTables/Component/tblBoring.csv,"This table was transcribed from 24 screenshots across two batches. Two genuine gaps exist in the source screenshots themselves (not introduced by this transcription): (1) Corobore 820, material code 20.12, diameter 237.0mm row was never captured. (2) Sandvik Duobore pC14-C21: the 270mm-diameter row for code 3.11, and all rows for codes 3.13, 3.2, 3.21, 3.22, 30.11, 30.12, and 30.21, were never captured (a scroll/screenshot gap between images). These are marked with DATA_GAP:true and a note field rather than filled with guessed values. Given the density and volume of this table (~365 data rows), spot-checking a sample against the original source CSV (lookupTables/Component/tblBoring.csv) is recommended before using this for production costing decisions.",182,511,273,966,Bore,"Sandvik Duobore, inserts pC14-C21",7.2,230,Brinell,25.0,0.8,9.5,83,150.0,0.5687,0.05,1300,15,25.6,2.0,,
USA reference export,Lookup Table,Machining > Lookup Tables,tblBoring,lookupTables/Component/tblBoring.csv,"This table was transcribed from 24 screenshots across two batches. Two genuine gaps exist in the source screenshots themselves (not introduced by this transcription): (1) Corobore 820, material code 20.12, diameter 237.0mm row was never captured. (2) Sandvik Duobore pC14-C21: the 270mm-diameter row for code 3.11, and all rows for codes 3.13, 3.2, 3.21, 3.22, 30.11, 30.12, and 30.21, were never captured (a scroll/screenshot gap between images). These are marked with DATA_GAP:true and a note field rather than filled with guessed values. Given the density and volume of this table (~365 data rows), spot-checking a sample against the original source CSV (lookupTables/Component/tblBoring.csv) is recommended before using this for production costing decisions.",182,511,273,966,Bore,"Sandvik Duobore, inserts pC14-C21",7.2,230,Brinell,37.0,1.2,9.5,83,222.0,0.6125,0.08,1300,15,25.6,2.0,,
USA reference export,Lookup Table,Machining > Lookup Tables,tblBoring,lookupTables/Component/tblBoring.csv,"This table was transcribed from 24 screenshots across two batches. Two genuine gaps exist in the source screenshots themselves (not introduced by this transcription): (1) Corobore 820, material code 20.12, diameter 237.0mm row was never captured. (2) Sandvik Duobore pC14-C21: the 270mm-diameter row for code 3.11, and all rows for codes 3.13, 3.2, 3.21, 3.22, 30.11, 30.12, and 30.21, were never captured (a scroll/screenshot gap between images). These are marked with DATA_GAP:true and a note field rather than filled with guessed values. Given the density and volume of this table (~365 data rows), spot-checking a sample against the original source CSV (lookupTables/Component/tblBoring.csv) is recommended before using this for production costing decisions.",182,511,273,966,Bore,"Sandvik Duobore, inserts pC14-C21",7.2,230,Brinell,46.0,1.2,9.5,83,276.0,0.6475,0.1,1300,15,25.6,2.0,,
USA reference export,Lookup Table,Machining > Lookup Tables,tblBoring,lookupTables/Component/tblBoring.csv,"This table was transcribed from 24 screenshots across two batches. Two genuine gaps exist in the source screenshots themselves (not introduced by this transcription): (1) Corobore 820, material code 20.12, diameter 237.0mm row was never captured. (2) Sandvik Duobore pC14-C21: the 270mm-diameter row for code 3.11, and all rows for codes 3.13, 3.2, 3.21, 3.22, 30.11, 30.12, and 30.21, were never captured (a scroll/screenshot gap between images). These are marked with DATA_GAP:true and a note field rather than filled with guessed values. Given the density and volume of this table (~365 data rows), spot-checking a sample against the original source CSV (lookupTables/Component/tblBoring.csv) is recommended before using this for production costing decisions.",182,511,273,966,Bore,"Sandvik Duobore, inserts pC14-C21",7.2,230,Brinell,55.0,0.4,9.5,83,220.0,0.7,0.1,1300,15,25.6,2.0,,
USA reference export,Lookup Table,Machining > Lookup Tables,tblBoring,lookupTables/Component/tblBoring.csv,"This table was transcribed from 24 screenshots across two batches. Two genuine gaps exist in the source screenshots themselves (not introduced by this transcription): (1) Corobore 820, material code 20.12, diameter 237.0mm row was never captured. (2) Sandvik Duobore pC14-C21: the 270mm-diameter row for code 3.11, and all rows for codes 3.13, 3.2, 3.21, 3.22, 30.11, 30.12, and 30.21, were never captured (a scroll/screenshot gap between images). These are marked with DATA_GAP:true and a note field rather than filled with guessed values. Given the density and volume of this table (~365 data rows), spot-checking a sample against the original source CSV (lookupTables/Component/tblBoring.csv) is recommended before using this for production costing decisions.",182,511,273,966,Bore,"Sandvik Duobore, inserts pC14-C21",7.2,230,Brinell,101.0,0.4,9.5,83,606.0,1.05,0.08,1300,15,25.6,2.0,,
USA reference export,Lookup Table,Machining > Lookup Tables,tblBoring,lookupTables/Component/tblBoring.csv,"This table was transcribed from 24 screenshots across two batches. Two genuine gaps exist in the source screenshots themselves (not introduced by this transcription): (1) Corobore 820, material code 20.12, diameter 237.0mm row was never captured. (2) Sandvik Duobore pC14-C21: the 270mm-diameter row for code 3.11, and all rows for codes 3.13, 3.2, 3.21, 3.22, 30.11, 30.12, and 30.21, were never captured (a scroll/screenshot gap between images). These are marked with DATA_GAP:true and a note field rather than filled with guessed values. Given the density and volume of this table (~365 data rows), spot-checking a sample against the original source CSV (lookupTables/Component/tblBoring.csv) is recommended before using this for production costing decisions.",182,511,273,966,Bore,"Sandvik Duobore, inserts pC14-C21",7.2,230,Brinell,270.0,0.4,9.5,83,1080.0,1.4,0.08,1300,15,25.6,2.0,,
USA reference export,Lookup Table,Machining > Lookup Tables,tblBoring,lookupTables/Component/tblBoring.csv,"This table was transcribed from 24 screenshots across two batches. Two genuine gaps exist in the source screenshots themselves (not introduced by this transcription): (1) Corobore 820, material code 20.12, diameter 237.0mm row was never captured. (2) Sandvik Duobore pC14-C21: the 270mm-diameter row for code 3.11, and all rows for codes 3.13, 3.2, 3.21, 3.22, 30.11, 30.12, and 30.21, were never captured (a scroll/screenshot gap between images). These are marked with DATA_GAP:true and a note field rather than filled with guessed values. Given the density and volume of this table (~365 data rows), spot-checking a sample against the original source CSV (lookupTables/Component/tblBoring.csv) is recommended before using this for production costing decisions.",182,511,273,966,Bore,"Sandvik Duobore, inserts pC14-C21",7.3,250,Brinell,25.0,0.8,9.5,80,150.0,0.4063,0.05,1440,15,25.6,2.0,,
USA reference export,Lookup Table,Machining > Lookup Tables,tblBoring,lookupTables/Component/tblBoring.csv,"This table was transcribed from 24 screenshots across two batches. Two genuine gaps exist in the source screenshots themselves (not introduced by this transcription): (1) Corobore 820, material code 20.12, diameter 237.0mm row was never captured. (2) Sandvik Duobore pC14-C21: the 270mm-diameter row for code 3.11, and all rows for codes 3.13, 3.2, 3.21, 3.22, 30.11, 30.12, and 30.21, were never captured (a scroll/screenshot gap between images). These are marked with DATA_GAP:true and a note field rather than filled with guessed values. Given the density and volume of this table (~365 data rows), spot-checking a sample against the original source CSV (lookupTables/Component/tblBoring.csv) is recommended before using this for production costing decisions.",182,511,273,966,Bore,"Sandvik Duobore, inserts pC14-C21",7.3,250,Brinell,37.0,1.2,9.5,80,222.0,0.4375,0.08,1440,15,25.6,2.0,,
USA reference export,Lookup Table,Machining > Lookup Tables,tblBoring,lookupTables/Component/tblBoring.csv,"This table was transcribed from 24 screenshots across two batches. Two genuine gaps exist in the source screenshots themselves (not introduced by this transcription): (1) Corobore 820, material code 20.12, diameter 237.0mm row was never captured. (2) Sandvik Duobore pC14-C21: the 270mm-diameter row for code 3.11, and all rows for codes 3.13, 3.2, 3.21, 3.22, 30.11, 30.12, and 30.21, were never captured (a scroll/screenshot gap between images). These are marked with DATA_GAP:true and a note field rather than filled with guessed values. Given the density and volume of this table (~365 data rows), spot-checking a sample against the original source CSV (lookupTables/Component/tblBoring.csv) is recommended before using this for production costing decisions.",182,511,273,966,Bore,"Sandvik Duobore, inserts pC14-C21",7.3,250,Brinell,46.0,1.2,9.5,80,276.0,0.4625,0.1,1440,15,25.6,2.0,,
USA reference export,Lookup Table,Machining > Lookup Tables,tblBoring,lookupTables/Component/tblBoring.csv,"This table was transcribed from 24 screenshots across two batches. Two genuine gaps exist in the source screenshots themselves (not introduced by this transcription): (1) Corobore 820, material code 20.12, diameter 237.0mm row was never captured. (2) Sandvik Duobore pC14-C21: the 270mm-diameter row for code 3.11, and all rows for codes 3.13, 3.2, 3.21, 3.22, 30.11, 30.12, and 30.21, were never captured (a scroll/screenshot gap between images). These are marked with DATA_GAP:true and a note field rather than filled with guessed values. Given the density and volume of this table (~365 data rows), spot-checking a sample against the original source CSV (lookupTables/Component/tblBoring.csv) is recommended before using this for production costing decisions.",182,511,273,966,Bore,"Sandvik Duobore, inserts pC14-C21",7.3,250,Brinell,55.0,0.4,9.5,80,220.0,0.5,0.1,1440,15,25.6,2.0,,
USA reference export,Lookup Table,Machining > Lookup Tables,tblBoring,lookupTables/Component/tblBoring.csv,"This table was transcribed from 24 screenshots across two batches. Two genuine gaps exist in the source screenshots themselves (not introduced by this transcription): (1) Corobore 820, material code 20.12, diameter 237.0mm row was never captured. (2) Sandvik Duobore pC14-C21: the 270mm-diameter row for code 3.11, and all rows for codes 3.13, 3.2, 3.21, 3.22, 30.11, 30.12, and 30.21, were never captured (a scroll/screenshot gap between images). These are marked with DATA_GAP:true and a note field rather than filled with guessed values. Given the density and volume of this table (~365 data rows), spot-checking a sample against the original source CSV (lookupTables/Component/tblBoring.csv) is recommended before using this for production costing decisions.",182,511,273,966,Bore,"Sandvik Duobore, inserts pC14-C21",7.3,250,Brinell,101.0,0.4,9.5,80,606.0,0.75,0.08,1440,15,25.6,2.0,,
USA reference export,Lookup Table,Machining > Lookup Tables,tblBoring,lookupTables/Component/tblBoring.csv,"This table was transcribed from 24 screenshots across two batches. Two genuine gaps exist in the source screenshots themselves (not introduced by this transcription): (1) Corobore 820, material code 20.12, diameter 237.0mm row was never captured. (2) Sandvik Duobore pC14-C21: the 270mm-diameter row for code 3.11, and all rows for codes 3.13, 3.2, 3.21, 3.22, 30.11, 30.12, and 30.21, were never captured (a scroll/screenshot gap between images). These are marked with DATA_GAP:true and a note field rather than filled with guessed values. Given the density and volume of this table (~365 data rows), spot-checking a sample against the original source CSV (lookupTables/Component/tblBoring.csv) is recommended before using this for production costing decisions.",182,511,273,966,Bore,"Sandvik Duobore, inserts pC14-C21",7.3,250,Brinell,270.0,0.4,9.5,80,1080.0,1.0,0.08,1440,15,25.6,2.0,,
USA reference export,Lookup Table,Machining > Lookup Tables,tblBoring,lookupTables/Component/tblBoring.csv,"This table was transcribed from 24 screenshots across two batches. Two genuine gaps exist in the source screenshots themselves (not introduced by this transcription): (1) Corobore 820, material code 20.12, diameter 237.0mm row was never captured. (2) Sandvik Duobore pC14-C21: the 270mm-diameter row for code 3.11, and all rows for codes 3.13, 3.2, 3.21, 3.22, 30.11, 30.12, and 30.21, were never captured (a scroll/screenshot gap between images). These are marked with DATA_GAP:true and a note field rather than filled with guessed values. Given the density and volume of this table (~365 data rows), spot-checking a sample against the original source CSV (lookupTables/Component/tblBoring.csv) is recommended before using this for production costing decisions.",182,511,273,966,Bore,"Sandvik Duobore, inserts pC14-C21",8.1,180,Brinell,25.0,0.8,9.5,148,150.0,0.7312,0.05,1300,15,25.6,2.0,,
USA reference export,Lookup Table,Machining > Lookup Tables,tblBoring,lookupTables/Component/tblBoring.csv,"This table was transcribed from 24 screenshots across two batches. Two genuine gaps exist in the source screenshots themselves (not introduced by this transcription): (1) Corobore 820, material code 20.12, diameter 237.0mm row was never captured. (2) Sandvik Duobore pC14-C21: the 270mm-diameter row for code 3.11, and all rows for codes 3.13, 3.2, 3.21, 3.22, 30.11, 30.12, and 30.21, were never captured (a scroll/screenshot gap between images). These are marked with DATA_GAP:true and a note field rather than filled with guessed values. Given the density and volume of this table (~365 data rows), spot-checking a sample against the original source CSV (lookupTables/Component/tblBoring.csv) is recommended before using this for production costing decisions.",182,511,273,966,Bore,"Sandvik Duobore, inserts pC14-C21",8.1,180,Brinell,37.0,1.2,9.5,148,222.0,0.7875,0.08,1300,15,25.6,2.0,,
USA reference export,Lookup Table,Machining > Lookup Tables,tblBoring,lookupTables/Component/tblBoring.csv,"This table was transcribed from 24 screenshots across two batches. Two genuine gaps exist in the source screenshots themselves (not introduced by this transcription): (1) Corobore 820, material code 20.12, diameter 237.0mm row was never captured. (2) Sandvik Duobore pC14-C21: the 270mm-diameter row for code 3.11, and all rows for codes 3.13, 3.2, 3.21, 3.22, 30.11, 30.12, and 30.21, were never captured (a scroll/screenshot gap between images). These are marked with DATA_GAP:true and a note field rather than filled with guessed values. Given the density and volume of this table (~365 data rows), spot-checking a sample against the original source CSV (lookupTables/Component/tblBoring.csv) is recommended before using this for production costing decisions.",182,511,273,966,Bore,"Sandvik Duobore, inserts pC14-C21",8.1,180,Brinell,46.0,1.2,9.5,148,276.0,0.8325,0.1,1300,15,25.6,2.0,,
USA reference export,Lookup Table,Machining > Lookup Tables,tblBoring,lookupTables/Component/tblBoring.csv,"This table was transcribed from 24 screenshots across two batches. Two genuine gaps exist in the source screenshots themselves (not introduced by this transcription): (1) Corobore 820, material code 20.12, diameter 237.0mm row was never captured. (2) Sandvik Duobore pC14-C21: the 270mm-diameter row for code 3.11, and all rows for codes 3.13, 3.2, 3.21, 3.22, 30.11, 30.12, and 30.21, were never captured (a scroll/screenshot gap between images). These are marked with DATA_GAP:true and a note field rather than filled with guessed values. Given the density and volume of this table (~365 data rows), spot-checking a sample against the original source CSV (lookupTables/Component/tblBoring.csv) is recommended before using this for production costing decisions.",182,511,273,966,Bore,"Sandvik Duobore, inserts pC14-C21",8.1,180,Brinell,55.0,0.4,9.5,148,220.0,0.9,0.1,1300,15,25.6,2.0,,
USA reference export,Lookup Table,Machining > Lookup Tables,tblBoring,lookupTables/Component/tblBoring.csv,"This table was transcribed from 24 screenshots across two batches. Two genuine gaps exist in the source screenshots themselves (not introduced by this transcription): (1) Corobore 820, material code 20.12, diameter 237.0mm row was never captured. (2) Sandvik Duobore pC14-C21: the 270mm-diameter row for code 3.11, and all rows for codes 3.13, 3.2, 3.21, 3.22, 30.11, 30.12, and 30.21, were never captured (a scroll/screenshot gap between images). These are marked with DATA_GAP:true and a note field rather than filled with guessed values. Given the density and volume of this table (~365 data rows), spot-checking a sample against the original source CSV (lookupTables/Component/tblBoring.csv) is recommended before using this for production costing decisions.",182,511,273,966,Bore,"Sandvik Duobore, inserts pC14-C21",8.1,180,Brinell,101.0,0.4,9.5,148,606.0,1.35,0.08,1300,15,25.6,2.0,,
USA reference export,Lookup Table,Machining > Lookup Tables,tblBoring,lookupTables/Component/tblBoring.csv,"This table was transcribed from 24 screenshots across two batches. Two genuine gaps exist in the source screenshots themselves (not introduced by this transcription): (1) Corobore 820, material code 20.12, diameter 237.0mm row was never captured. (2) Sandvik Duobore pC14-C21: the 270mm-diameter row for code 3.11, and all rows for codes 3.13, 3.2, 3.21, 3.22, 30.11, 30.12, and 30.21, were never captured (a scroll/screenshot gap between images). These are marked with DATA_GAP:true and a note field rather than filled with guessed values. Given the density and volume of this table (~365 data rows), spot-checking a sample against the original source CSV (lookupTables/Component/tblBoring.csv) is recommended before using this for production costing decisions.",182,511,273,966,Bore,"Sandvik Duobore, inserts pC14-C21",8.1,180,Brinell,270.0,0.4,9.5,148,1080.0,1.8,0.08,1300,15,25.6,2.0,,
USA reference export,Lookup Table,Machining > Lookup Tables,tblBoring,lookupTables/Component/tblBoring.csv,"This table was transcribed from 24 screenshots across two batches. Two genuine gaps exist in the source screenshots themselves (not introduced by this transcription): (1) Corobore 820, material code 20.12, diameter 237.0mm row was never captured. (2) Sandvik Duobore pC14-C21: the 270mm-diameter row for code 3.11, and all rows for codes 3.13, 3.2, 3.21, 3.22, 30.11, 30.12, and 30.21, were never captured (a scroll/screenshot gap between images). These are marked with DATA_GAP:true and a note field rather than filled with guessed values. Given the density and volume of this table (~365 data rows), spot-checking a sample against the original source CSV (lookupTables/Component/tblBoring.csv) is recommended before using this for production costing decisions.",182,511,273,966,Bore,"Sandvik Duobore, inserts pC14-C21",8.2,220,Brinell,25.0,0.8,9.5,101,150.0,0.5687,0.05,1580,15,25.6,2.0,,
USA reference export,Lookup Table,Machining > Lookup Tables,tblBoring,lookupTables/Component/tblBoring.csv,"This table was transcribed from 24 screenshots across two batches. Two genuine gaps exist in the source screenshots themselves (not introduced by this transcription): (1) Corobore 820, material code 20.12, diameter 237.0mm row was never captured. (2) Sandvik Duobore pC14-C21: the 270mm-diameter row for code 3.11, and all rows for codes 3.13, 3.2, 3.21, 3.22, 30.11, 30.12, and 30.21, were never captured (a scroll/screenshot gap between images). These are marked with DATA_GAP:true and a note field rather than filled with guessed values. Given the density and volume of this table (~365 data rows), spot-checking a sample against the original source CSV (lookupTables/Component/tblBoring.csv) is recommended before using this for production costing decisions.",182,511,273,966,Bore,"Sandvik Duobore, inserts pC14-C21",8.2,220,Brinell,37.0,1.2,9.5,101,222.0,0.6125,0.08,1580,15,25.6,2.0,,
USA reference export,Lookup Table,Machining > Lookup Tables,tblBoring,lookupTables/Component/tblBoring.csv,"This table was transcribed from 24 screenshots across two batches. Two genuine gaps exist in the source screenshots themselves (not introduced by this transcription): (1) Corobore 820, material code 20.12, diameter 237.0mm row was never captured. (2) Sandvik Duobore pC14-C21: the 270mm-diameter row for code 3.11, and all rows for codes 3.13, 3.2, 3.21, 3.22, 30.11, 30.12, and 30.21, were never captured (a scroll/screenshot gap between images). These are marked with DATA_GAP:true and a note field rather than filled with guessed values. Given the density and volume of this table (~365 data rows), spot-checking a sample against the original source CSV (lookupTables/Component/tblBoring.csv) is recommended before using this for production costing decisions.",182,511,273,966,Bore,"Sandvik Duobore, inserts pC14-C21",8.2,220,Brinell,46.0,1.2,9.5,101,276.0,0.6475,0.1,1580,15,25.6,2.0,,
USA reference export,Lookup Table,Machining > Lookup Tables,tblBoring,lookupTables/Component/tblBoring.csv,"This table was transcribed from 24 screenshots across two batches. Two genuine gaps exist in the source screenshots themselves (not introduced by this transcription): (1) Corobore 820, material code 20.12, diameter 237.0mm row was never captured. (2) Sandvik Duobore pC14-C21: the 270mm-diameter row for code 3.11, and all rows for codes 3.13, 3.2, 3.21, 3.22, 30.11, 30.12, and 30.21, were never captured (a scroll/screenshot gap between images). These are marked with DATA_GAP:true and a note field rather than filled with guessed values. Given the density and volume of this table (~365 data rows), spot-checking a sample against the original source CSV (lookupTables/Component/tblBoring.csv) is recommended before using this for production costing decisions.",182,511,273,966,Bore,"Sandvik Duobore, inserts pC14-C21",8.2,220,Brinell,55.0,0.4,9.5,101,220.0,0.7,0.1,1580,15,25.6,2.0,,
USA reference export,Lookup Table,Machining > Lookup Tables,tblBoring,lookupTables/Component/tblBoring.csv,"This table was transcribed from 24 screenshots across two batches. Two genuine gaps exist in the source screenshots themselves (not introduced by this transcription): (1) Corobore 820, material code 20.12, diameter 237.0mm row was never captured. (2) Sandvik Duobore pC14-C21: the 270mm-diameter row for code 3.11, and all rows for codes 3.13, 3.2, 3.21, 3.22, 30.11, 30.12, and 30.21, were never captured (a scroll/screenshot gap between images). These are marked with DATA_GAP:true and a note field rather than filled with guessed values. Given the density and volume of this table (~365 data rows), spot-checking a sample against the original source CSV (lookupTables/Component/tblBoring.csv) is recommended before using this for production costing decisions.",182,511,273,966,Bore,"Sandvik Duobore, inserts pC14-C21",8.2,220,Brinell,101.0,0.4,9.5,101,606.0,1.05,0.08,1580,15,25.6,2.0,,
USA reference export,Lookup Table,Machining > Lookup Tables,tblBoring,lookupTables/Component/tblBoring.csv,"This table was transcribed from 24 screenshots across two batches. Two genuine gaps exist in the source screenshots themselves (not introduced by this transcription): (1) Corobore 820, material code 20.12, diameter 237.0mm row was never captured. (2) Sandvik Duobore pC14-C21: the 270mm-diameter row for code 3.11, and all rows for codes 3.13, 3.2, 3.21, 3.22, 30.11, 30.12, and 30.21, were never captured (a scroll/screenshot gap between images). These are marked with DATA_GAP:true and a note field rather than filled with guessed values. Given the density and volume of this table (~365 data rows), spot-checking a sample against the original source CSV (lookupTables/Component/tblBoring.csv) is recommended before using this for production costing decisions.",182,511,273,966,Bore,"Sandvik Duobore, inserts pC14-C21",8.2,220,Brinell,270.0,0.4,9.5,101,1080.0,1.4,0.08,1580,15,25.6,2.0,,
USA reference export,Lookup Table,Machining > Lookup Tables,tblBoring,lookupTables/Component/tblBoring.csv,"This table was transcribed from 24 screenshots across two batches. Two genuine gaps exist in the source screenshots themselves (not introduced by this transcription): (1) Corobore 820, material code 20.12, diameter 237.0mm row was never captured. (2) Sandvik Duobore pC14-C21: the 270mm-diameter row for code 3.11, and all rows for codes 3.13, 3.2, 3.21, 3.22, 30.11, 30.12, and 30.21, were never captured (a scroll/screenshot gap between images). These are marked with DATA_GAP:true and a note field rather than filled with guessed values. Given the density and volume of this table (~365 data rows), spot-checking a sample against the original source CSV (lookupTables/Component/tblBoring.csv) is recommended before using this for production costing decisions.",182,511,273,966,Bore,"Sandvik Duobore, inserts pC14-C21",8.3,175,Brinell,25.0,0.8,9.5,116,150.0,0.4063,0.05,1860,15,25.6,2.0,,
USA reference export,Lookup Table,Machining > Lookup Tables,tblBoring,lookupTables/Component/tblBoring.csv,"This table was transcribed from 24 screenshots across two batches. Two genuine gaps exist in the source screenshots themselves (not introduced by this transcription): (1) Corobore 820, material code 20.12, diameter 237.0mm row was never captured. (2) Sandvik Duobore pC14-C21: the 270mm-diameter row for code 3.11, and all rows for codes 3.13, 3.2, 3.21, 3.22, 30.11, 30.12, and 30.21, were never captured (a scroll/screenshot gap between images). These are marked with DATA_GAP:true and a note field rather than filled with guessed values. Given the density and volume of this table (~365 data rows), spot-checking a sample against the original source CSV (lookupTables/Component/tblBoring.csv) is recommended before using this for production costing decisions.",182,511,273,966,Bore,"Sandvik Duobore, inserts pC14-C21",8.3,175,Brinell,37.0,1.2,9.5,116,222.0,0.4375,0.08,1860,15,25.6,2.0,,
USA reference export,Lookup Table,Machining > Lookup Tables,tblBoring,lookupTables/Component/tblBoring.csv,"This table was transcribed from 24 screenshots across two batches. Two genuine gaps exist in the source screenshots themselves (not introduced by this transcription): (1) Corobore 820, material code 20.12, diameter 237.0mm row was never captured. (2) Sandvik Duobore pC14-C21: the 270mm-diameter row for code 3.11, and all rows for codes 3.13, 3.2, 3.21, 3.22, 30.11, 30.12, and 30.21, were never captured (a scroll/screenshot gap between images). These are marked with DATA_GAP:true and a note field rather than filled with guessed values. Given the density and volume of this table (~365 data rows), spot-checking a sample against the original source CSV (lookupTables/Component/tblBoring.csv) is recommended before using this for production costing decisions.",182,511,273,966,Bore,"Sandvik Duobore, inserts pC14-C21",8.3,175,Brinell,46.0,1.2,9.5,116,276.0,0.4625,0.1,1860,15,25.6,2.0,,
USA reference export,Lookup Table,Machining > Lookup Tables,tblBoring,lookupTables/Component/tblBoring.csv,"This table was transcribed from 24 screenshots across two batches. Two genuine gaps exist in the source screenshots themselves (not introduced by this transcription): (1) Corobore 820, material code 20.12, diameter 237.0mm row was never captured. (2) Sandvik Duobore pC14-C21: the 270mm-diameter row for code 3.11, and all rows for codes 3.13, 3.2, 3.21, 3.22, 30.11, 30.12, and 30.21, were never captured (a scroll/screenshot gap between images). These are marked with DATA_GAP:true and a note field rather than filled with guessed values. Given the density and volume of this table (~365 data rows), spot-checking a sample against the original source CSV (lookupTables/Component/tblBoring.csv) is recommended before using this for production costing decisions.",182,511,273,966,Bore,"Sandvik Duobore, inserts pC14-C21",8.3,175,Brinell,55.0,0.4,9.5,116,220.0,0.5,0.1,1860,15,25.6,2.0,,
USA reference export,Lookup Table,Machining > Lookup Tables,tblBoring,lookupTables/Component/tblBoring.csv,"This table was transcribed from 24 screenshots across two batches. Two genuine gaps exist in the source screenshots themselves (not introduced by this transcription): (1) Corobore 820, material code 20.12, diameter 237.0mm row was never captured. (2) Sandvik Duobore pC14-C21: the 270mm-diameter row for code 3.11, and all rows for codes 3.13, 3.2, 3.21, 3.22, 30.11, 30.12, and 30.21, were never captured (a scroll/screenshot gap between images). These are marked with DATA_GAP:true and a note field rather than filled with guessed values. Given the density and volume of this table (~365 data rows), spot-checking a sample against the original source CSV (lookupTables/Component/tblBoring.csv) is recommended before using this for production costing decisions.",182,511,273,966,Bore,"Sandvik Duobore, inserts pC14-C21",8.3,175,Brinell,101.0,0.4,9.5,116,606.0,0.75,0.08,1860,15,25.6,2.0,,
USA reference export,Lookup Table,Machining > Lookup Tables,tblBoring,lookupTables/Component/tblBoring.csv,"This table was transcribed from 24 screenshots across two batches. Two genuine gaps exist in the source screenshots themselves (not introduced by this transcription): (1) Corobore 820, material code 20.12, diameter 237.0mm row was never captured. (2) Sandvik Duobore pC14-C21: the 270mm-diameter row for code 3.11, and all rows for codes 3.13, 3.2, 3.21, 3.22, 30.11, 30.12, and 30.21, were never captured (a scroll/screenshot gap between images). These are marked with DATA_GAP:true and a note field rather than filled with guessed values. Given the density and volume of this table (~365 data rows), spot-checking a sample against the original source CSV (lookupTables/Component/tblBoring.csv) is recommended before using this for production costing decisions.",182,511,273,966,Bore,"Sandvik Duobore, inserts pC14-C21",8.3,175,Brinell,270.0,0.4,9.5,116,1080.0,1.0,0.08,1860,15,25.6,2.0,,
USA reference export,Lookup Table,Machining > Lookup Tables,tblBoring,lookupTables/Component/tblBoring.csv,"This table was transcribed from 24 screenshots across two batches. Two genuine gaps exist in the source screenshots themselves (not introduced by this transcription): (1) Corobore 820, material code 20.12, diameter 237.0mm row was never captured. (2) Sandvik Duobore pC14-C21: the 270mm-diameter row for code 3.11, and all rows for codes 3.13, 3.2, 3.21, 3.22, 30.11, 30.12, and 30.21, were never captured (a scroll/screenshot gap between images). These are marked with DATA_GAP:true and a note field rather than filled with guessed values. Given the density and volume of this table (~365 data rows), spot-checking a sample against the original source CSV (lookupTables/Component/tblBoring.csv) is recommended before using this for production costing decisions.",182,511,273,966,Bore,"Sandvik Duobore, inserts pC14-C21",9.1,160,Brinell,25.0,0.8,9.5,94,150.0,0.5687,0.05,1300,15,25.6,2.0,,
USA reference export,Lookup Table,Machining > Lookup Tables,tblBoring,lookupTables/Component/tblBoring.csv,"This table was transcribed from 24 screenshots across two batches. Two genuine gaps exist in the source screenshots themselves (not introduced by this transcription): (1) Corobore 820, material code 20.12, diameter 237.0mm row was never captured. (2) Sandvik Duobore pC14-C21: the 270mm-diameter row for code 3.11, and all rows for codes 3.13, 3.2, 3.21, 3.22, 30.11, 30.12, and 30.21, were never captured (a scroll/screenshot gap between images). These are marked with DATA_GAP:true and a note field rather than filled with guessed values. Given the density and volume of this table (~365 data rows), spot-checking a sample against the original source CSV (lookupTables/Component/tblBoring.csv) is recommended before using this for production costing decisions.",182,511,273,966,Bore,"Sandvik Duobore, inserts pC14-C21",9.1,160,Brinell,37.0,1.2,9.5,94,222.0,0.6125,0.08,1300,15,25.6,2.0,,
USA reference export,Lookup Table,Machining > Lookup Tables,tblBoring,lookupTables/Component/tblBoring.csv,"This table was transcribed from 24 screenshots across two batches. Two genuine gaps exist in the source screenshots themselves (not introduced by this transcription): (1) Corobore 820, material code 20.12, diameter 237.0mm row was never captured. (2) Sandvik Duobore pC14-C21: the 270mm-diameter row for code 3.11, and all rows for codes 3.13, 3.2, 3.21, 3.22, 30.11, 30.12, and 30.21, were never captured (a scroll/screenshot gap between images). These are marked with DATA_GAP:true and a note field rather than filled with guessed values. Given the density and volume of this table (~365 data rows), spot-checking a sample against the original source CSV (lookupTables/Component/tblBoring.csv) is recommended before using this for production costing decisions.",182,511,273,966,Bore,"Sandvik Duobore, inserts pC14-C21",9.1,160,Brinell,46.0,1.2,9.5,94,276.0,0.6475,0.1,1300,15,25.6,2.0,,
USA reference export,Lookup Table,Machining > Lookup Tables,tblBoring,lookupTables/Component/tblBoring.csv,"This table was transcribed from 24 screenshots across two batches. Two genuine gaps exist in the source screenshots themselves (not introduced by this transcription): (1) Corobore 820, material code 20.12, diameter 237.0mm row was never captured. (2) Sandvik Duobore pC14-C21: the 270mm-diameter row for code 3.11, and all rows for codes 3.13, 3.2, 3.21, 3.22, 30.11, 30.12, and 30.21, were never captured (a scroll/screenshot gap between images). These are marked with DATA_GAP:true and a note field rather than filled with guessed values. Given the density and volume of this table (~365 data rows), spot-checking a sample against the original source CSV (lookupTables/Component/tblBoring.csv) is recommended before using this for production costing decisions.",182,511,273,966,Bore,"Sandvik Duobore, inserts pC14-C21",9.1,160,Brinell,55.0,0.4,9.5,94,220.0,0.7,0.1,1300,15,25.6,2.0,,
USA reference export,Lookup Table,Machining > Lookup Tables,tblBoring,lookupTables/Component/tblBoring.csv,"This table was transcribed from 24 screenshots across two batches. Two genuine gaps exist in the source screenshots themselves (not introduced by this transcription): (1) Corobore 820, material code 20.12, diameter 237.0mm row was never captured. (2) Sandvik Duobore pC14-C21: the 270mm-diameter row for code 3.11, and all rows for codes 3.13, 3.2, 3.21, 3.22, 30.11, 30.12, and 30.21, were never captured (a scroll/screenshot gap between images). These are marked with DATA_GAP:true and a note field rather than filled with guessed values. Given the density and volume of this table (~365 data rows), spot-checking a sample against the original source CSV (lookupTables/Component/tblBoring.csv) is recommended before using this for production costing decisions.",182,511,273,966,Bore,"Sandvik Duobore, inserts pC14-C21",9.1,160,Brinell,101.0,0.4,9.5,94,606.0,1.05,0.08,1300,15,25.6,2.0,,
USA reference export,Lookup Table,Machining > Lookup Tables,tblBoring,lookupTables/Component/tblBoring.csv,"This table was transcribed from 24 screenshots across two batches. Two genuine gaps exist in the source screenshots themselves (not introduced by this transcription): (1) Corobore 820, material code 20.12, diameter 237.0mm row was never captured. (2) Sandvik Duobore pC14-C21: the 270mm-diameter row for code 3.11, and all rows for codes 3.13, 3.2, 3.21, 3.22, 30.11, 30.12, and 30.21, were never captured (a scroll/screenshot gap between images). These are marked with DATA_GAP:true and a note field rather than filled with guessed values. Given the density and volume of this table (~365 data rows), spot-checking a sample against the original source CSV (lookupTables/Component/tblBoring.csv) is recommended before using this for production costing decisions.",182,511,273,966,Bore,"Sandvik Duobore, inserts pC14-C21",9.1,160,Brinell,270.0,0.4,9.5,94,1080.0,1.4,0.08,1300,15,25.6,2.0,,
USA reference export,Lookup Table,Machining > Lookup Tables,tblBoring,lookupTables/Component/tblBoring.csv,"This table was transcribed from 24 screenshots across two batches. Two genuine gaps exist in the source screenshots themselves (not introduced by this transcription): (1) Corobore 820, material code 20.12, diameter 237.0mm row was never captured. (2) Sandvik Duobore pC14-C21: the 270mm-diameter row for code 3.11, and all rows for codes 3.13, 3.2, 3.21, 3.22, 30.11, 30.12, and 30.21, were never captured (a scroll/screenshot gap between images). These are marked with DATA_GAP:true and a note field rather than filled with guessed values. Given the density and volume of this table (~365 data rows), spot-checking a sample against the original source CSV (lookupTables/Component/tblBoring.csv) is recommended before using this for production costing decisions.",182,511,273,966,Bore,"Sandvik Duobore, inserts pC14-C21",9.2,250,Brinell,25.0,0.8,9.5,89,150.0,0.5687,0.05,1940,15,25.6,2.0,,
USA reference export,Lookup Table,Machining > Lookup Tables,tblBoring,lookupTables/Component/tblBoring.csv,"This table was transcribed from 24 screenshots across two batches. Two genuine gaps exist in the source screenshots themselves (not introduced by this transcription): (1) Corobore 820, material code 20.12, diameter 237.0mm row was never captured. (2) Sandvik Duobore pC14-C21: the 270mm-diameter row for code 3.11, and all rows for codes 3.13, 3.2, 3.21, 3.22, 30.11, 30.12, and 30.21, were never captured (a scroll/screenshot gap between images). These are marked with DATA_GAP:true and a note field rather than filled with guessed values. Given the density and volume of this table (~365 data rows), spot-checking a sample against the original source CSV (lookupTables/Component/tblBoring.csv) is recommended before using this for production costing decisions.",182,511,273,966,Bore,"Sandvik Duobore, inserts pC14-C21",9.2,250,Brinell,37.0,1.2,9.5,89,222.0,0.6125,0.08,1940,15,25.6,2.0,,
USA reference export,Lookup Table,Machining > Lookup Tables,tblBoring,lookupTables/Component/tblBoring.csv,"This table was transcribed from 24 screenshots across two batches. Two genuine gaps exist in the source screenshots themselves (not introduced by this transcription): (1) Corobore 820, material code 20.12, diameter 237.0mm row was never captured. (2) Sandvik Duobore pC14-C21: the 270mm-diameter row for code 3.11, and all rows for codes 3.13, 3.2, 3.21, 3.22, 30.11, 30.12, and 30.21, were never captured (a scroll/screenshot gap between images). These are marked with DATA_GAP:true and a note field rather than filled with guessed values. Given the density and volume of this table (~365 data rows), spot-checking a sample against the original source CSV (lookupTables/Component/tblBoring.csv) is recommended before using this for production costing decisions.",182,511,273,966,Bore,"Sandvik Duobore, inserts pC14-C21",9.2,250,Brinell,46.0,1.2,9.5,89,276.0,0.6475,0.1,1940,15,25.6,2.0,,
USA reference export,Lookup Table,Machining > Lookup Tables,tblBoring,lookupTables/Component/tblBoring.csv,"This table was transcribed from 24 screenshots across two batches. Two genuine gaps exist in the source screenshots themselves (not introduced by this transcription): (1) Corobore 820, material code 20.12, diameter 237.0mm row was never captured. (2) Sandvik Duobore pC14-C21: the 270mm-diameter row for code 3.11, and all rows for codes 3.13, 3.2, 3.21, 3.22, 30.11, 30.12, and 30.21, were never captured (a scroll/screenshot gap between images). These are marked with DATA_GAP:true and a note field rather than filled with guessed values. Given the density and volume of this table (~365 data rows), spot-checking a sample against the original source CSV (lookupTables/Component/tblBoring.csv) is recommended before using this for production costing decisions.",182,511,273,966,Bore,"Sandvik Duobore, inserts pC14-C21",9.2,250,Brinell,55.0,0.4,9.5,89,220.0,0.7,0.1,1940,15,25.6,2.0,,
USA reference export,Lookup Table,Machining > Lookup Tables,tblBoring,lookupTables/Component/tblBoring.csv,"This table was transcribed from 24 screenshots across two batches. Two genuine gaps exist in the source screenshots themselves (not introduced by this transcription): (1) Corobore 820, material code 20.12, diameter 237.0mm row was never captured. (2) Sandvik Duobore pC14-C21: the 270mm-diameter row for code 3.11, and all rows for codes 3.13, 3.2, 3.21, 3.22, 30.11, 30.12, and 30.21, were never captured (a scroll/screenshot gap between images). These are marked with DATA_GAP:true and a note field rather than filled with guessed values. Given the density and volume of this table (~365 data rows), spot-checking a sample against the original source CSV (lookupTables/Component/tblBoring.csv) is recommended before using this for production costing decisions.",182,511,273,966,Bore,"Sandvik Duobore, inserts pC14-C21",9.2,250,Brinell,101.0,0.4,9.5,89,606.0,1.05,0.08,1940,15,25.6,2.0,,
USA reference export,Lookup Table,Machining > Lookup Tables,tblBoring,lookupTables/Component/tblBoring.csv,"This table was transcribed from 24 screenshots across two batches. Two genuine gaps exist in the source screenshots themselves (not introduced by this transcription): (1) Corobore 820, material code 20.12, diameter 237.0mm row was never captured. (2) Sandvik Duobore pC14-C21: the 270mm-diameter row for code 3.11, and all rows for codes 3.13, 3.2, 3.21, 3.22, 30.11, 30.12, and 30.21, were never captured (a scroll/screenshot gap between images). These are marked with DATA_GAP:true and a note field rather than filled with guessed values. Given the density and volume of this table (~365 data rows), spot-checking a sample against the original source CSV (lookupTables/Component/tblBoring.csv) is recommended before using this for production costing decisions.",182,511,273,966,Bore,"Sandvik Duobore, inserts pC14-C21",9.2,250,Brinell,270.0,0.4,9.5,89,1080.0,1.4,0.08,1940,15,25.6,2.0,,
USA reference export,Lookup Table,Machining > Lookup Tables,tblBoring,lookupTables/Component/tblBoring.csv,"This table was transcribed from 24 screenshots across two batches. Two genuine gaps exist in the source screenshots themselves (not introduced by this transcription): (1) Corobore 820, material code 20.12, diameter 237.0mm row was never captured. (2) Sandvik Duobore pC14-C21: the 270mm-diameter row for code 3.11, and all rows for codes 3.13, 3.2, 3.21, 3.22, 30.11, 30.12, and 30.21, were never captured (a scroll/screenshot gap between images). These are marked with DATA_GAP:true and a note field rather than filled with guessed values. Given the density and volume of this table (~365 data rows), spot-checking a sample against the original source CSV (lookupTables/Component/tblBoring.csv) is recommended before using this for production costing decisions.",182,511,273,966,Bore,"Sandvik Duobore, inserts pC14-C21",9.3,330,Brinell,25.0,0.8,9.5,67,150.0,0.4063,0.05,2700,15,25.6,2.0,,
USA reference export,Lookup Table,Machining > Lookup Tables,tblBoring,lookupTables/Component/tblBoring.csv,"This table was transcribed from 24 screenshots across two batches. Two genuine gaps exist in the source screenshots themselves (not introduced by this transcription): (1) Corobore 820, material code 20.12, diameter 237.0mm row was never captured. (2) Sandvik Duobore pC14-C21: the 270mm-diameter row for code 3.11, and all rows for codes 3.13, 3.2, 3.21, 3.22, 30.11, 30.12, and 30.21, were never captured (a scroll/screenshot gap between images). These are marked with DATA_GAP:true and a note field rather than filled with guessed values. Given the density and volume of this table (~365 data rows), spot-checking a sample against the original source CSV (lookupTables/Component/tblBoring.csv) is recommended before using this for production costing decisions.",182,511,273,966,Bore,"Sandvik Duobore, inserts pC14-C21",9.3,330,Brinell,37.0,1.2,9.5,67,222.0,0.4375,0.08,2700,15,25.6,2.0,,
USA reference export,Lookup Table,Machining > Lookup Tables,tblBoring,lookupTables/Component/tblBoring.csv,"This table was transcribed from 24 screenshots across two batches. Two genuine gaps exist in the source screenshots themselves (not introduced by this transcription): (1) Corobore 820, material code 20.12, diameter 237.0mm row was never captured. (2) Sandvik Duobore pC14-C21: the 270mm-diameter row for code 3.11, and all rows for codes 3.13, 3.2, 3.21, 3.22, 30.11, 30.12, and 30.21, were never captured (a scroll/screenshot gap between images). These are marked with DATA_GAP:true and a note field rather than filled with guessed values. Given the density and volume of this table (~365 data rows), spot-checking a sample against the original source CSV (lookupTables/Component/tblBoring.csv) is recommended before using this for production costing decisions.",182,511,273,966,Bore,"Sandvik Duobore, inserts pC14-C21",9.3,330,Brinell,46.0,1.2,9.5,67,276.0,0.4625,0.1,2700,15,25.6,2.0,,
USA reference export,Lookup Table,Machining > Lookup Tables,tblBoring,lookupTables/Component/tblBoring.csv,"This table was transcribed from 24 screenshots across two batches. Two genuine gaps exist in the source screenshots themselves (not introduced by this transcription): (1) Corobore 820, material code 20.12, diameter 237.0mm row was never captured. (2) Sandvik Duobore pC14-C21: the 270mm-diameter row for code 3.11, and all rows for codes 3.13, 3.2, 3.21, 3.22, 30.11, 30.12, and 30.21, were never captured (a scroll/screenshot gap between images). These are marked with DATA_GAP:true and a note field rather than filled with guessed values. Given the density and volume of this table (~365 data rows), spot-checking a sample against the original source CSV (lookupTables/Component/tblBoring.csv) is recommended before using this for production costing decisions.",182,511,273,966,Bore,"Sandvik Duobore, inserts pC14-C21",9.3,330,Brinell,55.0,0.4,9.5,67,220.0,0.5,0.1,2700,15,25.6,2.0,,
USA reference export,Lookup Table,Machining > Lookup Tables,tblBoring,lookupTables/Component/tblBoring.csv,"This table was transcribed from 24 screenshots across two batches. Two genuine gaps exist in the source screenshots themselves (not introduced by this transcription): (1) Corobore 820, material code 20.12, diameter 237.0mm row was never captured. (2) Sandvik Duobore pC14-C21: the 270mm-diameter row for code 3.11, and all rows for codes 3.13, 3.2, 3.21, 3.22, 30.11, 30.12, and 30.21, were never captured (a scroll/screenshot gap between images). These are marked with DATA_GAP:true and a note field rather than filled with guessed values. Given the density and volume of this table (~365 data rows), spot-checking a sample against the original source CSV (lookupTables/Component/tblBoring.csv) is recommended before using this for production costing decisions.",182,511,273,966,Bore,"Sandvik Duobore, inserts pC14-C21",9.3,330,Brinell,101.0,0.4,9.5,67,606.0,0.75,0.08,2700,15,25.6,2.0,,
USA reference export,Lookup Table,Machining > Lookup Tables,tblBoring,lookupTables/Component/tblBoring.csv,"This table was transcribed from 24 screenshots across two batches. Two genuine gaps exist in the source screenshots themselves (not introduced by this transcription): (1) Corobore 820, material code 20.12, diameter 237.0mm row was never captured. (2) Sandvik Duobore pC14-C21: the 270mm-diameter row for code 3.11, and all rows for codes 3.13, 3.2, 3.21, 3.22, 30.11, 30.12, and 30.21, were never captured (a scroll/screenshot gap between images). These are marked with DATA_GAP:true and a note field rather than filled with guessed values. Given the density and volume of this table (~365 data rows), spot-checking a sample against the original source CSV (lookupTables/Component/tblBoring.csv) is recommended before using this for production costing decisions.",182,511,273,966,Bore,"Sandvik Duobore, inserts pC14-C21",9.3,330,Brinell,270.0,0.4,9.5,67,1080.0,1.0,0.08,2700,15,25.6,2.0,,
USA reference export,Lookup Table,Machining > Lookup Tables,tblBoring,lookupTables/Component/tblBoring.csv,"This table was transcribed from 24 screenshots across two batches. Two genuine gaps exist in the source screenshots themselves (not introduced by this transcription): (1) Corobore 820, material code 20.12, diameter 237.0mm row was never captured. (2) Sandvik Duobore pC14-C21: the 270mm-diameter row for code 3.11, and all rows for codes 3.13, 3.2, 3.21, 3.22, 30.11, 30.12, and 30.21, were never captured (a scroll/screenshot gap between images). These are marked with DATA_GAP:true and a note field rather than filled with guessed values. Given the density and volume of this table (~365 data rows), spot-checking a sample against the original source CSV (lookupTables/Component/tblBoring.csv) is recommended before using this for production costing decisions.",182,511,273,966,Bore,"Sandvik Duobore, inserts pC14-C21",3.13,,,,,,,,,,,,,,True,This entire material cut code (all 6 diameter rows) was not captured in any provided screenshot - there is a gap in the screenshot sequence between the two batches. Not fabricated - verify against source CSV.
USA reference export,Lookup Table,Machining > Lookup Tables,tblBoring,lookupTables/Component/tblBoring.csv,"This table was transcribed from 24 screenshots across two batches. Two genuine gaps exist in the source screenshots themselves (not introduced by this transcription): (1) Corobore 820, material code 20.12, diameter 237.0mm row was never captured. (2) Sandvik Duobore pC14-C21: the 270mm-diameter row for code 3.11, and all rows for codes 3.13, 3.2, 3.21, 3.22, 30.11, 30.12, and 30.21, were never captured (a scroll/screenshot gap between images). These are marked with DATA_GAP:true and a note field rather than filled with guessed values. Given the density and volume of this table (~365 data rows), spot-checking a sample against the original source CSV (lookupTables/Component/tblBoring.csv) is recommended before using this for production costing decisions.",182,511,273,966,Bore,"Sandvik Duobore, inserts pC14-C21",3.2,,,,,,,,,,,,,,True,This entire material cut code (all 6 diameter rows) was not captured in any provided screenshot - there is a gap in the screenshot sequence between the two batches. Not fabricated - verify against source CSV.
USA reference export,Lookup Table,Machining > Lookup Tables,tblBoring,lookupTables/Component/tblBoring.csv,"This table was transcribed from 24 screenshots across two batches. Two genuine gaps exist in the source screenshots themselves (not introduced by this transcription): (1) Corobore 820, material code 20.12, diameter 237.0mm row was never captured. (2) Sandvik Duobore pC14-C21: the 270mm-diameter row for code 3.11, and all rows for codes 3.13, 3.2, 3.21, 3.22, 30.11, 30.12, and 30.21, were never captured (a scroll/screenshot gap between images). These are marked with DATA_GAP:true and a note field rather than filled with guessed values. Given the density and volume of this table (~365 data rows), spot-checking a sample against the original source CSV (lookupTables/Component/tblBoring.csv) is recommended before using this for production costing decisions.",182,511,273,966,Bore,"Sandvik Duobore, inserts pC14-C21",3.21,,,,,,,,,,,,,,True,This entire material cut code (all 6 diameter rows) was not captured in any provided screenshot - there is a gap in the screenshot sequence between the two batches. Not fabricated - verify against source CSV.
USA reference export,Lookup Table,Machining > Lookup Tables,tblBoring,lookupTables/Component/tblBoring.csv,"This table was transcribed from 24 screenshots across two batches. Two genuine gaps exist in the source screenshots themselves (not introduced by this transcription): (1) Corobore 820, material code 20.12, diameter 237.0mm row was never captured. (2) Sandvik Duobore pC14-C21: the 270mm-diameter row for code 3.11, and all rows for codes 3.13, 3.2, 3.21, 3.22, 30.11, 30.12, and 30.21, were never captured (a scroll/screenshot gap between images). These are marked with DATA_GAP:true and a note field rather than filled with guessed values. Given the density and volume of this table (~365 data rows), spot-checking a sample against the original source CSV (lookupTables/Component/tblBoring.csv) is recommended before using this for production costing decisions.",182,511,273,966,Bore,"Sandvik Duobore, inserts pC14-C21",3.22,,,,,,,,,,,,,,True,This entire material cut code (all 6 diameter rows) was not captured in any provided screenshot - there is a gap in the screenshot sequence between the two batches. Not fabricated - verify against source CSV.
USA reference export,Lookup Table,Machining > Lookup Tables,tblBoring,lookupTables/Component/tblBoring.csv,"This table was transcribed from 24 screenshots across two batches. Two genuine gaps exist in the source screenshots themselves (not introduced by this transcription): (1) Corobore 820, material code 20.12, diameter 237.0mm row was never captured. (2) Sandvik Duobore pC14-C21: the 270mm-diameter row for code 3.11, and all rows for codes 3.13, 3.2, 3.21, 3.22, 30.11, 30.12, and 30.21, were never captured (a scroll/screenshot gap between images). These are marked with DATA_GAP:true and a note field rather than filled with guessed values. Given the density and volume of this table (~365 data rows), spot-checking a sample against the original source CSV (lookupTables/Component/tblBoring.csv) is recommended before using this for production costing decisions.",182,511,273,966,Bore,"Sandvik Duobore, inserts pC14-C21",30.11,,,,,,,,,,,,,,True,This entire material cut code (all 6 diameter rows) was not captured in any provided screenshot - there is a gap in the screenshot sequence between the two batches. Not fabricated - verify against source CSV.
USA reference export,Lookup Table,Machining > Lookup Tables,tblBoring,lookupTables/Component/tblBoring.csv,"This table was transcribed from 24 screenshots across two batches. Two genuine gaps exist in the source screenshots themselves (not introduced by this transcription): (1) Corobore 820, material code 20.12, diameter 237.0mm row was never captured. (2) Sandvik Duobore pC14-C21: the 270mm-diameter row for code 3.11, and all rows for codes 3.13, 3.2, 3.21, 3.22, 30.11, 30.12, and 30.21, were never captured (a scroll/screenshot gap between images). These are marked with DATA_GAP:true and a note field rather than filled with guessed values. Given the density and volume of this table (~365 data rows), spot-checking a sample against the original source CSV (lookupTables/Component/tblBoring.csv) is recommended before using this for production costing decisions.",182,511,273,966,Bore,"Sandvik Duobore, inserts pC14-C21",30.12,,,,,,,,,,,,,,True,This entire material cut code (all 6 diameter rows) was not captured in any provided screenshot - there is a gap in the screenshot sequence between the two batches. Not fabricated - verify against source CSV.
USA reference export,Lookup Table,Machining > Lookup Tables,tblBoring,lookupTables/Component/tblBoring.csv,"This table was transcribed from 24 screenshots across two batches. Two genuine gaps exist in the source screenshots themselves (not introduced by this transcription): (1) Corobore 820, material code 20.12, diameter 237.0mm row was never captured. (2) Sandvik Duobore pC14-C21: the 270mm-diameter row for code 3.11, and all rows for codes 3.13, 3.2, 3.21, 3.22, 30.11, 30.12, and 30.21, were never captured (a scroll/screenshot gap between images). These are marked with DATA_GAP:true and a note field rather than filled with guessed values. Given the density and volume of this table (~365 data rows), spot-checking a sample against the original source CSV (lookupTables/Component/tblBoring.csv) is recommended before using this for production costing decisions.",182,511,273,966,Bore,"Sandvik Duobore, inserts pC14-C21",30.21,,,,,,,,,,,,,,True,This entire material cut code (all 6 diameter rows) was not captured in any provided screenshot - there is a gap in the screenshot sequence between the two batches. Not fabricated - verify against source CSV.
USA reference export,Lookup Table,Machining > Lookup Tables,tblBoring,lookupTables/Component/tblBoring.csv,"This table was transcribed from 24 screenshots across two batches. Two genuine gaps exist in the source screenshots themselves (not introduced by this transcription): (1) Corobore 820, material code 20.12, diameter 237.0mm row was never captured. (2) Sandvik Duobore pC14-C21: the 270mm-diameter row for code 3.11, and all rows for codes 3.13, 3.2, 3.21, 3.22, 30.11, 30.12, and 30.21, were never captured (a scroll/screenshot gap between images). These are marked with DATA_GAP:true and a note field rather than filled with guessed values. Given the density and volume of this table (~365 data rows), spot-checking a sample against the original source CSV (lookupTables/Component/tblBoring.csv) is recommended before using this for production costing decisions.",182,511,273,966,Bore,"Sandvik Fine Boring, inserts pC31",1.0,125,Brinell,25.0,0.4,6.35,215,87.5,0.4,0.05,2000,15,12.8,1.0,,
USA reference export,Lookup Table,Machining > Lookup Tables,tblBoring,lookupTables/Component/tblBoring.csv,"This table was transcribed from 24 screenshots across two batches. Two genuine gaps exist in the source screenshots themselves (not introduced by this transcription): (1) Corobore 820, material code 20.12, diameter 237.0mm row was never captured. (2) Sandvik Duobore pC14-C21: the 270mm-diameter row for code 3.11, and all rows for codes 3.13, 3.2, 3.21, 3.22, 30.11, 30.12, and 30.21, were never captured (a scroll/screenshot gap between images). These are marked with DATA_GAP:true and a note field rather than filled with guessed values. Given the density and volume of this table (~365 data rows), spot-checking a sample against the original source CSV (lookupTables/Component/tblBoring.csv) is recommended before using this for production costing decisions.",182,511,273,966,Bore,"Sandvik Fine Boring, inserts pC31",1.0,125,Brinell,49.5,0.4,6.35,215,173.3,0.6,0.05,2000,15,12.8,1.0,,
USA reference export,Lookup Table,Machining > Lookup Tables,tblBoring,lookupTables/Component/tblBoring.csv,"This table was transcribed from 24 screenshots across two batches. Two genuine gaps exist in the source screenshots themselves (not introduced by this transcription): (1) Corobore 820, material code 20.12, diameter 237.0mm row was never captured. (2) Sandvik Duobore pC14-C21: the 270mm-diameter row for code 3.11, and all rows for codes 3.13, 3.2, 3.21, 3.22, 30.11, 30.12, and 30.21, were never captured (a scroll/screenshot gap between images). These are marked with DATA_GAP:true and a note field rather than filled with guessed values. Given the density and volume of this table (~365 data rows), spot-checking a sample against the original source CSV (lookupTables/Component/tblBoring.csv) is recommended before using this for production costing decisions.",182,511,273,966,Bore,"Sandvik Fine Boring, inserts pC31",1.0,125,Brinell,103.5,0.4,6.35,215,362.3,0.8,0.08,2000,15,12.8,1.0,,
USA reference export,Lookup Table,Machining > Lookup Tables,tblBoring,lookupTables/Component/tblBoring.csv,"This table was transcribed from 24 screenshots across two batches. Two genuine gaps exist in the source screenshots themselves (not introduced by this transcription): (1) Corobore 820, material code 20.12, diameter 237.0mm row was never captured. (2) Sandvik Duobore pC14-C21: the 270mm-diameter row for code 3.11, and all rows for codes 3.13, 3.2, 3.21, 3.22, 30.11, 30.12, and 30.21, were never captured (a scroll/screenshot gap between images). These are marked with DATA_GAP:true and a note field rather than filled with guessed values. Given the density and volume of this table (~365 data rows), spot-checking a sample against the original source CSV (lookupTables/Component/tblBoring.csv) is recommended before using this for production costing decisions.",182,511,273,966,Bore,"Sandvik Fine Boring, inserts pC31",1.1,125,Brinell,25.0,0.4,6.35,200,87.5,0.4,0.05,2000,15,12.8,1.0,,
USA reference export,Lookup Table,Machining > Lookup Tables,tblBoring,lookupTables/Component/tblBoring.csv,"This table was transcribed from 24 screenshots across two batches. Two genuine gaps exist in the source screenshots themselves (not introduced by this transcription): (1) Corobore 820, material code 20.12, diameter 237.0mm row was never captured. (2) Sandvik Duobore pC14-C21: the 270mm-diameter row for code 3.11, and all rows for codes 3.13, 3.2, 3.21, 3.22, 30.11, 30.12, and 30.21, were never captured (a scroll/screenshot gap between images). These are marked with DATA_GAP:true and a note field rather than filled with guessed values. Given the density and volume of this table (~365 data rows), spot-checking a sample against the original source CSV (lookupTables/Component/tblBoring.csv) is recommended before using this for production costing decisions.",182,511,273,966,Bore,"Sandvik Fine Boring, inserts pC31",1.1,125,Brinell,49.5,0.4,6.35,200,173.3,0.6,0.05,2000,15,12.8,1.0,,
USA reference export,Lookup Table,Machining > Lookup Tables,tblBoring,lookupTables/Component/tblBoring.csv,"This table was transcribed from 24 screenshots across two batches. Two genuine gaps exist in the source screenshots themselves (not introduced by this transcription): (1) Corobore 820, material code 20.12, diameter 237.0mm row was never captured. (2) Sandvik Duobore pC14-C21: the 270mm-diameter row for code 3.11, and all rows for codes 3.13, 3.2, 3.21, 3.22, 30.11, 30.12, and 30.21, were never captured (a scroll/screenshot gap between images). These are marked with DATA_GAP:true and a note field rather than filled with guessed values. Given the density and volume of this table (~365 data rows), spot-checking a sample against the original source CSV (lookupTables/Component/tblBoring.csv) is recommended before using this for production costing decisions.",182,511,273,966,Bore,"Sandvik Fine Boring, inserts pC31",1.1,125,Brinell,103.5,0.4,6.35,200,362.3,0.8,0.08,2000,15,12.8,1.0,,
USA reference export,Lookup Table,Machining > Lookup Tables,tblBoring,lookupTables/Component/tblBoring.csv,"This table was transcribed from 24 screenshots across two batches. Two genuine gaps exist in the source screenshots themselves (not introduced by this transcription): (1) Corobore 820, material code 20.12, diameter 237.0mm row was never captured. (2) Sandvik Duobore pC14-C21: the 270mm-diameter row for code 3.11, and all rows for codes 3.13, 3.2, 3.21, 3.22, 30.11, 30.12, and 30.21, were never captured (a scroll/screenshot gap between images). These are marked with DATA_GAP:true and a note field rather than filled with guessed values. Given the density and volume of this table (~365 data rows), spot-checking a sample against the original source CSV (lookupTables/Component/tblBoring.csv) is recommended before using this for production costing decisions.",182,511,273,966,Bore,"Sandvik Fine Boring, inserts pC31",1.2,150,Brinell,25.0,0.4,6.35,170,87.5,0.7,0.05,2140,15,12.8,1.0,,
USA reference export,Lookup Table,Machining > Lookup Tables,tblBoring,lookupTables/Component/tblBoring.csv,"This table was transcribed from 24 screenshots across two batches. Two genuine gaps exist in the source screenshots themselves (not introduced by this transcription): (1) Corobore 820, material code 20.12, diameter 237.0mm row was never captured. (2) Sandvik Duobore pC14-C21: the 270mm-diameter row for code 3.11, and all rows for codes 3.13, 3.2, 3.21, 3.22, 30.11, 30.12, and 30.21, were never captured (a scroll/screenshot gap between images). These are marked with DATA_GAP:true and a note field rather than filled with guessed values. Given the density and volume of this table (~365 data rows), spot-checking a sample against the original source CSV (lookupTables/Component/tblBoring.csv) is recommended before using this for production costing decisions.",182,511,273,966,Bore,"Sandvik Fine Boring, inserts pC31",1.2,150,Brinell,49.5,0.4,6.35,170,173.3,1.05,0.05,2140,15,12.8,1.0,,
USA reference export,Lookup Table,Machining > Lookup Tables,tblBoring,lookupTables/Component/tblBoring.csv,"This table was transcribed from 24 screenshots across two batches. Two genuine gaps exist in the source screenshots themselves (not introduced by this transcription): (1) Corobore 820, material code 20.12, diameter 237.0mm row was never captured. (2) Sandvik Duobore pC14-C21: the 270mm-diameter row for code 3.11, and all rows for codes 3.13, 3.2, 3.21, 3.22, 30.11, 30.12, and 30.21, were never captured (a scroll/screenshot gap between images). These are marked with DATA_GAP:true and a note field rather than filled with guessed values. Given the density and volume of this table (~365 data rows), spot-checking a sample against the original source CSV (lookupTables/Component/tblBoring.csv) is recommended before using this for production costing decisions.",182,511,273,966,Bore,"Sandvik Fine Boring, inserts pC31",1.2,150,Brinell,103.5,0.4,6.35,170,362.3,1.4,0.08,2140,15,12.8,1.0,,
USA reference export,Lookup Table,Machining > Lookup Tables,tblBoring,lookupTables/Component/tblBoring.csv,"This table was transcribed from 24 screenshots across two batches. Two genuine gaps exist in the source screenshots themselves (not introduced by this transcription): (1) Corobore 820, material code 20.12, diameter 237.0mm row was never captured. (2) Sandvik Duobore pC14-C21: the 270mm-diameter row for code 3.11, and all rows for codes 3.13, 3.2, 3.21, 3.22, 30.11, 30.12, and 30.21, were never captured (a scroll/screenshot gap between images). These are marked with DATA_GAP:true and a note field rather than filled with guessed values. Given the density and volume of this table (~365 data rows), spot-checking a sample against the original source CSV (lookupTables/Component/tblBoring.csv) is recommended before using this for production costing decisions.",182,511,273,966,Bore,"Sandvik Fine Boring, inserts pC31",1.3,170,Brinell,25.0,0.4,6.35,156,87.5,0.7,0.05,2280,15,12.8,1.0,,
USA reference export,Lookup Table,Machining > Lookup Tables,tblBoring,lookupTables/Component/tblBoring.csv,"This table was transcribed from 24 screenshots across two batches. Two genuine gaps exist in the source screenshots themselves (not introduced by this transcription): (1) Corobore 820, material code 20.12, diameter 237.0mm row was never captured. (2) Sandvik Duobore pC14-C21: the 270mm-diameter row for code 3.11, and all rows for codes 3.13, 3.2, 3.21, 3.22, 30.11, 30.12, and 30.21, were never captured (a scroll/screenshot gap between images). These are marked with DATA_GAP:true and a note field rather than filled with guessed values. Given the density and volume of this table (~365 data rows), spot-checking a sample against the original source CSV (lookupTables/Component/tblBoring.csv) is recommended before using this for production costing decisions.",182,511,273,966,Bore,"Sandvik Fine Boring, inserts pC31",1.3,170,Brinell,49.5,0.4,6.35,156,173.3,1.05,0.05,2280,15,12.8,1.0,,
USA reference export,Lookup Table,Machining > Lookup Tables,tblBoring,lookupTables/Component/tblBoring.csv,"This table was transcribed from 24 screenshots across two batches. Two genuine gaps exist in the source screenshots themselves (not introduced by this transcription): (1) Corobore 820, material code 20.12, diameter 237.0mm row was never captured. (2) Sandvik Duobore pC14-C21: the 270mm-diameter row for code 3.11, and all rows for codes 3.13, 3.2, 3.21, 3.22, 30.11, 30.12, and 30.21, were never captured (a scroll/screenshot gap between images). These are marked with DATA_GAP:true and a note field rather than filled with guessed values. Given the density and volume of this table (~365 data rows), spot-checking a sample against the original source CSV (lookupTables/Component/tblBoring.csv) is recommended before using this for production costing decisions.",182,511,273,966,Bore,"Sandvik Fine Boring, inserts pC31",1.3,170,Brinell,103.5,0.4,6.35,156,362.3,1.4,0.08,2280,15,12.8,1.0,,
USA reference export,Lookup Table,Machining > Lookup Tables,tblBoring,lookupTables/Component/tblBoring.csv,"This table was transcribed from 24 screenshots across two batches. Two genuine gaps exist in the source screenshots themselves (not introduced by this transcription): (1) Corobore 820, material code 20.12, diameter 237.0mm row was never captured. (2) Sandvik Duobore pC14-C21: the 270mm-diameter row for code 3.11, and all rows for codes 3.13, 3.2, 3.21, 3.22, 30.11, 30.12, and 30.21, were never captured (a scroll/screenshot gap between images). These are marked with DATA_GAP:true and a note field rather than filled with guessed values. Given the density and volume of this table (~365 data rows), spot-checking a sample against the original source CSV (lookupTables/Component/tblBoring.csv) is recommended before using this for production costing decisions.",182,511,273,966,Bore,"Sandvik Fine Boring, inserts pC31",1.4,210,Brinell,25.0,0.4,6.35,156,87.5,0.7,0.05,2400,15,12.8,1.0,,
USA reference export,Lookup Table,Machining > Lookup Tables,tblBoring,lookupTables/Component/tblBoring.csv,"This table was transcribed from 24 screenshots across two batches. Two genuine gaps exist in the source screenshots themselves (not introduced by this transcription): (1) Corobore 820, material code 20.12, diameter 237.0mm row was never captured. (2) Sandvik Duobore pC14-C21: the 270mm-diameter row for code 3.11, and all rows for codes 3.13, 3.2, 3.21, 3.22, 30.11, 30.12, and 30.21, were never captured (a scroll/screenshot gap between images). These are marked with DATA_GAP:true and a note field rather than filled with guessed values. Given the density and volume of this table (~365 data rows), spot-checking a sample against the original source CSV (lookupTables/Component/tblBoring.csv) is recommended before using this for production costing decisions.",182,511,273,966,Bore,"Sandvik Fine Boring, inserts pC31",1.4,210,Brinell,49.5,0.4,6.35,156,173.3,1.05,0.05,2400,15,12.8,1.0,,
USA reference export,Lookup Table,Machining > Lookup Tables,tblBoring,lookupTables/Component/tblBoring.csv,"This table was transcribed from 24 screenshots across two batches. Two genuine gaps exist in the source screenshots themselves (not introduced by this transcription): (1) Corobore 820, material code 20.12, diameter 237.0mm row was never captured. (2) Sandvik Duobore pC14-C21: the 270mm-diameter row for code 3.11, and all rows for codes 3.13, 3.2, 3.21, 3.22, 30.11, 30.12, and 30.21, were never captured (a scroll/screenshot gap between images). These are marked with DATA_GAP:true and a note field rather than filled with guessed values. Given the density and volume of this table (~365 data rows), spot-checking a sample against the original source CSV (lookupTables/Component/tblBoring.csv) is recommended before using this for production costing decisions.",182,511,273,966,Bore,"Sandvik Fine Boring, inserts pC31",1.4,210,Brinell,103.5,0.4,6.35,156,362.3,1.4,0.08,2400,15,12.8,1.0,,
USA reference export,Lookup Table,Machining > Lookup Tables,tblBoring,lookupTables/Component/tblBoring.csv,"This table was transcribed from 24 screenshots across two batches. Two genuine gaps exist in the source screenshots themselves (not introduced by this transcription): (1) Corobore 820, material code 20.12, diameter 237.0mm row was never captured. (2) Sandvik Duobore pC14-C21: the 270mm-diameter row for code 3.11, and all rows for codes 3.13, 3.2, 3.21, 3.22, 30.11, 30.12, and 30.21, were never captured (a scroll/screenshot gap between images). These are marked with DATA_GAP:true and a note field rather than filled with guessed values. Given the density and volume of this table (~365 data rows), spot-checking a sample against the original source CSV (lookupTables/Component/tblBoring.csv) is recommended before using this for production costing decisions.",182,511,273,966,Bore,"Sandvik Fine Boring, inserts pC31",1.5,300,Brinell,25.0,0.4,6.35,126,87.5,0.7,0.05,2700,15,12.8,1.0,,
USA reference export,Lookup Table,Machining > Lookup Tables,tblBoring,lookupTables/Component/tblBoring.csv,"This table was transcribed from 24 screenshots across two batches. Two genuine gaps exist in the source screenshots themselves (not introduced by this transcription): (1) Corobore 820, material code 20.12, diameter 237.0mm row was never captured. (2) Sandvik Duobore pC14-C21: the 270mm-diameter row for code 3.11, and all rows for codes 3.13, 3.2, 3.21, 3.22, 30.11, 30.12, and 30.21, were never captured (a scroll/screenshot gap between images). These are marked with DATA_GAP:true and a note field rather than filled with guessed values. Given the density and volume of this table (~365 data rows), spot-checking a sample against the original source CSV (lookupTables/Component/tblBoring.csv) is recommended before using this for production costing decisions.",182,511,273,966,Bore,"Sandvik Fine Boring, inserts pC31",1.5,300,Brinell,49.5,0.4,6.35,126,173.3,1.05,0.05,2700,15,12.8,1.0,,
USA reference export,Lookup Table,Machining > Lookup Tables,tblBoring,lookupTables/Component/tblBoring.csv,"This table was transcribed from 24 screenshots across two batches. Two genuine gaps exist in the source screenshots themselves (not introduced by this transcription): (1) Corobore 820, material code 20.12, diameter 237.0mm row was never captured. (2) Sandvik Duobore pC14-C21: the 270mm-diameter row for code 3.11, and all rows for codes 3.13, 3.2, 3.21, 3.22, 30.11, 30.12, and 30.21, were never captured (a scroll/screenshot gap between images). These are marked with DATA_GAP:true and a note field rather than filled with guessed values. Given the density and volume of this table (~365 data rows), spot-checking a sample against the original source CSV (lookupTables/Component/tblBoring.csv) is recommended before using this for production costing decisions.",182,511,273,966,Bore,"Sandvik Fine Boring, inserts pC31",1.5,300,Brinell,103.5,0.4,6.35,126,362.3,1.4,0.08,2700,15,12.8,1.0,,
USA reference export,Lookup Table,Machining > Lookup Tables,tblBoring,lookupTables/Component/tblBoring.csv,"This table was transcribed from 24 screenshots across two batches. Two genuine gaps exist in the source screenshots themselves (not introduced by this transcription): (1) Corobore 820, material code 20.12, diameter 237.0mm row was never captured. (2) Sandvik Duobore pC14-C21: the 270mm-diameter row for code 3.11, and all rows for codes 3.13, 3.2, 3.21, 3.22, 30.11, 30.12, and 30.21, were never captured (a scroll/screenshot gap between images). These are marked with DATA_GAP:true and a note field rather than filled with guessed values. Given the density and volume of this table (~365 data rows), spot-checking a sample against the original source CSV (lookupTables/Component/tblBoring.csv) is recommended before using this for production costing decisions.",182,511,273,966,Bore,"Sandvik Fine Boring, inserts pC31",10.0,400,Brinell,25.0,0.4,6.35,83,87.5,0.65,0.05,2740,15,12.8,1.0,,
USA reference export,Lookup Table,Machining > Lookup Tables,tblBoring,lookupTables/Component/tblBoring.csv,"This table was transcribed from 24 screenshots across two batches. Two genuine gaps exist in the source screenshots themselves (not introduced by this transcription): (1) Corobore 820, material code 20.12, diameter 237.0mm row was never captured. (2) Sandvik Duobore pC14-C21: the 270mm-diameter row for code 3.11, and all rows for codes 3.13, 3.2, 3.21, 3.22, 30.11, 30.12, and 30.21, were never captured (a scroll/screenshot gap between images). These are marked with DATA_GAP:true and a note field rather than filled with guessed values. Given the density and volume of this table (~365 data rows), spot-checking a sample against the original source CSV (lookupTables/Component/tblBoring.csv) is recommended before using this for production costing decisions.",182,511,273,966,Bore,"Sandvik Fine Boring, inserts pC31",10.0,400,Brinell,49.5,0.4,6.35,83,173.3,0.975,0.05,2740,15,12.8,1.0,,
USA reference export,Lookup Table,Machining > Lookup Tables,tblBoring,lookupTables/Component/tblBoring.csv,"This table was transcribed from 24 screenshots across two batches. Two genuine gaps exist in the source screenshots themselves (not introduced by this transcription): (1) Corobore 820, material code 20.12, diameter 237.0mm row was never captured. (2) Sandvik Duobore pC14-C21: the 270mm-diameter row for code 3.11, and all rows for codes 3.13, 3.2, 3.21, 3.22, 30.11, 30.12, and 30.21, were never captured (a scroll/screenshot gap between images). These are marked with DATA_GAP:true and a note field rather than filled with guessed values. Given the density and volume of this table (~365 data rows), spot-checking a sample against the original source CSV (lookupTables/Component/tblBoring.csv) is recommended before using this for production costing decisions.",182,511,273,966,Bore,"Sandvik Fine Boring, inserts pC31",10.0,400,Brinell,103.5,0.4,6.35,83,362.3,1.3,0.08,2740,15,12.8,1.0,,
USA reference export,Lookup Table,Machining > Lookup Tables,tblBoring,lookupTables/Component/tblBoring.csv,"This table was transcribed from 24 screenshots across two batches. Two genuine gaps exist in the source screenshots themselves (not introduced by this transcription): (1) Corobore 820, material code 20.12, diameter 237.0mm row was never captured. (2) Sandvik Duobore pC14-C21: the 270mm-diameter row for code 3.11, and all rows for codes 3.13, 3.2, 3.21, 3.22, 30.11, 30.12, and 30.21, were never captured (a scroll/screenshot gap between images). These are marked with DATA_GAP:true and a note field rather than filled with guessed values. Given the density and volume of this table (~365 data rows), spot-checking a sample against the original source CSV (lookupTables/Component/tblBoring.csv) is recommended before using this for production costing decisions.",182,511,273,966,Bore,"Sandvik Fine Boring, inserts pC31",10.1,400,Brinell,25.0,0.4,6.35,40,87.5,0.65,0.05,3160,15,12.8,1.0,,
USA reference export,Lookup Table,Machining > Lookup Tables,tblBoring,lookupTables/Component/tblBoring.csv,"This table was transcribed from 24 screenshots across two batches. Two genuine gaps exist in the source screenshots themselves (not introduced by this transcription): (1) Corobore 820, material code 20.12, diameter 237.0mm row was never captured. (2) Sandvik Duobore pC14-C21: the 270mm-diameter row for code 3.11, and all rows for codes 3.13, 3.2, 3.21, 3.22, 30.11, 30.12, and 30.21, were never captured (a scroll/screenshot gap between images). These are marked with DATA_GAP:true and a note field rather than filled with guessed values. Given the density and volume of this table (~365 data rows), spot-checking a sample against the original source CSV (lookupTables/Component/tblBoring.csv) is recommended before using this for production costing decisions.",182,511,273,966,Bore,"Sandvik Fine Boring, inserts pC31",10.1,400,Brinell,49.5,0.4,6.35,40,173.3,0.975,0.05,3160,15,12.8,1.0,,
USA reference export,Lookup Table,Machining > Lookup Tables,tblBoring,lookupTables/Component/tblBoring.csv,"This table was transcribed from 24 screenshots across two batches. Two genuine gaps exist in the source screenshots themselves (not introduced by this transcription): (1) Corobore 820, material code 20.12, diameter 237.0mm row was never captured. (2) Sandvik Duobore pC14-C21: the 270mm-diameter row for code 3.11, and all rows for codes 3.13, 3.2, 3.21, 3.22, 30.11, 30.12, and 30.21, were never captured (a scroll/screenshot gap between images). These are marked with DATA_GAP:true and a note field rather than filled with guessed values. Given the density and volume of this table (~365 data rows), spot-checking a sample against the original source CSV (lookupTables/Component/tblBoring.csv) is recommended before using this for production costing decisions.",182,511,273,966,Bore,"Sandvik Fine Boring, inserts pC31",10.1,400,Brinell,103.5,0.4,6.35,40,362.3,1.3,0.08,3160,15,12.8,1.0,,
USA reference export,Lookup Table,Machining > Lookup Tables,tblBoring,lookupTables/Component/tblBoring.csv,"This table was transcribed from 24 screenshots across two batches. Two genuine gaps exist in the source screenshots themselves (not introduced by this transcription): (1) Corobore 820, material code 20.12, diameter 237.0mm row was never captured. (2) Sandvik Duobore pC14-C21: the 270mm-diameter row for code 3.11, and all rows for codes 3.13, 3.2, 3.21, 3.22, 30.11, 30.12, and 30.21, were never captured (a scroll/screenshot gap between images). These are marked with DATA_GAP:true and a note field rather than filled with guessed values. Given the density and volume of this table (~365 data rows), spot-checking a sample against the original source CSV (lookupTables/Component/tblBoring.csv) is recommended before using this for production costing decisions.",182,511,273,966,Bore,"Sandvik Fine Boring, inserts pC31",15.11,200,Brinell,25.0,0.4,6.35,136,87.5,0.7,0.05,2280,15,12.8,1.0,,
USA reference export,Lookup Table,Machining > Lookup Tables,tblBoring,lookupTables/Component/tblBoring.csv,"This table was transcribed from 24 screenshots across two batches. Two genuine gaps exist in the source screenshots themselves (not introduced by this transcription): (1) Corobore 820, material code 20.12, diameter 237.0mm row was never captured. (2) Sandvik Duobore pC14-C21: the 270mm-diameter row for code 3.11, and all rows for codes 3.13, 3.2, 3.21, 3.22, 30.11, 30.12, and 30.21, were never captured (a scroll/screenshot gap between images). These are marked with DATA_GAP:true and a note field rather than filled with guessed values. Given the density and volume of this table (~365 data rows), spot-checking a sample against the original source CSV (lookupTables/Component/tblBoring.csv) is recommended before using this for production costing decisions.",182,511,273,966,Bore,"Sandvik Fine Boring, inserts pC31",15.11,200,Brinell,49.5,0.4,6.35,136,173.3,1.05,0.05,2280,15,12.8,1.0,,
USA reference export,Lookup Table,Machining > Lookup Tables,tblBoring,lookupTables/Component/tblBoring.csv,"This table was transcribed from 24 screenshots across two batches. Two genuine gaps exist in the source screenshots themselves (not introduced by this transcription): (1) Corobore 820, material code 20.12, diameter 237.0mm row was never captured. (2) Sandvik Duobore pC14-C21: the 270mm-diameter row for code 3.11, and all rows for codes 3.13, 3.2, 3.21, 3.22, 30.11, 30.12, and 30.21, were never captured (a scroll/screenshot gap between images). These are marked with DATA_GAP:true and a note field rather than filled with guessed values. Given the density and volume of this table (~365 data rows), spot-checking a sample against the original source CSV (lookupTables/Component/tblBoring.csv) is recommended before using this for production costing decisions.",182,511,273,966,Bore,"Sandvik Fine Boring, inserts pC31",15.11,200,Brinell,103.5,0.4,6.35,136,362.3,1.4,0.08,2280,15,12.8,1.0,,
USA reference export,Lookup Table,Machining > Lookup Tables,tblBoring,lookupTables/Component/tblBoring.csv,"This table was transcribed from 24 screenshots across two batches. Two genuine gaps exist in the source screenshots themselves (not introduced by this transcription): (1) Corobore 820, material code 20.12, diameter 237.0mm row was never captured. (2) Sandvik Duobore pC14-C21: the 270mm-diameter row for code 3.11, and all rows for codes 3.13, 3.2, 3.21, 3.22, 30.11, 30.12, and 30.21, were never captured (a scroll/screenshot gap between images). These are marked with DATA_GAP:true and a note field rather than filled with guessed values. Given the density and volume of this table (~365 data rows), spot-checking a sample against the original source CSV (lookupTables/Component/tblBoring.csv) is recommended before using this for production costing decisions.",182,511,273,966,Bore,"Sandvik Fine Boring, inserts pC31",15.12,330,Brinell,25.0,0.4,6.35,98,87.5,0.7,0.05,3340,15,12.8,1.0,,
USA reference export,Lookup Table,Machining > Lookup Tables,tblBoring,lookupTables/Component/tblBoring.csv,"This table was transcribed from 24 screenshots across two batches. Two genuine gaps exist in the source screenshots themselves (not introduced by this transcription): (1) Corobore 820, material code 20.12, diameter 237.0mm row was never captured. (2) Sandvik Duobore pC14-C21: the 270mm-diameter row for code 3.11, and all rows for codes 3.13, 3.2, 3.21, 3.22, 30.11, 30.12, and 30.21, were never captured (a scroll/screenshot gap between images). These are marked with DATA_GAP:true and a note field rather than filled with guessed values. Given the density and volume of this table (~365 data rows), spot-checking a sample against the original source CSV (lookupTables/Component/tblBoring.csv) is recommended before using this for production costing decisions.",182,511,273,966,Bore,"Sandvik Fine Boring, inserts pC31",15.12,330,Brinell,49.5,0.4,6.35,98,173.3,1.05,0.05,3340,15,12.8,1.0,,
USA reference export,Lookup Table,Machining > Lookup Tables,tblBoring,lookupTables/Component/tblBoring.csv,"This table was transcribed from 24 screenshots across two batches. Two genuine gaps exist in the source screenshots themselves (not introduced by this transcription): (1) Corobore 820, material code 20.12, diameter 237.0mm row was never captured. (2) Sandvik Duobore pC14-C21: the 270mm-diameter row for code 3.11, and all rows for codes 3.13, 3.2, 3.21, 3.22, 30.11, 30.12, and 30.21, were never captured (a scroll/screenshot gap between images). These are marked with DATA_GAP:true and a note field rather than filled with guessed values. Given the density and volume of this table (~365 data rows), spot-checking a sample against the original source CSV (lookupTables/Component/tblBoring.csv) is recommended before using this for production costing decisions.",182,511,273,966,Bore,"Sandvik Fine Boring, inserts pC31",15.12,330,Brinell,103.5,0.4,6.35,98,362.3,1.4,0.08,3340,15,12.8,1.0,,
USA reference export,Lookup Table,Machining > Lookup Tables,tblBoring,lookupTables/Component/tblBoring.csv,"This table was transcribed from 24 screenshots across two batches. Two genuine gaps exist in the source screenshots themselves (not introduced by this transcription): (1) Corobore 820, material code 20.12, diameter 237.0mm row was never captured. (2) Sandvik Duobore pC14-C21: the 270mm-diameter row for code 3.11, and all rows for codes 3.13, 3.2, 3.21, 3.22, 30.11, 30.12, and 30.21, were never captured (a scroll/screenshot gap between images). These are marked with DATA_GAP:true and a note field rather than filled with guessed values. Given the density and volume of this table (~365 data rows), spot-checking a sample against the original source CSV (lookupTables/Component/tblBoring.csv) is recommended before using this for production costing decisions.",182,511,273,966,Bore,"Sandvik Fine Boring, inserts pC31",15.13,330,Brinell,25.0,0.4,6.35,102,87.5,0.7,0.05,2800,15,12.8,1.0,,
USA reference export,Lookup Table,Machining > Lookup Tables,tblBoring,lookupTables/Component/tblBoring.csv,"This table was transcribed from 24 screenshots across two batches. Two genuine gaps exist in the source screenshots themselves (not introduced by this transcription): (1) Corobore 820, material code 20.12, diameter 237.0mm row was never captured. (2) Sandvik Duobore pC14-C21: the 270mm-diameter row for code 3.11, and all rows for codes 3.13, 3.2, 3.21, 3.22, 30.11, 30.12, and 30.21, were never captured (a scroll/screenshot gap between images). These are marked with DATA_GAP:true and a note field rather than filled with guessed values. Given the density and volume of this table (~365 data rows), spot-checking a sample against the original source CSV (lookupTables/Component/tblBoring.csv) is recommended before using this for production costing decisions.",182,511,273,966,Bore,"Sandvik Fine Boring, inserts pC31",15.13,330,Brinell,49.5,0.4,6.35,102,173.3,1.05,0.05,2800,15,12.8,1.0,,
USA reference export,Lookup Table,Machining > Lookup Tables,tblBoring,lookupTables/Component/tblBoring.csv,"This table was transcribed from 24 screenshots across two batches. Two genuine gaps exist in the source screenshots themselves (not introduced by this transcription): (1) Corobore 820, material code 20.12, diameter 237.0mm row was never captured. (2) Sandvik Duobore pC14-C21: the 270mm-diameter row for code 3.11, and all rows for codes 3.13, 3.2, 3.21, 3.22, 30.11, 30.12, and 30.21, were never captured (a scroll/screenshot gap between images). These are marked with DATA_GAP:true and a note field rather than filled with guessed values. Given the density and volume of this table (~365 data rows), spot-checking a sample against the original source CSV (lookupTables/Component/tblBoring.csv) is recommended before using this for production costing decisions.",182,511,273,966,Bore,"Sandvik Fine Boring, inserts pC31",15.13,330,Brinell,103.5,0.4,6.35,102,362.3,1.4,0.08,2800,15,12.8,1.0,,
USA reference export,Lookup Table,Machining > Lookup Tables,tblBoring,lookupTables/Component/tblBoring.csv,"This table was transcribed from 24 screenshots across two batches. Two genuine gaps exist in the source screenshots themselves (not introduced by this transcription): (1) Corobore 820, material code 20.12, diameter 237.0mm row was never captured. (2) Sandvik Duobore pC14-C21: the 270mm-diameter row for code 3.11, and all rows for codes 3.13, 3.2, 3.21, 3.22, 30.11, 30.12, and 30.21, were never captured (a scroll/screenshot gap between images). These are marked with DATA_GAP:true and a note field rather than filled with guessed values. Given the density and volume of this table (~365 data rows), spot-checking a sample against the original source CSV (lookupTables/Component/tblBoring.csv) is recommended before using this for production costing decisions.",182,511,273,966,Bore,"Sandvik Fine Boring, inserts pC31",15.21,200,Brinell,25.0,0.4,6.35,82,87.5,0.6,0.05,2420,15,12.8,1.0,,
USA reference export,Lookup Table,Machining > Lookup Tables,tblBoring,lookupTables/Component/tblBoring.csv,"This table was transcribed from 24 screenshots across two batches. Two genuine gaps exist in the source screenshots themselves (not introduced by this transcription): (1) Corobore 820, material code 20.12, diameter 237.0mm row was never captured. (2) Sandvik Duobore pC14-C21: the 270mm-diameter row for code 3.11, and all rows for codes 3.13, 3.2, 3.21, 3.22, 30.11, 30.12, and 30.21, were never captured (a scroll/screenshot gap between images). These are marked with DATA_GAP:true and a note field rather than filled with guessed values. Given the density and volume of this table (~365 data rows), spot-checking a sample against the original source CSV (lookupTables/Component/tblBoring.csv) is recommended before using this for production costing decisions.",182,511,273,966,Bore,"Sandvik Fine Boring, inserts pC31",15.21,200,Brinell,49.5,0.4,6.35,82,173.3,0.9,0.05,2420,15,12.8,1.0,,
USA reference export,Lookup Table,Machining > Lookup Tables,tblBoring,lookupTables/Component/tblBoring.csv,"This table was transcribed from 24 screenshots across two batches. Two genuine gaps exist in the source screenshots themselves (not introduced by this transcription): (1) Corobore 820, material code 20.12, diameter 237.0mm row was never captured. (2) Sandvik Duobore pC14-C21: the 270mm-diameter row for code 3.11, and all rows for codes 3.13, 3.2, 3.21, 3.22, 30.11, 30.12, and 30.21, were never captured (a scroll/screenshot gap between images). These are marked with DATA_GAP:true and a note field rather than filled with guessed values. Given the density and volume of this table (~365 data rows), spot-checking a sample against the original source CSV (lookupTables/Component/tblBoring.csv) is recommended before using this for production costing decisions.",182,511,273,966,Bore,"Sandvik Fine Boring, inserts pC31",15.21,200,Brinell,103.5,0.4,6.35,82,362.3,1.2,0.08,2420,15,12.8,1.0,,
USA reference export,Lookup Table,Machining > Lookup Tables,tblBoring,lookupTables/Component/tblBoring.csv,"This table was transcribed from 24 screenshots across two batches. Two genuine gaps exist in the source screenshots themselves (not introduced by this transcription): (1) Corobore 820, material code 20.12, diameter 237.0mm row was never captured. (2) Sandvik Duobore pC14-C21: the 270mm-diameter row for code 3.11, and all rows for codes 3.13, 3.2, 3.21, 3.22, 30.11, 30.12, and 30.21, were never captured (a scroll/screenshot gap between images). These are marked with DATA_GAP:true and a note field rather than filled with guessed values. Given the density and volume of this table (~365 data rows), spot-checking a sample against the original source CSV (lookupTables/Component/tblBoring.csv) is recommended before using this for production costing decisions.",182,511,273,966,Bore,"Sandvik Fine Boring, inserts pC31",15.22,330,Brinell,25.0,0.4,6.35,74,87.5,0.6,0.05,3340,15,12.8,1.0,,
USA reference export,Lookup Table,Machining > Lookup Tables,tblBoring,lookupTables/Component/tblBoring.csv,"This table was transcribed from 24 screenshots across two batches. Two genuine gaps exist in the source screenshots themselves (not introduced by this transcription): (1) Corobore 820, material code 20.12, diameter 237.0mm row was never captured. (2) Sandvik Duobore pC14-C21: the 270mm-diameter row for code 3.11, and all rows for codes 3.13, 3.2, 3.21, 3.22, 30.11, 30.12, and 30.21, were never captured (a scroll/screenshot gap between images). These are marked with DATA_GAP:true and a note field rather than filled with guessed values. Given the density and volume of this table (~365 data rows), spot-checking a sample against the original source CSV (lookupTables/Component/tblBoring.csv) is recommended before using this for production costing decisions.",182,511,273,966,Bore,"Sandvik Fine Boring, inserts pC31",15.22,330,Brinell,49.5,0.4,6.35,74,173.3,0.9,0.05,3340,15,12.8,1.0,,
USA reference export,Lookup Table,Machining > Lookup Tables,tblBoring,lookupTables/Component/tblBoring.csv,"This table was transcribed from 24 screenshots across two batches. Two genuine gaps exist in the source screenshots themselves (not introduced by this transcription): (1) Corobore 820, material code 20.12, diameter 237.0mm row was never captured. (2) Sandvik Duobore pC14-C21: the 270mm-diameter row for code 3.11, and all rows for codes 3.13, 3.2, 3.21, 3.22, 30.11, 30.12, and 30.21, were never captured (a scroll/screenshot gap between images). These are marked with DATA_GAP:true and a note field rather than filled with guessed values. Given the density and volume of this table (~365 data rows), spot-checking a sample against the original source CSV (lookupTables/Component/tblBoring.csv) is recommended before using this for production costing decisions.",182,511,273,966,Bore,"Sandvik Fine Boring, inserts pC31",15.22,330,Brinell,103.5,0.4,6.35,74,362.3,1.2,0.08,3340,15,12.8,1.0,,
USA reference export,Lookup Table,Machining > Lookup Tables,tblBoring,lookupTables/Component/tblBoring.csv,"This table was transcribed from 24 screenshots across two batches. Two genuine gaps exist in the source screenshots themselves (not introduced by this transcription): (1) Corobore 820, material code 20.12, diameter 237.0mm row was never captured. (2) Sandvik Duobore pC14-C21: the 270mm-diameter row for code 3.11, and all rows for codes 3.13, 3.2, 3.21, 3.22, 30.11, 30.12, and 30.21, were never captured (a scroll/screenshot gap between images). These are marked with DATA_GAP:true and a note field rather than filled with guessed values. Given the density and volume of this table (~365 data rows), spot-checking a sample against the original source CSV (lookupTables/Component/tblBoring.csv) is recommended before using this for production costing decisions.",182,511,273,966,Bore,"Sandvik Fine Boring, inserts pC31",15.23,330,Brinell,25.0,0.4,6.35,74,87.5,0.6,0.05,2700,15,12.8,1.0,,
USA reference export,Lookup Table,Machining > Lookup Tables,tblBoring,lookupTables/Component/tblBoring.csv,"This table was transcribed from 24 screenshots across two batches. Two genuine gaps exist in the source screenshots themselves (not introduced by this transcription): (1) Corobore 820, material code 20.12, diameter 237.0mm row was never captured. (2) Sandvik Duobore pC14-C21: the 270mm-diameter row for code 3.11, and all rows for codes 3.13, 3.2, 3.21, 3.22, 30.11, 30.12, and 30.21, were never captured (a scroll/screenshot gap between images). These are marked with DATA_GAP:true and a note field rather than filled with guessed values. Given the density and volume of this table (~365 data rows), spot-checking a sample against the original source CSV (lookupTables/Component/tblBoring.csv) is recommended before using this for production costing decisions.",182,511,273,966,Bore,"Sandvik Fine Boring, inserts pC31",15.23,330,Brinell,49.5,0.4,6.35,74,173.3,0.9,0.05,2700,15,12.8,1.0,,
USA reference export,Lookup Table,Machining > Lookup Tables,tblBoring,lookupTables/Component/tblBoring.csv,"This table was transcribed from 24 screenshots across two batches. Two genuine gaps exist in the source screenshots themselves (not introduced by this transcription): (1) Corobore 820, material code 20.12, diameter 237.0mm row was never captured. (2) Sandvik Duobore pC14-C21: the 270mm-diameter row for code 3.11, and all rows for codes 3.13, 3.2, 3.21, 3.22, 30.11, 30.12, and 30.21, were never captured (a scroll/screenshot gap between images). These are marked with DATA_GAP:true and a note field rather than filled with guessed values. Given the density and volume of this table (~365 data rows), spot-checking a sample against the original source CSV (lookupTables/Component/tblBoring.csv) is recommended before using this for production costing decisions.",182,511,273,966,Bore,"Sandvik Fine Boring, inserts pC31",15.23,330,Brinell,103.5,0.4,6.35,74,362.3,1.2,0.08,2700,15,12.8,1.0,,
USA reference export,Lookup Table,Machining > Lookup Tables,tblBoring,lookupTables/Component/tblBoring.csv,"This table was transcribed from 24 screenshots across two batches. Two genuine gaps exist in the source screenshots themselves (not introduced by this transcription): (1) Corobore 820, material code 20.12, diameter 237.0mm row was never captured. (2) Sandvik Duobore pC14-C21: the 270mm-diameter row for code 3.11, and all rows for codes 3.13, 3.2, 3.21, 3.22, 30.11, 30.12, and 30.21, were never captured (a scroll/screenshot gap between images). These are marked with DATA_GAP:true and a note field rather than filled with guessed values. Given the density and volume of this table (~365 data rows), spot-checking a sample against the original source CSV (lookupTables/Component/tblBoring.csv) is recommended before using this for production costing decisions.",182,511,273,966,Bore,"Sandvik Fine Boring, inserts pC31",15.51,230,Brinell,25.0,0.4,6.35,118,87.5,0.25,0.05,2420,15,12.8,1.0,,
USA reference export,Lookup Table,Machining > Lookup Tables,tblBoring,lookupTables/Component/tblBoring.csv,"This table was transcribed from 24 screenshots across two batches. Two genuine gaps exist in the source screenshots themselves (not introduced by this transcription): (1) Corobore 820, material code 20.12, diameter 237.0mm row was never captured. (2) Sandvik Duobore pC14-C21: the 270mm-diameter row for code 3.11, and all rows for codes 3.13, 3.2, 3.21, 3.22, 30.11, 30.12, and 30.21, were never captured (a scroll/screenshot gap between images). These are marked with DATA_GAP:true and a note field rather than filled with guessed values. Given the density and volume of this table (~365 data rows), spot-checking a sample against the original source CSV (lookupTables/Component/tblBoring.csv) is recommended before using this for production costing decisions.",182,511,273,966,Bore,"Sandvik Fine Boring, inserts pC31",15.51,230,Brinell,49.5,0.4,6.35,118,173.3,0.375,0.05,2420,15,12.8,1.0,,
USA reference export,Lookup Table,Machining > Lookup Tables,tblBoring,lookupTables/Component/tblBoring.csv,"This table was transcribed from 24 screenshots across two batches. Two genuine gaps exist in the source screenshots themselves (not introduced by this transcription): (1) Corobore 820, material code 20.12, diameter 237.0mm row was never captured. (2) Sandvik Duobore pC14-C21: the 270mm-diameter row for code 3.11, and all rows for codes 3.13, 3.2, 3.21, 3.22, 30.11, 30.12, and 30.21, were never captured (a scroll/screenshot gap between images). These are marked with DATA_GAP:true and a note field rather than filled with guessed values. Given the density and volume of this table (~365 data rows), spot-checking a sample against the original source CSV (lookupTables/Component/tblBoring.csv) is recommended before using this for production costing decisions.",182,511,273,966,Bore,"Sandvik Fine Boring, inserts pC31",15.51,230,Brinell,103.5,0.4,6.35,118,362.3,0.5,0.08,2420,15,12.8,1.0,,
USA reference export,Lookup Table,Machining > Lookup Tables,tblBoring,lookupTables/Component/tblBoring.csv,"This table was transcribed from 24 screenshots across two batches. Two genuine gaps exist in the source screenshots themselves (not introduced by this transcription): (1) Corobore 820, material code 20.12, diameter 237.0mm row was never captured. (2) Sandvik Duobore pC14-C21: the 270mm-diameter row for code 3.11, and all rows for codes 3.13, 3.2, 3.21, 3.22, 30.11, 30.12, and 30.21, were never captured (a scroll/screenshot gap between images). These are marked with DATA_GAP:true and a note field rather than filled with guessed values. Given the density and volume of this table (~365 data rows), spot-checking a sample against the original source CSV (lookupTables/Component/tblBoring.csv) is recommended before using this for production costing decisions.",182,511,273,966,Bore,"Sandvik Fine Boring, inserts pC31",15.52,260,Brinell,25.0,0.4,6.35,119,87.5,0.25,0.05,2940,15,12.8,1.0,,
USA reference export,Lookup Table,Machining > Lookup Tables,tblBoring,lookupTables/Component/tblBoring.csv,"This table was transcribed from 24 screenshots across two batches. Two genuine gaps exist in the source screenshots themselves (not introduced by this transcription): (1) Corobore 820, material code 20.12, diameter 237.0mm row was never captured. (2) Sandvik Duobore pC14-C21: the 270mm-diameter row for code 3.11, and all rows for codes 3.13, 3.2, 3.21, 3.22, 30.11, 30.12, and 30.21, were never captured (a scroll/screenshot gap between images). These are marked with DATA_GAP:true and a note field rather than filled with guessed values. Given the density and volume of this table (~365 data rows), spot-checking a sample against the original source CSV (lookupTables/Component/tblBoring.csv) is recommended before using this for production costing decisions.",182,511,273,966,Bore,"Sandvik Fine Boring, inserts pC31",15.52,260,Brinell,49.5,0.4,6.35,119,173.3,0.375,0.05,2940,15,12.8,1.0,,
USA reference export,Lookup Table,Machining > Lookup Tables,tblBoring,lookupTables/Component/tblBoring.csv,"This table was transcribed from 24 screenshots across two batches. Two genuine gaps exist in the source screenshots themselves (not introduced by this transcription): (1) Corobore 820, material code 20.12, diameter 237.0mm row was never captured. (2) Sandvik Duobore pC14-C21: the 270mm-diameter row for code 3.11, and all rows for codes 3.13, 3.2, 3.21, 3.22, 30.11, 30.12, and 30.21, were never captured (a scroll/screenshot gap between images). These are marked with DATA_GAP:true and a note field rather than filled with guessed values. Given the density and volume of this table (~365 data rows), spot-checking a sample against the original source CSV (lookupTables/Component/tblBoring.csv) is recommended before using this for production costing decisions.",182,511,273,966,Bore,"Sandvik Fine Boring, inserts pC31",15.52,260,Brinell,103.5,0.4,6.35,119,362.3,0.5,0.08,2940,15,12.8,1.0,,
USA reference export,Lookup Table,Machining > Lookup Tables,tblBoring,lookupTables/Component/tblBoring.csv,"This table was transcribed from 24 screenshots across two batches. Two genuine gaps exist in the source screenshots themselves (not introduced by this transcription): (1) Corobore 820, material code 20.12, diameter 237.0mm row was never captured. (2) Sandvik Duobore pC14-C21: the 270mm-diameter row for code 3.11, and all rows for codes 3.13, 3.2, 3.21, 3.22, 30.11, 30.12, and 30.21, were never captured (a scroll/screenshot gap between images). These are marked with DATA_GAP:true and a note field rather than filled with guessed values. Given the density and volume of this table (~365 data rows), spot-checking a sample against the original source CSV (lookupTables/Component/tblBoring.csv) is recommended before using this for production costing decisions.",182,511,273,966,Bore,"Sandvik Fine Boring, inserts pC31",2.1,180,Brinell,25.0,0.4,6.35,163,87.5,0.6,0.05,2280,15,12.8,1.0,,
USA reference export,Lookup Table,Machining > Lookup Tables,tblBoring,lookupTables/Component/tblBoring.csv,"This table was transcribed from 24 screenshots across two batches. Two genuine gaps exist in the source screenshots themselves (not introduced by this transcription): (1) Corobore 820, material code 20.12, diameter 237.0mm row was never captured. (2) Sandvik Duobore pC14-C21: the 270mm-diameter row for code 3.11, and all rows for codes 3.13, 3.2, 3.21, 3.22, 30.11, 30.12, and 30.21, were never captured (a scroll/screenshot gap between images). These are marked with DATA_GAP:true and a note field rather than filled with guessed values. Given the density and volume of this table (~365 data rows), spot-checking a sample against the original source CSV (lookupTables/Component/tblBoring.csv) is recommended before using this for production costing decisions.",182,511,273,966,Bore,"Sandvik Fine Boring, inserts pC31",2.1,180,Brinell,49.5,0.4,6.35,163,173.3,0.9,0.05,2280,15,12.8,1.0,,
USA reference export,Lookup Table,Machining > Lookup Tables,tblBoring,lookupTables/Component/tblBoring.csv,"This table was transcribed from 24 screenshots across two batches. Two genuine gaps exist in the source screenshots themselves (not introduced by this transcription): (1) Corobore 820, material code 20.12, diameter 237.0mm row was never captured. (2) Sandvik Duobore pC14-C21: the 270mm-diameter row for code 3.11, and all rows for codes 3.13, 3.2, 3.21, 3.22, 30.11, 30.12, and 30.21, were never captured (a scroll/screenshot gap between images). These are marked with DATA_GAP:true and a note field rather than filled with guessed values. Given the density and volume of this table (~365 data rows), spot-checking a sample against the original source CSV (lookupTables/Component/tblBoring.csv) is recommended before using this for production costing decisions.",182,511,273,966,Bore,"Sandvik Fine Boring, inserts pC31",2.1,180,Brinell,103.5,0.4,6.35,163,362.3,1.2,0.08,2280,15,12.8,1.0,,
USA reference export,Lookup Table,Machining > Lookup Tables,tblBoring,lookupTables/Component/tblBoring.csv,"This table was transcribed from 24 screenshots across two batches. Two genuine gaps exist in the source screenshots themselves (not introduced by this transcription): (1) Corobore 820, material code 20.12, diameter 237.0mm row was never captured. (2) Sandvik Duobore pC14-C21: the 270mm-diameter row for code 3.11, and all rows for codes 3.13, 3.2, 3.21, 3.22, 30.11, 30.12, and 30.21, were never captured (a scroll/screenshot gap between images). These are marked with DATA_GAP:true and a note field rather than filled with guessed values. Given the density and volume of this table (~365 data rows), spot-checking a sample against the original source CSV (lookupTables/Component/tblBoring.csv) is recommended before using this for production costing decisions.",182,511,273,966,Bore,"Sandvik Fine Boring, inserts pC31",2.12,210,Brinell,25.0,0.4,6.35,156,87.5,0.6,0.05,2300,15,12.8,1.0,,
USA reference export,Lookup Table,Machining > Lookup Tables,tblBoring,lookupTables/Component/tblBoring.csv,"This table was transcribed from 24 screenshots across two batches. Two genuine gaps exist in the source screenshots themselves (not introduced by this transcription): (1) Corobore 820, material code 20.12, diameter 237.0mm row was never captured. (2) Sandvik Duobore pC14-C21: the 270mm-diameter row for code 3.11, and all rows for codes 3.13, 3.2, 3.21, 3.22, 30.11, 30.12, and 30.21, were never captured (a scroll/screenshot gap between images). These are marked with DATA_GAP:true and a note field rather than filled with guessed values. Given the density and volume of this table (~365 data rows), spot-checking a sample against the original source CSV (lookupTables/Component/tblBoring.csv) is recommended before using this for production costing decisions.",182,511,273,966,Bore,"Sandvik Fine Boring, inserts pC31",2.12,210,Brinell,49.5,0.4,6.35,156,173.3,0.9,0.05,2300,15,12.8,1.0,,
USA reference export,Lookup Table,Machining > Lookup Tables,tblBoring,lookupTables/Component/tblBoring.csv,"This table was transcribed from 24 screenshots across two batches. Two genuine gaps exist in the source screenshots themselves (not introduced by this transcription): (1) Corobore 820, material code 20.12, diameter 237.0mm row was never captured. (2) Sandvik Duobore pC14-C21: the 270mm-diameter row for code 3.11, and all rows for codes 3.13, 3.2, 3.21, 3.22, 30.11, 30.12, and 30.21, were never captured (a scroll/screenshot gap between images). These are marked with DATA_GAP:true and a note field rather than filled with guessed values. Given the density and volume of this table (~365 data rows), spot-checking a sample against the original source CSV (lookupTables/Component/tblBoring.csv) is recommended before using this for production costing decisions.",182,511,273,966,Bore,"Sandvik Fine Boring, inserts pC31",2.12,210,Brinell,103.5,0.4,6.35,156,362.3,1.2,0.08,2300,15,12.8,1.0,,
USA reference export,Lookup Table,Machining > Lookup Tables,tblBoring,lookupTables/Component/tblBoring.csv,"This table was transcribed from 24 screenshots across two batches. Two genuine gaps exist in the source screenshots themselves (not introduced by this transcription): (1) Corobore 820, material code 20.12, diameter 237.0mm row was never captured. (2) Sandvik Duobore pC14-C21: the 270mm-diameter row for code 3.11, and all rows for codes 3.13, 3.2, 3.21, 3.22, 30.11, 30.12, and 30.21, were never captured (a scroll/screenshot gap between images). These are marked with DATA_GAP:true and a note field rather than filled with guessed values. Given the density and volume of this table (~365 data rows), spot-checking a sample against the original source CSV (lookupTables/Component/tblBoring.csv) is recommended before using this for production costing decisions.",182,511,273,966,Bore,"Sandvik Fine Boring, inserts pC31",2.2,330,Brinell,25.0,0.4,6.35,126,87.5,0.7,0.05,2660,15,12.8,1.0,,
USA reference export,Lookup Table,Machining > Lookup Tables,tblBoring,lookupTables/Component/tblBoring.csv,"This table was transcribed from 24 screenshots across two batches. Two genuine gaps exist in the source screenshots themselves (not introduced by this transcription): (1) Corobore 820, material code 20.12, diameter 237.0mm row was never captured. (2) Sandvik Duobore pC14-C21: the 270mm-diameter row for code 3.11, and all rows for codes 3.13, 3.2, 3.21, 3.22, 30.11, 30.12, and 30.21, were never captured (a scroll/screenshot gap between images). These are marked with DATA_GAP:true and a note field rather than filled with guessed values. Given the density and volume of this table (~365 data rows), spot-checking a sample against the original source CSV (lookupTables/Component/tblBoring.csv) is recommended before using this for production costing decisions.",182,511,273,966,Bore,"Sandvik Fine Boring, inserts pC31",2.2,330,Brinell,49.5,0.4,6.35,126,173.3,1.05,0.05,2660,15,12.8,1.0,,
USA reference export,Lookup Table,Machining > Lookup Tables,tblBoring,lookupTables/Component/tblBoring.csv,"This table was transcribed from 24 screenshots across two batches. Two genuine gaps exist in the source screenshots themselves (not introduced by this transcription): (1) Corobore 820, material code 20.12, diameter 237.0mm row was never captured. (2) Sandvik Duobore pC14-C21: the 270mm-diameter row for code 3.11, and all rows for codes 3.13, 3.2, 3.21, 3.22, 30.11, 30.12, and 30.21, were never captured (a scroll/screenshot gap between images). These are marked with DATA_GAP:true and a note field rather than filled with guessed values. Given the density and volume of this table (~365 data rows), spot-checking a sample against the original source CSV (lookupTables/Component/tblBoring.csv) is recommended before using this for production costing decisions.",182,511,273,966,Bore,"Sandvik Fine Boring, inserts pC31",2.2,330,Brinell,103.5,0.4,6.35,126,362.3,1.4,0.08,2660,15,12.8,1.0,,
USA reference export,Lookup Table,Machining > Lookup Tables,tblBoring,lookupTables/Component/tblBoring.csv,"This table was transcribed from 24 screenshots across two batches. Two genuine gaps exist in the source screenshots themselves (not introduced by this transcription): (1) Corobore 820, material code 20.12, diameter 237.0mm row was never captured. (2) Sandvik Duobore pC14-C21: the 270mm-diameter row for code 3.11, and all rows for codes 3.13, 3.2, 3.21, 3.22, 30.11, 30.12, and 30.21, were never captured (a scroll/screenshot gap between images). These are marked with DATA_GAP:true and a note field rather than filled with guessed values. Given the density and volume of this table (~365 data rows), spot-checking a sample against the original source CSV (lookupTables/Component/tblBoring.csv) is recommended before using this for production costing decisions.",182,511,273,966,Bore,"Sandvik Fine Boring, inserts pC31",20.11,200,Brinell,25.0,0.4,6.35,24,87.5,0.45,0.05,3200,15,12.8,1.0,,
USA reference export,Lookup Table,Machining > Lookup Tables,tblBoring,lookupTables/Component/tblBoring.csv,"This table was transcribed from 24 screenshots across two batches. Two genuine gaps exist in the source screenshots themselves (not introduced by this transcription): (1) Corobore 820, material code 20.12, diameter 237.0mm row was never captured. (2) Sandvik Duobore pC14-C21: the 270mm-diameter row for code 3.11, and all rows for codes 3.13, 3.2, 3.21, 3.22, 30.11, 30.12, and 30.21, were never captured (a scroll/screenshot gap between images). These are marked with DATA_GAP:true and a note field rather than filled with guessed values. Given the density and volume of this table (~365 data rows), spot-checking a sample against the original source CSV (lookupTables/Component/tblBoring.csv) is recommended before using this for production costing decisions.",182,511,273,966,Bore,"Sandvik Fine Boring, inserts pC31",20.11,200,Brinell,49.5,0.4,6.35,24,173.3,0.675,0.05,3200,15,12.8,1.0,,
USA reference export,Lookup Table,Machining > Lookup Tables,tblBoring,lookupTables/Component/tblBoring.csv,"This table was transcribed from 24 screenshots across two batches. Two genuine gaps exist in the source screenshots themselves (not introduced by this transcription): (1) Corobore 820, material code 20.12, diameter 237.0mm row was never captured. (2) Sandvik Duobore pC14-C21: the 270mm-diameter row for code 3.11, and all rows for codes 3.13, 3.2, 3.21, 3.22, 30.11, 30.12, and 30.21, were never captured (a scroll/screenshot gap between images). These are marked with DATA_GAP:true and a note field rather than filled with guessed values. Given the density and volume of this table (~365 data rows), spot-checking a sample against the original source CSV (lookupTables/Component/tblBoring.csv) is recommended before using this for production costing decisions.",182,511,273,966,Bore,"Sandvik Fine Boring, inserts pC31",20.11,200,Brinell,103.5,0.4,6.35,24,362.3,0.9,0.08,3200,15,12.8,1.0,,
USA reference export,Lookup Table,Machining > Lookup Tables,tblBoring,lookupTables/Component/tblBoring.csv,"This table was transcribed from 24 screenshots across two batches. Two genuine gaps exist in the source screenshots themselves (not introduced by this transcription): (1) Corobore 820, material code 20.12, diameter 237.0mm row was never captured. (2) Sandvik Duobore pC14-C21: the 270mm-diameter row for code 3.11, and all rows for codes 3.13, 3.2, 3.21, 3.22, 30.11, 30.12, and 30.21, were never captured (a scroll/screenshot gap between images). These are marked with DATA_GAP:true and a note field rather than filled with guessed values. Given the density and volume of this table (~365 data rows), spot-checking a sample against the original source CSV (lookupTables/Component/tblBoring.csv) is recommended before using this for production costing decisions.",182,511,273,966,Bore,"Sandvik Fine Boring, inserts pC31",20.12,280,Brinell,25.0,0.4,6.35,28,87.5,0.45,0.05,3340,15,12.8,1.0,,
USA reference export,Lookup Table,Machining > Lookup Tables,tblBoring,lookupTables/Component/tblBoring.csv,"This table was transcribed from 24 screenshots across two batches. Two genuine gaps exist in the source screenshots themselves (not introduced by this transcription): (1) Corobore 820, material code 20.12, diameter 237.0mm row was never captured. (2) Sandvik Duobore pC14-C21: the 270mm-diameter row for code 3.11, and all rows for codes 3.13, 3.2, 3.21, 3.22, 30.11, 30.12, and 30.21, were never captured (a scroll/screenshot gap between images). These are marked with DATA_GAP:true and a note field rather than filled with guessed values. Given the density and volume of this table (~365 data rows), spot-checking a sample against the original source CSV (lookupTables/Component/tblBoring.csv) is recommended before using this for production costing decisions.",182,511,273,966,Bore,"Sandvik Fine Boring, inserts pC31",20.12,280,Brinell,49.5,0.4,6.35,28,173.3,0.675,0.05,3340,15,12.8,1.0,,
USA reference export,Lookup Table,Machining > Lookup Tables,tblBoring,lookupTables/Component/tblBoring.csv,"This table was transcribed from 24 screenshots across two batches. Two genuine gaps exist in the source screenshots themselves (not introduced by this transcription): (1) Corobore 820, material code 20.12, diameter 237.0mm row was never captured. (2) Sandvik Duobore pC14-C21: the 270mm-diameter row for code 3.11, and all rows for codes 3.13, 3.2, 3.21, 3.22, 30.11, 30.12, and 30.21, were never captured (a scroll/screenshot gap between images). These are marked with DATA_GAP:true and a note field rather than filled with guessed values. Given the density and volume of this table (~365 data rows), spot-checking a sample against the original source CSV (lookupTables/Component/tblBoring.csv) is recommended before using this for production costing decisions.",182,511,273,966,Bore,"Sandvik Fine Boring, inserts pC31",20.12,280,Brinell,103.5,0.4,6.35,28,362.3,0.9,0.08,3340,15,12.8,1.0,,
USA reference export,Lookup Table,Machining > Lookup Tables,tblBoring,lookupTables/Component/tblBoring.csv,"This table was transcribed from 24 screenshots across two batches. Two genuine gaps exist in the source screenshots themselves (not introduced by this transcription): (1) Corobore 820, material code 20.12, diameter 237.0mm row was never captured. (2) Sandvik Duobore pC14-C21: the 270mm-diameter row for code 3.11, and all rows for codes 3.13, 3.2, 3.21, 3.22, 30.11, 30.12, and 30.21, were never captured (a scroll/screenshot gap between images). These are marked with DATA_GAP:true and a note field rather than filled with guessed values. Given the density and volume of this table (~365 data rows), spot-checking a sample against the original source CSV (lookupTables/Component/tblBoring.csv) is recommended before using this for production costing decisions.",182,511,273,966,Bore,"Sandvik Fine Boring, inserts pC31",20.21,250,Brinell,25.0,0.4,6.35,37,87.5,0.4,0.05,3540,15,12.8,1.0,,
USA reference export,Lookup Table,Machining > Lookup Tables,tblBoring,lookupTables/Component/tblBoring.csv,"This table was transcribed from 24 screenshots across two batches. Two genuine gaps exist in the source screenshots themselves (not introduced by this transcription): (1) Corobore 820, material code 20.12, diameter 237.0mm row was never captured. (2) Sandvik Duobore pC14-C21: the 270mm-diameter row for code 3.11, and all rows for codes 3.13, 3.2, 3.21, 3.22, 30.11, 30.12, and 30.21, were never captured (a scroll/screenshot gap between images). These are marked with DATA_GAP:true and a note field rather than filled with guessed values. Given the density and volume of this table (~365 data rows), spot-checking a sample against the original source CSV (lookupTables/Component/tblBoring.csv) is recommended before using this for production costing decisions.",182,511,273,966,Bore,"Sandvik Fine Boring, inserts pC31",20.21,250,Brinell,49.5,0.4,6.35,37,173.3,0.6,0.05,3540,15,12.8,1.0,,
USA reference export,Lookup Table,Machining > Lookup Tables,tblBoring,lookupTables/Component/tblBoring.csv,"This table was transcribed from 24 screenshots across two batches. Two genuine gaps exist in the source screenshots themselves (not introduced by this transcription): (1) Corobore 820, material code 20.12, diameter 237.0mm row was never captured. (2) Sandvik Duobore pC14-C21: the 270mm-diameter row for code 3.11, and all rows for codes 3.13, 3.2, 3.21, 3.22, 30.11, 30.12, and 30.21, were never captured (a scroll/screenshot gap between images). These are marked with DATA_GAP:true and a note field rather than filled with guessed values. Given the density and volume of this table (~365 data rows), spot-checking a sample against the original source CSV (lookupTables/Component/tblBoring.csv) is recommended before using this for production costing decisions.",182,511,273,966,Bore,"Sandvik Fine Boring, inserts pC31",20.21,250,Brinell,103.5,0.4,6.35,37,362.3,0.8,0.08,3540,15,12.8,1.0,,
USA reference export,Lookup Table,Machining > Lookup Tables,tblBoring,lookupTables/Component/tblBoring.csv,"This table was transcribed from 24 screenshots across two batches. Two genuine gaps exist in the source screenshots themselves (not introduced by this transcription): (1) Corobore 820, material code 20.12, diameter 237.0mm row was never captured. (2) Sandvik Duobore pC14-C21: the 270mm-diameter row for code 3.11, and all rows for codes 3.13, 3.2, 3.21, 3.22, 30.11, 30.12, and 30.21, were never captured (a scroll/screenshot gap between images). These are marked with DATA_GAP:true and a note field rather than filled with guessed values. Given the density and volume of this table (~365 data rows), spot-checking a sample against the original source CSV (lookupTables/Component/tblBoring.csv) is recommended before using this for production costing decisions.",182,511,273,966,Bore,"Sandvik Fine Boring, inserts pC31",20.22,350,Brinell,25.0,0.4,6.35,37,87.5,0.4,0.05,3860,15,12.8,1.0,,
USA reference export,Lookup Table,Machining > Lookup Tables,tblBoring,lookupTables/Component/tblBoring.csv,"This table was transcribed from 24 screenshots across two batches. Two genuine gaps exist in the source screenshots themselves (not introduced by this transcription): (1) Corobore 820, material code 20.12, diameter 237.0mm row was never captured. (2) Sandvik Duobore pC14-C21: the 270mm-diameter row for code 3.11, and all rows for codes 3.13, 3.2, 3.21, 3.22, 30.11, 30.12, and 30.21, were never captured (a scroll/screenshot gap between images). These are marked with DATA_GAP:true and a note field rather than filled with guessed values. Given the density and volume of this table (~365 data rows), spot-checking a sample against the original source CSV (lookupTables/Component/tblBoring.csv) is recommended before using this for production costing decisions.",182,511,273,966,Bore,"Sandvik Fine Boring, inserts pC31",20.22,350,Brinell,49.5,0.4,6.35,37,173.3,0.6,0.05,3860,15,12.8,1.0,,
USA reference export,Lookup Table,Machining > Lookup Tables,tblBoring,lookupTables/Component/tblBoring.csv,"This table was transcribed from 24 screenshots across two batches. Two genuine gaps exist in the source screenshots themselves (not introduced by this transcription): (1) Corobore 820, material code 20.12, diameter 237.0mm row was never captured. (2) Sandvik Duobore pC14-C21: the 270mm-diameter row for code 3.11, and all rows for codes 3.13, 3.2, 3.21, 3.22, 30.11, 30.12, and 30.21, were never captured (a scroll/screenshot gap between images). These are marked with DATA_GAP:true and a note field rather than filled with guessed values. Given the density and volume of this table (~365 data rows), spot-checking a sample against the original source CSV (lookupTables/Component/tblBoring.csv) is recommended before using this for production costing decisions.",182,511,273,966,Bore,"Sandvik Fine Boring, inserts pC31",20.22,350,Brinell,103.5,0.4,6.35,37,362.3,0.8,0.08,3860,15,12.8,1.0,,
USA reference export,Lookup Table,Machining > Lookup Tables,tblBoring,lookupTables/Component/tblBoring.csv,"This table was transcribed from 24 screenshots across two batches. Two genuine gaps exist in the source screenshots themselves (not introduced by this transcription): (1) Corobore 820, material code 20.12, diameter 237.0mm row was never captured. (2) Sandvik Duobore pC14-C21: the 270mm-diameter row for code 3.11, and all rows for codes 3.13, 3.2, 3.21, 3.22, 30.11, 30.12, and 30.21, were never captured (a scroll/screenshot gap between images). These are marked with DATA_GAP:true and a note field rather than filled with guessed values. Given the density and volume of this table (~365 data rows), spot-checking a sample against the original source CSV (lookupTables/Component/tblBoring.csv) is recommended before using this for production costing decisions.",182,511,273,966,Bore,"Sandvik Fine Boring, inserts pC31",20.23,275,Brinell,25.0,0.4,6.35,37,87.5,0.4,0.05,3340,15,12.8,1.0,,
USA reference export,Lookup Table,Machining > Lookup Tables,tblBoring,lookupTables/Component/tblBoring.csv,"This table was transcribed from 24 screenshots across two batches. Two genuine gaps exist in the source screenshots themselves (not introduced by this transcription): (1) Corobore 820, material code 20.12, diameter 237.0mm row was never captured. (2) Sandvik Duobore pC14-C21: the 270mm-diameter row for code 3.11, and all rows for codes 3.13, 3.2, 3.21, 3.22, 30.11, 30.12, and 30.21, were never captured (a scroll/screenshot gap between images). These are marked with DATA_GAP:true and a note field rather than filled with guessed values. Given the density and volume of this table (~365 data rows), spot-checking a sample against the original source CSV (lookupTables/Component/tblBoring.csv) is recommended before using this for production costing decisions.",182,511,273,966,Bore,"Sandvik Fine Boring, inserts pC31",20.23,275,Brinell,49.5,0.4,6.35,37,173.3,0.6,0.05,3340,15,12.8,1.0,,
USA reference export,Lookup Table,Machining > Lookup Tables,tblBoring,lookupTables/Component/tblBoring.csv,"This table was transcribed from 24 screenshots across two batches. Two genuine gaps exist in the source screenshots themselves (not introduced by this transcription): (1) Corobore 820, material code 20.12, diameter 237.0mm row was never captured. (2) Sandvik Duobore pC14-C21: the 270mm-diameter row for code 3.11, and all rows for codes 3.13, 3.2, 3.21, 3.22, 30.11, 30.12, and 30.21, were never captured (a scroll/screenshot gap between images). These are marked with DATA_GAP:true and a note field rather than filled with guessed values. Given the density and volume of this table (~365 data rows), spot-checking a sample against the original source CSV (lookupTables/Component/tblBoring.csv) is recommended before using this for production costing decisions.",182,511,273,966,Bore,"Sandvik Fine Boring, inserts pC31",20.23,275,Brinell,103.5,0.4,6.35,37,362.3,0.8,0.08,3340,15,12.8,1.0,,
USA reference export,Lookup Table,Machining > Lookup Tables,tblBoring,lookupTables/Component/tblBoring.csv,"This table was transcribed from 24 screenshots across two batches. Two genuine gaps exist in the source screenshots themselves (not introduced by this transcription): (1) Corobore 820, material code 20.12, diameter 237.0mm row was never captured. (2) Sandvik Duobore pC14-C21: the 270mm-diameter row for code 3.11, and all rows for codes 3.13, 3.2, 3.21, 3.22, 30.11, 30.12, and 30.21, were never captured (a scroll/screenshot gap between images). These are marked with DATA_GAP:true and a note field rather than filled with guessed values. Given the density and volume of this table (~365 data rows), spot-checking a sample against the original source CSV (lookupTables/Component/tblBoring.csv) is recommended before using this for production costing decisions.",182,511,273,966,Bore,"Sandvik Fine Boring, inserts pC31",20.24,320,Brinell,25.0,0.4,6.35,37,87.5,0.4,0.05,4000,15,12.8,1.0,,
USA reference export,Lookup Table,Machining > Lookup Tables,tblBoring,lookupTables/Component/tblBoring.csv,"This table was transcribed from 24 screenshots across two batches. Two genuine gaps exist in the source screenshots themselves (not introduced by this transcription): (1) Corobore 820, material code 20.12, diameter 237.0mm row was never captured. (2) Sandvik Duobore pC14-C21: the 270mm-diameter row for code 3.11, and all rows for codes 3.13, 3.2, 3.21, 3.22, 30.11, 30.12, and 30.21, were never captured (a scroll/screenshot gap between images). These are marked with DATA_GAP:true and a note field rather than filled with guessed values. Given the density and volume of this table (~365 data rows), spot-checking a sample against the original source CSV (lookupTables/Component/tblBoring.csv) is recommended before using this for production costing decisions.",182,511,273,966,Bore,"Sandvik Fine Boring, inserts pC31",20.24,320,Brinell,49.5,0.4,6.35,37,173.3,0.6,0.05,4000,15,12.8,1.0,,
USA reference export,Lookup Table,Machining > Lookup Tables,tblBoring,lookupTables/Component/tblBoring.csv,"This table was transcribed from 24 screenshots across two batches. Two genuine gaps exist in the source screenshots themselves (not introduced by this transcription): (1) Corobore 820, material code 20.12, diameter 237.0mm row was never captured. (2) Sandvik Duobore pC14-C21: the 270mm-diameter row for code 3.11, and all rows for codes 3.13, 3.2, 3.21, 3.22, 30.11, 30.12, and 30.21, were never captured (a scroll/screenshot gap between images). These are marked with DATA_GAP:true and a note field rather than filled with guessed values. Given the density and volume of this table (~365 data rows), spot-checking a sample against the original source CSV (lookupTables/Component/tblBoring.csv) is recommended before using this for production costing decisions.",182,511,273,966,Bore,"Sandvik Fine Boring, inserts pC31",20.24,320,Brinell,103.5,0.4,6.35,37,362.3,0.8,0.08,4000,15,12.8,1.0,,
USA reference export,Lookup Table,Machining > Lookup Tables,tblBoring,lookupTables/Component/tblBoring.csv,"This table was transcribed from 24 screenshots across two batches. Two genuine gaps exist in the source screenshots themselves (not introduced by this transcription): (1) Corobore 820, material code 20.12, diameter 237.0mm row was never captured. (2) Sandvik Duobore pC14-C21: the 270mm-diameter row for code 3.11, and all rows for codes 3.13, 3.2, 3.21, 3.22, 30.11, 30.12, and 30.21, were never captured (a scroll/screenshot gap between images). These are marked with DATA_GAP:true and a note field rather than filled with guessed values. Given the density and volume of this table (~365 data rows), spot-checking a sample against the original source CSV (lookupTables/Component/tblBoring.csv) is recommended before using this for production costing decisions.",182,511,273,966,Bore,"Sandvik Fine Boring, inserts pC31",20.31,200,Brinell,25.0,0.4,6.35,24,87.5,0.45,0.05,3620,15,12.8,1.0,,
USA reference export,Lookup Table,Machining > Lookup Tables,tblBoring,lookupTables/Component/tblBoring.csv,"This table was transcribed from 24 screenshots across two batches. Two genuine gaps exist in the source screenshots themselves (not introduced by this transcription): (1) Corobore 820, material code 20.12, diameter 237.0mm row was never captured. (2) Sandvik Duobore pC14-C21: the 270mm-diameter row for code 3.11, and all rows for codes 3.13, 3.2, 3.21, 3.22, 30.11, 30.12, and 30.21, were never captured (a scroll/screenshot gap between images). These are marked with DATA_GAP:true and a note field rather than filled with guessed values. Given the density and volume of this table (~365 data rows), spot-checking a sample against the original source CSV (lookupTables/Component/tblBoring.csv) is recommended before using this for production costing decisions.",182,511,273,966,Bore,"Sandvik Fine Boring, inserts pC31",20.31,200,Brinell,49.5,0.4,6.35,24,173.3,0.675,0.05,3620,15,12.8,1.0,,
USA reference export,Lookup Table,Machining > Lookup Tables,tblBoring,lookupTables/Component/tblBoring.csv,"This table was transcribed from 24 screenshots across two batches. Two genuine gaps exist in the source screenshots themselves (not introduced by this transcription): (1) Corobore 820, material code 20.12, diameter 237.0mm row was never captured. (2) Sandvik Duobore pC14-C21: the 270mm-diameter row for code 3.11, and all rows for codes 3.13, 3.2, 3.21, 3.22, 30.11, 30.12, and 30.21, were never captured (a scroll/screenshot gap between images). These are marked with DATA_GAP:true and a note field rather than filled with guessed values. Given the density and volume of this table (~365 data rows), spot-checking a sample against the original source CSV (lookupTables/Component/tblBoring.csv) is recommended before using this for production costing decisions.",182,511,273,966,Bore,"Sandvik Fine Boring, inserts pC31",20.31,200,Brinell,103.5,0.4,6.35,24,362.3,0.9,0.08,3620,15,12.8,1.0,,
USA reference export,Lookup Table,Machining > Lookup Tables,tblBoring,lookupTables/Component/tblBoring.csv,"This table was transcribed from 24 screenshots across two batches. Two genuine gaps exist in the source screenshots themselves (not introduced by this transcription): (1) Corobore 820, material code 20.12, diameter 237.0mm row was never captured. (2) Sandvik Duobore pC14-C21: the 270mm-diameter row for code 3.11, and all rows for codes 3.13, 3.2, 3.21, 3.22, 30.11, 30.12, and 30.21, were never captured (a scroll/screenshot gap between images). These are marked with DATA_GAP:true and a note field rather than filled with guessed values. Given the density and volume of this table (~365 data rows), spot-checking a sample against the original source CSV (lookupTables/Component/tblBoring.csv) is recommended before using this for production costing decisions.",182,511,273,966,Bore,"Sandvik Fine Boring, inserts pC31",20.32,300,Brinell,25.0,0.4,6.35,8,87.5,0.5,0.05,4000,15,12.8,1.0,,
USA reference export,Lookup Table,Machining > Lookup Tables,tblBoring,lookupTables/Component/tblBoring.csv,"This table was transcribed from 24 screenshots across two batches. Two genuine gaps exist in the source screenshots themselves (not introduced by this transcription): (1) Corobore 820, material code 20.12, diameter 237.0mm row was never captured. (2) Sandvik Duobore pC14-C21: the 270mm-diameter row for code 3.11, and all rows for codes 3.13, 3.2, 3.21, 3.22, 30.11, 30.12, and 30.21, were never captured (a scroll/screenshot gap between images). These are marked with DATA_GAP:true and a note field rather than filled with guessed values. Given the density and volume of this table (~365 data rows), spot-checking a sample against the original source CSV (lookupTables/Component/tblBoring.csv) is recommended before using this for production costing decisions.",182,511,273,966,Bore,"Sandvik Fine Boring, inserts pC31",20.32,300,Brinell,49.5,0.4,6.35,8,173.3,0.75,0.05,4000,15,12.8,1.0,,
USA reference export,Lookup Table,Machining > Lookup Tables,tblBoring,lookupTables/Component/tblBoring.csv,"This table was transcribed from 24 screenshots across two batches. Two genuine gaps exist in the source screenshots themselves (not introduced by this transcription): (1) Corobore 820, material code 20.12, diameter 237.0mm row was never captured. (2) Sandvik Duobore pC14-C21: the 270mm-diameter row for code 3.11, and all rows for codes 3.13, 3.2, 3.21, 3.22, 30.11, 30.12, and 30.21, were never captured (a scroll/screenshot gap between images). These are marked with DATA_GAP:true and a note field rather than filled with guessed values. Given the density and volume of this table (~365 data rows), spot-checking a sample against the original source CSV (lookupTables/Component/tblBoring.csv) is recommended before using this for production costing decisions.",182,511,273,966,Bore,"Sandvik Fine Boring, inserts pC31",20.32,300,Brinell,103.5,0.4,6.35,8,362.3,1.0,0.08,4000,15,12.8,1.0,,
USA reference export,Lookup Table,Machining > Lookup Tables,tblBoring,lookupTables/Component/tblBoring.csv,"This table was transcribed from 24 screenshots across two batches. Two genuine gaps exist in the source screenshots themselves (not introduced by this transcription): (1) Corobore 820, material code 20.12, diameter 237.0mm row was never captured. (2) Sandvik Duobore pC14-C21: the 270mm-diameter row for code 3.11, and all rows for codes 3.13, 3.2, 3.21, 3.22, 30.11, 30.12, and 30.21, were never captured (a scroll/screenshot gap between images). These are marked with DATA_GAP:true and a note field rather than filled with guessed values. Given the density and volume of this table (~365 data rows), spot-checking a sample against the original source CSV (lookupTables/Component/tblBoring.csv) is recommended before using this for production costing decisions.",182,511,273,966,Bore,"Sandvik Fine Boring, inserts pC31",20.33,320,Brinell,25.0,0.4,6.35,4,87.5,0.51,0.05,4140,15,12.8,1.0,,
USA reference export,Lookup Table,Machining > Lookup Tables,tblBoring,lookupTables/Component/tblBoring.csv,"This table was transcribed from 24 screenshots across two batches. Two genuine gaps exist in the source screenshots themselves (not introduced by this transcription): (1) Corobore 820, material code 20.12, diameter 237.0mm row was never captured. (2) Sandvik Duobore pC14-C21: the 270mm-diameter row for code 3.11, and all rows for codes 3.13, 3.2, 3.21, 3.22, 30.11, 30.12, and 30.21, were never captured (a scroll/screenshot gap between images). These are marked with DATA_GAP:true and a note field rather than filled with guessed values. Given the density and volume of this table (~365 data rows), spot-checking a sample against the original source CSV (lookupTables/Component/tblBoring.csv) is recommended before using this for production costing decisions.",182,511,273,966,Bore,"Sandvik Fine Boring, inserts pC31",20.33,320,Brinell,49.5,0.4,6.35,4,173.3,0.765,0.05,4140,15,12.8,1.0,,
USA reference export,Lookup Table,Machining > Lookup Tables,tblBoring,lookupTables/Component/tblBoring.csv,"This table was transcribed from 24 screenshots across two batches. Two genuine gaps exist in the source screenshots themselves (not introduced by this transcription): (1) Corobore 820, material code 20.12, diameter 237.0mm row was never captured. (2) Sandvik Duobore pC14-C21: the 270mm-diameter row for code 3.11, and all rows for codes 3.13, 3.2, 3.21, 3.22, 30.11, 30.12, and 30.21, were never captured (a scroll/screenshot gap between images). These are marked with DATA_GAP:true and a note field rather than filled with guessed values. Given the density and volume of this table (~365 data rows), spot-checking a sample against the original source CSV (lookupTables/Component/tblBoring.csv) is recommended before using this for production costing decisions.",182,511,273,966,Bore,"Sandvik Fine Boring, inserts pC31",20.33,320,Brinell,103.5,0.4,6.35,4,362.3,1.02,0.08,4140,15,12.8,1.0,,
USA reference export,Lookup Table,Machining > Lookup Tables,tblBoring,lookupTables/Component/tblBoring.csv,"This table was transcribed from 24 screenshots across two batches. Two genuine gaps exist in the source screenshots themselves (not introduced by this transcription): (1) Corobore 820, material code 20.12, diameter 237.0mm row was never captured. (2) Sandvik Duobore pC14-C21: the 270mm-diameter row for code 3.11, and all rows for codes 3.13, 3.2, 3.21, 3.22, 30.11, 30.12, and 30.21, were never captured (a scroll/screenshot gap between images). These are marked with DATA_GAP:true and a note field rather than filled with guessed values. Given the density and volume of this table (~365 data rows), spot-checking a sample against the original source CSV (lookupTables/Component/tblBoring.csv) is recommended before using this for production costing decisions.",182,511,273,966,Bore,"Sandvik Fine Boring, inserts pC31",23.1,400,Tensile Strength,25.0,0.4,6.35,60,87.5,0.7,0.05,1660,15,12.8,1.0,,
USA reference export,Lookup Table,Machining > Lookup Tables,tblBoring,lookupTables/Component/tblBoring.csv,"This table was transcribed from 24 screenshots across two batches. Two genuine gaps exist in the source screenshots themselves (not introduced by this transcription): (1) Corobore 820, material code 20.12, diameter 237.0mm row was never captured. (2) Sandvik Duobore pC14-C21: the 270mm-diameter row for code 3.11, and all rows for codes 3.13, 3.2, 3.21, 3.22, 30.11, 30.12, and 30.21, were never captured (a scroll/screenshot gap between images). These are marked with DATA_GAP:true and a note field rather than filled with guessed values. Given the density and volume of this table (~365 data rows), spot-checking a sample against the original source CSV (lookupTables/Component/tblBoring.csv) is recommended before using this for production costing decisions.",182,511,273,966,Bore,"Sandvik Fine Boring, inserts pC31",23.1,400,Tensile Strength,49.5,0.4,6.35,60,173.3,1.05,0.05,1660,15,12.8,1.0,,
USA reference export,Lookup Table,Machining > Lookup Tables,tblBoring,lookupTables/Component/tblBoring.csv,"This table was transcribed from 24 screenshots across two batches. Two genuine gaps exist in the source screenshots themselves (not introduced by this transcription): (1) Corobore 820, material code 20.12, diameter 237.0mm row was never captured. (2) Sandvik Duobore pC14-C21: the 270mm-diameter row for code 3.11, and all rows for codes 3.13, 3.2, 3.21, 3.22, 30.11, 30.12, and 30.21, were never captured (a scroll/screenshot gap between images). These are marked with DATA_GAP:true and a note field rather than filled with guessed values. Given the density and volume of this table (~365 data rows), spot-checking a sample against the original source CSV (lookupTables/Component/tblBoring.csv) is recommended before using this for production costing decisions.",182,511,273,966,Bore,"Sandvik Fine Boring, inserts pC31",23.1,400,Tensile Strength,103.5,0.4,6.35,60,362.3,1.4,0.08,1660,15,12.8,1.0,,
USA reference export,Lookup Table,Machining > Lookup Tables,tblBoring,lookupTables/Component/tblBoring.csv,"This table was transcribed from 24 screenshots across two batches. Two genuine gaps exist in the source screenshots themselves (not introduced by this transcription): (1) Corobore 820, material code 20.12, diameter 237.0mm row was never captured. (2) Sandvik Duobore pC14-C21: the 270mm-diameter row for code 3.11, and all rows for codes 3.13, 3.2, 3.21, 3.22, 30.11, 30.12, and 30.21, were never captured (a scroll/screenshot gap between images). These are marked with DATA_GAP:true and a note field rather than filled with guessed values. Given the density and volume of this table (~365 data rows), spot-checking a sample against the original source CSV (lookupTables/Component/tblBoring.csv) is recommended before using this for production costing decisions.",182,511,273,966,Bore,"Sandvik Fine Boring, inserts pC31",23.21,950,Tensile Strength,25.0,0.4,6.35,44,87.5,0.7,0.05,1800,15,12.8,1.0,,
USA reference export,Lookup Table,Machining > Lookup Tables,tblBoring,lookupTables/Component/tblBoring.csv,"This table was transcribed from 24 screenshots across two batches. Two genuine gaps exist in the source screenshots themselves (not introduced by this transcription): (1) Corobore 820, material code 20.12, diameter 237.0mm row was never captured. (2) Sandvik Duobore pC14-C21: the 270mm-diameter row for code 3.11, and all rows for codes 3.13, 3.2, 3.21, 3.22, 30.11, 30.12, and 30.21, were never captured (a scroll/screenshot gap between images). These are marked with DATA_GAP:true and a note field rather than filled with guessed values. Given the density and volume of this table (~365 data rows), spot-checking a sample against the original source CSV (lookupTables/Component/tblBoring.csv) is recommended before using this for production costing decisions.",182,511,273,966,Bore,"Sandvik Fine Boring, inserts pC31",23.21,950,Tensile Strength,49.5,0.4,6.35,44,173.3,1.05,0.05,1800,15,12.8,1.0,,
USA reference export,Lookup Table,Machining > Lookup Tables,tblBoring,lookupTables/Component/tblBoring.csv,"This table was transcribed from 24 screenshots across two batches. Two genuine gaps exist in the source screenshots themselves (not introduced by this transcription): (1) Corobore 820, material code 20.12, diameter 237.0mm row was never captured. (2) Sandvik Duobore pC14-C21: the 270mm-diameter row for code 3.11, and all rows for codes 3.13, 3.2, 3.21, 3.22, 30.11, 30.12, and 30.21, were never captured (a scroll/screenshot gap between images). These are marked with DATA_GAP:true and a note field rather than filled with guessed values. Given the density and volume of this table (~365 data rows), spot-checking a sample against the original source CSV (lookupTables/Component/tblBoring.csv) is recommended before using this for production costing decisions.",182,511,273,966,Bore,"Sandvik Fine Boring, inserts pC31",23.21,950,Tensile Strength,103.5,0.4,6.35,44,362.3,1.4,0.08,1800,15,12.8,1.0,,
USA reference export,Lookup Table,Machining > Lookup Tables,tblBoring,lookupTables/Component/tblBoring.csv,"This table was transcribed from 24 screenshots across two batches. Two genuine gaps exist in the source screenshots themselves (not introduced by this transcription): (1) Corobore 820, material code 20.12, diameter 237.0mm row was never captured. (2) Sandvik Duobore pC14-C21: the 270mm-diameter row for code 3.11, and all rows for codes 3.13, 3.2, 3.21, 3.22, 30.11, 30.12, and 30.21, were never captured (a scroll/screenshot gap between images). These are marked with DATA_GAP:true and a note field rather than filled with guessed values. Given the density and volume of this table (~365 data rows), spot-checking a sample against the original source CSV (lookupTables/Component/tblBoring.csv) is recommended before using this for production costing decisions.",182,511,273,966,Bore,"Sandvik Fine Boring, inserts pC31",23.22,1050,Tensile Strength,25.0,0.4,6.35,44,87.5,0.7,0.05,1800,15,12.8,1.0,,
USA reference export,Lookup Table,Machining > Lookup Tables,tblBoring,lookupTables/Component/tblBoring.csv,"This table was transcribed from 24 screenshots across two batches. Two genuine gaps exist in the source screenshots themselves (not introduced by this transcription): (1) Corobore 820, material code 20.12, diameter 237.0mm row was never captured. (2) Sandvik Duobore pC14-C21: the 270mm-diameter row for code 3.11, and all rows for codes 3.13, 3.2, 3.21, 3.22, 30.11, 30.12, and 30.21, were never captured (a scroll/screenshot gap between images). These are marked with DATA_GAP:true and a note field rather than filled with guessed values. Given the density and volume of this table (~365 data rows), spot-checking a sample against the original source CSV (lookupTables/Component/tblBoring.csv) is recommended before using this for production costing decisions.",182,511,273,966,Bore,"Sandvik Fine Boring, inserts pC31",23.22,1050,Tensile Strength,49.5,0.4,6.35,44,173.3,1.05,0.05,1800,15,12.8,1.0,,
USA reference export,Lookup Table,Machining > Lookup Tables,tblBoring,lookupTables/Component/tblBoring.csv,"This table was transcribed from 24 screenshots across two batches. Two genuine gaps exist in the source screenshots themselves (not introduced by this transcription): (1) Corobore 820, material code 20.12, diameter 237.0mm row was never captured. (2) Sandvik Duobore pC14-C21: the 270mm-diameter row for code 3.11, and all rows for codes 3.13, 3.2, 3.21, 3.22, 30.11, 30.12, and 30.21, were never captured (a scroll/screenshot gap between images). These are marked with DATA_GAP:true and a note field rather than filled with guessed values. Given the density and volume of this table (~365 data rows), spot-checking a sample against the original source CSV (lookupTables/Component/tblBoring.csv) is recommended before using this for production costing decisions.",182,511,273,966,Bore,"Sandvik Fine Boring, inserts pC31",23.22,1050,Tensile Strength,103.5,0.4,6.35,44,362.3,1.4,0.08,1800,15,12.8,1.0,,
USA reference export,Lookup Table,Machining > Lookup Tables,tblBoring,lookupTables/Component/tblBoring.csv,"This table was transcribed from 24 screenshots across two batches. Two genuine gaps exist in the source screenshots themselves (not introduced by this transcription): (1) Corobore 820, material code 20.12, diameter 237.0mm row was never captured. (2) Sandvik Duobore pC14-C21: the 270mm-diameter row for code 3.11, and all rows for codes 3.13, 3.2, 3.21, 3.22, 30.11, 30.12, and 30.21, were never captured (a scroll/screenshot gap between images). These are marked with DATA_GAP:true and a note field rather than filled with guessed values. Given the density and volume of this table (~365 data rows), spot-checking a sample against the original source CSV (lookupTables/Component/tblBoring.csv) is recommended before using this for production costing decisions.",182,511,273,966,Bore,"Sandvik Fine Boring, inserts pC31",3.1,200,Brinell,25.0,0.4,6.35,212,87.5,0.7,0.05,2740,15,12.8,1.0,,
USA reference export,Lookup Table,Machining > Lookup Tables,tblBoring,lookupTables/Component/tblBoring.csv,"This table was transcribed from 24 screenshots across two batches. Two genuine gaps exist in the source screenshots themselves (not introduced by this transcription): (1) Corobore 820, material code 20.12, diameter 237.0mm row was never captured. (2) Sandvik Duobore pC14-C21: the 270mm-diameter row for code 3.11, and all rows for codes 3.13, 3.2, 3.21, 3.22, 30.11, 30.12, and 30.21, were never captured (a scroll/screenshot gap between images). These are marked with DATA_GAP:true and a note field rather than filled with guessed values. Given the density and volume of this table (~365 data rows), spot-checking a sample against the original source CSV (lookupTables/Component/tblBoring.csv) is recommended before using this for production costing decisions.",182,511,273,966,Bore,"Sandvik Fine Boring, inserts pC31",3.1,200,Brinell,49.5,0.4,6.35,212,173.3,1.05,0.05,2740,15,12.8,1.0,,
USA reference export,Lookup Table,Machining > Lookup Tables,tblBoring,lookupTables/Component/tblBoring.csv,"This table was transcribed from 24 screenshots across two batches. Two genuine gaps exist in the source screenshots themselves (not introduced by this transcription): (1) Corobore 820, material code 20.12, diameter 237.0mm row was never captured. (2) Sandvik Duobore pC14-C21: the 270mm-diameter row for code 3.11, and all rows for codes 3.13, 3.2, 3.21, 3.22, 30.11, 30.12, and 30.21, were never captured (a scroll/screenshot gap between images). These are marked with DATA_GAP:true and a note field rather than filled with guessed values. Given the density and volume of this table (~365 data rows), spot-checking a sample against the original source CSV (lookupTables/Component/tblBoring.csv) is recommended before using this for production costing decisions.",182,511,273,966,Bore,"Sandvik Fine Boring, inserts pC31",3.1,200,Brinell,103.5,0.4,6.35,212,362.3,1.4,0.08,2740,15,12.8,1.0,,
USA reference export,Lookup Table,Machining > Lookup Tables,tblBoring,lookupTables/Component/tblBoring.csv,"This table was transcribed from 24 screenshots across two batches. Two genuine gaps exist in the source screenshots themselves (not introduced by this transcription): (1) Corobore 820, material code 20.12, diameter 237.0mm row was never captured. (2) Sandvik Duobore pC14-C21: the 270mm-diameter row for code 3.11, and all rows for codes 3.13, 3.2, 3.21, 3.22, 30.11, 30.12, and 30.21, were never captured (a scroll/screenshot gap between images). These are marked with DATA_GAP:true and a note field rather than filled with guessed values. Given the density and volume of this table (~365 data rows), spot-checking a sample against the original source CSV (lookupTables/Component/tblBoring.csv) is recommended before using this for production costing decisions.",182,511,273,966,Bore,"Sandvik Fine Boring, inserts pC31",3.11,200,Brinell,25.0,0.4,6.35,133,87.5,0.7,0.05,2600,15,12.8,1.0,,
USA reference export,Lookup Table,Machining > Lookup Tables,tblBoring,lookupTables/Component/tblBoring.csv,"This table was transcribed from 24 screenshots across two batches. Two genuine gaps exist in the source screenshots themselves (not introduced by this transcription): (1) Corobore 820, material code 20.12, diameter 237.0mm row was never captured. (2) Sandvik Duobore pC14-C21: the 270mm-diameter row for code 3.11, and all rows for codes 3.13, 3.2, 3.21, 3.22, 30.11, 30.12, and 30.21, were never captured (a scroll/screenshot gap between images). These are marked with DATA_GAP:true and a note field rather than filled with guessed values. Given the density and volume of this table (~365 data rows), spot-checking a sample against the original source CSV (lookupTables/Component/tblBoring.csv) is recommended before using this for production costing decisions.",182,511,273,966,Bore,"Sandvik Fine Boring, inserts pC31",3.11,200,Brinell,49.5,0.4,6.35,133,173.3,1.05,0.05,2600,15,12.8,1.0,,
USA reference export,Lookup Table,Machining > Lookup Tables,tblBoring,lookupTables/Component/tblBoring.csv,"This table was transcribed from 24 screenshots across two batches. Two genuine gaps exist in the source screenshots themselves (not introduced by this transcription): (1) Corobore 820, material code 20.12, diameter 237.0mm row was never captured. (2) Sandvik Duobore pC14-C21: the 270mm-diameter row for code 3.11, and all rows for codes 3.13, 3.2, 3.21, 3.22, 30.11, 30.12, and 30.21, were never captured (a scroll/screenshot gap between images). These are marked with DATA_GAP:true and a note field rather than filled with guessed values. Given the density and volume of this table (~365 data rows), spot-checking a sample against the original source CSV (lookupTables/Component/tblBoring.csv) is recommended before using this for production costing decisions.",182,511,273,966,Bore,"Sandvik Fine Boring, inserts pC31",3.11,200,Brinell,103.5,0.4,6.35,133,362.3,1.4,0.08,2600,15,12.8,1.0,,
USA reference export,Lookup Table,Machining > Lookup Tables,tblBoring,lookupTables/Component/tblBoring.csv,"This table was transcribed from 24 screenshots across two batches. Two genuine gaps exist in the source screenshots themselves (not introduced by this transcription): (1) Corobore 820, material code 20.12, diameter 237.0mm row was never captured. (2) Sandvik Duobore pC14-C21: the 270mm-diameter row for code 3.11, and all rows for codes 3.13, 3.2, 3.21, 3.22, 30.11, 30.12, and 30.21, were never captured (a scroll/screenshot gap between images). These are marked with DATA_GAP:true and a note field rather than filled with guessed values. Given the density and volume of this table (~365 data rows), spot-checking a sample against the original source CSV (lookupTables/Component/tblBoring.csv) is recommended before using this for production costing decisions.",182,511,273,966,Bore,"Sandvik Fine Boring, inserts pC31",3.13,200,Brinell,25.0,0.4,6.35,70,87.5,0.55,0.05,2900,15,12.8,1.0,,
USA reference export,Lookup Table,Machining > Lookup Tables,tblBoring,lookupTables/Component/tblBoring.csv,"This table was transcribed from 24 screenshots across two batches. Two genuine gaps exist in the source screenshots themselves (not introduced by this transcription): (1) Corobore 820, material code 20.12, diameter 237.0mm row was never captured. (2) Sandvik Duobore pC14-C21: the 270mm-diameter row for code 3.11, and all rows for codes 3.13, 3.2, 3.21, 3.22, 30.11, 30.12, and 30.21, were never captured (a scroll/screenshot gap between images). These are marked with DATA_GAP:true and a note field rather than filled with guessed values. Given the density and volume of this table (~365 data rows), spot-checking a sample against the original source CSV (lookupTables/Component/tblBoring.csv) is recommended before using this for production costing decisions.",182,511,273,966,Bore,"Sandvik Fine Boring, inserts pC31",3.13,200,Brinell,49.5,0.4,6.35,70,173.3,0.825,0.05,2900,15,12.8,1.0,,
USA reference export,Lookup Table,Machining > Lookup Tables,tblBoring,lookupTables/Component/tblBoring.csv,"This table was transcribed from 24 screenshots across two batches. Two genuine gaps exist in the source screenshots themselves (not introduced by this transcription): (1) Corobore 820, material code 20.12, diameter 237.0mm row was never captured. (2) Sandvik Duobore pC14-C21: the 270mm-diameter row for code 3.11, and all rows for codes 3.13, 3.2, 3.21, 3.22, 30.11, 30.12, and 30.21, were never captured (a scroll/screenshot gap between images). These are marked with DATA_GAP:true and a note field rather than filled with guessed values. Given the density and volume of this table (~365 data rows), spot-checking a sample against the original source CSV (lookupTables/Component/tblBoring.csv) is recommended before using this for production costing decisions.",182,511,273,966,Bore,"Sandvik Fine Boring, inserts pC31",3.13,200,Brinell,103.5,0.4,6.35,70,362.3,1.1,0.08,2900,15,12.8,1.0,,
USA reference export,Lookup Table,Machining > Lookup Tables,tblBoring,lookupTables/Component/tblBoring.csv,"This table was transcribed from 24 screenshots across two batches. Two genuine gaps exist in the source screenshots themselves (not introduced by this transcription): (1) Corobore 820, material code 20.12, diameter 237.0mm row was never captured. (2) Sandvik Duobore pC14-C21: the 270mm-diameter row for code 3.11, and all rows for codes 3.13, 3.2, 3.21, 3.22, 30.11, 30.12, and 30.21, were never captured (a scroll/screenshot gap between images). These are marked with DATA_GAP:true and a note field rather than filled with guessed values. Given the density and volume of this table (~365 data rows), spot-checking a sample against the original source CSV (lookupTables/Component/tblBoring.csv) is recommended before using this for production costing decisions.",182,511,273,966,Bore,"Sandvik Fine Boring, inserts pC31",3.2,225,Brinell,25.0,0.4,6.35,141,87.5,0.6,0.05,4100,15,12.8,1.0,,
USA reference export,Lookup Table,Machining > Lookup Tables,tblBoring,lookupTables/Component/tblBoring.csv,"This table was transcribed from 24 screenshots across two batches. Two genuine gaps exist in the source screenshots themselves (not introduced by this transcription): (1) Corobore 820, material code 20.12, diameter 237.0mm row was never captured. (2) Sandvik Duobore pC14-C21: the 270mm-diameter row for code 3.11, and all rows for codes 3.13, 3.2, 3.21, 3.22, 30.11, 30.12, and 30.21, were never captured (a scroll/screenshot gap between images). These are marked with DATA_GAP:true and a note field rather than filled with guessed values. Given the density and volume of this table (~365 data rows), spot-checking a sample against the original source CSV (lookupTables/Component/tblBoring.csv) is recommended before using this for production costing decisions.",182,511,273,966,Bore,"Sandvik Fine Boring, inserts pC31",3.2,225,Brinell,49.5,0.4,6.35,141,173.3,0.9,0.05,4100,15,12.8,1.0,,
USA reference export,Lookup Table,Machining > Lookup Tables,tblBoring,lookupTables/Component/tblBoring.csv,"This table was transcribed from 24 screenshots across two batches. Two genuine gaps exist in the source screenshots themselves (not introduced by this transcription): (1) Corobore 820, material code 20.12, diameter 237.0mm row was never captured. (2) Sandvik Duobore pC14-C21: the 270mm-diameter row for code 3.11, and all rows for codes 3.13, 3.2, 3.21, 3.22, 30.11, 30.12, and 30.21, were never captured (a scroll/screenshot gap between images). These are marked with DATA_GAP:true and a note field rather than filled with guessed values. Given the density and volume of this table (~365 data rows), spot-checking a sample against the original source CSV (lookupTables/Component/tblBoring.csv) is recommended before using this for production costing decisions.",182,511,273,966,Bore,"Sandvik Fine Boring, inserts pC31",3.2,225,Brinell,103.5,0.4,6.35,141,362.3,1.2,0.08,4100,15,12.8,1.0,,
USA reference export,Lookup Table,Machining > Lookup Tables,tblBoring,lookupTables/Component/tblBoring.csv,"This table was transcribed from 24 screenshots across two batches. Two genuine gaps exist in the source screenshots themselves (not introduced by this transcription): (1) Corobore 820, material code 20.12, diameter 237.0mm row was never captured. (2) Sandvik Duobore pC14-C21: the 270mm-diameter row for code 3.11, and all rows for codes 3.13, 3.2, 3.21, 3.22, 30.11, 30.12, and 30.21, were never captured (a scroll/screenshot gap between images). These are marked with DATA_GAP:true and a note field rather than filled with guessed values. Given the density and volume of this table (~365 data rows), spot-checking a sample against the original source CSV (lookupTables/Component/tblBoring.csv) is recommended before using this for production costing decisions.",182,511,273,966,Bore,"Sandvik Fine Boring, inserts pC31",3.21,300,Brinell,25.0,0.4,6.35,96,87.5,0.6,0.05,3900,15,12.8,1.0,,
USA reference export,Lookup Table,Machining > Lookup Tables,tblBoring,lookupTables/Component/tblBoring.csv,"This table was transcribed from 24 screenshots across two batches. Two genuine gaps exist in the source screenshots themselves (not introduced by this transcription): (1) Corobore 820, material code 20.12, diameter 237.0mm row was never captured. (2) Sandvik Duobore pC14-C21: the 270mm-diameter row for code 3.11, and all rows for codes 3.13, 3.2, 3.21, 3.22, 30.11, 30.12, and 30.21, were never captured (a scroll/screenshot gap between images). These are marked with DATA_GAP:true and a note field rather than filled with guessed values. Given the density and volume of this table (~365 data rows), spot-checking a sample against the original source CSV (lookupTables/Component/tblBoring.csv) is recommended before using this for production costing decisions.",182,511,273,966,Bore,"Sandvik Fine Boring, inserts pC31",3.21,300,Brinell,49.5,0.4,6.35,96,173.3,0.9,0.05,3900,15,12.8,1.0,,
USA reference export,Lookup Table,Machining > Lookup Tables,tblBoring,lookupTables/Component/tblBoring.csv,"This table was transcribed from 24 screenshots across two batches. Two genuine gaps exist in the source screenshots themselves (not introduced by this transcription): (1) Corobore 820, material code 20.12, diameter 237.0mm row was never captured. (2) Sandvik Duobore pC14-C21: the 270mm-diameter row for code 3.11, and all rows for codes 3.13, 3.2, 3.21, 3.22, 30.11, 30.12, and 30.21, were never captured (a scroll/screenshot gap between images). These are marked with DATA_GAP:true and a note field rather than filled with guessed values. Given the density and volume of this table (~365 data rows), spot-checking a sample against the original source CSV (lookupTables/Component/tblBoring.csv) is recommended before using this for production costing decisions.",182,511,273,966,Bore,"Sandvik Fine Boring, inserts pC31",3.21,300,Brinell,103.5,0.4,6.35,96,362.3,1.2,0.08,3900,15,12.8,1.0,,
USA reference export,Lookup Table,Machining > Lookup Tables,tblBoring,lookupTables/Component/tblBoring.csv,"This table was transcribed from 24 screenshots across two batches. Two genuine gaps exist in the source screenshots themselves (not introduced by this transcription): (1) Corobore 820, material code 20.12, diameter 237.0mm row was never captured. (2) Sandvik Duobore pC14-C21: the 270mm-diameter row for code 3.11, and all rows for codes 3.13, 3.2, 3.21, 3.22, 30.11, 30.12, and 30.21, were never captured (a scroll/screenshot gap between images). These are marked with DATA_GAP:true and a note field rather than filled with guessed values. Given the density and volume of this table (~365 data rows), spot-checking a sample against the original source CSV (lookupTables/Component/tblBoring.csv) is recommended before using this for production costing decisions.",182,511,273,966,Bore,"Sandvik Fine Boring, inserts pC31",3.22,380,Brinell,25.0,0.4,6.35,61,87.5,1.0,0.05,4140,15,12.8,1.0,,
USA reference export,Lookup Table,Machining > Lookup Tables,tblBoring,lookupTables/Component/tblBoring.csv,"This table was transcribed from 24 screenshots across two batches. Two genuine gaps exist in the source screenshots themselves (not introduced by this transcription): (1) Corobore 820, material code 20.12, diameter 237.0mm row was never captured. (2) Sandvik Duobore pC14-C21: the 270mm-diameter row for code 3.11, and all rows for codes 3.13, 3.2, 3.21, 3.22, 30.11, 30.12, and 30.21, were never captured (a scroll/screenshot gap between images). These are marked with DATA_GAP:true and a note field rather than filled with guessed values. Given the density and volume of this table (~365 data rows), spot-checking a sample against the original source CSV (lookupTables/Component/tblBoring.csv) is recommended before using this for production costing decisions.",182,511,273,966,Bore,"Sandvik Fine Boring, inserts pC31",3.22,380,Brinell,49.5,0.4,6.35,61,173.3,1.5,0.05,4140,15,12.8,1.0,,
USA reference export,Lookup Table,Machining > Lookup Tables,tblBoring,lookupTables/Component/tblBoring.csv,"This table was transcribed from 24 screenshots across two batches. Two genuine gaps exist in the source screenshots themselves (not introduced by this transcription): (1) Corobore 820, material code 20.12, diameter 237.0mm row was never captured. (2) Sandvik Duobore pC14-C21: the 270mm-diameter row for code 3.11, and all rows for codes 3.13, 3.2, 3.21, 3.22, 30.11, 30.12, and 30.21, were never captured (a scroll/screenshot gap between images). These are marked with DATA_GAP:true and a note field rather than filled with guessed values. Given the density and volume of this table (~365 data rows), spot-checking a sample against the original source CSV (lookupTables/Component/tblBoring.csv) is recommended before using this for production costing decisions.",182,511,273,966,Bore,"Sandvik Fine Boring, inserts pC31",3.22,380,Brinell,103.5,0.4,6.35,61,362.3,2.0,0.08,4140,15,12.8,1.0,,
USA reference export,Lookup Table,Machining > Lookup Tables,tblBoring,lookupTables/Component/tblBoring.csv,"This table was transcribed from 24 screenshots across two batches. Two genuine gaps exist in the source screenshots themselves (not introduced by this transcription): (1) Corobore 820, material code 20.12, diameter 237.0mm row was never captured. (2) Sandvik Duobore pC14-C21: the 270mm-diameter row for code 3.11, and all rows for codes 3.13, 3.2, 3.21, 3.22, 30.11, 30.12, and 30.21, were never captured (a scroll/screenshot gap between images). These are marked with DATA_GAP:true and a note field rather than filled with guessed values. Given the density and volume of this table (~365 data rows), spot-checking a sample against the original source CSV (lookupTables/Component/tblBoring.csv) is recommended before using this for production costing decisions.",182,511,273,966,Bore,"Sandvik Fine Boring, inserts pC31",30.11,60,Brinell,25.0,0.4,6.35,259,87.5,0.8,0.05,520,15,12.8,1.0,,
USA reference export,Lookup Table,Machining > Lookup Tables,tblBoring,lookupTables/Component/tblBoring.csv,"This table was transcribed from 24 screenshots across two batches. Two genuine gaps exist in the source screenshots themselves (not introduced by this transcription): (1) Corobore 820, material code 20.12, diameter 237.0mm row was never captured. (2) Sandvik Duobore pC14-C21: the 270mm-diameter row for code 3.11, and all rows for codes 3.13, 3.2, 3.21, 3.22, 30.11, 30.12, and 30.21, were never captured (a scroll/screenshot gap between images). These are marked with DATA_GAP:true and a note field rather than filled with guessed values. Given the density and volume of this table (~365 data rows), spot-checking a sample against the original source CSV (lookupTables/Component/tblBoring.csv) is recommended before using this for production costing decisions.",182,511,273,966,Bore,"Sandvik Fine Boring, inserts pC31",30.11,60,Brinell,49.5,0.4,6.35,259,173.3,1.2,0.05,520,15,12.8,1.0,,
USA reference export,Lookup Table,Machining > Lookup Tables,tblBoring,lookupTables/Component/tblBoring.csv,"This table was transcribed from 24 screenshots across two batches. Two genuine gaps exist in the source screenshots themselves (not introduced by this transcription): (1) Corobore 820, material code 20.12, diameter 237.0mm row was never captured. (2) Sandvik Duobore pC14-C21: the 270mm-diameter row for code 3.11, and all rows for codes 3.13, 3.2, 3.21, 3.22, 30.11, 30.12, and 30.21, were never captured (a scroll/screenshot gap between images). These are marked with DATA_GAP:true and a note field rather than filled with guessed values. Given the density and volume of this table (~365 data rows), spot-checking a sample against the original source CSV (lookupTables/Component/tblBoring.csv) is recommended before using this for production costing decisions.",182,511,273,966,Bore,"Sandvik Fine Boring, inserts pC31",30.11,60,Brinell,103.5,0.4,6.35,259,362.3,1.6,0.08,520,15,12.8,1.0,,
USA reference export,Lookup Table,Machining > Lookup Tables,tblBoring,lookupTables/Component/tblBoring.csv,"This table was transcribed from 24 screenshots across two batches. Two genuine gaps exist in the source screenshots themselves (not introduced by this transcription): (1) Corobore 820, material code 20.12, diameter 237.0mm row was never captured. (2) Sandvik Duobore pC14-C21: the 270mm-diameter row for code 3.11, and all rows for codes 3.13, 3.2, 3.21, 3.22, 30.11, 30.12, and 30.21, were never captured (a scroll/screenshot gap between images). These are marked with DATA_GAP:true and a note field rather than filled with guessed values. Given the density and volume of this table (~365 data rows), spot-checking a sample against the original source CSV (lookupTables/Component/tblBoring.csv) is recommended before using this for production costing decisions.",182,511,273,966,Bore,"Sandvik Fine Boring, inserts pC31",30.12,100,Brinell,25.0,0.4,6.35,259,87.5,0.8,0.05,880,15,12.8,1.0,,
USA reference export,Lookup Table,Machining > Lookup Tables,tblBoring,lookupTables/Component/tblBoring.csv,"This table was transcribed from 24 screenshots across two batches. Two genuine gaps exist in the source screenshots themselves (not introduced by this transcription): (1) Corobore 820, material code 20.12, diameter 237.0mm row was never captured. (2) Sandvik Duobore pC14-C21: the 270mm-diameter row for code 3.11, and all rows for codes 3.13, 3.2, 3.21, 3.22, 30.11, 30.12, and 30.21, were never captured (a scroll/screenshot gap between images). These are marked with DATA_GAP:true and a note field rather than filled with guessed values. Given the density and volume of this table (~365 data rows), spot-checking a sample against the original source CSV (lookupTables/Component/tblBoring.csv) is recommended before using this for production costing decisions.",182,511,273,966,Bore,"Sandvik Fine Boring, inserts pC31",30.12,100,Brinell,49.5,0.4,6.35,259,173.3,1.2,0.05,880,15,12.8,1.0,,
USA reference export,Lookup Table,Machining > Lookup Tables,tblBoring,lookupTables/Component/tblBoring.csv,"This table was transcribed from 24 screenshots across two batches. Two genuine gaps exist in the source screenshots themselves (not introduced by this transcription): (1) Corobore 820, material code 20.12, diameter 237.0mm row was never captured. (2) Sandvik Duobore pC14-C21: the 270mm-diameter row for code 3.11, and all rows for codes 3.13, 3.2, 3.21, 3.22, 30.11, 30.12, and 30.21, were never captured (a scroll/screenshot gap between images). These are marked with DATA_GAP:true and a note field rather than filled with guessed values. Given the density and volume of this table (~365 data rows), spot-checking a sample against the original source CSV (lookupTables/Component/tblBoring.csv) is recommended before using this for production costing decisions.",182,511,273,966,Bore,"Sandvik Fine Boring, inserts pC31",30.12,100,Brinell,103.5,0.4,6.35,259,362.3,1.6,0.08,880,15,12.8,1.0,,
USA reference export,Lookup Table,Machining > Lookup Tables,tblBoring,lookupTables/Component/tblBoring.csv,"This table was transcribed from 24 screenshots across two batches. Two genuine gaps exist in the source screenshots themselves (not introduced by this transcription): (1) Corobore 820, material code 20.12, diameter 237.0mm row was never captured. (2) Sandvik Duobore pC14-C21: the 270mm-diameter row for code 3.11, and all rows for codes 3.13, 3.2, 3.21, 3.22, 30.11, 30.12, and 30.21, were never captured (a scroll/screenshot gap between images). These are marked with DATA_GAP:true and a note field rather than filled with guessed values. Given the density and volume of this table (~365 data rows), spot-checking a sample against the original source CSV (lookupTables/Component/tblBoring.csv) is recommended before using this for production costing decisions.",182,511,273,966,Bore,"Sandvik Fine Boring, inserts pC31",30.21,75,Brinell,25.0,0.4,6.35,222,87.5,0.8,0.05,800,15,12.8,1.0,,
USA reference export,Lookup Table,Machining > Lookup Tables,tblBoring,lookupTables/Component/tblBoring.csv,"This table was transcribed from 24 screenshots across two batches. Two genuine gaps exist in the source screenshots themselves (not introduced by this transcription): (1) Corobore 820, material code 20.12, diameter 237.0mm row was never captured. (2) Sandvik Duobore pC14-C21: the 270mm-diameter row for code 3.11, and all rows for codes 3.13, 3.2, 3.21, 3.22, 30.11, 30.12, and 30.21, were never captured (a scroll/screenshot gap between images). These are marked with DATA_GAP:true and a note field rather than filled with guessed values. Given the density and volume of this table (~365 data rows), spot-checking a sample against the original source CSV (lookupTables/Component/tblBoring.csv) is recommended before using this for production costing decisions.",182,511,273,966,Bore,"Sandvik Fine Boring, inserts pC31",30.21,75,Brinell,49.5,0.4,6.35,222,173.3,1.2,0.05,800,15,12.8,1.0,,
USA reference export,Lookup Table,Machining > Lookup Tables,tblBoring,lookupTables/Component/tblBoring.csv,"This table was transcribed from 24 screenshots across two batches. Two genuine gaps exist in the source screenshots themselves (not introduced by this transcription): (1) Corobore 820, material code 20.12, diameter 237.0mm row was never captured. (2) Sandvik Duobore pC14-C21: the 270mm-diameter row for code 3.11, and all rows for codes 3.13, 3.2, 3.21, 3.22, 30.11, 30.12, and 30.21, were never captured (a scroll/screenshot gap between images). These are marked with DATA_GAP:true and a note field rather than filled with guessed values. Given the density and volume of this table (~365 data rows), spot-checking a sample against the original source CSV (lookupTables/Component/tblBoring.csv) is recommended before using this for production costing decisions.",182,511,273,966,Bore,"Sandvik Fine Boring, inserts pC31",30.21,75,Brinell,103.5,0.4,6.35,222,362.3,1.6,0.08,800,15,12.8,1.0,,
USA reference export,Lookup Table,Machining > Lookup Tables,tblBoring,lookupTables/Component/tblBoring.csv,"This table was transcribed from 24 screenshots across two batches. Two genuine gaps exist in the source screenshots themselves (not introduced by this transcription): (1) Corobore 820, material code 20.12, diameter 237.0mm row was never captured. (2) Sandvik Duobore pC14-C21: the 270mm-diameter row for code 3.11, and all rows for codes 3.13, 3.2, 3.21, 3.22, 30.11, 30.12, and 30.21, were never captured (a scroll/screenshot gap between images). These are marked with DATA_GAP:true and a note field rather than filled with guessed values. Given the density and volume of this table (~365 data rows), spot-checking a sample against the original source CSV (lookupTables/Component/tblBoring.csv) is recommended before using this for production costing decisions.",182,511,273,966,Bore,"Sandvik Fine Boring, inserts pC31",30.22,90,Brinell,25.0,0.4,6.35,222,87.5,0.8,0.05,940,15,12.8,1.0,,
USA reference export,Lookup Table,Machining > Lookup Tables,tblBoring,lookupTables/Component/tblBoring.csv,"This table was transcribed from 24 screenshots across two batches. Two genuine gaps exist in the source screenshots themselves (not introduced by this transcription): (1) Corobore 820, material code 20.12, diameter 237.0mm row was never captured. (2) Sandvik Duobore pC14-C21: the 270mm-diameter row for code 3.11, and all rows for codes 3.13, 3.2, 3.21, 3.22, 30.11, 30.12, and 30.21, were never captured (a scroll/screenshot gap between images). These are marked with DATA_GAP:true and a note field rather than filled with guessed values. Given the density and volume of this table (~365 data rows), spot-checking a sample against the original source CSV (lookupTables/Component/tblBoring.csv) is recommended before using this for production costing decisions.",182,511,273,966,Bore,"Sandvik Fine Boring, inserts pC31",30.22,90,Brinell,49.5,0.4,6.35,222,173.3,1.2,0.05,940,15,12.8,1.0,,
USA reference export,Lookup Table,Machining > Lookup Tables,tblBoring,lookupTables/Component/tblBoring.csv,"This table was transcribed from 24 screenshots across two batches. Two genuine gaps exist in the source screenshots themselves (not introduced by this transcription): (1) Corobore 820, material code 20.12, diameter 237.0mm row was never captured. (2) Sandvik Duobore pC14-C21: the 270mm-diameter row for code 3.11, and all rows for codes 3.13, 3.2, 3.21, 3.22, 30.11, 30.12, and 30.21, were never captured (a scroll/screenshot gap between images). These are marked with DATA_GAP:true and a note field rather than filled with guessed values. Given the density and volume of this table (~365 data rows), spot-checking a sample against the original source CSV (lookupTables/Component/tblBoring.csv) is recommended before using this for production costing decisions.",182,511,273,966,Bore,"Sandvik Fine Boring, inserts pC31",30.22,90,Brinell,103.5,0.4,6.35,222,362.3,1.6,0.08,940,15,12.8,1.0,,
USA reference export,Lookup Table,Machining > Lookup Tables,tblBoring,lookupTables/Component/tblBoring.csv,"This table was transcribed from 24 screenshots across two batches. Two genuine gaps exist in the source screenshots themselves (not introduced by this transcription): (1) Corobore 820, material code 20.12, diameter 237.0mm row was never captured. (2) Sandvik Duobore pC14-C21: the 270mm-diameter row for code 3.11, and all rows for codes 3.13, 3.2, 3.21, 3.22, 30.11, 30.12, and 30.21, were never captured (a scroll/screenshot gap between images). These are marked with DATA_GAP:true and a note field rather than filled with guessed values. Given the density and volume of this table (~365 data rows), spot-checking a sample against the original source CSV (lookupTables/Component/tblBoring.csv) is recommended before using this for production costing decisions.",182,511,273,966,Bore,"Sandvik Fine Boring, inserts pC31",30.3,30,Brinell,25.0,0.4,6.35,468,87.5,2.5,0.05,460,15,12.8,1.0,,
USA reference export,Lookup Table,Machining > Lookup Tables,tblBoring,lookupTables/Component/tblBoring.csv,"This table was transcribed from 24 screenshots across two batches. Two genuine gaps exist in the source screenshots themselves (not introduced by this transcription): (1) Corobore 820, material code 20.12, diameter 237.0mm row was never captured. (2) Sandvik Duobore pC14-C21: the 270mm-diameter row for code 3.11, and all rows for codes 3.13, 3.2, 3.21, 3.22, 30.11, 30.12, and 30.21, were never captured (a scroll/screenshot gap between images). These are marked with DATA_GAP:true and a note field rather than filled with guessed values. Given the density and volume of this table (~365 data rows), spot-checking a sample against the original source CSV (lookupTables/Component/tblBoring.csv) is recommended before using this for production costing decisions.",182,511,273,966,Bore,"Sandvik Fine Boring, inserts pC31",30.3,30,Brinell,49.5,0.4,6.35,468,173.3,3.75,0.05,460,15,12.8,1.0,,
USA reference export,Lookup Table,Machining > Lookup Tables,tblBoring,lookupTables/Component/tblBoring.csv,"This table was transcribed from 24 screenshots across two batches. Two genuine gaps exist in the source screenshots themselves (not introduced by this transcription): (1) Corobore 820, material code 20.12, diameter 237.0mm row was never captured. (2) Sandvik Duobore pC14-C21: the 270mm-diameter row for code 3.11, and all rows for codes 3.13, 3.2, 3.21, 3.22, 30.11, 30.12, and 30.21, were never captured (a scroll/screenshot gap between images). These are marked with DATA_GAP:true and a note field rather than filled with guessed values. Given the density and volume of this table (~365 data rows), spot-checking a sample against the original source CSV (lookupTables/Component/tblBoring.csv) is recommended before using this for production costing decisions.",182,511,273,966,Bore,"Sandvik Fine Boring, inserts pC31",30.3,30,Brinell,103.5,0.4,6.35,468,362.3,5.0,0.08,460,15,12.8,1.0,,
USA reference export,Lookup Table,Machining > Lookup Tables,tblBoring,lookupTables/Component/tblBoring.csv,"This table was transcribed from 24 screenshots across two batches. Two genuine gaps exist in the source screenshots themselves (not introduced by this transcription): (1) Corobore 820, material code 20.12, diameter 237.0mm row was never captured. (2) Sandvik Duobore pC14-C21: the 270mm-diameter row for code 3.11, and all rows for codes 3.13, 3.2, 3.21, 3.22, 30.11, 30.12, and 30.21, were never captured (a scroll/screenshot gap between images). These are marked with DATA_GAP:true and a note field rather than filled with guessed values. Given the density and volume of this table (~365 data rows), spot-checking a sample against the original source CSV (lookupTables/Component/tblBoring.csv) is recommended before using this for production costing decisions.",182,511,273,966,Bore,"Sandvik Fine Boring, inserts pC31",30.41,130,Brinell,25.0,0.4,6.35,188,87.5,2.0,0.05,940,15,12.8,1.0,,
USA reference export,Lookup Table,Machining > Lookup Tables,tblBoring,lookupTables/Component/tblBoring.csv,"This table was transcribed from 24 screenshots across two batches. Two genuine gaps exist in the source screenshots themselves (not introduced by this transcription): (1) Corobore 820, material code 20.12, diameter 237.0mm row was never captured. (2) Sandvik Duobore pC14-C21: the 270mm-diameter row for code 3.11, and all rows for codes 3.13, 3.2, 3.21, 3.22, 30.11, 30.12, and 30.21, were never captured (a scroll/screenshot gap between images). These are marked with DATA_GAP:true and a note field rather than filled with guessed values. Given the density and volume of this table (~365 data rows), spot-checking a sample against the original source CSV (lookupTables/Component/tblBoring.csv) is recommended before using this for production costing decisions.",182,511,273,966,Bore,"Sandvik Fine Boring, inserts pC31",30.41,130,Brinell,49.5,0.4,6.35,188,173.3,3.0,0.05,940,15,12.8,1.0,,
USA reference export,Lookup Table,Machining > Lookup Tables,tblBoring,lookupTables/Component/tblBoring.csv,"This table was transcribed from 24 screenshots across two batches. Two genuine gaps exist in the source screenshots themselves (not introduced by this transcription): (1) Corobore 820, material code 20.12, diameter 237.0mm row was never captured. (2) Sandvik Duobore pC14-C21: the 270mm-diameter row for code 3.11, and all rows for codes 3.13, 3.2, 3.21, 3.22, 30.11, 30.12, and 30.21, were never captured (a scroll/screenshot gap between images). These are marked with DATA_GAP:true and a note field rather than filled with guessed values. Given the density and volume of this table (~365 data rows), spot-checking a sample against the original source CSV (lookupTables/Component/tblBoring.csv) is recommended before using this for production costing decisions.",182,511,273,966,Bore,"Sandvik Fine Boring, inserts pC31",30.41,130,Brinell,103.5,0.4,6.35,188,362.3,4.0,0.08,940,15,12.8,1.0,,
USA reference export,Lookup Table,Machining > Lookup Tables,tblBoring,lookupTables/Component/tblBoring.csv,"This table was transcribed from 24 screenshots across two batches. Two genuine gaps exist in the source screenshots themselves (not introduced by this transcription): (1) Corobore 820, material code 20.12, diameter 237.0mm row was never captured. (2) Sandvik Duobore pC14-C21: the 270mm-diameter row for code 3.11, and all rows for codes 3.13, 3.2, 3.21, 3.22, 30.11, 30.12, and 30.21, were never captured (a scroll/screenshot gap between images). These are marked with DATA_GAP:true and a note field rather than filled with guessed values. Given the density and volume of this table (~365 data rows), spot-checking a sample against the original source CSV (lookupTables/Component/tblBoring.csv) is recommended before using this for production costing decisions.",182,511,273,966,Bore,"Sandvik Fine Boring, inserts pC31",30.42,130,Brinell,25.0,0.4,6.35,140,87.5,2.0,0.05,940,15,12.8,1.0,,
USA reference export,Lookup Table,Machining > Lookup Tables,tblBoring,lookupTables/Component/tblBoring.csv,"This table was transcribed from 24 screenshots across two batches. Two genuine gaps exist in the source screenshots themselves (not introduced by this transcription): (1) Corobore 820, material code 20.12, diameter 237.0mm row was never captured. (2) Sandvik Duobore pC14-C21: the 270mm-diameter row for code 3.11, and all rows for codes 3.13, 3.2, 3.21, 3.22, 30.11, 30.12, and 30.21, were never captured (a scroll/screenshot gap between images). These are marked with DATA_GAP:true and a note field rather than filled with guessed values. Given the density and volume of this table (~365 data rows), spot-checking a sample against the original source CSV (lookupTables/Component/tblBoring.csv) is recommended before using this for production costing decisions.",182,511,273,966,Bore,"Sandvik Fine Boring, inserts pC31",30.42,130,Brinell,49.5,0.4,6.35,140,173.3,3.0,0.05,940,15,12.8,1.0,,
USA reference export,Lookup Table,Machining > Lookup Tables,tblBoring,lookupTables/Component/tblBoring.csv,"This table was transcribed from 24 screenshots across two batches. Two genuine gaps exist in the source screenshots themselves (not introduced by this transcription): (1) Corobore 820, material code 20.12, diameter 237.0mm row was never captured. (2) Sandvik Duobore pC14-C21: the 270mm-diameter row for code 3.11, and all rows for codes 3.13, 3.2, 3.21, 3.22, 30.11, 30.12, and 30.21, were never captured (a scroll/screenshot gap between images). These are marked with DATA_GAP:true and a note field rather than filled with guessed values. Given the density and volume of this table (~365 data rows), spot-checking a sample against the original source CSV (lookupTables/Component/tblBoring.csv) is recommended before using this for production costing decisions.",182,511,273,966,Bore,"Sandvik Fine Boring, inserts pC31",30.42,130,Brinell,103.5,0.4,6.35,140,362.3,4.0,0.08,940,15,12.8,1.0,,
USA reference export,Lookup Table,Machining > Lookup Tables,tblBoring,lookupTables/Component/tblBoring.csv,"This table was transcribed from 24 screenshots across two batches. Two genuine gaps exist in the source screenshots themselves (not introduced by this transcription): (1) Corobore 820, material code 20.12, diameter 237.0mm row was never captured. (2) Sandvik Duobore pC14-C21: the 270mm-diameter row for code 3.11, and all rows for codes 3.13, 3.2, 3.21, 3.22, 30.11, 30.12, and 30.21, were never captured (a scroll/screenshot gap between images). These are marked with DATA_GAP:true and a note field rather than filled with guessed values. Given the density and volume of this table (~365 data rows), spot-checking a sample against the original source CSV (lookupTables/Component/tblBoring.csv) is recommended before using this for production costing decisions.",182,511,273,966,Bore,"Sandvik Fine Boring, inserts pC31",33.1,110,Brinell,25.0,0.4,6.35,222,87.5,0.8,0.05,740,15,12.8,1.0,,
USA reference export,Lookup Table,Machining > Lookup Tables,tblBoring,lookupTables/Component/tblBoring.csv,"This table was transcribed from 24 screenshots across two batches. Two genuine gaps exist in the source screenshots themselves (not introduced by this transcription): (1) Corobore 820, material code 20.12, diameter 237.0mm row was never captured. (2) Sandvik Duobore pC14-C21: the 270mm-diameter row for code 3.11, and all rows for codes 3.13, 3.2, 3.21, 3.22, 30.11, 30.12, and 30.21, were never captured (a scroll/screenshot gap between images). These are marked with DATA_GAP:true and a note field rather than filled with guessed values. Given the density and volume of this table (~365 data rows), spot-checking a sample against the original source CSV (lookupTables/Component/tblBoring.csv) is recommended before using this for production costing decisions.",182,511,273,966,Bore,"Sandvik Fine Boring, inserts pC31",33.1,110,Brinell,49.5,0.4,6.35,222,173.3,1.2,0.05,740,15,12.8,1.0,,
USA reference export,Lookup Table,Machining > Lookup Tables,tblBoring,lookupTables/Component/tblBoring.csv,"This table was transcribed from 24 screenshots across two batches. Two genuine gaps exist in the source screenshots themselves (not introduced by this transcription): (1) Corobore 820, material code 20.12, diameter 237.0mm row was never captured. (2) Sandvik Duobore pC14-C21: the 270mm-diameter row for code 3.11, and all rows for codes 3.13, 3.2, 3.21, 3.22, 30.11, 30.12, and 30.21, were never captured (a scroll/screenshot gap between images). These are marked with DATA_GAP:true and a note field rather than filled with guessed values. Given the density and volume of this table (~365 data rows), spot-checking a sample against the original source CSV (lookupTables/Component/tblBoring.csv) is recommended before using this for production costing decisions.",182,511,273,966,Bore,"Sandvik Fine Boring, inserts pC31",33.1,110,Brinell,103.5,0.4,6.35,222,362.3,1.6,0.08,740,15,12.8,1.0,,
USA reference export,Lookup Table,Machining > Lookup Tables,tblBoring,lookupTables/Component/tblBoring.csv,"This table was transcribed from 24 screenshots across two batches. Two genuine gaps exist in the source screenshots themselves (not introduced by this transcription): (1) Corobore 820, material code 20.12, diameter 237.0mm row was never captured. (2) Sandvik Duobore pC14-C21: the 270mm-diameter row for code 3.11, and all rows for codes 3.13, 3.2, 3.21, 3.22, 30.11, 30.12, and 30.21, were never captured (a scroll/screenshot gap between images). These are marked with DATA_GAP:true and a note field rather than filled with guessed values. Given the density and volume of this table (~365 data rows), spot-checking a sample against the original source CSV (lookupTables/Component/tblBoring.csv) is recommended before using this for production costing decisions.",182,511,273,966,Bore,"Sandvik Fine Boring, inserts pC31",33.2,90,Brinell,25.0,0.4,6.35,170,87.5,0.8,0.05,740,15,12.8,1.0,,
USA reference export,Lookup Table,Machining > Lookup Tables,tblBoring,lookupTables/Component/tblBoring.csv,"This table was transcribed from 24 screenshots across two batches. Two genuine gaps exist in the source screenshots themselves (not introduced by this transcription): (1) Corobore 820, material code 20.12, diameter 237.0mm row was never captured. (2) Sandvik Duobore pC14-C21: the 270mm-diameter row for code 3.11, and all rows for codes 3.13, 3.2, 3.21, 3.22, 30.11, 30.12, and 30.21, were never captured (a scroll/screenshot gap between images). These are marked with DATA_GAP:true and a note field rather than filled with guessed values. Given the density and volume of this table (~365 data rows), spot-checking a sample against the original source CSV (lookupTables/Component/tblBoring.csv) is recommended before using this for production costing decisions.",182,511,273,966,Bore,"Sandvik Fine Boring, inserts pC31",33.2,90,Brinell,49.5,0.4,6.35,170,173.3,1.2,0.05,740,15,12.8,1.0,,
USA reference export,Lookup Table,Machining > Lookup Tables,tblBoring,lookupTables/Component/tblBoring.csv,"This table was transcribed from 24 screenshots across two batches. Two genuine gaps exist in the source screenshots themselves (not introduced by this transcription): (1) Corobore 820, material code 20.12, diameter 237.0mm row was never captured. (2) Sandvik Duobore pC14-C21: the 270mm-diameter row for code 3.11, and all rows for codes 3.13, 3.2, 3.21, 3.22, 30.11, 30.12, and 30.21, were never captured (a scroll/screenshot gap between images). These are marked with DATA_GAP:true and a note field rather than filled with guessed values. Given the density and volume of this table (~365 data rows), spot-checking a sample against the original source CSV (lookupTables/Component/tblBoring.csv) is recommended before using this for production costing decisions.",182,511,273,966,Bore,"Sandvik Fine Boring, inserts pC31",33.2,90,Brinell,103.5,0.4,6.35,170,362.3,1.6,0.08,740,15,12.8,1.0,,
USA reference export,Lookup Table,Machining > Lookup Tables,tblBoring,lookupTables/Component/tblBoring.csv,"This table was transcribed from 24 screenshots across two batches. Two genuine gaps exist in the source screenshots themselves (not introduced by this transcription): (1) Corobore 820, material code 20.12, diameter 237.0mm row was never captured. (2) Sandvik Duobore pC14-C21: the 270mm-diameter row for code 3.11, and all rows for codes 3.13, 3.2, 3.21, 3.22, 30.11, 30.12, and 30.21, were never captured (a scroll/screenshot gap between images). These are marked with DATA_GAP:true and a note field rather than filled with guessed values. Given the density and volume of this table (~365 data rows), spot-checking a sample against the original source CSV (lookupTables/Component/tblBoring.csv) is recommended before using this for production costing decisions.",182,511,273,966,Bore,"Sandvik Fine Boring, inserts pC31",33.3,100,Brinell,25.0,0.4,6.35,162,87.5,0.8,0.05,1800,15,12.8,1.0,,
USA reference export,Lookup Table,Machining > Lookup Tables,tblBoring,lookupTables/Component/tblBoring.csv,"This table was transcribed from 24 screenshots across two batches. Two genuine gaps exist in the source screenshots themselves (not introduced by this transcription): (1) Corobore 820, material code 20.12, diameter 237.0mm row was never captured. (2) Sandvik Duobore pC14-C21: the 270mm-diameter row for code 3.11, and all rows for codes 3.13, 3.2, 3.21, 3.22, 30.11, 30.12, and 30.21, were never captured (a scroll/screenshot gap between images). These are marked with DATA_GAP:true and a note field rather than filled with guessed values. Given the density and volume of this table (~365 data rows), spot-checking a sample against the original source CSV (lookupTables/Component/tblBoring.csv) is recommended before using this for production costing decisions.",182,511,273,966,Bore,"Sandvik Fine Boring, inserts pC31",33.3,100,Brinell,49.5,0.4,6.35,162,173.3,1.2,0.05,1800,15,12.8,1.0,,
USA reference export,Lookup Table,Machining > Lookup Tables,tblBoring,lookupTables/Component/tblBoring.csv,"This table was transcribed from 24 screenshots across two batches. Two genuine gaps exist in the source screenshots themselves (not introduced by this transcription): (1) Corobore 820, material code 20.12, diameter 237.0mm row was never captured. (2) Sandvik Duobore pC14-C21: the 270mm-diameter row for code 3.11, and all rows for codes 3.13, 3.2, 3.21, 3.22, 30.11, 30.12, and 30.21, were never captured (a scroll/screenshot gap between images). These are marked with DATA_GAP:true and a note field rather than filled with guessed values. Given the density and volume of this table (~365 data rows), spot-checking a sample against the original source CSV (lookupTables/Component/tblBoring.csv) is recommended before using this for production costing decisions.",182,511,273,966,Bore,"Sandvik Fine Boring, inserts pC31",33.3,100,Brinell,103.5,0.4,6.35,162,362.3,1.6,0.08,1800,15,12.8,1.0,,
USA reference export,Lookup Table,Machining > Lookup Tables,tblBoring,lookupTables/Component/tblBoring.csv,"This table was transcribed from 24 screenshots across two batches. Two genuine gaps exist in the source screenshots themselves (not introduced by this transcription): (1) Corobore 820, material code 20.12, diameter 237.0mm row was never captured. (2) Sandvik Duobore pC14-C21: the 270mm-diameter row for code 3.11, and all rows for codes 3.13, 3.2, 3.21, 3.22, 30.11, 30.12, and 30.21, were never captured (a scroll/screenshot gap between images). These are marked with DATA_GAP:true and a note field rather than filled with guessed values. Given the density and volume of this table (~365 data rows), spot-checking a sample against the original source CSV (lookupTables/Component/tblBoring.csv) is recommended before using this for production costing decisions.",182,511,273,966,Bore,"Sandvik Fine Boring, inserts pC31",34.0,515,Brinell,25.0,0.4,6.35,370,87.5,0.768,0.05,700,15,12.8,1.0,,
USA reference export,Lookup Table,Machining > Lookup Tables,tblBoring,lookupTables/Component/tblBoring.csv,"This table was transcribed from 24 screenshots across two batches. Two genuine gaps exist in the source screenshots themselves (not introduced by this transcription): (1) Corobore 820, material code 20.12, diameter 237.0mm row was never captured. (2) Sandvik Duobore pC14-C21: the 270mm-diameter row for code 3.11, and all rows for codes 3.13, 3.2, 3.21, 3.22, 30.11, 30.12, and 30.21, were never captured (a scroll/screenshot gap between images). These are marked with DATA_GAP:true and a note field rather than filled with guessed values. Given the density and volume of this table (~365 data rows), spot-checking a sample against the original source CSV (lookupTables/Component/tblBoring.csv) is recommended before using this for production costing decisions.",182,511,273,966,Bore,"Sandvik Fine Boring, inserts pC31",34.0,515,Brinell,49.5,0.4,6.35,370,173.3,1.152,0.05,700,15,12.8,1.0,,
USA reference export,Lookup Table,Machining > Lookup Tables,tblBoring,lookupTables/Component/tblBoring.csv,"This table was transcribed from 24 screenshots across two batches. Two genuine gaps exist in the source screenshots themselves (not introduced by this transcription): (1) Corobore 820, material code 20.12, diameter 237.0mm row was never captured. (2) Sandvik Duobore pC14-C21: the 270mm-diameter row for code 3.11, and all rows for codes 3.13, 3.2, 3.21, 3.22, 30.11, 30.12, and 30.21, were never captured (a scroll/screenshot gap between images). These are marked with DATA_GAP:true and a note field rather than filled with guessed values. Given the density and volume of this table (~365 data rows), spot-checking a sample against the original source CSV (lookupTables/Component/tblBoring.csv) is recommended before using this for production costing decisions.",182,511,273,966,Bore,"Sandvik Fine Boring, inserts pC31",34.0,515,Brinell,103.5,0.4,6.35,370,362.3,1.536,0.08,700,15,12.8,1.0,,
USA reference export,Lookup Table,Machining > Lookup Tables,tblBoring,lookupTables/Component/tblBoring.csv,"This table was transcribed from 24 screenshots across two batches. Two genuine gaps exist in the source screenshots themselves (not introduced by this transcription): (1) Corobore 820, material code 20.12, diameter 237.0mm row was never captured. (2) Sandvik Duobore pC14-C21: the 270mm-diameter row for code 3.11, and all rows for codes 3.13, 3.2, 3.21, 3.22, 30.11, 30.12, and 30.21, were never captured (a scroll/screenshot gap between images). These are marked with DATA_GAP:true and a note field rather than filled with guessed values. Given the density and volume of this table (~365 data rows), spot-checking a sample against the original source CSV (lookupTables/Component/tblBoring.csv) is recommended before using this for production costing decisions.",182,511,273,966,Bore,"Sandvik Fine Boring, inserts pC31",4.0,55,Rockwell C,25.0,0.4,6.35,83,87.5,0.75,0.05,4540,15,12.8,1.0,,
USA reference export,Lookup Table,Machining > Lookup Tables,tblBoring,lookupTables/Component/tblBoring.csv,"This table was transcribed from 24 screenshots across two batches. Two genuine gaps exist in the source screenshots themselves (not introduced by this transcription): (1) Corobore 820, material code 20.12, diameter 237.0mm row was never captured. (2) Sandvik Duobore pC14-C21: the 270mm-diameter row for code 3.11, and all rows for codes 3.13, 3.2, 3.21, 3.22, 30.11, 30.12, and 30.21, were never captured (a scroll/screenshot gap between images). These are marked with DATA_GAP:true and a note field rather than filled with guessed values. Given the density and volume of this table (~365 data rows), spot-checking a sample against the original source CSV (lookupTables/Component/tblBoring.csv) is recommended before using this for production costing decisions.",182,511,273,966,Bore,"Sandvik Fine Boring, inserts pC31",4.0,55,Rockwell C,49.5,0.4,6.35,83,173.3,1.125,0.05,4540,15,12.8,1.0,,
USA reference export,Lookup Table,Machining > Lookup Tables,tblBoring,lookupTables/Component/tblBoring.csv,"This table was transcribed from 24 screenshots across two batches. Two genuine gaps exist in the source screenshots themselves (not introduced by this transcription): (1) Corobore 820, material code 20.12, diameter 237.0mm row was never captured. (2) Sandvik Duobore pC14-C21: the 270mm-diameter row for code 3.11, and all rows for codes 3.13, 3.2, 3.21, 3.22, 30.11, 30.12, and 30.21, were never captured (a scroll/screenshot gap between images). These are marked with DATA_GAP:true and a note field rather than filled with guessed values. Given the density and volume of this table (~365 data rows), spot-checking a sample against the original source CSV (lookupTables/Component/tblBoring.csv) is recommended before using this for production costing decisions.",182,511,273,966,Bore,"Sandvik Fine Boring, inserts pC31",4.0,55,Rockwell C,103.5,0.4,6.35,83,362.3,1.5,0.08,4540,15,12.8,1.0,,
USA reference export,Lookup Table,Machining > Lookup Tables,tblBoring,lookupTables/Component/tblBoring.csv,"This table was transcribed from 24 screenshots across two batches. Two genuine gaps exist in the source screenshots themselves (not introduced by this transcription): (1) Corobore 820, material code 20.12, diameter 237.0mm row was never captured. (2) Sandvik Duobore pC14-C21: the 270mm-diameter row for code 3.11, and all rows for codes 3.13, 3.2, 3.21, 3.22, 30.11, 30.12, and 30.21, were never captured (a scroll/screenshot gap between images). These are marked with DATA_GAP:true and a note field rather than filled with guessed values. Given the density and volume of this table (~365 data rows), spot-checking a sample against the original source CSV (lookupTables/Component/tblBoring.csv) is recommended before using this for production costing decisions.",182,511,273,966,Bore,"Sandvik Fine Boring, inserts pC31",4.1,59,Rockwell C,25.0,0.4,6.35,47,87.5,0.75,0.05,5620,15,12.8,1.0,,
USA reference export,Lookup Table,Machining > Lookup Tables,tblBoring,lookupTables/Component/tblBoring.csv,"This table was transcribed from 24 screenshots across two batches. Two genuine gaps exist in the source screenshots themselves (not introduced by this transcription): (1) Corobore 820, material code 20.12, diameter 237.0mm row was never captured. (2) Sandvik Duobore pC14-C21: the 270mm-diameter row for code 3.11, and all rows for codes 3.13, 3.2, 3.21, 3.22, 30.11, 30.12, and 30.21, were never captured (a scroll/screenshot gap between images). These are marked with DATA_GAP:true and a note field rather than filled with guessed values. Given the density and volume of this table (~365 data rows), spot-checking a sample against the original source CSV (lookupTables/Component/tblBoring.csv) is recommended before using this for production costing decisions.",182,511,273,966,Bore,"Sandvik Fine Boring, inserts pC31",4.1,59,Rockwell C,49.5,0.4,6.35,47,173.3,1.125,0.05,5620,15,12.8,1.0,,
USA reference export,Lookup Table,Machining > Lookup Tables,tblBoring,lookupTables/Component/tblBoring.csv,"This table was transcribed from 24 screenshots across two batches. Two genuine gaps exist in the source screenshots themselves (not introduced by this transcription): (1) Corobore 820, material code 20.12, diameter 237.0mm row was never captured. (2) Sandvik Duobore pC14-C21: the 270mm-diameter row for code 3.11, and all rows for codes 3.13, 3.2, 3.21, 3.22, 30.11, 30.12, and 30.21, were never captured (a scroll/screenshot gap between images). These are marked with DATA_GAP:true and a note field rather than filled with guessed values. Given the density and volume of this table (~365 data rows), spot-checking a sample against the original source CSV (lookupTables/Component/tblBoring.csv) is recommended before using this for production costing decisions.",182,511,273,966,Bore,"Sandvik Fine Boring, inserts pC31",4.1,59,Rockwell C,103.5,0.4,6.35,47,362.3,1.5,0.08,5620,15,12.8,1.0,,
USA reference export,Lookup Table,Machining > Lookup Tables,tblBoring,lookupTables/Component/tblBoring.csv,"This table was transcribed from 24 screenshots across two batches. Two genuine gaps exist in the source screenshots themselves (not introduced by this transcription): (1) Corobore 820, material code 20.12, diameter 237.0mm row was never captured. (2) Sandvik Duobore pC14-C21: the 270mm-diameter row for code 3.11, and all rows for codes 3.13, 3.2, 3.21, 3.22, 30.11, 30.12, and 30.21, were never captured (a scroll/screenshot gap between images). These are marked with DATA_GAP:true and a note field rather than filled with guessed values. Given the density and volume of this table (~365 data rows), spot-checking a sample against the original source CSV (lookupTables/Component/tblBoring.csv) is recommended before using this for production costing decisions.",182,511,273,966,Bore,"Sandvik Fine Boring, inserts pC31",41.11,30,Brinell,25.0,0.4,6.35,240,87.5,0.6154,0.05,460,15,12.8,1.0,,
USA reference export,Lookup Table,Machining > Lookup Tables,tblBoring,lookupTables/Component/tblBoring.csv,"This table was transcribed from 24 screenshots across two batches. Two genuine gaps exist in the source screenshots themselves (not introduced by this transcription): (1) Corobore 820, material code 20.12, diameter 237.0mm row was never captured. (2) Sandvik Duobore pC14-C21: the 270mm-diameter row for code 3.11, and all rows for codes 3.13, 3.2, 3.21, 3.22, 30.11, 30.12, and 30.21, were never captured (a scroll/screenshot gap between images). These are marked with DATA_GAP:true and a note field rather than filled with guessed values. Given the density and volume of this table (~365 data rows), spot-checking a sample against the original source CSV (lookupTables/Component/tblBoring.csv) is recommended before using this for production costing decisions.",182,511,273,966,Bore,"Sandvik Fine Boring, inserts pC31",41.11,30,Brinell,49.5,0.4,6.35,240,173.3,0.9231,0.05,460,15,12.8,1.0,,
USA reference export,Lookup Table,Machining > Lookup Tables,tblBoring,lookupTables/Component/tblBoring.csv,"This table was transcribed from 24 screenshots across two batches. Two genuine gaps exist in the source screenshots themselves (not introduced by this transcription): (1) Corobore 820, material code 20.12, diameter 237.0mm row was never captured. (2) Sandvik Duobore pC14-C21: the 270mm-diameter row for code 3.11, and all rows for codes 3.13, 3.2, 3.21, 3.22, 30.11, 30.12, and 30.21, were never captured (a scroll/screenshot gap between images). These are marked with DATA_GAP:true and a note field rather than filled with guessed values. Given the density and volume of this table (~365 data rows), spot-checking a sample against the original source CSV (lookupTables/Component/tblBoring.csv) is recommended before using this for production costing decisions.",182,511,273,966,Bore,"Sandvik Fine Boring, inserts pC31",41.11,30,Brinell,103.5,0.4,6.35,240,362.3,1.2308,0.08,460,15,12.8,1.0,,
USA reference export,Lookup Table,Machining > Lookup Tables,tblBoring,lookupTables/Component/tblBoring.csv,"This table was transcribed from 24 screenshots across two batches. Two genuine gaps exist in the source screenshots themselves (not introduced by this transcription): (1) Corobore 820, material code 20.12, diameter 237.0mm row was never captured. (2) Sandvik Duobore pC14-C21: the 270mm-diameter row for code 3.11, and all rows for codes 3.13, 3.2, 3.21, 3.22, 30.11, 30.12, and 30.21, were never captured (a scroll/screenshot gap between images). These are marked with DATA_GAP:true and a note field rather than filled with guessed values. Given the density and volume of this table (~365 data rows), spot-checking a sample against the original source CSV (lookupTables/Component/tblBoring.csv) is recommended before using this for production costing decisions.",182,511,273,966,Bore,"Sandvik Fine Boring, inserts pC31",41.21,30,Brinell,25.0,0.4,6.35,270,87.5,0.6154,0.05,460,15,12.8,1.0,,
USA reference export,Lookup Table,Machining > Lookup Tables,tblBoring,lookupTables/Component/tblBoring.csv,"This table was transcribed from 24 screenshots across two batches. Two genuine gaps exist in the source screenshots themselves (not introduced by this transcription): (1) Corobore 820, material code 20.12, diameter 237.0mm row was never captured. (2) Sandvik Duobore pC14-C21: the 270mm-diameter row for code 3.11, and all rows for codes 3.13, 3.2, 3.21, 3.22, 30.11, 30.12, and 30.21, were never captured (a scroll/screenshot gap between images). These are marked with DATA_GAP:true and a note field rather than filled with guessed values. Given the density and volume of this table (~365 data rows), spot-checking a sample against the original source CSV (lookupTables/Component/tblBoring.csv) is recommended before using this for production costing decisions.",182,511,273,966,Bore,"Sandvik Fine Boring, inserts pC31",41.21,30,Brinell,49.5,0.4,6.35,270,173.3,0.9231,0.05,460,15,12.8,1.0,,
USA reference export,Lookup Table,Machining > Lookup Tables,tblBoring,lookupTables/Component/tblBoring.csv,"This table was transcribed from 24 screenshots across two batches. Two genuine gaps exist in the source screenshots themselves (not introduced by this transcription): (1) Corobore 820, material code 20.12, diameter 237.0mm row was never captured. (2) Sandvik Duobore pC14-C21: the 270mm-diameter row for code 3.11, and all rows for codes 3.13, 3.2, 3.21, 3.22, 30.11, 30.12, and 30.21, were never captured (a scroll/screenshot gap between images). These are marked with DATA_GAP:true and a note field rather than filled with guessed values. Given the density and volume of this table (~365 data rows), spot-checking a sample against the original source CSV (lookupTables/Component/tblBoring.csv) is recommended before using this for production costing decisions.",182,511,273,966,Bore,"Sandvik Fine Boring, inserts pC31",41.21,30,Brinell,103.5,0.4,6.35,270,362.3,1.2308,0.08,460,15,12.8,1.0,,
USA reference export,Lookup Table,Machining > Lookup Tables,tblBoring,lookupTables/Component/tblBoring.csv,"This table was transcribed from 24 screenshots across two batches. Two genuine gaps exist in the source screenshots themselves (not introduced by this transcription): (1) Corobore 820, material code 20.12, diameter 237.0mm row was never captured. (2) Sandvik Duobore pC14-C21: the 270mm-diameter row for code 3.11, and all rows for codes 3.13, 3.2, 3.21, 3.22, 30.11, 30.12, and 30.21, were never captured (a scroll/screenshot gap between images). These are marked with DATA_GAP:true and a note field rather than filled with guessed values. Given the density and volume of this table (~365 data rows), spot-checking a sample against the original source CSV (lookupTables/Component/tblBoring.csv) is recommended before using this for production costing decisions.",182,511,273,966,Bore,"Sandvik Fine Boring, inserts pC31",42.11,30,Brinell,25.0,0.4,6.35,210,87.5,0.9231,0.05,460,15,12.8,1.0,,
USA reference export,Lookup Table,Machining > Lookup Tables,tblBoring,lookupTables/Component/tblBoring.csv,"This table was transcribed from 24 screenshots across two batches. Two genuine gaps exist in the source screenshots themselves (not introduced by this transcription): (1) Corobore 820, material code 20.12, diameter 237.0mm row was never captured. (2) Sandvik Duobore pC14-C21: the 270mm-diameter row for code 3.11, and all rows for codes 3.13, 3.2, 3.21, 3.22, 30.11, 30.12, and 30.21, were never captured (a scroll/screenshot gap between images). These are marked with DATA_GAP:true and a note field rather than filled with guessed values. Given the density and volume of this table (~365 data rows), spot-checking a sample against the original source CSV (lookupTables/Component/tblBoring.csv) is recommended before using this for production costing decisions.",182,511,273,966,Bore,"Sandvik Fine Boring, inserts pC31",42.11,30,Brinell,49.5,0.4,6.35,210,173.3,1.3846,0.05,460,15,12.8,1.0,,
USA reference export,Lookup Table,Machining > Lookup Tables,tblBoring,lookupTables/Component/tblBoring.csv,"This table was transcribed from 24 screenshots across two batches. Two genuine gaps exist in the source screenshots themselves (not introduced by this transcription): (1) Corobore 820, material code 20.12, diameter 237.0mm row was never captured. (2) Sandvik Duobore pC14-C21: the 270mm-diameter row for code 3.11, and all rows for codes 3.13, 3.2, 3.21, 3.22, 30.11, 30.12, and 30.21, were never captured (a scroll/screenshot gap between images). These are marked with DATA_GAP:true and a note field rather than filled with guessed values. Given the density and volume of this table (~365 data rows), spot-checking a sample against the original source CSV (lookupTables/Component/tblBoring.csv) is recommended before using this for production costing decisions.",182,511,273,966,Bore,"Sandvik Fine Boring, inserts pC31",42.11,30,Brinell,103.5,0.4,6.35,210,362.3,1.8461,0.08,460,15,12.8,1.0,,
USA reference export,Lookup Table,Machining > Lookup Tables,tblBoring,lookupTables/Component/tblBoring.csv,"This table was transcribed from 24 screenshots across two batches. Two genuine gaps exist in the source screenshots themselves (not introduced by this transcription): (1) Corobore 820, material code 20.12, diameter 237.0mm row was never captured. (2) Sandvik Duobore pC14-C21: the 270mm-diameter row for code 3.11, and all rows for codes 3.13, 3.2, 3.21, 3.22, 30.11, 30.12, and 30.21, were never captured (a scroll/screenshot gap between images). These are marked with DATA_GAP:true and a note field rather than filled with guessed values. Given the density and volume of this table (~365 data rows), spot-checking a sample against the original source CSV (lookupTables/Component/tblBoring.csv) is recommended before using this for production costing decisions.",182,511,273,966,Bore,"Sandvik Fine Boring, inserts pC31",42.12,30,Brinell,25.0,0.4,6.35,270,87.5,0.6154,0.05,460,15,12.8,1.0,,
USA reference export,Lookup Table,Machining > Lookup Tables,tblBoring,lookupTables/Component/tblBoring.csv,"This table was transcribed from 24 screenshots across two batches. Two genuine gaps exist in the source screenshots themselves (not introduced by this transcription): (1) Corobore 820, material code 20.12, diameter 237.0mm row was never captured. (2) Sandvik Duobore pC14-C21: the 270mm-diameter row for code 3.11, and all rows for codes 3.13, 3.2, 3.21, 3.22, 30.11, 30.12, and 30.21, were never captured (a scroll/screenshot gap between images). These are marked with DATA_GAP:true and a note field rather than filled with guessed values. Given the density and volume of this table (~365 data rows), spot-checking a sample against the original source CSV (lookupTables/Component/tblBoring.csv) is recommended before using this for production costing decisions.",182,511,273,966,Bore,"Sandvik Fine Boring, inserts pC31",42.12,30,Brinell,49.5,0.4,6.35,270,173.3,0.9231,0.05,460,15,12.8,1.0,,
USA reference export,Lookup Table,Machining > Lookup Tables,tblBoring,lookupTables/Component/tblBoring.csv,"This table was transcribed from 24 screenshots across two batches. Two genuine gaps exist in the source screenshots themselves (not introduced by this transcription): (1) Corobore 820, material code 20.12, diameter 237.0mm row was never captured. (2) Sandvik Duobore pC14-C21: the 270mm-diameter row for code 3.11, and all rows for codes 3.13, 3.2, 3.21, 3.22, 30.11, 30.12, and 30.21, were never captured (a scroll/screenshot gap between images). These are marked with DATA_GAP:true and a note field rather than filled with guessed values. Given the density and volume of this table (~365 data rows), spot-checking a sample against the original source CSV (lookupTables/Component/tblBoring.csv) is recommended before using this for production costing decisions.",182,511,273,966,Bore,"Sandvik Fine Boring, inserts pC31",42.12,30,Brinell,103.5,0.4,6.35,270,362.3,1.2308,0.08,460,15,12.8,1.0,,
USA reference export,Lookup Table,Machining > Lookup Tables,tblBoring,lookupTables/Component/tblBoring.csv,"This table was transcribed from 24 screenshots across two batches. Two genuine gaps exist in the source screenshots themselves (not introduced by this transcription): (1) Corobore 820, material code 20.12, diameter 237.0mm row was never captured. (2) Sandvik Duobore pC14-C21: the 270mm-diameter row for code 3.11, and all rows for codes 3.13, 3.2, 3.21, 3.22, 30.11, 30.12, and 30.21, were never captured (a scroll/screenshot gap between images). These are marked with DATA_GAP:true and a note field rather than filled with guessed values. Given the density and volume of this table (~365 data rows), spot-checking a sample against the original source CSV (lookupTables/Component/tblBoring.csv) is recommended before using this for production costing decisions.",182,511,273,966,Bore,"Sandvik Fine Boring, inserts pC31",42.13,30,Brinell,25.0,0.4,6.35,270,87.5,0.6154,0.05,460,15,12.8,1.0,,
USA reference export,Lookup Table,Machining > Lookup Tables,tblBoring,lookupTables/Component/tblBoring.csv,"This table was transcribed from 24 screenshots across two batches. Two genuine gaps exist in the source screenshots themselves (not introduced by this transcription): (1) Corobore 820, material code 20.12, diameter 237.0mm row was never captured. (2) Sandvik Duobore pC14-C21: the 270mm-diameter row for code 3.11, and all rows for codes 3.13, 3.2, 3.21, 3.22, 30.11, 30.12, and 30.21, were never captured (a scroll/screenshot gap between images). These are marked with DATA_GAP:true and a note field rather than filled with guessed values. Given the density and volume of this table (~365 data rows), spot-checking a sample against the original source CSV (lookupTables/Component/tblBoring.csv) is recommended before using this for production costing decisions.",182,511,273,966,Bore,"Sandvik Fine Boring, inserts pC31",42.13,30,Brinell,49.5,0.4,6.35,270,173.3,0.9231,0.05,460,15,12.8,1.0,,
USA reference export,Lookup Table,Machining > Lookup Tables,tblBoring,lookupTables/Component/tblBoring.csv,"This table was transcribed from 24 screenshots across two batches. Two genuine gaps exist in the source screenshots themselves (not introduced by this transcription): (1) Corobore 820, material code 20.12, diameter 237.0mm row was never captured. (2) Sandvik Duobore pC14-C21: the 270mm-diameter row for code 3.11, and all rows for codes 3.13, 3.2, 3.21, 3.22, 30.11, 30.12, and 30.21, were never captured (a scroll/screenshot gap between images). These are marked with DATA_GAP:true and a note field rather than filled with guessed values. Given the density and volume of this table (~365 data rows), spot-checking a sample against the original source CSV (lookupTables/Component/tblBoring.csv) is recommended before using this for production costing decisions.",182,511,273,966,Bore,"Sandvik Fine Boring, inserts pC31",42.13,30,Brinell,103.5,0.4,6.35,270,362.3,1.2308,0.08,460,15,12.8,1.0,,
USA reference export,Lookup Table,Machining > Lookup Tables,tblBoring,lookupTables/Component/tblBoring.csv,"This table was transcribed from 24 screenshots across two batches. Two genuine gaps exist in the source screenshots themselves (not introduced by this transcription): (1) Corobore 820, material code 20.12, diameter 237.0mm row was never captured. (2) Sandvik Duobore pC14-C21: the 270mm-diameter row for code 3.11, and all rows for codes 3.13, 3.2, 3.21, 3.22, 30.11, 30.12, and 30.21, were never captured (a scroll/screenshot gap between images). These are marked with DATA_GAP:true and a note field rather than filled with guessed values. Given the density and volume of this table (~365 data rows), spot-checking a sample against the original source CSV (lookupTables/Component/tblBoring.csv) is recommended before using this for production costing decisions.",182,511,273,966,Bore,"Sandvik Fine Boring, inserts pC31",5.1,200,Brinell,25.0,0.4,6.35,92,87.5,0.7,0.05,2100,15,12.8,1.0,,
USA reference export,Lookup Table,Machining > Lookup Tables,tblBoring,lookupTables/Component/tblBoring.csv,"This table was transcribed from 24 screenshots across two batches. Two genuine gaps exist in the source screenshots themselves (not introduced by this transcription): (1) Corobore 820, material code 20.12, diameter 237.0mm row was never captured. (2) Sandvik Duobore pC14-C21: the 270mm-diameter row for code 3.11, and all rows for codes 3.13, 3.2, 3.21, 3.22, 30.11, 30.12, and 30.21, were never captured (a scroll/screenshot gap between images). These are marked with DATA_GAP:true and a note field rather than filled with guessed values. Given the density and volume of this table (~365 data rows), spot-checking a sample against the original source CSV (lookupTables/Component/tblBoring.csv) is recommended before using this for production costing decisions.",182,511,273,966,Bore,"Sandvik Fine Boring, inserts pC31",5.1,200,Brinell,49.5,0.4,6.35,92,173.3,1.05,0.05,2100,15,12.8,1.0,,
USA reference export,Lookup Table,Machining > Lookup Tables,tblBoring,lookupTables/Component/tblBoring.csv,"This table was transcribed from 24 screenshots across two batches. Two genuine gaps exist in the source screenshots themselves (not introduced by this transcription): (1) Corobore 820, material code 20.12, diameter 237.0mm row was never captured. (2) Sandvik Duobore pC14-C21: the 270mm-diameter row for code 3.11, and all rows for codes 3.13, 3.2, 3.21, 3.22, 30.11, 30.12, and 30.21, were never captured (a scroll/screenshot gap between images). These are marked with DATA_GAP:true and a note field rather than filled with guessed values. Given the density and volume of this table (~365 data rows), spot-checking a sample against the original source CSV (lookupTables/Component/tblBoring.csv) is recommended before using this for production costing decisions.",182,511,273,966,Bore,"Sandvik Fine Boring, inserts pC31",5.1,200,Brinell,103.5,0.4,6.35,92,362.3,1.4,0.08,2100,15,12.8,1.0,,
USA reference export,Lookup Table,Machining > Lookup Tables,tblBoring,lookupTables/Component/tblBoring.csv,"This table was transcribed from 24 screenshots across two batches. Two genuine gaps exist in the source screenshots themselves (not introduced by this transcription): (1) Corobore 820, material code 20.12, diameter 237.0mm row was never captured. (2) Sandvik Duobore pC14-C21: the 270mm-diameter row for code 3.11, and all rows for codes 3.13, 3.2, 3.21, 3.22, 30.11, 30.12, and 30.21, were never captured (a scroll/screenshot gap between images). These are marked with DATA_GAP:true and a note field rather than filled with guessed values. Given the density and volume of this table (~365 data rows), spot-checking a sample against the original source CSV (lookupTables/Component/tblBoring.csv) is recommended before using this for production costing decisions.",182,511,273,966,Bore,"Sandvik Fine Boring, inserts pC31",5.11,200,Brinell,25.0,0.4,6.35,110,87.5,0.7,0.05,2180,15,12.8,1.0,,
USA reference export,Lookup Table,Machining > Lookup Tables,tblBoring,lookupTables/Component/tblBoring.csv,"This table was transcribed from 24 screenshots across two batches. Two genuine gaps exist in the source screenshots themselves (not introduced by this transcription): (1) Corobore 820, material code 20.12, diameter 237.0mm row was never captured. (2) Sandvik Duobore pC14-C21: the 270mm-diameter row for code 3.11, and all rows for codes 3.13, 3.2, 3.21, 3.22, 30.11, 30.12, and 30.21, were never captured (a scroll/screenshot gap between images). These are marked with DATA_GAP:true and a note field rather than filled with guessed values. Given the density and volume of this table (~365 data rows), spot-checking a sample against the original source CSV (lookupTables/Component/tblBoring.csv) is recommended before using this for production costing decisions.",182,511,273,966,Bore,"Sandvik Fine Boring, inserts pC31",5.11,200,Brinell,49.5,0.4,6.35,110,173.3,1.05,0.05,2180,15,12.8,1.0,,
USA reference export,Lookup Table,Machining > Lookup Tables,tblBoring,lookupTables/Component/tblBoring.csv,"This table was transcribed from 24 screenshots across two batches. Two genuine gaps exist in the source screenshots themselves (not introduced by this transcription): (1) Corobore 820, material code 20.12, diameter 237.0mm row was never captured. (2) Sandvik Duobore pC14-C21: the 270mm-diameter row for code 3.11, and all rows for codes 3.13, 3.2, 3.21, 3.22, 30.11, 30.12, and 30.21, were never captured (a scroll/screenshot gap between images). These are marked with DATA_GAP:true and a note field rather than filled with guessed values. Given the density and volume of this table (~365 data rows), spot-checking a sample against the original source CSV (lookupTables/Component/tblBoring.csv) is recommended before using this for production costing decisions.",182,511,273,966,Bore,"Sandvik Fine Boring, inserts pC31",5.11,200,Brinell,103.5,0.4,6.35,110,362.3,1.4,0.08,2180,15,12.8,1.0,,
USA reference export,Lookup Table,Machining > Lookup Tables,tblBoring,lookupTables/Component/tblBoring.csv,"This table was transcribed from 24 screenshots across two batches. Two genuine gaps exist in the source screenshots themselves (not introduced by this transcription): (1) Corobore 820, material code 20.12, diameter 237.0mm row was never captured. (2) Sandvik Duobore pC14-C21: the 270mm-diameter row for code 3.11, and all rows for codes 3.13, 3.2, 3.21, 3.22, 30.11, 30.12, and 30.21, were never captured (a scroll/screenshot gap between images). These are marked with DATA_GAP:true and a note field rather than filled with guessed values. Given the density and volume of this table (~365 data rows), spot-checking a sample against the original source CSV (lookupTables/Component/tblBoring.csv) is recommended before using this for production costing decisions.",182,511,273,966,Bore,"Sandvik Fine Boring, inserts pC31",5.12,330,Brinell,25.0,0.4,6.35,108,87.5,0.7,0.05,3400,15,12.8,1.0,,
USA reference export,Lookup Table,Machining > Lookup Tables,tblBoring,lookupTables/Component/tblBoring.csv,"This table was transcribed from 24 screenshots across two batches. Two genuine gaps exist in the source screenshots themselves (not introduced by this transcription): (1) Corobore 820, material code 20.12, diameter 237.0mm row was never captured. (2) Sandvik Duobore pC14-C21: the 270mm-diameter row for code 3.11, and all rows for codes 3.13, 3.2, 3.21, 3.22, 30.11, 30.12, and 30.21, were never captured (a scroll/screenshot gap between images). These are marked with DATA_GAP:true and a note field rather than filled with guessed values. Given the density and volume of this table (~365 data rows), spot-checking a sample against the original source CSV (lookupTables/Component/tblBoring.csv) is recommended before using this for production costing decisions.",182,511,273,966,Bore,"Sandvik Fine Boring, inserts pC31",5.12,330,Brinell,49.5,0.4,6.35,108,173.3,1.05,0.05,3400,15,12.8,1.0,,
USA reference export,Lookup Table,Machining > Lookup Tables,tblBoring,lookupTables/Component/tblBoring.csv,"This table was transcribed from 24 screenshots across two batches. Two genuine gaps exist in the source screenshots themselves (not introduced by this transcription): (1) Corobore 820, material code 20.12, diameter 237.0mm row was never captured. (2) Sandvik Duobore pC14-C21: the 270mm-diameter row for code 3.11, and all rows for codes 3.13, 3.2, 3.21, 3.22, 30.11, 30.12, and 30.21, were never captured (a scroll/screenshot gap between images). These are marked with DATA_GAP:true and a note field rather than filled with guessed values. Given the density and volume of this table (~365 data rows), spot-checking a sample against the original source CSV (lookupTables/Component/tblBoring.csv) is recommended before using this for production costing decisions.",182,511,273,966,Bore,"Sandvik Fine Boring, inserts pC31",5.12,330,Brinell,103.5,0.4,6.35,108,362.3,1.4,0.08,3400,15,12.8,1.0,,
USA reference export,Lookup Table,Machining > Lookup Tables,tblBoring,lookupTables/Component/tblBoring.csv,"This table was transcribed from 24 screenshots across two batches. Two genuine gaps exist in the source screenshots themselves (not introduced by this transcription): (1) Corobore 820, material code 20.12, diameter 237.0mm row was never captured. (2) Sandvik Duobore pC14-C21: the 270mm-diameter row for code 3.11, and all rows for codes 3.13, 3.2, 3.21, 3.22, 30.11, 30.12, and 30.21, were never captured (a scroll/screenshot gap between images). These are marked with DATA_GAP:true and a note field rather than filled with guessed values. Given the density and volume of this table (~365 data rows), spot-checking a sample against the original source CSV (lookupTables/Component/tblBoring.csv) is recommended before using this for production costing decisions.",182,511,273,966,Bore,"Sandvik Fine Boring, inserts pC31",5.13,330,Brinell,25.0,0.4,6.35,116,87.5,0.7,0.05,2800,15,12.8,1.0,,
USA reference export,Lookup Table,Machining > Lookup Tables,tblBoring,lookupTables/Component/tblBoring.csv,"This table was transcribed from 24 screenshots across two batches. Two genuine gaps exist in the source screenshots themselves (not introduced by this transcription): (1) Corobore 820, material code 20.12, diameter 237.0mm row was never captured. (2) Sandvik Duobore pC14-C21: the 270mm-diameter row for code 3.11, and all rows for codes 3.13, 3.2, 3.21, 3.22, 30.11, 30.12, and 30.21, were never captured (a scroll/screenshot gap between images). These are marked with DATA_GAP:true and a note field rather than filled with guessed values. Given the density and volume of this table (~365 data rows), spot-checking a sample against the original source CSV (lookupTables/Component/tblBoring.csv) is recommended before using this for production costing decisions.",182,511,273,966,Bore,"Sandvik Fine Boring, inserts pC31",5.13,330,Brinell,49.5,0.4,6.35,116,173.3,1.05,0.05,2800,15,12.8,1.0,,
USA reference export,Lookup Table,Machining > Lookup Tables,tblBoring,lookupTables/Component/tblBoring.csv,"This table was transcribed from 24 screenshots across two batches. Two genuine gaps exist in the source screenshots themselves (not introduced by this transcription): (1) Corobore 820, material code 20.12, diameter 237.0mm row was never captured. (2) Sandvik Duobore pC14-C21: the 270mm-diameter row for code 3.11, and all rows for codes 3.13, 3.2, 3.21, 3.22, 30.11, 30.12, and 30.21, were never captured (a scroll/screenshot gap between images). These are marked with DATA_GAP:true and a note field rather than filled with guessed values. Given the density and volume of this table (~365 data rows), spot-checking a sample against the original source CSV (lookupTables/Component/tblBoring.csv) is recommended before using this for production costing decisions.",182,511,273,966,Bore,"Sandvik Fine Boring, inserts pC31",5.13,330,Brinell,103.5,0.4,6.35,116,362.3,1.4,0.08,2800,15,12.8,1.0,,
USA reference export,Lookup Table,Machining > Lookup Tables,tblBoring,lookupTables/Component/tblBoring.csv,"This table was transcribed from 24 screenshots across two batches. Two genuine gaps exist in the source screenshots themselves (not introduced by this transcription): (1) Corobore 820, material code 20.12, diameter 237.0mm row was never captured. (2) Sandvik Duobore pC14-C21: the 270mm-diameter row for code 3.11, and all rows for codes 3.13, 3.2, 3.21, 3.22, 30.11, 30.12, and 30.21, were never captured (a scroll/screenshot gap between images). These are marked with DATA_GAP:true and a note field rather than filled with guessed values. Given the density and volume of this table (~365 data rows), spot-checking a sample against the original source CSV (lookupTables/Component/tblBoring.csv) is recommended before using this for production costing decisions.",182,511,273,966,Bore,"Sandvik Fine Boring, inserts pC31",5.2,175,Brinell,25.0,0.4,6.35,165,87.5,0.7,0.05,2300,15,12.8,1.0,,
USA reference export,Lookup Table,Machining > Lookup Tables,tblBoring,lookupTables/Component/tblBoring.csv,"This table was transcribed from 24 screenshots across two batches. Two genuine gaps exist in the source screenshots themselves (not introduced by this transcription): (1) Corobore 820, material code 20.12, diameter 237.0mm row was never captured. (2) Sandvik Duobore pC14-C21: the 270mm-diameter row for code 3.11, and all rows for codes 3.13, 3.2, 3.21, 3.22, 30.11, 30.12, and 30.21, were never captured (a scroll/screenshot gap between images). These are marked with DATA_GAP:true and a note field rather than filled with guessed values. Given the density and volume of this table (~365 data rows), spot-checking a sample against the original source CSV (lookupTables/Component/tblBoring.csv) is recommended before using this for production costing decisions.",182,511,273,966,Bore,"Sandvik Fine Boring, inserts pC31",5.2,175,Brinell,49.5,0.4,6.35,165,173.3,1.05,0.05,2300,15,12.8,1.0,,
USA reference export,Lookup Table,Machining > Lookup Tables,tblBoring,lookupTables/Component/tblBoring.csv,"This table was transcribed from 24 screenshots across two batches. Two genuine gaps exist in the source screenshots themselves (not introduced by this transcription): (1) Corobore 820, material code 20.12, diameter 237.0mm row was never captured. (2) Sandvik Duobore pC14-C21: the 270mm-diameter row for code 3.11, and all rows for codes 3.13, 3.2, 3.21, 3.22, 30.11, 30.12, and 30.21, were never captured (a scroll/screenshot gap between images). These are marked with DATA_GAP:true and a note field rather than filled with guessed values. Given the density and volume of this table (~365 data rows), spot-checking a sample against the original source CSV (lookupTables/Component/tblBoring.csv) is recommended before using this for production costing decisions.",182,511,273,966,Bore,"Sandvik Fine Boring, inserts pC31",5.2,175,Brinell,103.5,0.4,6.35,165,362.3,1.4,0.08,2300,15,12.8,1.0,,
USA reference export,Lookup Table,Machining > Lookup Tables,tblBoring,lookupTables/Component/tblBoring.csv,"This table was transcribed from 24 screenshots across two batches. Two genuine gaps exist in the source screenshots themselves (not introduced by this transcription): (1) Corobore 820, material code 20.12, diameter 237.0mm row was never captured. (2) Sandvik Duobore pC14-C21: the 270mm-diameter row for code 3.11, and all rows for codes 3.13, 3.2, 3.21, 3.22, 30.11, 30.12, and 30.21, were never captured (a scroll/screenshot gap between images). These are marked with DATA_GAP:true and a note field rather than filled with guessed values. Given the density and volume of this table (~365 data rows), spot-checking a sample against the original source CSV (lookupTables/Component/tblBoring.csv) is recommended before using this for production costing decisions.",182,511,273,966,Bore,"Sandvik Fine Boring, inserts pC31",5.21,200,Brinell,25.0,0.4,6.35,111,87.5,0.6,0.05,2420,15,12.8,1.0,,
USA reference export,Lookup Table,Machining > Lookup Tables,tblBoring,lookupTables/Component/tblBoring.csv,"This table was transcribed from 24 screenshots across two batches. Two genuine gaps exist in the source screenshots themselves (not introduced by this transcription): (1) Corobore 820, material code 20.12, diameter 237.0mm row was never captured. (2) Sandvik Duobore pC14-C21: the 270mm-diameter row for code 3.11, and all rows for codes 3.13, 3.2, 3.21, 3.22, 30.11, 30.12, and 30.21, were never captured (a scroll/screenshot gap between images). These are marked with DATA_GAP:true and a note field rather than filled with guessed values. Given the density and volume of this table (~365 data rows), spot-checking a sample against the original source CSV (lookupTables/Component/tblBoring.csv) is recommended before using this for production costing decisions.",182,511,273,966,Bore,"Sandvik Fine Boring, inserts pC31",5.21,200,Brinell,49.5,0.4,6.35,111,173.3,0.9,0.05,2420,15,12.8,1.0,,
USA reference export,Lookup Table,Machining > Lookup Tables,tblBoring,lookupTables/Component/tblBoring.csv,"This table was transcribed from 24 screenshots across two batches. Two genuine gaps exist in the source screenshots themselves (not introduced by this transcription): (1) Corobore 820, material code 20.12, diameter 237.0mm row was never captured. (2) Sandvik Duobore pC14-C21: the 270mm-diameter row for code 3.11, and all rows for codes 3.13, 3.2, 3.21, 3.22, 30.11, 30.12, and 30.21, were never captured (a scroll/screenshot gap between images). These are marked with DATA_GAP:true and a note field rather than filled with guessed values. Given the density and volume of this table (~365 data rows), spot-checking a sample against the original source CSV (lookupTables/Component/tblBoring.csv) is recommended before using this for production costing decisions.",182,511,273,966,Bore,"Sandvik Fine Boring, inserts pC31",5.21,200,Brinell,103.5,0.4,6.35,111,362.3,1.2,0.08,2420,15,12.8,1.0,,
USA reference export,Lookup Table,Machining > Lookup Tables,tblBoring,lookupTables/Component/tblBoring.csv,"This table was transcribed from 24 screenshots across two batches. Two genuine gaps exist in the source screenshots themselves (not introduced by this transcription): (1) Corobore 820, material code 20.12, diameter 237.0mm row was never captured. (2) Sandvik Duobore pC14-C21: the 270mm-diameter row for code 3.11, and all rows for codes 3.13, 3.2, 3.21, 3.22, 30.11, 30.12, and 30.21, were never captured (a scroll/screenshot gap between images). These are marked with DATA_GAP:true and a note field rather than filled with guessed values. Given the density and volume of this table (~365 data rows), spot-checking a sample against the original source CSV (lookupTables/Component/tblBoring.csv) is recommended before using this for production costing decisions.",182,511,273,966,Bore,"Sandvik Fine Boring, inserts pC31",5.22,330,Brinell,25.0,0.4,6.35,96,87.5,0.6,0.05,3400,15,12.8,1.0,,
USA reference export,Lookup Table,Machining > Lookup Tables,tblBoring,lookupTables/Component/tblBoring.csv,"This table was transcribed from 24 screenshots across two batches. Two genuine gaps exist in the source screenshots themselves (not introduced by this transcription): (1) Corobore 820, material code 20.12, diameter 237.0mm row was never captured. (2) Sandvik Duobore pC14-C21: the 270mm-diameter row for code 3.11, and all rows for codes 3.13, 3.2, 3.21, 3.22, 30.11, 30.12, and 30.21, were never captured (a scroll/screenshot gap between images). These are marked with DATA_GAP:true and a note field rather than filled with guessed values. Given the density and volume of this table (~365 data rows), spot-checking a sample against the original source CSV (lookupTables/Component/tblBoring.csv) is recommended before using this for production costing decisions.",182,511,273,966,Bore,"Sandvik Fine Boring, inserts pC31",5.22,330,Brinell,49.5,0.4,6.35,96,173.3,0.9,0.05,3400,15,12.8,1.0,,
USA reference export,Lookup Table,Machining > Lookup Tables,tblBoring,lookupTables/Component/tblBoring.csv,"This table was transcribed from 24 screenshots across two batches. Two genuine gaps exist in the source screenshots themselves (not introduced by this transcription): (1) Corobore 820, material code 20.12, diameter 237.0mm row was never captured. (2) Sandvik Duobore pC14-C21: the 270mm-diameter row for code 3.11, and all rows for codes 3.13, 3.2, 3.21, 3.22, 30.11, 30.12, and 30.21, were never captured (a scroll/screenshot gap between images). These are marked with DATA_GAP:true and a note field rather than filled with guessed values. Given the density and volume of this table (~365 data rows), spot-checking a sample against the original source CSV (lookupTables/Component/tblBoring.csv) is recommended before using this for production costing decisions.",182,511,273,966,Bore,"Sandvik Fine Boring, inserts pC31",5.22,330,Brinell,103.5,0.4,6.35,96,362.3,1.2,0.08,3400,15,12.8,1.0,,
USA reference export,Lookup Table,Machining > Lookup Tables,tblBoring,lookupTables/Component/tblBoring.csv,"This table was transcribed from 24 screenshots across two batches. Two genuine gaps exist in the source screenshots themselves (not introduced by this transcription): (1) Corobore 820, material code 20.12, diameter 237.0mm row was never captured. (2) Sandvik Duobore pC14-C21: the 270mm-diameter row for code 3.11, and all rows for codes 3.13, 3.2, 3.21, 3.22, 30.11, 30.12, and 30.21, were never captured (a scroll/screenshot gap between images). These are marked with DATA_GAP:true and a note field rather than filled with guessed values. Given the density and volume of this table (~365 data rows), spot-checking a sample against the original source CSV (lookupTables/Component/tblBoring.csv) is recommended before using this for production costing decisions.",182,511,273,966,Bore,"Sandvik Fine Boring, inserts pC31",5.23,200,Brinell,25.0,0.4,6.35,80,87.5,0.6,0.05,2960,15,12.8,1.0,,
USA reference export,Lookup Table,Machining > Lookup Tables,tblBoring,lookupTables/Component/tblBoring.csv,"This table was transcribed from 24 screenshots across two batches. Two genuine gaps exist in the source screenshots themselves (not introduced by this transcription): (1) Corobore 820, material code 20.12, diameter 237.0mm row was never captured. (2) Sandvik Duobore pC14-C21: the 270mm-diameter row for code 3.11, and all rows for codes 3.13, 3.2, 3.21, 3.22, 30.11, 30.12, and 30.21, were never captured (a scroll/screenshot gap between images). These are marked with DATA_GAP:true and a note field rather than filled with guessed values. Given the density and volume of this table (~365 data rows), spot-checking a sample against the original source CSV (lookupTables/Component/tblBoring.csv) is recommended before using this for production costing decisions.",182,511,273,966,Bore,"Sandvik Fine Boring, inserts pC31",5.23,200,Brinell,49.5,0.4,6.35,80,173.3,0.9,0.05,2960,15,12.8,1.0,,
USA reference export,Lookup Table,Machining > Lookup Tables,tblBoring,lookupTables/Component/tblBoring.csv,"This table was transcribed from 24 screenshots across two batches. Two genuine gaps exist in the source screenshots themselves (not introduced by this transcription): (1) Corobore 820, material code 20.12, diameter 237.0mm row was never captured. (2) Sandvik Duobore pC14-C21: the 270mm-diameter row for code 3.11, and all rows for codes 3.13, 3.2, 3.21, 3.22, 30.11, 30.12, and 30.21, were never captured (a scroll/screenshot gap between images). These are marked with DATA_GAP:true and a note field rather than filled with guessed values. Given the density and volume of this table (~365 data rows), spot-checking a sample against the original source CSV (lookupTables/Component/tblBoring.csv) is recommended before using this for production costing decisions.",182,511,273,966,Bore,"Sandvik Fine Boring, inserts pC31",5.23,200,Brinell,103.5,0.4,6.35,80,362.3,1.2,0.08,2960,15,12.8,1.0,,
USA reference export,Lookup Table,Machining > Lookup Tables,tblBoring,lookupTables/Component/tblBoring.csv,"This table was transcribed from 24 screenshots across two batches. Two genuine gaps exist in the source screenshots themselves (not introduced by this transcription): (1) Corobore 820, material code 20.12, diameter 237.0mm row was never captured. (2) Sandvik Duobore pC14-C21: the 270mm-diameter row for code 3.11, and all rows for codes 3.13, 3.2, 3.21, 3.22, 30.11, 30.12, and 30.21, were never captured (a scroll/screenshot gap between images). These are marked with DATA_GAP:true and a note field rather than filled with guessed values. Given the density and volume of this table (~365 data rows), spot-checking a sample against the original source CSV (lookupTables/Component/tblBoring.csv) is recommended before using this for production costing decisions.",182,511,273,966,Bore,"Sandvik Fine Boring, inserts pC31",5.51,230,Brinell,25.0,0.4,6.35,82,87.5,0.6,0.05,2420,15,12.8,1.0,,
USA reference export,Lookup Table,Machining > Lookup Tables,tblBoring,lookupTables/Component/tblBoring.csv,"This table was transcribed from 24 screenshots across two batches. Two genuine gaps exist in the source screenshots themselves (not introduced by this transcription): (1) Corobore 820, material code 20.12, diameter 237.0mm row was never captured. (2) Sandvik Duobore pC14-C21: the 270mm-diameter row for code 3.11, and all rows for codes 3.13, 3.2, 3.21, 3.22, 30.11, 30.12, and 30.21, were never captured (a scroll/screenshot gap between images). These are marked with DATA_GAP:true and a note field rather than filled with guessed values. Given the density and volume of this table (~365 data rows), spot-checking a sample against the original source CSV (lookupTables/Component/tblBoring.csv) is recommended before using this for production costing decisions.",182,511,273,966,Bore,"Sandvik Fine Boring, inserts pC31",5.51,230,Brinell,49.5,0.4,6.35,82,173.3,0.9,0.05,2420,15,12.8,1.0,,
USA reference export,Lookup Table,Machining > Lookup Tables,tblBoring,lookupTables/Component/tblBoring.csv,"This table was transcribed from 24 screenshots across two batches. Two genuine gaps exist in the source screenshots themselves (not introduced by this transcription): (1) Corobore 820, material code 20.12, diameter 237.0mm row was never captured. (2) Sandvik Duobore pC14-C21: the 270mm-diameter row for code 3.11, and all rows for codes 3.13, 3.2, 3.21, 3.22, 30.11, 30.12, and 30.21, were never captured (a scroll/screenshot gap between images). These are marked with DATA_GAP:true and a note field rather than filled with guessed values. Given the density and volume of this table (~365 data rows), spot-checking a sample against the original source CSV (lookupTables/Component/tblBoring.csv) is recommended before using this for production costing decisions.",182,511,273,966,Bore,"Sandvik Fine Boring, inserts pC31",5.51,230,Brinell,103.5,0.4,6.35,82,362.3,1.2,0.08,2420,15,12.8,1.0,,
USA reference export,Lookup Table,Machining > Lookup Tables,tblBoring,lookupTables/Component/tblBoring.csv,"This table was transcribed from 24 screenshots across two batches. Two genuine gaps exist in the source screenshots themselves (not introduced by this transcription): (1) Corobore 820, material code 20.12, diameter 237.0mm row was never captured. (2) Sandvik Duobore pC14-C21: the 270mm-diameter row for code 3.11, and all rows for codes 3.13, 3.2, 3.21, 3.22, 30.11, 30.12, and 30.21, were never captured (a scroll/screenshot gap between images). These are marked with DATA_GAP:true and a note field rather than filled with guessed values. Given the density and volume of this table (~365 data rows), spot-checking a sample against the original source CSV (lookupTables/Component/tblBoring.csv) is recommended before using this for production costing decisions.",182,511,273,966,Bore,"Sandvik Fine Boring, inserts pC31",5.52,260,Brinell,25.0,0.4,6.35,82,87.5,0.6,0.05,2920,15,12.8,1.0,,
USA reference export,Lookup Table,Machining > Lookup Tables,tblBoring,lookupTables/Component/tblBoring.csv,"This table was transcribed from 24 screenshots across two batches. Two genuine gaps exist in the source screenshots themselves (not introduced by this transcription): (1) Corobore 820, material code 20.12, diameter 237.0mm row was never captured. (2) Sandvik Duobore pC14-C21: the 270mm-diameter row for code 3.11, and all rows for codes 3.13, 3.2, 3.21, 3.22, 30.11, 30.12, and 30.21, were never captured (a scroll/screenshot gap between images). These are marked with DATA_GAP:true and a note field rather than filled with guessed values. Given the density and volume of this table (~365 data rows), spot-checking a sample against the original source CSV (lookupTables/Component/tblBoring.csv) is recommended before using this for production costing decisions.",182,511,273,966,Bore,"Sandvik Fine Boring, inserts pC31",5.52,260,Brinell,49.5,0.4,6.35,82,173.3,0.9,0.05,2920,15,12.8,1.0,,
USA reference export,Lookup Table,Machining > Lookup Tables,tblBoring,lookupTables/Component/tblBoring.csv,"This table was transcribed from 24 screenshots across two batches. Two genuine gaps exist in the source screenshots themselves (not introduced by this transcription): (1) Corobore 820, material code 20.12, diameter 237.0mm row was never captured. (2) Sandvik Duobore pC14-C21: the 270mm-diameter row for code 3.11, and all rows for codes 3.13, 3.2, 3.21, 3.22, 30.11, 30.12, and 30.21, were never captured (a scroll/screenshot gap between images). These are marked with DATA_GAP:true and a note field rather than filled with guessed values. Given the density and volume of this table (~365 data rows), spot-checking a sample against the original source CSV (lookupTables/Component/tblBoring.csv) is recommended before using this for production costing decisions.",182,511,273,966,Bore,"Sandvik Fine Boring, inserts pC31",5.52,260,Brinell,103.5,0.4,6.35,82,362.3,1.2,0.08,2920,15,12.8,1.0,,
USA reference export,Lookup Table,Machining > Lookup Tables,tblBoring,lookupTables/Component/tblBoring.csv,"This table was transcribed from 24 screenshots across two batches. Two genuine gaps exist in the source screenshots themselves (not introduced by this transcription): (1) Corobore 820, material code 20.12, diameter 237.0mm row was never captured. (2) Sandvik Duobore pC14-C21: the 270mm-diameter row for code 3.11, and all rows for codes 3.13, 3.2, 3.21, 3.22, 30.11, 30.12, and 30.21, were never captured (a scroll/screenshot gap between images). These are marked with DATA_GAP:true and a note field rather than filled with guessed values. Given the density and volume of this table (~365 data rows), spot-checking a sample against the original source CSV (lookupTables/Component/tblBoring.csv) is recommended before using this for production costing decisions.",182,511,273,966,Bore,"Sandvik Fine Boring, inserts pC31",51.21,30,Brinell,25.0,0.4,6.35,490,87.5,0.9231,0.05,460,15,12.8,1.0,,
USA reference export,Lookup Table,Machining > Lookup Tables,tblBoring,lookupTables/Component/tblBoring.csv,"This table was transcribed from 24 screenshots across two batches. Two genuine gaps exist in the source screenshots themselves (not introduced by this transcription): (1) Corobore 820, material code 20.12, diameter 237.0mm row was never captured. (2) Sandvik Duobore pC14-C21: the 270mm-diameter row for code 3.11, and all rows for codes 3.13, 3.2, 3.21, 3.22, 30.11, 30.12, and 30.21, were never captured (a scroll/screenshot gap between images). These are marked with DATA_GAP:true and a note field rather than filled with guessed values. Given the density and volume of this table (~365 data rows), spot-checking a sample against the original source CSV (lookupTables/Component/tblBoring.csv) is recommended before using this for production costing decisions.",182,511,273,966,Bore,"Sandvik Fine Boring, inserts pC31",51.21,30,Brinell,49.5,0.4,6.35,490,173.3,1.3846,0.05,460,15,12.8,1.0,,
USA reference export,Lookup Table,Machining > Lookup Tables,tblBoring,lookupTables/Component/tblBoring.csv,"This table was transcribed from 24 screenshots across two batches. Two genuine gaps exist in the source screenshots themselves (not introduced by this transcription): (1) Corobore 820, material code 20.12, diameter 237.0mm row was never captured. (2) Sandvik Duobore pC14-C21: the 270mm-diameter row for code 3.11, and all rows for codes 3.13, 3.2, 3.21, 3.22, 30.11, 30.12, and 30.21, were never captured (a scroll/screenshot gap between images). These are marked with DATA_GAP:true and a note field rather than filled with guessed values. Given the density and volume of this table (~365 data rows), spot-checking a sample against the original source CSV (lookupTables/Component/tblBoring.csv) is recommended before using this for production costing decisions.",182,511,273,966,Bore,"Sandvik Fine Boring, inserts pC31",51.21,30,Brinell,103.5,0.4,6.35,490,362.3,1.8461,0.08,460,15,12.8,1.0,,
USA reference export,Lookup Table,Machining > Lookup Tables,tblBoring,lookupTables/Component/tblBoring.csv,"This table was transcribed from 24 screenshots across two batches. Two genuine gaps exist in the source screenshots themselves (not introduced by this transcription): (1) Corobore 820, material code 20.12, diameter 237.0mm row was never captured. (2) Sandvik Duobore pC14-C21: the 270mm-diameter row for code 3.11, and all rows for codes 3.13, 3.2, 3.21, 3.22, 30.11, 30.12, and 30.21, were never captured (a scroll/screenshot gap between images). These are marked with DATA_GAP:true and a note field rather than filled with guessed values. Given the density and volume of this table (~365 data rows), spot-checking a sample against the original source CSV (lookupTables/Component/tblBoring.csv) is recommended before using this for production costing decisions.",182,511,273,966,Bore,"Sandvik Fine Boring, inserts pC31",51.22,30,Brinell,25.0,0.4,6.35,490,87.5,0.9231,0.05,460,15,12.8,1.0,,
USA reference export,Lookup Table,Machining > Lookup Tables,tblBoring,lookupTables/Component/tblBoring.csv,"This table was transcribed from 24 screenshots across two batches. Two genuine gaps exist in the source screenshots themselves (not introduced by this transcription): (1) Corobore 820, material code 20.12, diameter 237.0mm row was never captured. (2) Sandvik Duobore pC14-C21: the 270mm-diameter row for code 3.11, and all rows for codes 3.13, 3.2, 3.21, 3.22, 30.11, 30.12, and 30.21, were never captured (a scroll/screenshot gap between images). These are marked with DATA_GAP:true and a note field rather than filled with guessed values. Given the density and volume of this table (~365 data rows), spot-checking a sample against the original source CSV (lookupTables/Component/tblBoring.csv) is recommended before using this for production costing decisions.",182,511,273,966,Bore,"Sandvik Fine Boring, inserts pC31",51.22,30,Brinell,49.5,0.4,6.35,490,173.3,1.3846,0.05,460,15,12.8,1.0,,
USA reference export,Lookup Table,Machining > Lookup Tables,tblBoring,lookupTables/Component/tblBoring.csv,"This table was transcribed from 24 screenshots across two batches. Two genuine gaps exist in the source screenshots themselves (not introduced by this transcription): (1) Corobore 820, material code 20.12, diameter 237.0mm row was never captured. (2) Sandvik Duobore pC14-C21: the 270mm-diameter row for code 3.11, and all rows for codes 3.13, 3.2, 3.21, 3.22, 30.11, 30.12, and 30.21, were never captured (a scroll/screenshot gap between images). These are marked with DATA_GAP:true and a note field rather than filled with guessed values. Given the density and volume of this table (~365 data rows), spot-checking a sample against the original source CSV (lookupTables/Component/tblBoring.csv) is recommended before using this for production costing decisions.",182,511,273,966,Bore,"Sandvik Fine Boring, inserts pC31",51.22,30,Brinell,103.5,0.4,6.35,490,362.3,1.8461,0.08,460,15,12.8,1.0,,
USA reference export,Lookup Table,Machining > Lookup Tables,tblBoring,lookupTables/Component/tblBoring.csv,"This table was transcribed from 24 screenshots across two batches. Two genuine gaps exist in the source screenshots themselves (not introduced by this transcription): (1) Corobore 820, material code 20.12, diameter 237.0mm row was never captured. (2) Sandvik Duobore pC14-C21: the 270mm-diameter row for code 3.11, and all rows for codes 3.13, 3.2, 3.21, 3.22, 30.11, 30.12, and 30.21, were never captured (a scroll/screenshot gap between images). These are marked with DATA_GAP:true and a note field rather than filled with guessed values. Given the density and volume of this table (~365 data rows), spot-checking a sample against the original source CSV (lookupTables/Component/tblBoring.csv) is recommended before using this for production costing decisions.",182,511,273,966,Bore,"Sandvik Fine Boring, inserts pC31",51.31,30,Brinell,25.0,0.4,6.35,610,87.5,0.9231,0.05,460,15,12.8,1.0,,
USA reference export,Lookup Table,Machining > Lookup Tables,tblBoring,lookupTables/Component/tblBoring.csv,"This table was transcribed from 24 screenshots across two batches. Two genuine gaps exist in the source screenshots themselves (not introduced by this transcription): (1) Corobore 820, material code 20.12, diameter 237.0mm row was never captured. (2) Sandvik Duobore pC14-C21: the 270mm-diameter row for code 3.11, and all rows for codes 3.13, 3.2, 3.21, 3.22, 30.11, 30.12, and 30.21, were never captured (a scroll/screenshot gap between images). These are marked with DATA_GAP:true and a note field rather than filled with guessed values. Given the density and volume of this table (~365 data rows), spot-checking a sample against the original source CSV (lookupTables/Component/tblBoring.csv) is recommended before using this for production costing decisions.",182,511,273,966,Bore,"Sandvik Fine Boring, inserts pC31",51.31,30,Brinell,49.5,0.4,6.35,610,173.3,1.3846,0.05,460,15,12.8,1.0,,
USA reference export,Lookup Table,Machining > Lookup Tables,tblBoring,lookupTables/Component/tblBoring.csv,"This table was transcribed from 24 screenshots across two batches. Two genuine gaps exist in the source screenshots themselves (not introduced by this transcription): (1) Corobore 820, material code 20.12, diameter 237.0mm row was never captured. (2) Sandvik Duobore pC14-C21: the 270mm-diameter row for code 3.11, and all rows for codes 3.13, 3.2, 3.21, 3.22, 30.11, 30.12, and 30.21, were never captured (a scroll/screenshot gap between images). These are marked with DATA_GAP:true and a note field rather than filled with guessed values. Given the density and volume of this table (~365 data rows), spot-checking a sample against the original source CSV (lookupTables/Component/tblBoring.csv) is recommended before using this for production costing decisions.",182,511,273,966,Bore,"Sandvik Fine Boring, inserts pC31",51.31,30,Brinell,103.5,0.4,6.35,610,362.3,1.8461,0.08,460,15,12.8,1.0,,
USA reference export,Lookup Table,Machining > Lookup Tables,tblBoring,lookupTables/Component/tblBoring.csv,"This table was transcribed from 24 screenshots across two batches. Two genuine gaps exist in the source screenshots themselves (not introduced by this transcription): (1) Corobore 820, material code 20.12, diameter 237.0mm row was never captured. (2) Sandvik Duobore pC14-C21: the 270mm-diameter row for code 3.11, and all rows for codes 3.13, 3.2, 3.21, 3.22, 30.11, 30.12, and 30.21, were never captured (a scroll/screenshot gap between images). These are marked with DATA_GAP:true and a note field rather than filled with guessed values. Given the density and volume of this table (~365 data rows), spot-checking a sample against the original source CSV (lookupTables/Component/tblBoring.csv) is recommended before using this for production costing decisions.",182,511,273,966,Bore,"Sandvik Fine Boring, inserts pC31",51.32,30,Brinell,25.0,0.4,6.35,610,87.5,0.9231,0.05,460,15,12.8,1.0,,
USA reference export,Lookup Table,Machining > Lookup Tables,tblBoring,lookupTables/Component/tblBoring.csv,"This table was transcribed from 24 screenshots across two batches. Two genuine gaps exist in the source screenshots themselves (not introduced by this transcription): (1) Corobore 820, material code 20.12, diameter 237.0mm row was never captured. (2) Sandvik Duobore pC14-C21: the 270mm-diameter row for code 3.11, and all rows for codes 3.13, 3.2, 3.21, 3.22, 30.11, 30.12, and 30.21, were never captured (a scroll/screenshot gap between images). These are marked with DATA_GAP:true and a note field rather than filled with guessed values. Given the density and volume of this table (~365 data rows), spot-checking a sample against the original source CSV (lookupTables/Component/tblBoring.csv) is recommended before using this for production costing decisions.",182,511,273,966,Bore,"Sandvik Fine Boring, inserts pC31",51.32,30,Brinell,49.5,0.4,6.35,610,173.3,1.3846,0.05,460,15,12.8,1.0,,
USA reference export,Lookup Table,Machining > Lookup Tables,tblBoring,lookupTables/Component/tblBoring.csv,"This table was transcribed from 24 screenshots across two batches. Two genuine gaps exist in the source screenshots themselves (not introduced by this transcription): (1) Corobore 820, material code 20.12, diameter 237.0mm row was never captured. (2) Sandvik Duobore pC14-C21: the 270mm-diameter row for code 3.11, and all rows for codes 3.13, 3.2, 3.21, 3.22, 30.11, 30.12, and 30.21, were never captured (a scroll/screenshot gap between images). These are marked with DATA_GAP:true and a note field rather than filled with guessed values. Given the density and volume of this table (~365 data rows), spot-checking a sample against the original source CSV (lookupTables/Component/tblBoring.csv) is recommended before using this for production costing decisions.",182,511,273,966,Bore,"Sandvik Fine Boring, inserts pC31",51.32,30,Brinell,103.5,0.4,6.35,610,362.3,1.8461,0.08,460,15,12.8,1.0,,
USA reference export,Lookup Table,Machining > Lookup Tables,tblBoring,lookupTables/Component/tblBoring.csv,"This table was transcribed from 24 screenshots across two batches. Two genuine gaps exist in the source screenshots themselves (not introduced by this transcription): (1) Corobore 820, material code 20.12, diameter 237.0mm row was never captured. (2) Sandvik Duobore pC14-C21: the 270mm-diameter row for code 3.11, and all rows for codes 3.13, 3.2, 3.21, 3.22, 30.11, 30.12, and 30.21, were never captured (a scroll/screenshot gap between images). These are marked with DATA_GAP:true and a note field rather than filled with guessed values. Given the density and volume of this table (~365 data rows), spot-checking a sample against the original source CSV (lookupTables/Component/tblBoring.csv) is recommended before using this for production costing decisions.",182,511,273,966,Bore,"Sandvik Fine Boring, inserts pC31",52.11,30,Brinell,25.0,0.4,6.35,270,87.5,0.9231,0.05,460,15,12.8,1.0,,
USA reference export,Lookup Table,Machining > Lookup Tables,tblBoring,lookupTables/Component/tblBoring.csv,"This table was transcribed from 24 screenshots across two batches. Two genuine gaps exist in the source screenshots themselves (not introduced by this transcription): (1) Corobore 820, material code 20.12, diameter 237.0mm row was never captured. (2) Sandvik Duobore pC14-C21: the 270mm-diameter row for code 3.11, and all rows for codes 3.13, 3.2, 3.21, 3.22, 30.11, 30.12, and 30.21, were never captured (a scroll/screenshot gap between images). These are marked with DATA_GAP:true and a note field rather than filled with guessed values. Given the density and volume of this table (~365 data rows), spot-checking a sample against the original source CSV (lookupTables/Component/tblBoring.csv) is recommended before using this for production costing decisions.",182,511,273,966,Bore,"Sandvik Fine Boring, inserts pC31",52.11,30,Brinell,49.5,0.4,6.35,270,173.3,1.3846,0.05,460,15,12.8,1.0,,
USA reference export,Lookup Table,Machining > Lookup Tables,tblBoring,lookupTables/Component/tblBoring.csv,"This table was transcribed from 24 screenshots across two batches. Two genuine gaps exist in the source screenshots themselves (not introduced by this transcription): (1) Corobore 820, material code 20.12, diameter 237.0mm row was never captured. (2) Sandvik Duobore pC14-C21: the 270mm-diameter row for code 3.11, and all rows for codes 3.13, 3.2, 3.21, 3.22, 30.11, 30.12, and 30.21, were never captured (a scroll/screenshot gap between images). These are marked with DATA_GAP:true and a note field rather than filled with guessed values. Given the density and volume of this table (~365 data rows), spot-checking a sample against the original source CSV (lookupTables/Component/tblBoring.csv) is recommended before using this for production costing decisions.",182,511,273,966,Bore,"Sandvik Fine Boring, inserts pC31",52.11,30,Brinell,103.5,0.4,6.35,270,362.3,1.8461,0.08,460,15,12.8,1.0,,
USA reference export,Lookup Table,Machining > Lookup Tables,tblBoring,lookupTables/Component/tblBoring.csv,"This table was transcribed from 24 screenshots across two batches. Two genuine gaps exist in the source screenshots themselves (not introduced by this transcription): (1) Corobore 820, material code 20.12, diameter 237.0mm row was never captured. (2) Sandvik Duobore pC14-C21: the 270mm-diameter row for code 3.11, and all rows for codes 3.13, 3.2, 3.21, 3.22, 30.11, 30.12, and 30.21, were never captured (a scroll/screenshot gap between images). These are marked with DATA_GAP:true and a note field rather than filled with guessed values. Given the density and volume of this table (~365 data rows), spot-checking a sample against the original source CSV (lookupTables/Component/tblBoring.csv) is recommended before using this for production costing decisions.",182,511,273,966,Bore,"Sandvik Fine Boring, inserts pC31",52.12,30,Brinell,25.0,0.4,6.35,340,87.5,0.9231,0.05,460,15,12.8,1.0,,
USA reference export,Lookup Table,Machining > Lookup Tables,tblBoring,lookupTables/Component/tblBoring.csv,"This table was transcribed from 24 screenshots across two batches. Two genuine gaps exist in the source screenshots themselves (not introduced by this transcription): (1) Corobore 820, material code 20.12, diameter 237.0mm row was never captured. (2) Sandvik Duobore pC14-C21: the 270mm-diameter row for code 3.11, and all rows for codes 3.13, 3.2, 3.21, 3.22, 30.11, 30.12, and 30.21, were never captured (a scroll/screenshot gap between images). These are marked with DATA_GAP:true and a note field rather than filled with guessed values. Given the density and volume of this table (~365 data rows), spot-checking a sample against the original source CSV (lookupTables/Component/tblBoring.csv) is recommended before using this for production costing decisions.",182,511,273,966,Bore,"Sandvik Fine Boring, inserts pC31",52.12,30,Brinell,49.5,0.4,6.35,340,173.3,1.3846,0.05,460,15,12.8,1.0,,
USA reference export,Lookup Table,Machining > Lookup Tables,tblBoring,lookupTables/Component/tblBoring.csv,"This table was transcribed from 24 screenshots across two batches. Two genuine gaps exist in the source screenshots themselves (not introduced by this transcription): (1) Corobore 820, material code 20.12, diameter 237.0mm row was never captured. (2) Sandvik Duobore pC14-C21: the 270mm-diameter row for code 3.11, and all rows for codes 3.13, 3.2, 3.21, 3.22, 30.11, 30.12, and 30.21, were never captured (a scroll/screenshot gap between images). These are marked with DATA_GAP:true and a note field rather than filled with guessed values. Given the density and volume of this table (~365 data rows), spot-checking a sample against the original source CSV (lookupTables/Component/tblBoring.csv) is recommended before using this for production costing decisions.",182,511,273,966,Bore,"Sandvik Fine Boring, inserts pC31",52.12,30,Brinell,103.5,0.4,6.35,340,362.3,1.8461,0.08,460,15,12.8,1.0,,
USA reference export,Lookup Table,Machining > Lookup Tables,tblBoring,lookupTables/Component/tblBoring.csv,"This table was transcribed from 24 screenshots across two batches. Two genuine gaps exist in the source screenshots themselves (not introduced by this transcription): (1) Corobore 820, material code 20.12, diameter 237.0mm row was never captured. (2) Sandvik Duobore pC14-C21: the 270mm-diameter row for code 3.11, and all rows for codes 3.13, 3.2, 3.21, 3.22, 30.11, 30.12, and 30.21, were never captured (a scroll/screenshot gap between images). These are marked with DATA_GAP:true and a note field rather than filled with guessed values. Given the density and volume of this table (~365 data rows), spot-checking a sample against the original source CSV (lookupTables/Component/tblBoring.csv) is recommended before using this for production costing decisions.",182,511,273,966,Bore,"Sandvik Fine Boring, inserts pC31",52.13,30,Brinell,25.0,0.4,6.35,340,87.5,0.9231,0.05,460,15,12.8,1.0,,
USA reference export,Lookup Table,Machining > Lookup Tables,tblBoring,lookupTables/Component/tblBoring.csv,"This table was transcribed from 24 screenshots across two batches. Two genuine gaps exist in the source screenshots themselves (not introduced by this transcription): (1) Corobore 820, material code 20.12, diameter 237.0mm row was never captured. (2) Sandvik Duobore pC14-C21: the 270mm-diameter row for code 3.11, and all rows for codes 3.13, 3.2, 3.21, 3.22, 30.11, 30.12, and 30.21, were never captured (a scroll/screenshot gap between images). These are marked with DATA_GAP:true and a note field rather than filled with guessed values. Given the density and volume of this table (~365 data rows), spot-checking a sample against the original source CSV (lookupTables/Component/tblBoring.csv) is recommended before using this for production costing decisions.",182,511,273,966,Bore,"Sandvik Fine Boring, inserts pC31",52.13,30,Brinell,49.5,0.4,6.35,340,173.3,1.3846,0.05,460,15,12.8,1.0,,
USA reference export,Lookup Table,Machining > Lookup Tables,tblBoring,lookupTables/Component/tblBoring.csv,"This table was transcribed from 24 screenshots across two batches. Two genuine gaps exist in the source screenshots themselves (not introduced by this transcription): (1) Corobore 820, material code 20.12, diameter 237.0mm row was never captured. (2) Sandvik Duobore pC14-C21: the 270mm-diameter row for code 3.11, and all rows for codes 3.13, 3.2, 3.21, 3.22, 30.11, 30.12, and 30.21, were never captured (a scroll/screenshot gap between images). These are marked with DATA_GAP:true and a note field rather than filled with guessed values. Given the density and volume of this table (~365 data rows), spot-checking a sample against the original source CSV (lookupTables/Component/tblBoring.csv) is recommended before using this for production costing decisions.",182,511,273,966,Bore,"Sandvik Fine Boring, inserts pC31",52.13,30,Brinell,103.5,0.4,6.35,340,362.3,1.8461,0.08,460,15,12.8,1.0,,
USA reference export,Lookup Table,Machining > Lookup Tables,tblBoring,lookupTables/Component/tblBoring.csv,"This table was transcribed from 24 screenshots across two batches. Two genuine gaps exist in the source screenshots themselves (not introduced by this transcription): (1) Corobore 820, material code 20.12, diameter 237.0mm row was never captured. (2) Sandvik Duobore pC14-C21: the 270mm-diameter row for code 3.11, and all rows for codes 3.13, 3.2, 3.21, 3.22, 30.11, 30.12, and 30.21, were never captured (a scroll/screenshot gap between images). These are marked with DATA_GAP:true and a note field rather than filled with guessed values. Given the density and volume of this table (~365 data rows), spot-checking a sample against the original source CSV (lookupTables/Component/tblBoring.csv) is recommended before using this for production costing decisions.",182,511,273,966,Bore,"Sandvik Fine Boring, inserts pC31",52.14,30,Brinell,25.0,0.4,6.35,340,87.5,0.6154,0.05,460,15,12.8,1.0,,
USA reference export,Lookup Table,Machining > Lookup Tables,tblBoring,lookupTables/Component/tblBoring.csv,"This table was transcribed from 24 screenshots across two batches. Two genuine gaps exist in the source screenshots themselves (not introduced by this transcription): (1) Corobore 820, material code 20.12, diameter 237.0mm row was never captured. (2) Sandvik Duobore pC14-C21: the 270mm-diameter row for code 3.11, and all rows for codes 3.13, 3.2, 3.21, 3.22, 30.11, 30.12, and 30.21, were never captured (a scroll/screenshot gap between images). These are marked with DATA_GAP:true and a note field rather than filled with guessed values. Given the density and volume of this table (~365 data rows), spot-checking a sample against the original source CSV (lookupTables/Component/tblBoring.csv) is recommended before using this for production costing decisions.",182,511,273,966,Bore,"Sandvik Fine Boring, inserts pC31",52.14,30,Brinell,49.5,0.4,6.35,340,173.3,0.9231,0.05,460,15,12.8,1.0,,
USA reference export,Lookup Table,Machining > Lookup Tables,tblBoring,lookupTables/Component/tblBoring.csv,"This table was transcribed from 24 screenshots across two batches. Two genuine gaps exist in the source screenshots themselves (not introduced by this transcription): (1) Corobore 820, material code 20.12, diameter 237.0mm row was never captured. (2) Sandvik Duobore pC14-C21: the 270mm-diameter row for code 3.11, and all rows for codes 3.13, 3.2, 3.21, 3.22, 30.11, 30.12, and 30.21, were never captured (a scroll/screenshot gap between images). These are marked with DATA_GAP:true and a note field rather than filled with guessed values. Given the density and volume of this table (~365 data rows), spot-checking a sample against the original source CSV (lookupTables/Component/tblBoring.csv) is recommended before using this for production costing decisions.",182,511,273,966,Bore,"Sandvik Fine Boring, inserts pC31",52.14,30,Brinell,103.5,0.4,6.35,340,362.3,1.2308,0.08,460,15,12.8,1.0,,
USA reference export,Lookup Table,Machining > Lookup Tables,tblBoring,lookupTables/Component/tblBoring.csv,"This table was transcribed from 24 screenshots across two batches. Two genuine gaps exist in the source screenshots themselves (not introduced by this transcription): (1) Corobore 820, material code 20.12, diameter 237.0mm row was never captured. (2) Sandvik Duobore pC14-C21: the 270mm-diameter row for code 3.11, and all rows for codes 3.13, 3.2, 3.21, 3.22, 30.11, 30.12, and 30.21, were never captured (a scroll/screenshot gap between images). These are marked with DATA_GAP:true and a note field rather than filled with guessed values. Given the density and volume of this table (~365 data rows), spot-checking a sample against the original source CSV (lookupTables/Component/tblBoring.csv) is recommended before using this for production costing decisions.",182,511,273,966,Bore,"Sandvik Fine Boring, inserts pC31",52.15,30,Brinell,25.0,0.4,6.35,460,87.5,0.9231,0.05,460,15,12.8,1.0,,
USA reference export,Lookup Table,Machining > Lookup Tables,tblBoring,lookupTables/Component/tblBoring.csv,"This table was transcribed from 24 screenshots across two batches. Two genuine gaps exist in the source screenshots themselves (not introduced by this transcription): (1) Corobore 820, material code 20.12, diameter 237.0mm row was never captured. (2) Sandvik Duobore pC14-C21: the 270mm-diameter row for code 3.11, and all rows for codes 3.13, 3.2, 3.21, 3.22, 30.11, 30.12, and 30.21, were never captured (a scroll/screenshot gap between images). These are marked with DATA_GAP:true and a note field rather than filled with guessed values. Given the density and volume of this table (~365 data rows), spot-checking a sample against the original source CSV (lookupTables/Component/tblBoring.csv) is recommended before using this for production costing decisions.",182,511,273,966,Bore,"Sandvik Fine Boring, inserts pC31",52.15,30,Brinell,49.5,0.4,6.35,460,173.3,1.3846,0.05,460,15,12.8,1.0,,
USA reference export,Lookup Table,Machining > Lookup Tables,tblBoring,lookupTables/Component/tblBoring.csv,"This table was transcribed from 24 screenshots across two batches. Two genuine gaps exist in the source screenshots themselves (not introduced by this transcription): (1) Corobore 820, material code 20.12, diameter 237.0mm row was never captured. (2) Sandvik Duobore pC14-C21: the 270mm-diameter row for code 3.11, and all rows for codes 3.13, 3.2, 3.21, 3.22, 30.11, 30.12, and 30.21, were never captured (a scroll/screenshot gap between images). These are marked with DATA_GAP:true and a note field rather than filled with guessed values. Given the density and volume of this table (~365 data rows), spot-checking a sample against the original source CSV (lookupTables/Component/tblBoring.csv) is recommended before using this for production costing decisions.",182,511,273,966,Bore,"Sandvik Fine Boring, inserts pC31",52.15,30,Brinell,103.5,0.4,6.35,460,362.3,1.8461,0.08,460,15,12.8,1.0,,
USA reference export,Lookup Table,Machining > Lookup Tables,tblBoring,lookupTables/Component/tblBoring.csv,"This table was transcribed from 24 screenshots across two batches. Two genuine gaps exist in the source screenshots themselves (not introduced by this transcription): (1) Corobore 820, material code 20.12, diameter 237.0mm row was never captured. (2) Sandvik Duobore pC14-C21: the 270mm-diameter row for code 3.11, and all rows for codes 3.13, 3.2, 3.21, 3.22, 30.11, 30.12, and 30.21, were never captured (a scroll/screenshot gap between images). These are marked with DATA_GAP:true and a note field rather than filled with guessed values. Given the density and volume of this table (~365 data rows), spot-checking a sample against the original source CSV (lookupTables/Component/tblBoring.csv) is recommended before using this for production costing decisions.",182,511,273,966,Bore,"Sandvik Fine Boring, inserts pC31",52.21,30,Brinell,25.0,0.4,6.35,460,87.5,0.9231,0.05,460,15,12.8,1.0,,
USA reference export,Lookup Table,Machining > Lookup Tables,tblBoring,lookupTables/Component/tblBoring.csv,"This table was transcribed from 24 screenshots across two batches. Two genuine gaps exist in the source screenshots themselves (not introduced by this transcription): (1) Corobore 820, material code 20.12, diameter 237.0mm row was never captured. (2) Sandvik Duobore pC14-C21: the 270mm-diameter row for code 3.11, and all rows for codes 3.13, 3.2, 3.21, 3.22, 30.11, 30.12, and 30.21, were never captured (a scroll/screenshot gap between images). These are marked with DATA_GAP:true and a note field rather than filled with guessed values. Given the density and volume of this table (~365 data rows), spot-checking a sample against the original source CSV (lookupTables/Component/tblBoring.csv) is recommended before using this for production costing decisions.",182,511,273,966,Bore,"Sandvik Fine Boring, inserts pC31",52.21,30,Brinell,49.5,0.4,6.35,460,173.3,1.3846,0.05,460,15,12.8,1.0,,
USA reference export,Lookup Table,Machining > Lookup Tables,tblBoring,lookupTables/Component/tblBoring.csv,"This table was transcribed from 24 screenshots across two batches. Two genuine gaps exist in the source screenshots themselves (not introduced by this transcription): (1) Corobore 820, material code 20.12, diameter 237.0mm row was never captured. (2) Sandvik Duobore pC14-C21: the 270mm-diameter row for code 3.11, and all rows for codes 3.13, 3.2, 3.21, 3.22, 30.11, 30.12, and 30.21, were never captured (a scroll/screenshot gap between images). These are marked with DATA_GAP:true and a note field rather than filled with guessed values. Given the density and volume of this table (~365 data rows), spot-checking a sample against the original source CSV (lookupTables/Component/tblBoring.csv) is recommended before using this for production costing decisions.",182,511,273,966,Bore,"Sandvik Fine Boring, inserts pC31",52.21,30,Brinell,103.5,0.4,6.35,460,362.3,1.8461,0.08,460,15,12.8,1.0,,
USA reference export,Lookup Table,Machining > Lookup Tables,tblBoring,lookupTables/Component/tblBoring.csv,"This table was transcribed from 24 screenshots across two batches. Two genuine gaps exist in the source screenshots themselves (not introduced by this transcription): (1) Corobore 820, material code 20.12, diameter 237.0mm row was never captured. (2) Sandvik Duobore pC14-C21: the 270mm-diameter row for code 3.11, and all rows for codes 3.13, 3.2, 3.21, 3.22, 30.11, 30.12, and 30.21, were never captured (a scroll/screenshot gap between images). These are marked with DATA_GAP:true and a note field rather than filled with guessed values. Given the density and volume of this table (~365 data rows), spot-checking a sample against the original source CSV (lookupTables/Component/tblBoring.csv) is recommended before using this for production costing decisions.",182,511,273,966,Bore,"Sandvik Fine Boring, inserts pC31",52.31,30,Brinell,25.0,0.4,6.35,610,87.5,0.9231,0.05,460,15,12.8,1.0,,
USA reference export,Lookup Table,Machining > Lookup Tables,tblBoring,lookupTables/Component/tblBoring.csv,"This table was transcribed from 24 screenshots across two batches. Two genuine gaps exist in the source screenshots themselves (not introduced by this transcription): (1) Corobore 820, material code 20.12, diameter 237.0mm row was never captured. (2) Sandvik Duobore pC14-C21: the 270mm-diameter row for code 3.11, and all rows for codes 3.13, 3.2, 3.21, 3.22, 30.11, 30.12, and 30.21, were never captured (a scroll/screenshot gap between images). These are marked with DATA_GAP:true and a note field rather than filled with guessed values. Given the density and volume of this table (~365 data rows), spot-checking a sample against the original source CSV (lookupTables/Component/tblBoring.csv) is recommended before using this for production costing decisions.",182,511,273,966,Bore,"Sandvik Fine Boring, inserts pC31",52.31,30,Brinell,49.5,0.4,6.35,610,173.3,1.3846,0.05,460,15,12.8,1.0,,
USA reference export,Lookup Table,Machining > Lookup Tables,tblBoring,lookupTables/Component/tblBoring.csv,"This table was transcribed from 24 screenshots across two batches. Two genuine gaps exist in the source screenshots themselves (not introduced by this transcription): (1) Corobore 820, material code 20.12, diameter 237.0mm row was never captured. (2) Sandvik Duobore pC14-C21: the 270mm-diameter row for code 3.11, and all rows for codes 3.13, 3.2, 3.21, 3.22, 30.11, 30.12, and 30.21, were never captured (a scroll/screenshot gap between images). These are marked with DATA_GAP:true and a note field rather than filled with guessed values. Given the density and volume of this table (~365 data rows), spot-checking a sample against the original source CSV (lookupTables/Component/tblBoring.csv) is recommended before using this for production costing decisions.",182,511,273,966,Bore,"Sandvik Fine Boring, inserts pC31",52.31,30,Brinell,103.5,0.4,6.35,610,362.3,1.8461,0.08,460,15,12.8,1.0,,
USA reference export,Lookup Table,Machining > Lookup Tables,tblBoring,lookupTables/Component/tblBoring.csv,"This table was transcribed from 24 screenshots across two batches. Two genuine gaps exist in the source screenshots themselves (not introduced by this transcription): (1) Corobore 820, material code 20.12, diameter 237.0mm row was never captured. (2) Sandvik Duobore pC14-C21: the 270mm-diameter row for code 3.11, and all rows for codes 3.13, 3.2, 3.21, 3.22, 30.11, 30.12, and 30.21, were never captured (a scroll/screenshot gap between images). These are marked with DATA_GAP:true and a note field rather than filled with guessed values. Given the density and volume of this table (~365 data rows), spot-checking a sample against the original source CSV (lookupTables/Component/tblBoring.csv) is recommended before using this for production costing decisions.",182,511,273,966,Bore,"Sandvik Fine Boring, inserts pC31",52.32,30,Brinell,25.0,0.4,6.35,610,87.5,0.9231,0.05,460,15,12.8,1.0,,
USA reference export,Lookup Table,Machining > Lookup Tables,tblBoring,lookupTables/Component/tblBoring.csv,"This table was transcribed from 24 screenshots across two batches. Two genuine gaps exist in the source screenshots themselves (not introduced by this transcription): (1) Corobore 820, material code 20.12, diameter 237.0mm row was never captured. (2) Sandvik Duobore pC14-C21: the 270mm-diameter row for code 3.11, and all rows for codes 3.13, 3.2, 3.21, 3.22, 30.11, 30.12, and 30.21, were never captured (a scroll/screenshot gap between images). These are marked with DATA_GAP:true and a note field rather than filled with guessed values. Given the density and volume of this table (~365 data rows), spot-checking a sample against the original source CSV (lookupTables/Component/tblBoring.csv) is recommended before using this for production costing decisions.",182,511,273,966,Bore,"Sandvik Fine Boring, inserts pC31",52.32,30,Brinell,49.5,0.4,6.35,610,173.3,1.3846,0.05,460,15,12.8,1.0,,
USA reference export,Lookup Table,Machining > Lookup Tables,tblBoring,lookupTables/Component/tblBoring.csv,"This table was transcribed from 24 screenshots across two batches. Two genuine gaps exist in the source screenshots themselves (not introduced by this transcription): (1) Corobore 820, material code 20.12, diameter 237.0mm row was never captured. (2) Sandvik Duobore pC14-C21: the 270mm-diameter row for code 3.11, and all rows for codes 3.13, 3.2, 3.21, 3.22, 30.11, 30.12, and 30.21, were never captured (a scroll/screenshot gap between images). These are marked with DATA_GAP:true and a note field rather than filled with guessed values. Given the density and volume of this table (~365 data rows), spot-checking a sample against the original source CSV (lookupTables/Component/tblBoring.csv) is recommended before using this for production costing decisions.",182,511,273,966,Bore,"Sandvik Fine Boring, inserts pC31",52.32,30,Brinell,103.5,0.4,6.35,610,362.3,1.8461,0.08,460,15,12.8,1.0,,
USA reference export,Lookup Table,Machining > Lookup Tables,tblBoring,lookupTables/Component/tblBoring.csv,"This table was transcribed from 24 screenshots across two batches. Two genuine gaps exist in the source screenshots themselves (not introduced by this transcription): (1) Corobore 820, material code 20.12, diameter 237.0mm row was never captured. (2) Sandvik Duobore pC14-C21: the 270mm-diameter row for code 3.11, and all rows for codes 3.13, 3.2, 3.21, 3.22, 30.11, 30.12, and 30.21, were never captured (a scroll/screenshot gap between images). These are marked with DATA_GAP:true and a note field rather than filled with guessed values. Given the density and volume of this table (~365 data rows), spot-checking a sample against the original source CSV (lookupTables/Component/tblBoring.csv) is recommended before using this for production costing decisions.",182,511,273,966,Bore,"Sandvik Fine Boring, inserts pC31",6.1,150,Brinell,25.0,0.4,6.35,148,87.5,0.4,0.05,1860,15,12.8,1.0,,
USA reference export,Lookup Table,Machining > Lookup Tables,tblBoring,lookupTables/Component/tblBoring.csv,"This table was transcribed from 24 screenshots across two batches. Two genuine gaps exist in the source screenshots themselves (not introduced by this transcription): (1) Corobore 820, material code 20.12, diameter 237.0mm row was never captured. (2) Sandvik Duobore pC14-C21: the 270mm-diameter row for code 3.11, and all rows for codes 3.13, 3.2, 3.21, 3.22, 30.11, 30.12, and 30.21, were never captured (a scroll/screenshot gap between images). These are marked with DATA_GAP:true and a note field rather than filled with guessed values. Given the density and volume of this table (~365 data rows), spot-checking a sample against the original source CSV (lookupTables/Component/tblBoring.csv) is recommended before using this for production costing decisions.",182,511,273,966,Bore,"Sandvik Fine Boring, inserts pC31",6.1,150,Brinell,49.5,0.4,6.35,148,173.3,0.6,0.05,1860,15,12.8,1.0,,
USA reference export,Lookup Table,Machining > Lookup Tables,tblBoring,lookupTables/Component/tblBoring.csv,"This table was transcribed from 24 screenshots across two batches. Two genuine gaps exist in the source screenshots themselves (not introduced by this transcription): (1) Corobore 820, material code 20.12, diameter 237.0mm row was never captured. (2) Sandvik Duobore pC14-C21: the 270mm-diameter row for code 3.11, and all rows for codes 3.13, 3.2, 3.21, 3.22, 30.11, 30.12, and 30.21, were never captured (a scroll/screenshot gap between images). These are marked with DATA_GAP:true and a note field rather than filled with guessed values. Given the density and volume of this table (~365 data rows), spot-checking a sample against the original source CSV (lookupTables/Component/tblBoring.csv) is recommended before using this for production costing decisions.",182,511,273,966,Bore,"Sandvik Fine Boring, inserts pC31",6.1,150,Brinell,103.5,0.4,6.35,148,362.3,0.8,0.08,1860,15,12.8,1.0,,
USA reference export,Lookup Table,Machining > Lookup Tables,tblBoring,lookupTables/Component/tblBoring.csv,"This table was transcribed from 24 screenshots across two batches. Two genuine gaps exist in the source screenshots themselves (not introduced by this transcription): (1) Corobore 820, material code 20.12, diameter 237.0mm row was never captured. (2) Sandvik Duobore pC14-C21: the 270mm-diameter row for code 3.11, and all rows for codes 3.13, 3.2, 3.21, 3.22, 30.11, 30.12, and 30.21, were never captured (a scroll/screenshot gap between images). These are marked with DATA_GAP:true and a note field rather than filled with guessed values. Given the density and volume of this table (~365 data rows), spot-checking a sample against the original source CSV (lookupTables/Component/tblBoring.csv) is recommended before using this for production costing decisions.",182,511,273,966,Bore,"Sandvik Fine Boring, inserts pC31",6.2,200,Brinell,25.0,0.4,6.35,119,87.5,0.6,0.05,2140,15,12.8,1.0,,
USA reference export,Lookup Table,Machining > Lookup Tables,tblBoring,lookupTables/Component/tblBoring.csv,"This table was transcribed from 24 screenshots across two batches. Two genuine gaps exist in the source screenshots themselves (not introduced by this transcription): (1) Corobore 820, material code 20.12, diameter 237.0mm row was never captured. (2) Sandvik Duobore pC14-C21: the 270mm-diameter row for code 3.11, and all rows for codes 3.13, 3.2, 3.21, 3.22, 30.11, 30.12, and 30.21, were never captured (a scroll/screenshot gap between images). These are marked with DATA_GAP:true and a note field rather than filled with guessed values. Given the density and volume of this table (~365 data rows), spot-checking a sample against the original source CSV (lookupTables/Component/tblBoring.csv) is recommended before using this for production costing decisions.",182,511,273,966,Bore,"Sandvik Fine Boring, inserts pC31",6.2,200,Brinell,49.5,0.4,6.35,119,173.3,0.9,0.05,2140,15,12.8,1.0,,
USA reference export,Lookup Table,Machining > Lookup Tables,tblBoring,lookupTables/Component/tblBoring.csv,"This table was transcribed from 24 screenshots across two batches. Two genuine gaps exist in the source screenshots themselves (not introduced by this transcription): (1) Corobore 820, material code 20.12, diameter 237.0mm row was never captured. (2) Sandvik Duobore pC14-C21: the 270mm-diameter row for code 3.11, and all rows for codes 3.13, 3.2, 3.21, 3.22, 30.11, 30.12, and 30.21, were never captured (a scroll/screenshot gap between images). These are marked with DATA_GAP:true and a note field rather than filled with guessed values. Given the density and volume of this table (~365 data rows), spot-checking a sample against the original source CSV (lookupTables/Component/tblBoring.csv) is recommended before using this for production costing decisions.",182,511,273,966,Bore,"Sandvik Fine Boring, inserts pC31",6.2,200,Brinell,103.5,0.4,6.35,119,362.3,1.2,0.08,2140,15,12.8,1.0,,
USA reference export,Lookup Table,Machining > Lookup Tables,tblBoring,lookupTables/Component/tblBoring.csv,"This table was transcribed from 24 screenshots across two batches. Two genuine gaps exist in the source screenshots themselves (not introduced by this transcription): (1) Corobore 820, material code 20.12, diameter 237.0mm row was never captured. (2) Sandvik Duobore pC14-C21: the 270mm-diameter row for code 3.11, and all rows for codes 3.13, 3.2, 3.21, 3.22, 30.11, 30.12, and 30.21, were never captured (a scroll/screenshot gap between images). These are marked with DATA_GAP:true and a note field rather than filled with guessed values. Given the density and volume of this table (~365 data rows), spot-checking a sample against the original source CSV (lookupTables/Component/tblBoring.csv) is recommended before using this for production costing decisions.",182,511,273,966,Bore,"Sandvik Fine Boring, inserts pC31",6.3,200,Brinell,25.0,0.4,6.35,84,87.5,0.55,0.05,2600,15,12.8,1.0,,
USA reference export,Lookup Table,Machining > Lookup Tables,tblBoring,lookupTables/Component/tblBoring.csv,"This table was transcribed from 24 screenshots across two batches. Two genuine gaps exist in the source screenshots themselves (not introduced by this transcription): (1) Corobore 820, material code 20.12, diameter 237.0mm row was never captured. (2) Sandvik Duobore pC14-C21: the 270mm-diameter row for code 3.11, and all rows for codes 3.13, 3.2, 3.21, 3.22, 30.11, 30.12, and 30.21, were never captured (a scroll/screenshot gap between images). These are marked with DATA_GAP:true and a note field rather than filled with guessed values. Given the density and volume of this table (~365 data rows), spot-checking a sample against the original source CSV (lookupTables/Component/tblBoring.csv) is recommended before using this for production costing decisions.",182,511,273,966,Bore,"Sandvik Fine Boring, inserts pC31",6.3,200,Brinell,49.5,0.4,6.35,84,173.3,0.825,0.05,2600,15,12.8,1.0,,
USA reference export,Lookup Table,Machining > Lookup Tables,tblBoring,lookupTables/Component/tblBoring.csv,"This table was transcribed from 24 screenshots across two batches. Two genuine gaps exist in the source screenshots themselves (not introduced by this transcription): (1) Corobore 820, material code 20.12, diameter 237.0mm row was never captured. (2) Sandvik Duobore pC14-C21: the 270mm-diameter row for code 3.11, and all rows for codes 3.13, 3.2, 3.21, 3.22, 30.11, 30.12, and 30.21, were never captured (a scroll/screenshot gap between images). These are marked with DATA_GAP:true and a note field rather than filled with guessed values. Given the density and volume of this table (~365 data rows), spot-checking a sample against the original source CSV (lookupTables/Component/tblBoring.csv) is recommended before using this for production costing decisions.",182,511,273,966,Bore,"Sandvik Fine Boring, inserts pC31",6.3,200,Brinell,103.5,0.4,6.35,84,362.3,1.1,0.08,2600,15,12.8,1.0,,
USA reference export,Lookup Table,Machining > Lookup Tables,tblBoring,lookupTables/Component/tblBoring.csv,"This table was transcribed from 24 screenshots across two batches. Two genuine gaps exist in the source screenshots themselves (not introduced by this transcription): (1) Corobore 820, material code 20.12, diameter 237.0mm row was never captured. (2) Sandvik Duobore pC14-C21: the 270mm-diameter row for code 3.11, and all rows for codes 3.13, 3.2, 3.21, 3.22, 30.11, 30.12, and 30.21, were never captured (a scroll/screenshot gap between images). These are marked with DATA_GAP:true and a note field rather than filled with guessed values. Given the density and volume of this table (~365 data rows), spot-checking a sample against the original source CSV (lookupTables/Component/tblBoring.csv) is recommended before using this for production costing decisions.",182,511,273,966,Bore,"Sandvik Fine Boring, inserts pC31",6.32,200,Brinell,25.0,0.4,6.35,56,87.5,0.55,0.05,3060,15,12.8,1.0,,
USA reference export,Lookup Table,Machining > Lookup Tables,tblBoring,lookupTables/Component/tblBoring.csv,"This table was transcribed from 24 screenshots across two batches. Two genuine gaps exist in the source screenshots themselves (not introduced by this transcription): (1) Corobore 820, material code 20.12, diameter 237.0mm row was never captured. (2) Sandvik Duobore pC14-C21: the 270mm-diameter row for code 3.11, and all rows for codes 3.13, 3.2, 3.21, 3.22, 30.11, 30.12, and 30.21, were never captured (a scroll/screenshot gap between images). These are marked with DATA_GAP:true and a note field rather than filled with guessed values. Given the density and volume of this table (~365 data rows), spot-checking a sample against the original source CSV (lookupTables/Component/tblBoring.csv) is recommended before using this for production costing decisions.",182,511,273,966,Bore,"Sandvik Fine Boring, inserts pC31",6.32,200,Brinell,49.5,0.4,6.35,56,173.3,0.825,0.05,3060,15,12.8,1.0,,
USA reference export,Lookup Table,Machining > Lookup Tables,tblBoring,lookupTables/Component/tblBoring.csv,"This table was transcribed from 24 screenshots across two batches. Two genuine gaps exist in the source screenshots themselves (not introduced by this transcription): (1) Corobore 820, material code 20.12, diameter 237.0mm row was never captured. (2) Sandvik Duobore pC14-C21: the 270mm-diameter row for code 3.11, and all rows for codes 3.13, 3.2, 3.21, 3.22, 30.11, 30.12, and 30.21, were never captured (a scroll/screenshot gap between images). These are marked with DATA_GAP:true and a note field rather than filled with guessed values. Given the density and volume of this table (~365 data rows), spot-checking a sample against the original source CSV (lookupTables/Component/tblBoring.csv) is recommended before using this for production costing decisions.",182,511,273,966,Bore,"Sandvik Fine Boring, inserts pC31",6.32,200,Brinell,103.5,0.4,6.35,56,362.3,1.1,0.08,3060,15,12.8,1.0,,
USA reference export,Lookup Table,Machining > Lookup Tables,tblBoring,lookupTables/Component/tblBoring.csv,"This table was transcribed from 24 screenshots across two batches. Two genuine gaps exist in the source screenshots themselves (not introduced by this transcription): (1) Corobore 820, material code 20.12, diameter 237.0mm row was never captured. (2) Sandvik Duobore pC14-C21: the 270mm-diameter row for code 3.11, and all rows for codes 3.13, 3.2, 3.21, 3.22, 30.11, 30.12, and 30.21, were never captured (a scroll/screenshot gap between images). These are marked with DATA_GAP:true and a note field rather than filled with guessed values. Given the density and volume of this table (~365 data rows), spot-checking a sample against the original source CSV (lookupTables/Component/tblBoring.csv) is recommended before using this for production costing decisions.",182,511,273,966,Bore,"Sandvik Fine Boring, inserts pC31",6.33,250,Brinell,25.0,0.4,6.35,44,87.5,0.55,0.05,3860,15,12.8,1.0,,
USA reference export,Lookup Table,Machining > Lookup Tables,tblBoring,lookupTables/Component/tblBoring.csv,"This table was transcribed from 24 screenshots across two batches. Two genuine gaps exist in the source screenshots themselves (not introduced by this transcription): (1) Corobore 820, material code 20.12, diameter 237.0mm row was never captured. (2) Sandvik Duobore pC14-C21: the 270mm-diameter row for code 3.11, and all rows for codes 3.13, 3.2, 3.21, 3.22, 30.11, 30.12, and 30.21, were never captured (a scroll/screenshot gap between images). These are marked with DATA_GAP:true and a note field rather than filled with guessed values. Given the density and volume of this table (~365 data rows), spot-checking a sample against the original source CSV (lookupTables/Component/tblBoring.csv) is recommended before using this for production costing decisions.",182,511,273,966,Bore,"Sandvik Fine Boring, inserts pC31",6.33,250,Brinell,49.5,0.4,6.35,44,173.3,0.825,0.05,3860,15,12.8,1.0,,
USA reference export,Lookup Table,Machining > Lookup Tables,tblBoring,lookupTables/Component/tblBoring.csv,"This table was transcribed from 24 screenshots across two batches. Two genuine gaps exist in the source screenshots themselves (not introduced by this transcription): (1) Corobore 820, material code 20.12, diameter 237.0mm row was never captured. (2) Sandvik Duobore pC14-C21: the 270mm-diameter row for code 3.11, and all rows for codes 3.13, 3.2, 3.21, 3.22, 30.11, 30.12, and 30.21, were never captured (a scroll/screenshot gap between images). These are marked with DATA_GAP:true and a note field rather than filled with guessed values. Given the density and volume of this table (~365 data rows), spot-checking a sample against the original source CSV (lookupTables/Component/tblBoring.csv) is recommended before using this for production costing decisions.",182,511,273,966,Bore,"Sandvik Fine Boring, inserts pC31",6.33,250,Brinell,103.5,0.4,6.35,44,362.3,1.1,0.08,3860,15,12.8,1.0,,
USA reference export,Lookup Table,Machining > Lookup Tables,tblBoring,lookupTables/Component/tblBoring.csv,"This table was transcribed from 24 screenshots across two batches. Two genuine gaps exist in the source screenshots themselves (not introduced by this transcription): (1) Corobore 820, material code 20.12, diameter 237.0mm row was never captured. (2) Sandvik Duobore pC14-C21: the 270mm-diameter row for code 3.11, and all rows for codes 3.13, 3.2, 3.21, 3.22, 30.11, 30.12, and 30.21, were never captured (a scroll/screenshot gap between images). These are marked with DATA_GAP:true and a note field rather than filled with guessed values. Given the density and volume of this table (~365 data rows), spot-checking a sample against the original source CSV (lookupTables/Component/tblBoring.csv) is recommended before using this for production costing decisions.",182,511,273,966,Bore,"Sandvik Fine Boring, inserts pC31",7.1,130,Brinell,25.0,0.4,6.35,126,87.5,0.9,0.05,1160,15,12.8,1.0,,
USA reference export,Lookup Table,Machining > Lookup Tables,tblBoring,lookupTables/Component/tblBoring.csv,"This table was transcribed from 24 screenshots across two batches. Two genuine gaps exist in the source screenshots themselves (not introduced by this transcription): (1) Corobore 820, material code 20.12, diameter 237.0mm row was never captured. (2) Sandvik Duobore pC14-C21: the 270mm-diameter row for code 3.11, and all rows for codes 3.13, 3.2, 3.21, 3.22, 30.11, 30.12, and 30.21, were never captured (a scroll/screenshot gap between images). These are marked with DATA_GAP:true and a note field rather than filled with guessed values. Given the density and volume of this table (~365 data rows), spot-checking a sample against the original source CSV (lookupTables/Component/tblBoring.csv) is recommended before using this for production costing decisions.",182,511,273,966,Bore,"Sandvik Fine Boring, inserts pC31",7.1,130,Brinell,49.5,0.4,6.35,126,173.3,1.35,0.05,1160,15,12.8,1.0,,
USA reference export,Lookup Table,Machining > Lookup Tables,tblBoring,lookupTables/Component/tblBoring.csv,"This table was transcribed from 24 screenshots across two batches. Two genuine gaps exist in the source screenshots themselves (not introduced by this transcription): (1) Corobore 820, material code 20.12, diameter 237.0mm row was never captured. (2) Sandvik Duobore pC14-C21: the 270mm-diameter row for code 3.11, and all rows for codes 3.13, 3.2, 3.21, 3.22, 30.11, 30.12, and 30.21, were never captured (a scroll/screenshot gap between images). These are marked with DATA_GAP:true and a note field rather than filled with guessed values. Given the density and volume of this table (~365 data rows), spot-checking a sample against the original source CSV (lookupTables/Component/tblBoring.csv) is recommended before using this for production costing decisions.",182,511,273,966,Bore,"Sandvik Fine Boring, inserts pC31",7.1,130,Brinell,103.5,0.4,6.35,126,362.3,1.8,0.08,1160,15,12.8,1.0,,
USA reference export,Lookup Table,Machining > Lookup Tables,tblBoring,lookupTables/Component/tblBoring.csv,"This table was transcribed from 24 screenshots across two batches. Two genuine gaps exist in the source screenshots themselves (not introduced by this transcription): (1) Corobore 820, material code 20.12, diameter 237.0mm row was never captured. (2) Sandvik Duobore pC14-C21: the 270mm-diameter row for code 3.11, and all rows for codes 3.13, 3.2, 3.21, 3.22, 30.11, 30.12, and 30.21, were never captured (a scroll/screenshot gap between images). These are marked with DATA_GAP:true and a note field rather than filled with guessed values. Given the density and volume of this table (~365 data rows), spot-checking a sample against the original source CSV (lookupTables/Component/tblBoring.csv) is recommended before using this for production costing decisions.",182,511,273,966,Bore,"Sandvik Fine Boring, inserts pC31",7.2,230,Brinell,25.0,0.4,6.35,104,87.5,0.7,0.05,1300,15,12.8,1.0,,
USA reference export,Lookup Table,Machining > Lookup Tables,tblBoring,lookupTables/Component/tblBoring.csv,"This table was transcribed from 24 screenshots across two batches. Two genuine gaps exist in the source screenshots themselves (not introduced by this transcription): (1) Corobore 820, material code 20.12, diameter 237.0mm row was never captured. (2) Sandvik Duobore pC14-C21: the 270mm-diameter row for code 3.11, and all rows for codes 3.13, 3.2, 3.21, 3.22, 30.11, 30.12, and 30.21, were never captured (a scroll/screenshot gap between images). These are marked with DATA_GAP:true and a note field rather than filled with guessed values. Given the density and volume of this table (~365 data rows), spot-checking a sample against the original source CSV (lookupTables/Component/tblBoring.csv) is recommended before using this for production costing decisions.",182,511,273,966,Bore,"Sandvik Fine Boring, inserts pC31",7.2,230,Brinell,49.5,0.4,6.35,104,173.3,1.05,0.05,1300,15,12.8,1.0,,
USA reference export,Lookup Table,Machining > Lookup Tables,tblBoring,lookupTables/Component/tblBoring.csv,"This table was transcribed from 24 screenshots across two batches. Two genuine gaps exist in the source screenshots themselves (not introduced by this transcription): (1) Corobore 820, material code 20.12, diameter 237.0mm row was never captured. (2) Sandvik Duobore pC14-C21: the 270mm-diameter row for code 3.11, and all rows for codes 3.13, 3.2, 3.21, 3.22, 30.11, 30.12, and 30.21, were never captured (a scroll/screenshot gap between images). These are marked with DATA_GAP:true and a note field rather than filled with guessed values. Given the density and volume of this table (~365 data rows), spot-checking a sample against the original source CSV (lookupTables/Component/tblBoring.csv) is recommended before using this for production costing decisions.",182,511,273,966,Bore,"Sandvik Fine Boring, inserts pC31",7.2,230,Brinell,103.5,0.4,6.35,104,362.3,1.4,0.08,1300,15,12.8,1.0,,
USA reference export,Lookup Table,Machining > Lookup Tables,tblBoring,lookupTables/Component/tblBoring.csv,"This table was transcribed from 24 screenshots across two batches. Two genuine gaps exist in the source screenshots themselves (not introduced by this transcription): (1) Corobore 820, material code 20.12, diameter 237.0mm row was never captured. (2) Sandvik Duobore pC14-C21: the 270mm-diameter row for code 3.11, and all rows for codes 3.13, 3.2, 3.21, 3.22, 30.11, 30.12, and 30.21, were never captured (a scroll/screenshot gap between images). These are marked with DATA_GAP:true and a note field rather than filled with guessed values. Given the density and volume of this table (~365 data rows), spot-checking a sample against the original source CSV (lookupTables/Component/tblBoring.csv) is recommended before using this for production costing decisions.",182,511,273,966,Bore,"Sandvik Fine Boring, inserts pC31",7.3,250,Brinell,25.0,0.4,6.35,100,87.5,0.5,0.05,1440,15,12.8,1.0,,
USA reference export,Lookup Table,Machining > Lookup Tables,tblBoring,lookupTables/Component/tblBoring.csv,"This table was transcribed from 24 screenshots across two batches. Two genuine gaps exist in the source screenshots themselves (not introduced by this transcription): (1) Corobore 820, material code 20.12, diameter 237.0mm row was never captured. (2) Sandvik Duobore pC14-C21: the 270mm-diameter row for code 3.11, and all rows for codes 3.13, 3.2, 3.21, 3.22, 30.11, 30.12, and 30.21, were never captured (a scroll/screenshot gap between images). These are marked with DATA_GAP:true and a note field rather than filled with guessed values. Given the density and volume of this table (~365 data rows), spot-checking a sample against the original source CSV (lookupTables/Component/tblBoring.csv) is recommended before using this for production costing decisions.",182,511,273,966,Bore,"Sandvik Fine Boring, inserts pC31",7.3,250,Brinell,49.5,0.4,6.35,100,173.3,0.75,0.05,1440,15,12.8,1.0,,
USA reference export,Lookup Table,Machining > Lookup Tables,tblBoring,lookupTables/Component/tblBoring.csv,"This table was transcribed from 24 screenshots across two batches. Two genuine gaps exist in the source screenshots themselves (not introduced by this transcription): (1) Corobore 820, material code 20.12, diameter 237.0mm row was never captured. (2) Sandvik Duobore pC14-C21: the 270mm-diameter row for code 3.11, and all rows for codes 3.13, 3.2, 3.21, 3.22, 30.11, 30.12, and 30.21, were never captured (a scroll/screenshot gap between images). These are marked with DATA_GAP:true and a note field rather than filled with guessed values. Given the density and volume of this table (~365 data rows), spot-checking a sample against the original source CSV (lookupTables/Component/tblBoring.csv) is recommended before using this for production costing decisions.",182,511,273,966,Bore,"Sandvik Fine Boring, inserts pC31",7.3,250,Brinell,103.5,0.4,6.35,100,362.3,1.0,0.08,1440,15,12.8,1.0,,
USA reference export,Lookup Table,Machining > Lookup Tables,tblBoring,lookupTables/Component/tblBoring.csv,"This table was transcribed from 24 screenshots across two batches. Two genuine gaps exist in the source screenshots themselves (not introduced by this transcription): (1) Corobore 820, material code 20.12, diameter 237.0mm row was never captured. (2) Sandvik Duobore pC14-C21: the 270mm-diameter row for code 3.11, and all rows for codes 3.13, 3.2, 3.21, 3.22, 30.11, 30.12, and 30.21, were never captured (a scroll/screenshot gap between images). These are marked with DATA_GAP:true and a note field rather than filled with guessed values. Given the density and volume of this table (~365 data rows), spot-checking a sample against the original source CSV (lookupTables/Component/tblBoring.csv) is recommended before using this for production costing decisions.",182,511,273,966,Bore,"Sandvik Fine Boring, inserts pC31",8.1,180,Brinell,25.0,0.4,6.35,185,87.5,0.9,0.05,1300,15,12.8,1.0,,
USA reference export,Lookup Table,Machining > Lookup Tables,tblBoring,lookupTables/Component/tblBoring.csv,"This table was transcribed from 24 screenshots across two batches. Two genuine gaps exist in the source screenshots themselves (not introduced by this transcription): (1) Corobore 820, material code 20.12, diameter 237.0mm row was never captured. (2) Sandvik Duobore pC14-C21: the 270mm-diameter row for code 3.11, and all rows for codes 3.13, 3.2, 3.21, 3.22, 30.11, 30.12, and 30.21, were never captured (a scroll/screenshot gap between images). These are marked with DATA_GAP:true and a note field rather than filled with guessed values. Given the density and volume of this table (~365 data rows), spot-checking a sample against the original source CSV (lookupTables/Component/tblBoring.csv) is recommended before using this for production costing decisions.",182,511,273,966,Bore,"Sandvik Fine Boring, inserts pC31",8.1,180,Brinell,49.5,0.4,6.35,185,173.3,1.35,0.05,1300,15,12.8,1.0,,
USA reference export,Lookup Table,Machining > Lookup Tables,tblBoring,lookupTables/Component/tblBoring.csv,"This table was transcribed from 24 screenshots across two batches. Two genuine gaps exist in the source screenshots themselves (not introduced by this transcription): (1) Corobore 820, material code 20.12, diameter 237.0mm row was never captured. (2) Sandvik Duobore pC14-C21: the 270mm-diameter row for code 3.11, and all rows for codes 3.13, 3.2, 3.21, 3.22, 30.11, 30.12, and 30.21, were never captured (a scroll/screenshot gap between images). These are marked with DATA_GAP:true and a note field rather than filled with guessed values. Given the density and volume of this table (~365 data rows), spot-checking a sample against the original source CSV (lookupTables/Component/tblBoring.csv) is recommended before using this for production costing decisions.",182,511,273,966,Bore,"Sandvik Fine Boring, inserts pC31",8.1,180,Brinell,103.5,0.4,6.35,185,362.3,1.8,0.08,1300,15,12.8,1.0,,
USA reference export,Lookup Table,Machining > Lookup Tables,tblBoring,lookupTables/Component/tblBoring.csv,"This table was transcribed from 24 screenshots across two batches. Two genuine gaps exist in the source screenshots themselves (not introduced by this transcription): (1) Corobore 820, material code 20.12, diameter 237.0mm row was never captured. (2) Sandvik Duobore pC14-C21: the 270mm-diameter row for code 3.11, and all rows for codes 3.13, 3.2, 3.21, 3.22, 30.11, 30.12, and 30.21, were never captured (a scroll/screenshot gap between images). These are marked with DATA_GAP:true and a note field rather than filled with guessed values. Given the density and volume of this table (~365 data rows), spot-checking a sample against the original source CSV (lookupTables/Component/tblBoring.csv) is recommended before using this for production costing decisions.",182,511,273,966,Bore,"Sandvik Fine Boring, inserts pC31",8.2,220,Brinell,25.0,0.4,6.35,126,87.5,0.7,0.05,1580,15,12.8,1.0,,
USA reference export,Lookup Table,Machining > Lookup Tables,tblBoring,lookupTables/Component/tblBoring.csv,"This table was transcribed from 24 screenshots across two batches. Two genuine gaps exist in the source screenshots themselves (not introduced by this transcription): (1) Corobore 820, material code 20.12, diameter 237.0mm row was never captured. (2) Sandvik Duobore pC14-C21: the 270mm-diameter row for code 3.11, and all rows for codes 3.13, 3.2, 3.21, 3.22, 30.11, 30.12, and 30.21, were never captured (a scroll/screenshot gap between images). These are marked with DATA_GAP:true and a note field rather than filled with guessed values. Given the density and volume of this table (~365 data rows), spot-checking a sample against the original source CSV (lookupTables/Component/tblBoring.csv) is recommended before using this for production costing decisions.",182,511,273,966,Bore,"Sandvik Fine Boring, inserts pC31",8.2,220,Brinell,49.5,0.4,6.35,126,173.3,1.05,0.05,1580,15,12.8,1.0,,
USA reference export,Lookup Table,Machining > Lookup Tables,tblBoring,lookupTables/Component/tblBoring.csv,"This table was transcribed from 24 screenshots across two batches. Two genuine gaps exist in the source screenshots themselves (not introduced by this transcription): (1) Corobore 820, material code 20.12, diameter 237.0mm row was never captured. (2) Sandvik Duobore pC14-C21: the 270mm-diameter row for code 3.11, and all rows for codes 3.13, 3.2, 3.21, 3.22, 30.11, 30.12, and 30.21, were never captured (a scroll/screenshot gap between images). These are marked with DATA_GAP:true and a note field rather than filled with guessed values. Given the density and volume of this table (~365 data rows), spot-checking a sample against the original source CSV (lookupTables/Component/tblBoring.csv) is recommended before using this for production costing decisions.",182,511,273,966,Bore,"Sandvik Fine Boring, inserts pC31",8.2,220,Brinell,103.5,0.4,6.35,126,362.3,1.4,0.08,1580,15,12.8,1.0,,
USA reference export,Lookup Table,Machining > Lookup Tables,tblBoring,lookupTables/Component/tblBoring.csv,"This table was transcribed from 24 screenshots across two batches. Two genuine gaps exist in the source screenshots themselves (not introduced by this transcription): (1) Corobore 820, material code 20.12, diameter 237.0mm row was never captured. (2) Sandvik Duobore pC14-C21: the 270mm-diameter row for code 3.11, and all rows for codes 3.13, 3.2, 3.21, 3.22, 30.11, 30.12, and 30.21, were never captured (a scroll/screenshot gap between images). These are marked with DATA_GAP:true and a note field rather than filled with guessed values. Given the density and volume of this table (~365 data rows), spot-checking a sample against the original source CSV (lookupTables/Component/tblBoring.csv) is recommended before using this for production costing decisions.",182,511,273,966,Bore,"Sandvik Fine Boring, inserts pC31",8.3,175,Brinell,25.0,0.4,6.35,144,87.5,0.5,0.05,1860,15,12.8,1.0,,
USA reference export,Lookup Table,Machining > Lookup Tables,tblBoring,lookupTables/Component/tblBoring.csv,"This table was transcribed from 24 screenshots across two batches. Two genuine gaps exist in the source screenshots themselves (not introduced by this transcription): (1) Corobore 820, material code 20.12, diameter 237.0mm row was never captured. (2) Sandvik Duobore pC14-C21: the 270mm-diameter row for code 3.11, and all rows for codes 3.13, 3.2, 3.21, 3.22, 30.11, 30.12, and 30.21, were never captured (a scroll/screenshot gap between images). These are marked with DATA_GAP:true and a note field rather than filled with guessed values. Given the density and volume of this table (~365 data rows), spot-checking a sample against the original source CSV (lookupTables/Component/tblBoring.csv) is recommended before using this for production costing decisions.",182,511,273,966,Bore,"Sandvik Fine Boring, inserts pC31",8.3,175,Brinell,49.5,0.4,6.35,144,173.3,0.75,0.05,1860,15,12.8,1.0,,
USA reference export,Lookup Table,Machining > Lookup Tables,tblBoring,lookupTables/Component/tblBoring.csv,"This table was transcribed from 24 screenshots across two batches. Two genuine gaps exist in the source screenshots themselves (not introduced by this transcription): (1) Corobore 820, material code 20.12, diameter 237.0mm row was never captured. (2) Sandvik Duobore pC14-C21: the 270mm-diameter row for code 3.11, and all rows for codes 3.13, 3.2, 3.21, 3.22, 30.11, 30.12, and 30.21, were never captured (a scroll/screenshot gap between images). These are marked with DATA_GAP:true and a note field rather than filled with guessed values. Given the density and volume of this table (~365 data rows), spot-checking a sample against the original source CSV (lookupTables/Component/tblBoring.csv) is recommended before using this for production costing decisions.",182,511,273,966,Bore,"Sandvik Fine Boring, inserts pC31",8.3,175,Brinell,103.5,0.4,6.35,144,362.3,1.0,0.08,1860,15,12.8,1.0,,
USA reference export,Lookup Table,Machining > Lookup Tables,tblBoring,lookupTables/Component/tblBoring.csv,"This table was transcribed from 24 screenshots across two batches. Two genuine gaps exist in the source screenshots themselves (not introduced by this transcription): (1) Corobore 820, material code 20.12, diameter 237.0mm row was never captured. (2) Sandvik Duobore pC14-C21: the 270mm-diameter row for code 3.11, and all rows for codes 3.13, 3.2, 3.21, 3.22, 30.11, 30.12, and 30.21, were never captured (a scroll/screenshot gap between images). These are marked with DATA_GAP:true and a note field rather than filled with guessed values. Given the density and volume of this table (~365 data rows), spot-checking a sample against the original source CSV (lookupTables/Component/tblBoring.csv) is recommended before using this for production costing decisions.",182,511,273,966,Bore,"Sandvik Fine Boring, inserts pC31",9.1,160,Brinell,25.0,0.4,6.35,117,87.5,0.7,0.05,1300,15,12.8,1.0,,
USA reference export,Lookup Table,Machining > Lookup Tables,tblBoring,lookupTables/Component/tblBoring.csv,"This table was transcribed from 24 screenshots across two batches. Two genuine gaps exist in the source screenshots themselves (not introduced by this transcription): (1) Corobore 820, material code 20.12, diameter 237.0mm row was never captured. (2) Sandvik Duobore pC14-C21: the 270mm-diameter row for code 3.11, and all rows for codes 3.13, 3.2, 3.21, 3.22, 30.11, 30.12, and 30.21, were never captured (a scroll/screenshot gap between images). These are marked with DATA_GAP:true and a note field rather than filled with guessed values. Given the density and volume of this table (~365 data rows), spot-checking a sample against the original source CSV (lookupTables/Component/tblBoring.csv) is recommended before using this for production costing decisions.",182,511,273,966,Bore,"Sandvik Fine Boring, inserts pC31",9.1,160,Brinell,49.5,0.4,6.35,117,173.3,1.05,0.05,1300,15,12.8,1.0,,
USA reference export,Lookup Table,Machining > Lookup Tables,tblBoring,lookupTables/Component/tblBoring.csv,"This table was transcribed from 24 screenshots across two batches. Two genuine gaps exist in the source screenshots themselves (not introduced by this transcription): (1) Corobore 820, material code 20.12, diameter 237.0mm row was never captured. (2) Sandvik Duobore pC14-C21: the 270mm-diameter row for code 3.11, and all rows for codes 3.13, 3.2, 3.21, 3.22, 30.11, 30.12, and 30.21, were never captured (a scroll/screenshot gap between images). These are marked with DATA_GAP:true and a note field rather than filled with guessed values. Given the density and volume of this table (~365 data rows), spot-checking a sample against the original source CSV (lookupTables/Component/tblBoring.csv) is recommended before using this for production costing decisions.",182,511,273,966,Bore,"Sandvik Fine Boring, inserts pC31",9.1,160,Brinell,103.5,0.4,6.35,117,362.3,1.4,0.08,1300,15,12.8,1.0,,
USA reference export,Lookup Table,Machining > Lookup Tables,tblBoring,lookupTables/Component/tblBoring.csv,"This table was transcribed from 24 screenshots across two batches. Two genuine gaps exist in the source screenshots themselves (not introduced by this transcription): (1) Corobore 820, material code 20.12, diameter 237.0mm row was never captured. (2) Sandvik Duobore pC14-C21: the 270mm-diameter row for code 3.11, and all rows for codes 3.13, 3.2, 3.21, 3.22, 30.11, 30.12, and 30.21, were never captured (a scroll/screenshot gap between images). These are marked with DATA_GAP:true and a note field rather than filled with guessed values. Given the density and volume of this table (~365 data rows), spot-checking a sample against the original source CSV (lookupTables/Component/tblBoring.csv) is recommended before using this for production costing decisions.",182,511,273,966,Bore,"Sandvik Fine Boring, inserts pC31",9.2,250,Brinell,25.0,0.4,6.35,111,87.5,0.7,0.05,1940,15,12.8,1.0,,
USA reference export,Lookup Table,Machining > Lookup Tables,tblBoring,lookupTables/Component/tblBoring.csv,"This table was transcribed from 24 screenshots across two batches. Two genuine gaps exist in the source screenshots themselves (not introduced by this transcription): (1) Corobore 820, material code 20.12, diameter 237.0mm row was never captured. (2) Sandvik Duobore pC14-C21: the 270mm-diameter row for code 3.11, and all rows for codes 3.13, 3.2, 3.21, 3.22, 30.11, 30.12, and 30.21, were never captured (a scroll/screenshot gap between images). These are marked with DATA_GAP:true and a note field rather than filled with guessed values. Given the density and volume of this table (~365 data rows), spot-checking a sample against the original source CSV (lookupTables/Component/tblBoring.csv) is recommended before using this for production costing decisions.",182,511,273,966,Bore,"Sandvik Fine Boring, inserts pC31",9.2,250,Brinell,49.5,0.4,6.35,111,173.3,1.05,0.05,1940,15,12.8,1.0,,
USA reference export,Lookup Table,Machining > Lookup Tables,tblBoring,lookupTables/Component/tblBoring.csv,"This table was transcribed from 24 screenshots across two batches. Two genuine gaps exist in the source screenshots themselves (not introduced by this transcription): (1) Corobore 820, material code 20.12, diameter 237.0mm row was never captured. (2) Sandvik Duobore pC14-C21: the 270mm-diameter row for code 3.11, and all rows for codes 3.13, 3.2, 3.21, 3.22, 30.11, 30.12, and 30.21, were never captured (a scroll/screenshot gap between images). These are marked with DATA_GAP:true and a note field rather than filled with guessed values. Given the density and volume of this table (~365 data rows), spot-checking a sample against the original source CSV (lookupTables/Component/tblBoring.csv) is recommended before using this for production costing decisions.",182,511,273,966,Bore,"Sandvik Fine Boring, inserts pC31",9.2,250,Brinell,103.5,0.4,6.35,111,362.3,1.4,0.08,1940,15,12.8,1.0,,
USA reference export,Lookup Table,Machining > Lookup Tables,tblBoring,lookupTables/Component/tblBoring.csv,"This table was transcribed from 24 screenshots across two batches. Two genuine gaps exist in the source screenshots themselves (not introduced by this transcription): (1) Corobore 820, material code 20.12, diameter 237.0mm row was never captured. (2) Sandvik Duobore pC14-C21: the 270mm-diameter row for code 3.11, and all rows for codes 3.13, 3.2, 3.21, 3.22, 30.11, 30.12, and 30.21, were never captured (a scroll/screenshot gap between images). These are marked with DATA_GAP:true and a note field rather than filled with guessed values. Given the density and volume of this table (~365 data rows), spot-checking a sample against the original source CSV (lookupTables/Component/tblBoring.csv) is recommended before using this for production costing decisions.",182,511,273,966,Bore,"Sandvik Fine Boring, inserts pC31",9.3,330,Brinell,25.0,0.4,6.35,83,87.5,0.5,0.05,2700,15,12.8,1.0,,
USA reference export,Lookup Table,Machining > Lookup Tables,tblBoring,lookupTables/Component/tblBoring.csv,"This table was transcribed from 24 screenshots across two batches. Two genuine gaps exist in the source screenshots themselves (not introduced by this transcription): (1) Corobore 820, material code 20.12, diameter 237.0mm row was never captured. (2) Sandvik Duobore pC14-C21: the 270mm-diameter row for code 3.11, and all rows for codes 3.13, 3.2, 3.21, 3.22, 30.11, 30.12, and 30.21, were never captured (a scroll/screenshot gap between images). These are marked with DATA_GAP:true and a note field rather than filled with guessed values. Given the density and volume of this table (~365 data rows), spot-checking a sample against the original source CSV (lookupTables/Component/tblBoring.csv) is recommended before using this for production costing decisions.",182,511,273,966,Bore,"Sandvik Fine Boring, inserts pC31",9.3,330,Brinell,49.5,0.4,6.35,83,173.3,0.75,0.05,2700,15,12.8,1.0,,
USA reference export,Lookup Table,Machining > Lookup Tables,tblBoring,lookupTables/Component/tblBoring.csv,"This table was transcribed from 24 screenshots across two batches. Two genuine gaps exist in the source screenshots themselves (not introduced by this transcription): (1) Corobore 820, material code 20.12, diameter 237.0mm row was never captured. (2) Sandvik Duobore pC14-C21: the 270mm-diameter row for code 3.11, and all rows for codes 3.13, 3.2, 3.21, 3.22, 30.11, 30.12, and 30.21, were never captured (a scroll/screenshot gap between images). These are marked with DATA_GAP:true and a note field rather than filled with guessed values. Given the density and volume of this table (~365 data rows), spot-checking a sample against the original source CSV (lookupTables/Component/tblBoring.csv) is recommended before using this for production costing decisions.",182,511,273,966,Bore,"Sandvik Fine Boring, inserts pC31",9.3,330,Brinell,103.5,0.4,6.35,83,362.3,1.0,0.08,2700,15,12.8,1.0,,
