digital_factory,object_type,category_path,table_name,file_path,data_quality_note,total_row_count,tool_type,tool_series,material_cut_code_name,hardness,hardness_system,cut_type,cutting_speed_m_min,feed_mm,tool_life_min,tool_life_cost_usd
USA reference export,Lookup Table,Machining > Lookup Tables,tblBroaching,lookupTables/Component/tblBroaching.csv,"Transcribed from 6 screenshots. Table has two Tool Series (Virtual Fir Tree Broach HSS and Virtual Internal Gear Broach HSS), each covering the same 91 material cut codes with Finishing/Roughing cut-type pairs. Cutting Speed is identical for Finishing and Roughing within a material code; only Feed differs. Cross-checked: the Internal Gear Broach series data was confirmed identical to the Fir Tree Broach series for every material code, which served as a built-in verification of the transcription.",364,Fir Tree Broach,"Virtual Fir Tree Broach, HSS",1.0,125,Brinell,Finishing,11.5,0.127,1000,250.0
USA reference export,Lookup Table,Machining > Lookup Tables,tblBroaching,lookupTables/Component/tblBroaching.csv,"Transcribed from 6 screenshots. Table has two Tool Series (Virtual Fir Tree Broach HSS and Virtual Internal Gear Broach HSS), each covering the same 91 material cut codes with Finishing/Roughing cut-type pairs. Cutting Speed is identical for Finishing and Roughing within a material code; only Feed differs. Cross-checked: the Internal Gear Broach series data was confirmed identical to the Fir Tree Broach series for every material code, which served as a built-in verification of the transcription.",364,Fir Tree Broach,"Virtual Fir Tree Broach, HSS",1.0,125,Brinell,Roughing,11.5,0.0445,1000,250.0
USA reference export,Lookup Table,Machining > Lookup Tables,tblBroaching,lookupTables/Component/tblBroaching.csv,"Transcribed from 6 screenshots. Table has two Tool Series (Virtual Fir Tree Broach HSS and Virtual Internal Gear Broach HSS), each covering the same 91 material cut codes with Finishing/Roughing cut-type pairs. Cutting Speed is identical for Finishing and Roughing within a material code; only Feed differs. Cross-checked: the Internal Gear Broach series data was confirmed identical to the Fir Tree Broach series for every material code, which served as a built-in verification of the transcription.",364,Fir Tree Broach,"Virtual Fir Tree Broach, HSS",1.1,125,Brinell,Finishing,10.7,0.127,1000,250.0
USA reference export,Lookup Table,Machining > Lookup Tables,tblBroaching,lookupTables/Component/tblBroaching.csv,"Transcribed from 6 screenshots. Table has two Tool Series (Virtual Fir Tree Broach HSS and Virtual Internal Gear Broach HSS), each covering the same 91 material cut codes with Finishing/Roughing cut-type pairs. Cutting Speed is identical for Finishing and Roughing within a material code; only Feed differs. Cross-checked: the Internal Gear Broach series data was confirmed identical to the Fir Tree Broach series for every material code, which served as a built-in verification of the transcription.",364,Fir Tree Broach,"Virtual Fir Tree Broach, HSS",1.1,125,Brinell,Roughing,10.7,0.0445,1000,250.0
USA reference export,Lookup Table,Machining > Lookup Tables,tblBroaching,lookupTables/Component/tblBroaching.csv,"Transcribed from 6 screenshots. Table has two Tool Series (Virtual Fir Tree Broach HSS and Virtual Internal Gear Broach HSS), each covering the same 91 material cut codes with Finishing/Roughing cut-type pairs. Cutting Speed is identical for Finishing and Roughing within a material code; only Feed differs. Cross-checked: the Internal Gear Broach series data was confirmed identical to the Fir Tree Broach series for every material code, which served as a built-in verification of the transcription.",364,Fir Tree Broach,"Virtual Fir Tree Broach, HSS",1.2,150,Brinell,Finishing,9.1,0.2223,1000,250.0
USA reference export,Lookup Table,Machining > Lookup Tables,tblBroaching,lookupTables/Component/tblBroaching.csv,"Transcribed from 6 screenshots. Table has two Tool Series (Virtual Fir Tree Broach HSS and Virtual Internal Gear Broach HSS), each covering the same 91 material cut codes with Finishing/Roughing cut-type pairs. Cutting Speed is identical for Finishing and Roughing within a material code; only Feed differs. Cross-checked: the Internal Gear Broach series data was confirmed identical to the Fir Tree Broach series for every material code, which served as a built-in verification of the transcription.",364,Fir Tree Broach,"Virtual Fir Tree Broach, HSS",1.2,150,Brinell,Roughing,9.1,0.0778,1000,250.0
USA reference export,Lookup Table,Machining > Lookup Tables,tblBroaching,lookupTables/Component/tblBroaching.csv,"Transcribed from 6 screenshots. Table has two Tool Series (Virtual Fir Tree Broach HSS and Virtual Internal Gear Broach HSS), each covering the same 91 material cut codes with Finishing/Roughing cut-type pairs. Cutting Speed is identical for Finishing and Roughing within a material code; only Feed differs. Cross-checked: the Internal Gear Broach series data was confirmed identical to the Fir Tree Broach series for every material code, which served as a built-in verification of the transcription.",364,Fir Tree Broach,"Virtual Fir Tree Broach, HSS",1.3,170,Brinell,Finishing,8.3,0.2223,1000,250.0
USA reference export,Lookup Table,Machining > Lookup Tables,tblBroaching,lookupTables/Component/tblBroaching.csv,"Transcribed from 6 screenshots. Table has two Tool Series (Virtual Fir Tree Broach HSS and Virtual Internal Gear Broach HSS), each covering the same 91 material cut codes with Finishing/Roughing cut-type pairs. Cutting Speed is identical for Finishing and Roughing within a material code; only Feed differs. Cross-checked: the Internal Gear Broach series data was confirmed identical to the Fir Tree Broach series for every material code, which served as a built-in verification of the transcription.",364,Fir Tree Broach,"Virtual Fir Tree Broach, HSS",1.3,170,Brinell,Roughing,8.3,0.0778,1000,250.0
USA reference export,Lookup Table,Machining > Lookup Tables,tblBroaching,lookupTables/Component/tblBroaching.csv,"Transcribed from 6 screenshots. Table has two Tool Series (Virtual Fir Tree Broach HSS and Virtual Internal Gear Broach HSS), each covering the same 91 material cut codes with Finishing/Roughing cut-type pairs. Cutting Speed is identical for Finishing and Roughing within a material code; only Feed differs. Cross-checked: the Internal Gear Broach series data was confirmed identical to the Fir Tree Broach series for every material code, which served as a built-in verification of the transcription.",364,Fir Tree Broach,"Virtual Fir Tree Broach, HSS",1.4,210,Brinell,Finishing,8.3,0.2223,1000,250.0
USA reference export,Lookup Table,Machining > Lookup Tables,tblBroaching,lookupTables/Component/tblBroaching.csv,"Transcribed from 6 screenshots. Table has two Tool Series (Virtual Fir Tree Broach HSS and Virtual Internal Gear Broach HSS), each covering the same 91 material cut codes with Finishing/Roughing cut-type pairs. Cutting Speed is identical for Finishing and Roughing within a material code; only Feed differs. Cross-checked: the Internal Gear Broach series data was confirmed identical to the Fir Tree Broach series for every material code, which served as a built-in verification of the transcription.",364,Fir Tree Broach,"Virtual Fir Tree Broach, HSS",1.4,210,Brinell,Roughing,8.3,0.0778,1000,250.0
USA reference export,Lookup Table,Machining > Lookup Tables,tblBroaching,lookupTables/Component/tblBroaching.csv,"Transcribed from 6 screenshots. Table has two Tool Series (Virtual Fir Tree Broach HSS and Virtual Internal Gear Broach HSS), each covering the same 91 material cut codes with Finishing/Roughing cut-type pairs. Cutting Speed is identical for Finishing and Roughing within a material code; only Feed differs. Cross-checked: the Internal Gear Broach series data was confirmed identical to the Fir Tree Broach series for every material code, which served as a built-in verification of the transcription.",364,Fir Tree Broach,"Virtual Fir Tree Broach, HSS",1.5,300,Brinell,Finishing,6.7,0.2223,1000,250.0
USA reference export,Lookup Table,Machining > Lookup Tables,tblBroaching,lookupTables/Component/tblBroaching.csv,"Transcribed from 6 screenshots. Table has two Tool Series (Virtual Fir Tree Broach HSS and Virtual Internal Gear Broach HSS), each covering the same 91 material cut codes with Finishing/Roughing cut-type pairs. Cutting Speed is identical for Finishing and Roughing within a material code; only Feed differs. Cross-checked: the Internal Gear Broach series data was confirmed identical to the Fir Tree Broach series for every material code, which served as a built-in verification of the transcription.",364,Fir Tree Broach,"Virtual Fir Tree Broach, HSS",1.5,300,Brinell,Roughing,6.7,0.0778,1000,250.0
USA reference export,Lookup Table,Machining > Lookup Tables,tblBroaching,lookupTables/Component/tblBroaching.csv,"Transcribed from 6 screenshots. Table has two Tool Series (Virtual Fir Tree Broach HSS and Virtual Internal Gear Broach HSS), each covering the same 91 material cut codes with Finishing/Roughing cut-type pairs. Cutting Speed is identical for Finishing and Roughing within a material code; only Feed differs. Cross-checked: the Internal Gear Broach series data was confirmed identical to the Fir Tree Broach series for every material code, which served as a built-in verification of the transcription.",364,Fir Tree Broach,"Virtual Fir Tree Broach, HSS",10.0,400,Brinell,Finishing,4.4,0.207,1000,250.0
USA reference export,Lookup Table,Machining > Lookup Tables,tblBroaching,lookupTables/Component/tblBroaching.csv,"Transcribed from 6 screenshots. Table has two Tool Series (Virtual Fir Tree Broach HSS and Virtual Internal Gear Broach HSS), each covering the same 91 material cut codes with Finishing/Roughing cut-type pairs. Cutting Speed is identical for Finishing and Roughing within a material code; only Feed differs. Cross-checked: the Internal Gear Broach series data was confirmed identical to the Fir Tree Broach series for every material code, which served as a built-in verification of the transcription.",364,Fir Tree Broach,"Virtual Fir Tree Broach, HSS",10.0,400,Brinell,Roughing,4.4,0.0725,1000,250.0
USA reference export,Lookup Table,Machining > Lookup Tables,tblBroaching,lookupTables/Component/tblBroaching.csv,"Transcribed from 6 screenshots. Table has two Tool Series (Virtual Fir Tree Broach HSS and Virtual Internal Gear Broach HSS), each covering the same 91 material cut codes with Finishing/Roughing cut-type pairs. Cutting Speed is identical for Finishing and Roughing within a material code; only Feed differs. Cross-checked: the Internal Gear Broach series data was confirmed identical to the Fir Tree Broach series for every material code, which served as a built-in verification of the transcription.",364,Fir Tree Broach,"Virtual Fir Tree Broach, HSS",10.1,400,Brinell,Finishing,2.1,0.207,1000,250.0
USA reference export,Lookup Table,Machining > Lookup Tables,tblBroaching,lookupTables/Component/tblBroaching.csv,"Transcribed from 6 screenshots. Table has two Tool Series (Virtual Fir Tree Broach HSS and Virtual Internal Gear Broach HSS), each covering the same 91 material cut codes with Finishing/Roughing cut-type pairs. Cutting Speed is identical for Finishing and Roughing within a material code; only Feed differs. Cross-checked: the Internal Gear Broach series data was confirmed identical to the Fir Tree Broach series for every material code, which served as a built-in verification of the transcription.",364,Fir Tree Broach,"Virtual Fir Tree Broach, HSS",10.1,400,Brinell,Roughing,2.1,0.0725,1000,250.0
USA reference export,Lookup Table,Machining > Lookup Tables,tblBroaching,lookupTables/Component/tblBroaching.csv,"Transcribed from 6 screenshots. Table has two Tool Series (Virtual Fir Tree Broach HSS and Virtual Internal Gear Broach HSS), each covering the same 91 material cut codes with Finishing/Roughing cut-type pairs. Cutting Speed is identical for Finishing and Roughing within a material code; only Feed differs. Cross-checked: the Internal Gear Broach series data was confirmed identical to the Fir Tree Broach series for every material code, which served as a built-in verification of the transcription.",364,Fir Tree Broach,"Virtual Fir Tree Broach, HSS",15.11,200,Brinell,Finishing,7.3,0.2223,1000,250.0
USA reference export,Lookup Table,Machining > Lookup Tables,tblBroaching,lookupTables/Component/tblBroaching.csv,"Transcribed from 6 screenshots. Table has two Tool Series (Virtual Fir Tree Broach HSS and Virtual Internal Gear Broach HSS), each covering the same 91 material cut codes with Finishing/Roughing cut-type pairs. Cutting Speed is identical for Finishing and Roughing within a material code; only Feed differs. Cross-checked: the Internal Gear Broach series data was confirmed identical to the Fir Tree Broach series for every material code, which served as a built-in verification of the transcription.",364,Fir Tree Broach,"Virtual Fir Tree Broach, HSS",15.11,200,Brinell,Roughing,7.3,0.0778,1000,250.0
USA reference export,Lookup Table,Machining > Lookup Tables,tblBroaching,lookupTables/Component/tblBroaching.csv,"Transcribed from 6 screenshots. Table has two Tool Series (Virtual Fir Tree Broach HSS and Virtual Internal Gear Broach HSS), each covering the same 91 material cut codes with Finishing/Roughing cut-type pairs. Cutting Speed is identical for Finishing and Roughing within a material code; only Feed differs. Cross-checked: the Internal Gear Broach series data was confirmed identical to the Fir Tree Broach series for every material code, which served as a built-in verification of the transcription.",364,Fir Tree Broach,"Virtual Fir Tree Broach, HSS",15.12,330,Brinell,Finishing,5.2,0.2223,1000,250.0
USA reference export,Lookup Table,Machining > Lookup Tables,tblBroaching,lookupTables/Component/tblBroaching.csv,"Transcribed from 6 screenshots. Table has two Tool Series (Virtual Fir Tree Broach HSS and Virtual Internal Gear Broach HSS), each covering the same 91 material cut codes with Finishing/Roughing cut-type pairs. Cutting Speed is identical for Finishing and Roughing within a material code; only Feed differs. Cross-checked: the Internal Gear Broach series data was confirmed identical to the Fir Tree Broach series for every material code, which served as a built-in verification of the transcription.",364,Fir Tree Broach,"Virtual Fir Tree Broach, HSS",15.12,330,Brinell,Roughing,5.2,0.0778,1000,250.0
USA reference export,Lookup Table,Machining > Lookup Tables,tblBroaching,lookupTables/Component/tblBroaching.csv,"Transcribed from 6 screenshots. Table has two Tool Series (Virtual Fir Tree Broach HSS and Virtual Internal Gear Broach HSS), each covering the same 91 material cut codes with Finishing/Roughing cut-type pairs. Cutting Speed is identical for Finishing and Roughing within a material code; only Feed differs. Cross-checked: the Internal Gear Broach series data was confirmed identical to the Fir Tree Broach series for every material code, which served as a built-in verification of the transcription.",364,Fir Tree Broach,"Virtual Fir Tree Broach, HSS",15.13,330,Brinell,Finishing,5.4,0.2223,1000,250.0
USA reference export,Lookup Table,Machining > Lookup Tables,tblBroaching,lookupTables/Component/tblBroaching.csv,"Transcribed from 6 screenshots. Table has two Tool Series (Virtual Fir Tree Broach HSS and Virtual Internal Gear Broach HSS), each covering the same 91 material cut codes with Finishing/Roughing cut-type pairs. Cutting Speed is identical for Finishing and Roughing within a material code; only Feed differs. Cross-checked: the Internal Gear Broach series data was confirmed identical to the Fir Tree Broach series for every material code, which served as a built-in verification of the transcription.",364,Fir Tree Broach,"Virtual Fir Tree Broach, HSS",15.13,330,Brinell,Roughing,5.4,0.0778,1000,250.0
USA reference export,Lookup Table,Machining > Lookup Tables,tblBroaching,lookupTables/Component/tblBroaching.csv,"Transcribed from 6 screenshots. Table has two Tool Series (Virtual Fir Tree Broach HSS and Virtual Internal Gear Broach HSS), each covering the same 91 material cut codes with Finishing/Roughing cut-type pairs. Cutting Speed is identical for Finishing and Roughing within a material code; only Feed differs. Cross-checked: the Internal Gear Broach series data was confirmed identical to the Fir Tree Broach series for every material code, which served as a built-in verification of the transcription.",364,Fir Tree Broach,"Virtual Fir Tree Broach, HSS",15.21,200,Brinell,Finishing,4.4,0.1905,1000,250.0
USA reference export,Lookup Table,Machining > Lookup Tables,tblBroaching,lookupTables/Component/tblBroaching.csv,"Transcribed from 6 screenshots. Table has two Tool Series (Virtual Fir Tree Broach HSS and Virtual Internal Gear Broach HSS), each covering the same 91 material cut codes with Finishing/Roughing cut-type pairs. Cutting Speed is identical for Finishing and Roughing within a material code; only Feed differs. Cross-checked: the Internal Gear Broach series data was confirmed identical to the Fir Tree Broach series for every material code, which served as a built-in verification of the transcription.",364,Fir Tree Broach,"Virtual Fir Tree Broach, HSS",15.21,200,Brinell,Roughing,4.4,0.0667,1000,250.0
USA reference export,Lookup Table,Machining > Lookup Tables,tblBroaching,lookupTables/Component/tblBroaching.csv,"Transcribed from 6 screenshots. Table has two Tool Series (Virtual Fir Tree Broach HSS and Virtual Internal Gear Broach HSS), each covering the same 91 material cut codes with Finishing/Roughing cut-type pairs. Cutting Speed is identical for Finishing and Roughing within a material code; only Feed differs. Cross-checked: the Internal Gear Broach series data was confirmed identical to the Fir Tree Broach series for every material code, which served as a built-in verification of the transcription.",364,Fir Tree Broach,"Virtual Fir Tree Broach, HSS",15.22,330,Brinell,Finishing,3.9,0.1905,1000,250.0
USA reference export,Lookup Table,Machining > Lookup Tables,tblBroaching,lookupTables/Component/tblBroaching.csv,"Transcribed from 6 screenshots. Table has two Tool Series (Virtual Fir Tree Broach HSS and Virtual Internal Gear Broach HSS), each covering the same 91 material cut codes with Finishing/Roughing cut-type pairs. Cutting Speed is identical for Finishing and Roughing within a material code; only Feed differs. Cross-checked: the Internal Gear Broach series data was confirmed identical to the Fir Tree Broach series for every material code, which served as a built-in verification of the transcription.",364,Fir Tree Broach,"Virtual Fir Tree Broach, HSS",15.22,330,Brinell,Roughing,3.9,0.0667,1000,250.0
USA reference export,Lookup Table,Machining > Lookup Tables,tblBroaching,lookupTables/Component/tblBroaching.csv,"Transcribed from 6 screenshots. Table has two Tool Series (Virtual Fir Tree Broach HSS and Virtual Internal Gear Broach HSS), each covering the same 91 material cut codes with Finishing/Roughing cut-type pairs. Cutting Speed is identical for Finishing and Roughing within a material code; only Feed differs. Cross-checked: the Internal Gear Broach series data was confirmed identical to the Fir Tree Broach series for every material code, which served as a built-in verification of the transcription.",364,Fir Tree Broach,"Virtual Fir Tree Broach, HSS",15.23,330,Brinell,Finishing,3.9,0.1905,1000,250.0
USA reference export,Lookup Table,Machining > Lookup Tables,tblBroaching,lookupTables/Component/tblBroaching.csv,"Transcribed from 6 screenshots. Table has two Tool Series (Virtual Fir Tree Broach HSS and Virtual Internal Gear Broach HSS), each covering the same 91 material cut codes with Finishing/Roughing cut-type pairs. Cutting Speed is identical for Finishing and Roughing within a material code; only Feed differs. Cross-checked: the Internal Gear Broach series data was confirmed identical to the Fir Tree Broach series for every material code, which served as a built-in verification of the transcription.",364,Fir Tree Broach,"Virtual Fir Tree Broach, HSS",15.23,330,Brinell,Roughing,3.9,0.0667,1000,250.0
USA reference export,Lookup Table,Machining > Lookup Tables,tblBroaching,lookupTables/Component/tblBroaching.csv,"Transcribed from 6 screenshots. Table has two Tool Series (Virtual Fir Tree Broach HSS and Virtual Internal Gear Broach HSS), each covering the same 91 material cut codes with Finishing/Roughing cut-type pairs. Cutting Speed is identical for Finishing and Roughing within a material code; only Feed differs. Cross-checked: the Internal Gear Broach series data was confirmed identical to the Fir Tree Broach series for every material code, which served as a built-in verification of the transcription.",364,Fir Tree Broach,"Virtual Fir Tree Broach, HSS",15.51,230,Brinell,Finishing,6.3,0.0787,1000,250.0
USA reference export,Lookup Table,Machining > Lookup Tables,tblBroaching,lookupTables/Component/tblBroaching.csv,"Transcribed from 6 screenshots. Table has two Tool Series (Virtual Fir Tree Broach HSS and Virtual Internal Gear Broach HSS), each covering the same 91 material cut codes with Finishing/Roughing cut-type pairs. Cutting Speed is identical for Finishing and Roughing within a material code; only Feed differs. Cross-checked: the Internal Gear Broach series data was confirmed identical to the Fir Tree Broach series for every material code, which served as a built-in verification of the transcription.",364,Fir Tree Broach,"Virtual Fir Tree Broach, HSS",15.51,230,Brinell,Roughing,6.3,0.0276,1000,250.0
USA reference export,Lookup Table,Machining > Lookup Tables,tblBroaching,lookupTables/Component/tblBroaching.csv,"Transcribed from 6 screenshots. Table has two Tool Series (Virtual Fir Tree Broach HSS and Virtual Internal Gear Broach HSS), each covering the same 91 material cut codes with Finishing/Roughing cut-type pairs. Cutting Speed is identical for Finishing and Roughing within a material code; only Feed differs. Cross-checked: the Internal Gear Broach series data was confirmed identical to the Fir Tree Broach series for every material code, which served as a built-in verification of the transcription.",364,Fir Tree Broach,"Virtual Fir Tree Broach, HSS",15.52,260,Brinell,Finishing,6.3,0.0787,1000,250.0
USA reference export,Lookup Table,Machining > Lookup Tables,tblBroaching,lookupTables/Component/tblBroaching.csv,"Transcribed from 6 screenshots. Table has two Tool Series (Virtual Fir Tree Broach HSS and Virtual Internal Gear Broach HSS), each covering the same 91 material cut codes with Finishing/Roughing cut-type pairs. Cutting Speed is identical for Finishing and Roughing within a material code; only Feed differs. Cross-checked: the Internal Gear Broach series data was confirmed identical to the Fir Tree Broach series for every material code, which served as a built-in verification of the transcription.",364,Fir Tree Broach,"Virtual Fir Tree Broach, HSS",15.52,260,Brinell,Roughing,6.3,0.0276,1000,250.0
USA reference export,Lookup Table,Machining > Lookup Tables,tblBroaching,lookupTables/Component/tblBroaching.csv,"Transcribed from 6 screenshots. Table has two Tool Series (Virtual Fir Tree Broach HSS and Virtual Internal Gear Broach HSS), each covering the same 91 material cut codes with Finishing/Roughing cut-type pairs. Cutting Speed is identical for Finishing and Roughing within a material code; only Feed differs. Cross-checked: the Internal Gear Broach series data was confirmed identical to the Fir Tree Broach series for every material code, which served as a built-in verification of the transcription.",364,Fir Tree Broach,"Virtual Fir Tree Broach, HSS",2.1,180,Brinell,Finishing,8.7,0.1905,1000,250.0
USA reference export,Lookup Table,Machining > Lookup Tables,tblBroaching,lookupTables/Component/tblBroaching.csv,"Transcribed from 6 screenshots. Table has two Tool Series (Virtual Fir Tree Broach HSS and Virtual Internal Gear Broach HSS), each covering the same 91 material cut codes with Finishing/Roughing cut-type pairs. Cutting Speed is identical for Finishing and Roughing within a material code; only Feed differs. Cross-checked: the Internal Gear Broach series data was confirmed identical to the Fir Tree Broach series for every material code, which served as a built-in verification of the transcription.",364,Fir Tree Broach,"Virtual Fir Tree Broach, HSS",2.1,180,Brinell,Roughing,8.7,0.0667,1000,250.0
USA reference export,Lookup Table,Machining > Lookup Tables,tblBroaching,lookupTables/Component/tblBroaching.csv,"Transcribed from 6 screenshots. Table has two Tool Series (Virtual Fir Tree Broach HSS and Virtual Internal Gear Broach HSS), each covering the same 91 material cut codes with Finishing/Roughing cut-type pairs. Cutting Speed is identical for Finishing and Roughing within a material code; only Feed differs. Cross-checked: the Internal Gear Broach series data was confirmed identical to the Fir Tree Broach series for every material code, which served as a built-in verification of the transcription.",364,Fir Tree Broach,"Virtual Fir Tree Broach, HSS",2.12,210,Brinell,Finishing,8.3,0.1905,1000,250.0
USA reference export,Lookup Table,Machining > Lookup Tables,tblBroaching,lookupTables/Component/tblBroaching.csv,"Transcribed from 6 screenshots. Table has two Tool Series (Virtual Fir Tree Broach HSS and Virtual Internal Gear Broach HSS), each covering the same 91 material cut codes with Finishing/Roughing cut-type pairs. Cutting Speed is identical for Finishing and Roughing within a material code; only Feed differs. Cross-checked: the Internal Gear Broach series data was confirmed identical to the Fir Tree Broach series for every material code, which served as a built-in verification of the transcription.",364,Fir Tree Broach,"Virtual Fir Tree Broach, HSS",2.12,210,Brinell,Roughing,8.3,0.0667,1000,250.0
USA reference export,Lookup Table,Machining > Lookup Tables,tblBroaching,lookupTables/Component/tblBroaching.csv,"Transcribed from 6 screenshots. Table has two Tool Series (Virtual Fir Tree Broach HSS and Virtual Internal Gear Broach HSS), each covering the same 91 material cut codes with Finishing/Roughing cut-type pairs. Cutting Speed is identical for Finishing and Roughing within a material code; only Feed differs. Cross-checked: the Internal Gear Broach series data was confirmed identical to the Fir Tree Broach series for every material code, which served as a built-in verification of the transcription.",364,Fir Tree Broach,"Virtual Fir Tree Broach, HSS",2.2,330,Brinell,Finishing,6.7,0.2223,1000,250.0
USA reference export,Lookup Table,Machining > Lookup Tables,tblBroaching,lookupTables/Component/tblBroaching.csv,"Transcribed from 6 screenshots. Table has two Tool Series (Virtual Fir Tree Broach HSS and Virtual Internal Gear Broach HSS), each covering the same 91 material cut codes with Finishing/Roughing cut-type pairs. Cutting Speed is identical for Finishing and Roughing within a material code; only Feed differs. Cross-checked: the Internal Gear Broach series data was confirmed identical to the Fir Tree Broach series for every material code, which served as a built-in verification of the transcription.",364,Fir Tree Broach,"Virtual Fir Tree Broach, HSS",2.2,330,Brinell,Roughing,6.7,0.0778,1000,250.0
USA reference export,Lookup Table,Machining > Lookup Tables,tblBroaching,lookupTables/Component/tblBroaching.csv,"Transcribed from 6 screenshots. Table has two Tool Series (Virtual Fir Tree Broach HSS and Virtual Internal Gear Broach HSS), each covering the same 91 material cut codes with Finishing/Roughing cut-type pairs. Cutting Speed is identical for Finishing and Roughing within a material code; only Feed differs. Cross-checked: the Internal Gear Broach series data was confirmed identical to the Fir Tree Broach series for every material code, which served as a built-in verification of the transcription.",364,Fir Tree Broach,"Virtual Fir Tree Broach, HSS",20.11,200,Brinell,Finishing,1.3,0.1305,1000,250.0
USA reference export,Lookup Table,Machining > Lookup Tables,tblBroaching,lookupTables/Component/tblBroaching.csv,"Transcribed from 6 screenshots. Table has two Tool Series (Virtual Fir Tree Broach HSS and Virtual Internal Gear Broach HSS), each covering the same 91 material cut codes with Finishing/Roughing cut-type pairs. Cutting Speed is identical for Finishing and Roughing within a material code; only Feed differs. Cross-checked: the Internal Gear Broach series data was confirmed identical to the Fir Tree Broach series for every material code, which served as a built-in verification of the transcription.",364,Fir Tree Broach,"Virtual Fir Tree Broach, HSS",20.11,200,Brinell,Roughing,1.3,0.0457,1000,250.0
USA reference export,Lookup Table,Machining > Lookup Tables,tblBroaching,lookupTables/Component/tblBroaching.csv,"Transcribed from 6 screenshots. Table has two Tool Series (Virtual Fir Tree Broach HSS and Virtual Internal Gear Broach HSS), each covering the same 91 material cut codes with Finishing/Roughing cut-type pairs. Cutting Speed is identical for Finishing and Roughing within a material code; only Feed differs. Cross-checked: the Internal Gear Broach series data was confirmed identical to the Fir Tree Broach series for every material code, which served as a built-in verification of the transcription.",364,Fir Tree Broach,"Virtual Fir Tree Broach, HSS",20.12,280,Brinell,Finishing,1.5,0.1305,1000,250.0
USA reference export,Lookup Table,Machining > Lookup Tables,tblBroaching,lookupTables/Component/tblBroaching.csv,"Transcribed from 6 screenshots. Table has two Tool Series (Virtual Fir Tree Broach HSS and Virtual Internal Gear Broach HSS), each covering the same 91 material cut codes with Finishing/Roughing cut-type pairs. Cutting Speed is identical for Finishing and Roughing within a material code; only Feed differs. Cross-checked: the Internal Gear Broach series data was confirmed identical to the Fir Tree Broach series for every material code, which served as a built-in verification of the transcription.",364,Fir Tree Broach,"Virtual Fir Tree Broach, HSS",20.12,280,Brinell,Roughing,1.5,0.0457,1000,250.0
USA reference export,Lookup Table,Machining > Lookup Tables,tblBroaching,lookupTables/Component/tblBroaching.csv,"Transcribed from 6 screenshots. Table has two Tool Series (Virtual Fir Tree Broach HSS and Virtual Internal Gear Broach HSS), each covering the same 91 material cut codes with Finishing/Roughing cut-type pairs. Cutting Speed is identical for Finishing and Roughing within a material code; only Feed differs. Cross-checked: the Internal Gear Broach series data was confirmed identical to the Fir Tree Broach series for every material code, which served as a built-in verification of the transcription.",364,Fir Tree Broach,"Virtual Fir Tree Broach, HSS",20.21,250,Brinell,Finishing,2.0,0.1154,1000,250.0
USA reference export,Lookup Table,Machining > Lookup Tables,tblBroaching,lookupTables/Component/tblBroaching.csv,"Transcribed from 6 screenshots. Table has two Tool Series (Virtual Fir Tree Broach HSS and Virtual Internal Gear Broach HSS), each covering the same 91 material cut codes with Finishing/Roughing cut-type pairs. Cutting Speed is identical for Finishing and Roughing within a material code; only Feed differs. Cross-checked: the Internal Gear Broach series data was confirmed identical to the Fir Tree Broach series for every material code, which served as a built-in verification of the transcription.",364,Fir Tree Broach,"Virtual Fir Tree Broach, HSS",20.21,250,Brinell,Roughing,2.0,0.0404,1000,250.0
USA reference export,Lookup Table,Machining > Lookup Tables,tblBroaching,lookupTables/Component/tblBroaching.csv,"Transcribed from 6 screenshots. Table has two Tool Series (Virtual Fir Tree Broach HSS and Virtual Internal Gear Broach HSS), each covering the same 91 material cut codes with Finishing/Roughing cut-type pairs. Cutting Speed is identical for Finishing and Roughing within a material code; only Feed differs. Cross-checked: the Internal Gear Broach series data was confirmed identical to the Fir Tree Broach series for every material code, which served as a built-in verification of the transcription.",364,Fir Tree Broach,"Virtual Fir Tree Broach, HSS",20.22,350,Brinell,Finishing,2.0,0.1154,1000,250.0
USA reference export,Lookup Table,Machining > Lookup Tables,tblBroaching,lookupTables/Component/tblBroaching.csv,"Transcribed from 6 screenshots. Table has two Tool Series (Virtual Fir Tree Broach HSS and Virtual Internal Gear Broach HSS), each covering the same 91 material cut codes with Finishing/Roughing cut-type pairs. Cutting Speed is identical for Finishing and Roughing within a material code; only Feed differs. Cross-checked: the Internal Gear Broach series data was confirmed identical to the Fir Tree Broach series for every material code, which served as a built-in verification of the transcription.",364,Fir Tree Broach,"Virtual Fir Tree Broach, HSS",20.22,350,Brinell,Roughing,2.0,0.0404,1000,250.0
USA reference export,Lookup Table,Machining > Lookup Tables,tblBroaching,lookupTables/Component/tblBroaching.csv,"Transcribed from 6 screenshots. Table has two Tool Series (Virtual Fir Tree Broach HSS and Virtual Internal Gear Broach HSS), each covering the same 91 material cut codes with Finishing/Roughing cut-type pairs. Cutting Speed is identical for Finishing and Roughing within a material code; only Feed differs. Cross-checked: the Internal Gear Broach series data was confirmed identical to the Fir Tree Broach series for every material code, which served as a built-in verification of the transcription.",364,Fir Tree Broach,"Virtual Fir Tree Broach, HSS",20.23,275,Brinell,Finishing,2.0,0.1154,1000,250.0
USA reference export,Lookup Table,Machining > Lookup Tables,tblBroaching,lookupTables/Component/tblBroaching.csv,"Transcribed from 6 screenshots. Table has two Tool Series (Virtual Fir Tree Broach HSS and Virtual Internal Gear Broach HSS), each covering the same 91 material cut codes with Finishing/Roughing cut-type pairs. Cutting Speed is identical for Finishing and Roughing within a material code; only Feed differs. Cross-checked: the Internal Gear Broach series data was confirmed identical to the Fir Tree Broach series for every material code, which served as a built-in verification of the transcription.",364,Fir Tree Broach,"Virtual Fir Tree Broach, HSS",20.23,275,Brinell,Roughing,2.0,0.0404,1000,250.0
USA reference export,Lookup Table,Machining > Lookup Tables,tblBroaching,lookupTables/Component/tblBroaching.csv,"Transcribed from 6 screenshots. Table has two Tool Series (Virtual Fir Tree Broach HSS and Virtual Internal Gear Broach HSS), each covering the same 91 material cut codes with Finishing/Roughing cut-type pairs. Cutting Speed is identical for Finishing and Roughing within a material code; only Feed differs. Cross-checked: the Internal Gear Broach series data was confirmed identical to the Fir Tree Broach series for every material code, which served as a built-in verification of the transcription.",364,Fir Tree Broach,"Virtual Fir Tree Broach, HSS",20.24,320,Brinell,Finishing,2.0,0.1154,1000,250.0
USA reference export,Lookup Table,Machining > Lookup Tables,tblBroaching,lookupTables/Component/tblBroaching.csv,"Transcribed from 6 screenshots. Table has two Tool Series (Virtual Fir Tree Broach HSS and Virtual Internal Gear Broach HSS), each covering the same 91 material cut codes with Finishing/Roughing cut-type pairs. Cutting Speed is identical for Finishing and Roughing within a material code; only Feed differs. Cross-checked: the Internal Gear Broach series data was confirmed identical to the Fir Tree Broach series for every material code, which served as a built-in verification of the transcription.",364,Fir Tree Broach,"Virtual Fir Tree Broach, HSS",20.24,320,Brinell,Roughing,2.0,0.0404,1000,250.0
USA reference export,Lookup Table,Machining > Lookup Tables,tblBroaching,lookupTables/Component/tblBroaching.csv,"Transcribed from 6 screenshots. Table has two Tool Series (Virtual Fir Tree Broach HSS and Virtual Internal Gear Broach HSS), each covering the same 91 material cut codes with Finishing/Roughing cut-type pairs. Cutting Speed is identical for Finishing and Roughing within a material code; only Feed differs. Cross-checked: the Internal Gear Broach series data was confirmed identical to the Fir Tree Broach series for every material code, which served as a built-in verification of the transcription.",364,Fir Tree Broach,"Virtual Fir Tree Broach, HSS",20.31,200,Brinell,Finishing,1.3,0.1305,1000,250.0
USA reference export,Lookup Table,Machining > Lookup Tables,tblBroaching,lookupTables/Component/tblBroaching.csv,"Transcribed from 6 screenshots. Table has two Tool Series (Virtual Fir Tree Broach HSS and Virtual Internal Gear Broach HSS), each covering the same 91 material cut codes with Finishing/Roughing cut-type pairs. Cutting Speed is identical for Finishing and Roughing within a material code; only Feed differs. Cross-checked: the Internal Gear Broach series data was confirmed identical to the Fir Tree Broach series for every material code, which served as a built-in verification of the transcription.",364,Fir Tree Broach,"Virtual Fir Tree Broach, HSS",20.31,200,Brinell,Roughing,1.3,0.0457,1000,250.0
USA reference export,Lookup Table,Machining > Lookup Tables,tblBroaching,lookupTables/Component/tblBroaching.csv,"Transcribed from 6 screenshots. Table has two Tool Series (Virtual Fir Tree Broach HSS and Virtual Internal Gear Broach HSS), each covering the same 91 material cut codes with Finishing/Roughing cut-type pairs. Cutting Speed is identical for Finishing and Roughing within a material code; only Feed differs. Cross-checked: the Internal Gear Broach series data was confirmed identical to the Fir Tree Broach series for every material code, which served as a built-in verification of the transcription.",364,Fir Tree Broach,"Virtual Fir Tree Broach, HSS",20.32,300,Brinell,Finishing,0.5,0.1443,1000,250.0
USA reference export,Lookup Table,Machining > Lookup Tables,tblBroaching,lookupTables/Component/tblBroaching.csv,"Transcribed from 6 screenshots. Table has two Tool Series (Virtual Fir Tree Broach HSS and Virtual Internal Gear Broach HSS), each covering the same 91 material cut codes with Finishing/Roughing cut-type pairs. Cutting Speed is identical for Finishing and Roughing within a material code; only Feed differs. Cross-checked: the Internal Gear Broach series data was confirmed identical to the Fir Tree Broach series for every material code, which served as a built-in verification of the transcription.",364,Fir Tree Broach,"Virtual Fir Tree Broach, HSS",20.32,300,Brinell,Roughing,0.5,0.0505,1000,250.0
USA reference export,Lookup Table,Machining > Lookup Tables,tblBroaching,lookupTables/Component/tblBroaching.csv,"Transcribed from 6 screenshots. Table has two Tool Series (Virtual Fir Tree Broach HSS and Virtual Internal Gear Broach HSS), each covering the same 91 material cut codes with Finishing/Roughing cut-type pairs. Cutting Speed is identical for Finishing and Roughing within a material code; only Feed differs. Cross-checked: the Internal Gear Broach series data was confirmed identical to the Fir Tree Broach series for every material code, which served as a built-in verification of the transcription.",364,Fir Tree Broach,"Virtual Fir Tree Broach, HSS",20.33,320,Brinell,Finishing,0.2,0.1466,1000,250.0
USA reference export,Lookup Table,Machining > Lookup Tables,tblBroaching,lookupTables/Component/tblBroaching.csv,"Transcribed from 6 screenshots. Table has two Tool Series (Virtual Fir Tree Broach HSS and Virtual Internal Gear Broach HSS), each covering the same 91 material cut codes with Finishing/Roughing cut-type pairs. Cutting Speed is identical for Finishing and Roughing within a material code; only Feed differs. Cross-checked: the Internal Gear Broach series data was confirmed identical to the Fir Tree Broach series for every material code, which served as a built-in verification of the transcription.",364,Fir Tree Broach,"Virtual Fir Tree Broach, HSS",20.33,320,Brinell,Roughing,0.2,0.0513,1000,250.0
USA reference export,Lookup Table,Machining > Lookup Tables,tblBroaching,lookupTables/Component/tblBroaching.csv,"Transcribed from 6 screenshots. Table has two Tool Series (Virtual Fir Tree Broach HSS and Virtual Internal Gear Broach HSS), each covering the same 91 material cut codes with Finishing/Roughing cut-type pairs. Cutting Speed is identical for Finishing and Roughing within a material code; only Feed differs. Cross-checked: the Internal Gear Broach series data was confirmed identical to the Fir Tree Broach series for every material code, which served as a built-in verification of the transcription.",364,Fir Tree Broach,"Virtual Fir Tree Broach, HSS",23.1,400,Tensile Strength,Finishing,3.2,0.202,1000,250.0
USA reference export,Lookup Table,Machining > Lookup Tables,tblBroaching,lookupTables/Component/tblBroaching.csv,"Transcribed from 6 screenshots. Table has two Tool Series (Virtual Fir Tree Broach HSS and Virtual Internal Gear Broach HSS), each covering the same 91 material cut codes with Finishing/Roughing cut-type pairs. Cutting Speed is identical for Finishing and Roughing within a material code; only Feed differs. Cross-checked: the Internal Gear Broach series data was confirmed identical to the Fir Tree Broach series for every material code, which served as a built-in verification of the transcription.",364,Fir Tree Broach,"Virtual Fir Tree Broach, HSS",23.1,400,Tensile Strength,Roughing,3.2,0.0707,1000,250.0
USA reference export,Lookup Table,Machining > Lookup Tables,tblBroaching,lookupTables/Component/tblBroaching.csv,"Transcribed from 6 screenshots. Table has two Tool Series (Virtual Fir Tree Broach HSS and Virtual Internal Gear Broach HSS), each covering the same 91 material cut codes with Finishing/Roughing cut-type pairs. Cutting Speed is identical for Finishing and Roughing within a material code; only Feed differs. Cross-checked: the Internal Gear Broach series data was confirmed identical to the Fir Tree Broach series for every material code, which served as a built-in verification of the transcription.",364,Fir Tree Broach,"Virtual Fir Tree Broach, HSS",23.21,950,Tensile Strength,Finishing,2.4,0.2223,1000,250.0
USA reference export,Lookup Table,Machining > Lookup Tables,tblBroaching,lookupTables/Component/tblBroaching.csv,"Transcribed from 6 screenshots. Table has two Tool Series (Virtual Fir Tree Broach HSS and Virtual Internal Gear Broach HSS), each covering the same 91 material cut codes with Finishing/Roughing cut-type pairs. Cutting Speed is identical for Finishing and Roughing within a material code; only Feed differs. Cross-checked: the Internal Gear Broach series data was confirmed identical to the Fir Tree Broach series for every material code, which served as a built-in verification of the transcription.",364,Fir Tree Broach,"Virtual Fir Tree Broach, HSS",23.21,950,Tensile Strength,Roughing,2.4,0.0778,1000,250.0
USA reference export,Lookup Table,Machining > Lookup Tables,tblBroaching,lookupTables/Component/tblBroaching.csv,"Transcribed from 6 screenshots. Table has two Tool Series (Virtual Fir Tree Broach HSS and Virtual Internal Gear Broach HSS), each covering the same 91 material cut codes with Finishing/Roughing cut-type pairs. Cutting Speed is identical for Finishing and Roughing within a material code; only Feed differs. Cross-checked: the Internal Gear Broach series data was confirmed identical to the Fir Tree Broach series for every material code, which served as a built-in verification of the transcription.",364,Fir Tree Broach,"Virtual Fir Tree Broach, HSS",23.22,1050,Tensile Strength,Finishing,2.4,0.2223,1000,250.0
USA reference export,Lookup Table,Machining > Lookup Tables,tblBroaching,lookupTables/Component/tblBroaching.csv,"Transcribed from 6 screenshots. Table has two Tool Series (Virtual Fir Tree Broach HSS and Virtual Internal Gear Broach HSS), each covering the same 91 material cut codes with Finishing/Roughing cut-type pairs. Cutting Speed is identical for Finishing and Roughing within a material code; only Feed differs. Cross-checked: the Internal Gear Broach series data was confirmed identical to the Fir Tree Broach series for every material code, which served as a built-in verification of the transcription.",364,Fir Tree Broach,"Virtual Fir Tree Broach, HSS",23.22,1050,Tensile Strength,Roughing,2.4,0.0778,1000,250.0
USA reference export,Lookup Table,Machining > Lookup Tables,tblBroaching,lookupTables/Component/tblBroaching.csv,"Transcribed from 6 screenshots. Table has two Tool Series (Virtual Fir Tree Broach HSS and Virtual Internal Gear Broach HSS), each covering the same 91 material cut codes with Finishing/Roughing cut-type pairs. Cutting Speed is identical for Finishing and Roughing within a material code; only Feed differs. Cross-checked: the Internal Gear Broach series data was confirmed identical to the Fir Tree Broach series for every material code, which served as a built-in verification of the transcription.",364,Fir Tree Broach,"Virtual Fir Tree Broach, HSS",3.1,200,Brinell,Finishing,11.3,0.2223,1000,250.0
USA reference export,Lookup Table,Machining > Lookup Tables,tblBroaching,lookupTables/Component/tblBroaching.csv,"Transcribed from 6 screenshots. Table has two Tool Series (Virtual Fir Tree Broach HSS and Virtual Internal Gear Broach HSS), each covering the same 91 material cut codes with Finishing/Roughing cut-type pairs. Cutting Speed is identical for Finishing and Roughing within a material code; only Feed differs. Cross-checked: the Internal Gear Broach series data was confirmed identical to the Fir Tree Broach series for every material code, which served as a built-in verification of the transcription.",364,Fir Tree Broach,"Virtual Fir Tree Broach, HSS",3.1,200,Brinell,Roughing,11.3,0.0778,1000,250.0
USA reference export,Lookup Table,Machining > Lookup Tables,tblBroaching,lookupTables/Component/tblBroaching.csv,"Transcribed from 6 screenshots. Table has two Tool Series (Virtual Fir Tree Broach HSS and Virtual Internal Gear Broach HSS), each covering the same 91 material cut codes with Finishing/Roughing cut-type pairs. Cutting Speed is identical for Finishing and Roughing within a material code; only Feed differs. Cross-checked: the Internal Gear Broach series data was confirmed identical to the Fir Tree Broach series for every material code, which served as a built-in verification of the transcription.",364,Fir Tree Broach,"Virtual Fir Tree Broach, HSS",3.11,200,Brinell,Finishing,7.1,0.2223,1000,250.0
USA reference export,Lookup Table,Machining > Lookup Tables,tblBroaching,lookupTables/Component/tblBroaching.csv,"Transcribed from 6 screenshots. Table has two Tool Series (Virtual Fir Tree Broach HSS and Virtual Internal Gear Broach HSS), each covering the same 91 material cut codes with Finishing/Roughing cut-type pairs. Cutting Speed is identical for Finishing and Roughing within a material code; only Feed differs. Cross-checked: the Internal Gear Broach series data was confirmed identical to the Fir Tree Broach series for every material code, which served as a built-in verification of the transcription.",364,Fir Tree Broach,"Virtual Fir Tree Broach, HSS",3.11,200,Brinell,Roughing,7.1,0.0778,1000,250.0
USA reference export,Lookup Table,Machining > Lookup Tables,tblBroaching,lookupTables/Component/tblBroaching.csv,"Transcribed from 6 screenshots. Table has two Tool Series (Virtual Fir Tree Broach HSS and Virtual Internal Gear Broach HSS), each covering the same 91 material cut codes with Finishing/Roughing cut-type pairs. Cutting Speed is identical for Finishing and Roughing within a material code; only Feed differs. Cross-checked: the Internal Gear Broach series data was confirmed identical to the Fir Tree Broach series for every material code, which served as a built-in verification of the transcription.",364,Fir Tree Broach,"Virtual Fir Tree Broach, HSS",3.13,200,Brinell,Finishing,3.8,0.1753,1000,250.0
USA reference export,Lookup Table,Machining > Lookup Tables,tblBroaching,lookupTables/Component/tblBroaching.csv,"Transcribed from 6 screenshots. Table has two Tool Series (Virtual Fir Tree Broach HSS and Virtual Internal Gear Broach HSS), each covering the same 91 material cut codes with Finishing/Roughing cut-type pairs. Cutting Speed is identical for Finishing and Roughing within a material code; only Feed differs. Cross-checked: the Internal Gear Broach series data was confirmed identical to the Fir Tree Broach series for every material code, which served as a built-in verification of the transcription.",364,Fir Tree Broach,"Virtual Fir Tree Broach, HSS",3.13,200,Brinell,Roughing,3.8,0.0613,1000,250.0
USA reference export,Lookup Table,Machining > Lookup Tables,tblBroaching,lookupTables/Component/tblBroaching.csv,"Transcribed from 6 screenshots. Table has two Tool Series (Virtual Fir Tree Broach HSS and Virtual Internal Gear Broach HSS), each covering the same 91 material cut codes with Finishing/Roughing cut-type pairs. Cutting Speed is identical for Finishing and Roughing within a material code; only Feed differs. Cross-checked: the Internal Gear Broach series data was confirmed identical to the Fir Tree Broach series for every material code, which served as a built-in verification of the transcription.",364,Fir Tree Broach,"Virtual Fir Tree Broach, HSS",3.2,225,Brinell,Finishing,7.5,0.1905,1000,250.0
USA reference export,Lookup Table,Machining > Lookup Tables,tblBroaching,lookupTables/Component/tblBroaching.csv,"Transcribed from 6 screenshots. Table has two Tool Series (Virtual Fir Tree Broach HSS and Virtual Internal Gear Broach HSS), each covering the same 91 material cut codes with Finishing/Roughing cut-type pairs. Cutting Speed is identical for Finishing and Roughing within a material code; only Feed differs. Cross-checked: the Internal Gear Broach series data was confirmed identical to the Fir Tree Broach series for every material code, which served as a built-in verification of the transcription.",364,Fir Tree Broach,"Virtual Fir Tree Broach, HSS",3.2,225,Brinell,Roughing,7.5,0.0667,1000,250.0
USA reference export,Lookup Table,Machining > Lookup Tables,tblBroaching,lookupTables/Component/tblBroaching.csv,"Transcribed from 6 screenshots. Table has two Tool Series (Virtual Fir Tree Broach HSS and Virtual Internal Gear Broach HSS), each covering the same 91 material cut codes with Finishing/Roughing cut-type pairs. Cutting Speed is identical for Finishing and Roughing within a material code; only Feed differs. Cross-checked: the Internal Gear Broach series data was confirmed identical to the Fir Tree Broach series for every material code, which served as a built-in verification of the transcription.",364,Fir Tree Broach,"Virtual Fir Tree Broach, HSS",3.21,300,Brinell,Finishing,5.1,0.1905,1000,250.0
USA reference export,Lookup Table,Machining > Lookup Tables,tblBroaching,lookupTables/Component/tblBroaching.csv,"Transcribed from 6 screenshots. Table has two Tool Series (Virtual Fir Tree Broach HSS and Virtual Internal Gear Broach HSS), each covering the same 91 material cut codes with Finishing/Roughing cut-type pairs. Cutting Speed is identical for Finishing and Roughing within a material code; only Feed differs. Cross-checked: the Internal Gear Broach series data was confirmed identical to the Fir Tree Broach series for every material code, which served as a built-in verification of the transcription.",364,Fir Tree Broach,"Virtual Fir Tree Broach, HSS",3.21,300,Brinell,Roughing,5.1,0.0667,1000,250.0
USA reference export,Lookup Table,Machining > Lookup Tables,tblBroaching,lookupTables/Component/tblBroaching.csv,"Transcribed from 6 screenshots. Table has two Tool Series (Virtual Fir Tree Broach HSS and Virtual Internal Gear Broach HSS), each covering the same 91 material cut codes with Finishing/Roughing cut-type pairs. Cutting Speed is identical for Finishing and Roughing within a material code; only Feed differs. Cross-checked: the Internal Gear Broach series data was confirmed identical to the Fir Tree Broach series for every material code, which served as a built-in verification of the transcription.",364,Fir Tree Broach,"Virtual Fir Tree Broach, HSS",3.22,380,Brinell,Finishing,3.3,0.3175,1000,250.0
USA reference export,Lookup Table,Machining > Lookup Tables,tblBroaching,lookupTables/Component/tblBroaching.csv,"Transcribed from 6 screenshots. Table has two Tool Series (Virtual Fir Tree Broach HSS and Virtual Internal Gear Broach HSS), each covering the same 91 material cut codes with Finishing/Roughing cut-type pairs. Cutting Speed is identical for Finishing and Roughing within a material code; only Feed differs. Cross-checked: the Internal Gear Broach series data was confirmed identical to the Fir Tree Broach series for every material code, which served as a built-in verification of the transcription.",364,Fir Tree Broach,"Virtual Fir Tree Broach, HSS",3.22,380,Brinell,Roughing,3.3,0.1111,1000,250.0
USA reference export,Lookup Table,Machining > Lookup Tables,tblBroaching,lookupTables/Component/tblBroaching.csv,"Transcribed from 6 screenshots. Table has two Tool Series (Virtual Fir Tree Broach HSS and Virtual Internal Gear Broach HSS), each covering the same 91 material cut codes with Finishing/Roughing cut-type pairs. Cutting Speed is identical for Finishing and Roughing within a material code; only Feed differs. Cross-checked: the Internal Gear Broach series data was confirmed identical to the Fir Tree Broach series for every material code, which served as a built-in verification of the transcription.",364,Fir Tree Broach,"Virtual Fir Tree Broach, HSS",30.11,60,Brinell,Finishing,13.8,0.254,1000,250.0
USA reference export,Lookup Table,Machining > Lookup Tables,tblBroaching,lookupTables/Component/tblBroaching.csv,"Transcribed from 6 screenshots. Table has two Tool Series (Virtual Fir Tree Broach HSS and Virtual Internal Gear Broach HSS), each covering the same 91 material cut codes with Finishing/Roughing cut-type pairs. Cutting Speed is identical for Finishing and Roughing within a material code; only Feed differs. Cross-checked: the Internal Gear Broach series data was confirmed identical to the Fir Tree Broach series for every material code, which served as a built-in verification of the transcription.",364,Fir Tree Broach,"Virtual Fir Tree Broach, HSS",30.11,60,Brinell,Roughing,13.8,0.0889,1000,250.0
USA reference export,Lookup Table,Machining > Lookup Tables,tblBroaching,lookupTables/Component/tblBroaching.csv,"Transcribed from 6 screenshots. Table has two Tool Series (Virtual Fir Tree Broach HSS and Virtual Internal Gear Broach HSS), each covering the same 91 material cut codes with Finishing/Roughing cut-type pairs. Cutting Speed is identical for Finishing and Roughing within a material code; only Feed differs. Cross-checked: the Internal Gear Broach series data was confirmed identical to the Fir Tree Broach series for every material code, which served as a built-in verification of the transcription.",364,Fir Tree Broach,"Virtual Fir Tree Broach, HSS",30.12,100,Brinell,Finishing,13.8,0.254,1000,250.0
USA reference export,Lookup Table,Machining > Lookup Tables,tblBroaching,lookupTables/Component/tblBroaching.csv,"Transcribed from 6 screenshots. Table has two Tool Series (Virtual Fir Tree Broach HSS and Virtual Internal Gear Broach HSS), each covering the same 91 material cut codes with Finishing/Roughing cut-type pairs. Cutting Speed is identical for Finishing and Roughing within a material code; only Feed differs. Cross-checked: the Internal Gear Broach series data was confirmed identical to the Fir Tree Broach series for every material code, which served as a built-in verification of the transcription.",364,Fir Tree Broach,"Virtual Fir Tree Broach, HSS",30.12,100,Brinell,Roughing,13.8,0.0889,1000,250.0
USA reference export,Lookup Table,Machining > Lookup Tables,tblBroaching,lookupTables/Component/tblBroaching.csv,"Transcribed from 6 screenshots. Table has two Tool Series (Virtual Fir Tree Broach HSS and Virtual Internal Gear Broach HSS), each covering the same 91 material cut codes with Finishing/Roughing cut-type pairs. Cutting Speed is identical for Finishing and Roughing within a material code; only Feed differs. Cross-checked: the Internal Gear Broach series data was confirmed identical to the Fir Tree Broach series for every material code, which served as a built-in verification of the transcription.",364,Fir Tree Broach,"Virtual Fir Tree Broach, HSS",30.21,75,Brinell,Finishing,11.9,0.254,1000,250.0
USA reference export,Lookup Table,Machining > Lookup Tables,tblBroaching,lookupTables/Component/tblBroaching.csv,"Transcribed from 6 screenshots. Table has two Tool Series (Virtual Fir Tree Broach HSS and Virtual Internal Gear Broach HSS), each covering the same 91 material cut codes with Finishing/Roughing cut-type pairs. Cutting Speed is identical for Finishing and Roughing within a material code; only Feed differs. Cross-checked: the Internal Gear Broach series data was confirmed identical to the Fir Tree Broach series for every material code, which served as a built-in verification of the transcription.",364,Fir Tree Broach,"Virtual Fir Tree Broach, HSS",30.21,75,Brinell,Roughing,11.9,0.0889,1000,250.0
USA reference export,Lookup Table,Machining > Lookup Tables,tblBroaching,lookupTables/Component/tblBroaching.csv,"Transcribed from 6 screenshots. Table has two Tool Series (Virtual Fir Tree Broach HSS and Virtual Internal Gear Broach HSS), each covering the same 91 material cut codes with Finishing/Roughing cut-type pairs. Cutting Speed is identical for Finishing and Roughing within a material code; only Feed differs. Cross-checked: the Internal Gear Broach series data was confirmed identical to the Fir Tree Broach series for every material code, which served as a built-in verification of the transcription.",364,Fir Tree Broach,"Virtual Fir Tree Broach, HSS",30.22,90,Brinell,Finishing,11.9,0.254,1000,250.0
USA reference export,Lookup Table,Machining > Lookup Tables,tblBroaching,lookupTables/Component/tblBroaching.csv,"Transcribed from 6 screenshots. Table has two Tool Series (Virtual Fir Tree Broach HSS and Virtual Internal Gear Broach HSS), each covering the same 91 material cut codes with Finishing/Roughing cut-type pairs. Cutting Speed is identical for Finishing and Roughing within a material code; only Feed differs. Cross-checked: the Internal Gear Broach series data was confirmed identical to the Fir Tree Broach series for every material code, which served as a built-in verification of the transcription.",364,Fir Tree Broach,"Virtual Fir Tree Broach, HSS",30.22,90,Brinell,Roughing,11.9,0.0889,1000,250.0
USA reference export,Lookup Table,Machining > Lookup Tables,tblBroaching,lookupTables/Component/tblBroaching.csv,"Transcribed from 6 screenshots. Table has two Tool Series (Virtual Fir Tree Broach HSS and Virtual Internal Gear Broach HSS), each covering the same 91 material cut codes with Finishing/Roughing cut-type pairs. Cutting Speed is identical for Finishing and Roughing within a material code; only Feed differs. Cross-checked: the Internal Gear Broach series data was confirmed identical to the Fir Tree Broach series for every material code, which served as a built-in verification of the transcription.",364,Fir Tree Broach,"Virtual Fir Tree Broach, HSS",30.3,30,Brinell,Finishing,25.0,0.7937,1000,250.0
USA reference export,Lookup Table,Machining > Lookup Tables,tblBroaching,lookupTables/Component/tblBroaching.csv,"Transcribed from 6 screenshots. Table has two Tool Series (Virtual Fir Tree Broach HSS and Virtual Internal Gear Broach HSS), each covering the same 91 material cut codes with Finishing/Roughing cut-type pairs. Cutting Speed is identical for Finishing and Roughing within a material code; only Feed differs. Cross-checked: the Internal Gear Broach series data was confirmed identical to the Fir Tree Broach series for every material code, which served as a built-in verification of the transcription.",364,Fir Tree Broach,"Virtual Fir Tree Broach, HSS",30.3,30,Brinell,Roughing,25.0,0.2778,1000,250.0
USA reference export,Lookup Table,Machining > Lookup Tables,tblBroaching,lookupTables/Component/tblBroaching.csv,"Transcribed from 6 screenshots. Table has two Tool Series (Virtual Fir Tree Broach HSS and Virtual Internal Gear Broach HSS), each covering the same 91 material cut codes with Finishing/Roughing cut-type pairs. Cutting Speed is identical for Finishing and Roughing within a material code; only Feed differs. Cross-checked: the Internal Gear Broach series data was confirmed identical to the Fir Tree Broach series for every material code, which served as a built-in verification of the transcription.",364,Fir Tree Broach,"Virtual Fir Tree Broach, HSS",30.41,130,Brinell,Finishing,10.0,0.635,1000,250.0
USA reference export,Lookup Table,Machining > Lookup Tables,tblBroaching,lookupTables/Component/tblBroaching.csv,"Transcribed from 6 screenshots. Table has two Tool Series (Virtual Fir Tree Broach HSS and Virtual Internal Gear Broach HSS), each covering the same 91 material cut codes with Finishing/Roughing cut-type pairs. Cutting Speed is identical for Finishing and Roughing within a material code; only Feed differs. Cross-checked: the Internal Gear Broach series data was confirmed identical to the Fir Tree Broach series for every material code, which served as a built-in verification of the transcription.",364,Fir Tree Broach,"Virtual Fir Tree Broach, HSS",30.41,130,Brinell,Roughing,10.0,0.2223,1000,250.0
USA reference export,Lookup Table,Machining > Lookup Tables,tblBroaching,lookupTables/Component/tblBroaching.csv,"Transcribed from 6 screenshots. Table has two Tool Series (Virtual Fir Tree Broach HSS and Virtual Internal Gear Broach HSS), each covering the same 91 material cut codes with Finishing/Roughing cut-type pairs. Cutting Speed is identical for Finishing and Roughing within a material code; only Feed differs. Cross-checked: the Internal Gear Broach series data was confirmed identical to the Fir Tree Broach series for every material code, which served as a built-in verification of the transcription.",364,Fir Tree Broach,"Virtual Fir Tree Broach, HSS",30.42,130,Brinell,Finishing,7.5,0.635,1000,250.0
USA reference export,Lookup Table,Machining > Lookup Tables,tblBroaching,lookupTables/Component/tblBroaching.csv,"Transcribed from 6 screenshots. Table has two Tool Series (Virtual Fir Tree Broach HSS and Virtual Internal Gear Broach HSS), each covering the same 91 material cut codes with Finishing/Roughing cut-type pairs. Cutting Speed is identical for Finishing and Roughing within a material code; only Feed differs. Cross-checked: the Internal Gear Broach series data was confirmed identical to the Fir Tree Broach series for every material code, which served as a built-in verification of the transcription.",364,Fir Tree Broach,"Virtual Fir Tree Broach, HSS",30.42,130,Brinell,Roughing,7.5,0.2223,1000,250.0
USA reference export,Lookup Table,Machining > Lookup Tables,tblBroaching,lookupTables/Component/tblBroaching.csv,"Transcribed from 6 screenshots. Table has two Tool Series (Virtual Fir Tree Broach HSS and Virtual Internal Gear Broach HSS), each covering the same 91 material cut codes with Finishing/Roughing cut-type pairs. Cutting Speed is identical for Finishing and Roughing within a material code; only Feed differs. Cross-checked: the Internal Gear Broach series data was confirmed identical to the Fir Tree Broach series for every material code, which served as a built-in verification of the transcription.",364,Fir Tree Broach,"Virtual Fir Tree Broach, HSS",33.1,110,Brinell,Finishing,11.9,0.254,1000,250.0
USA reference export,Lookup Table,Machining > Lookup Tables,tblBroaching,lookupTables/Component/tblBroaching.csv,"Transcribed from 6 screenshots. Table has two Tool Series (Virtual Fir Tree Broach HSS and Virtual Internal Gear Broach HSS), each covering the same 91 material cut codes with Finishing/Roughing cut-type pairs. Cutting Speed is identical for Finishing and Roughing within a material code; only Feed differs. Cross-checked: the Internal Gear Broach series data was confirmed identical to the Fir Tree Broach series for every material code, which served as a built-in verification of the transcription.",364,Fir Tree Broach,"Virtual Fir Tree Broach, HSS",33.1,110,Brinell,Roughing,11.9,0.0889,1000,250.0
USA reference export,Lookup Table,Machining > Lookup Tables,tblBroaching,lookupTables/Component/tblBroaching.csv,"Transcribed from 6 screenshots. Table has two Tool Series (Virtual Fir Tree Broach HSS and Virtual Internal Gear Broach HSS), each covering the same 91 material cut codes with Finishing/Roughing cut-type pairs. Cutting Speed is identical for Finishing and Roughing within a material code; only Feed differs. Cross-checked: the Internal Gear Broach series data was confirmed identical to the Fir Tree Broach series for every material code, which served as a built-in verification of the transcription.",364,Fir Tree Broach,"Virtual Fir Tree Broach, HSS",33.2,90,Brinell,Finishing,9.1,0.254,1000,250.0
USA reference export,Lookup Table,Machining > Lookup Tables,tblBroaching,lookupTables/Component/tblBroaching.csv,"Transcribed from 6 screenshots. Table has two Tool Series (Virtual Fir Tree Broach HSS and Virtual Internal Gear Broach HSS), each covering the same 91 material cut codes with Finishing/Roughing cut-type pairs. Cutting Speed is identical for Finishing and Roughing within a material code; only Feed differs. Cross-checked: the Internal Gear Broach series data was confirmed identical to the Fir Tree Broach series for every material code, which served as a built-in verification of the transcription.",364,Fir Tree Broach,"Virtual Fir Tree Broach, HSS",33.2,90,Brinell,Roughing,9.1,0.0889,1000,250.0
USA reference export,Lookup Table,Machining > Lookup Tables,tblBroaching,lookupTables/Component/tblBroaching.csv,"Transcribed from 6 screenshots. Table has two Tool Series (Virtual Fir Tree Broach HSS and Virtual Internal Gear Broach HSS), each covering the same 91 material cut codes with Finishing/Roughing cut-type pairs. Cutting Speed is identical for Finishing and Roughing within a material code; only Feed differs. Cross-checked: the Internal Gear Broach series data was confirmed identical to the Fir Tree Broach series for every material code, which served as a built-in verification of the transcription.",364,Fir Tree Broach,"Virtual Fir Tree Broach, HSS",33.3,100,Brinell,Finishing,8.6,0.254,1000,250.0
USA reference export,Lookup Table,Machining > Lookup Tables,tblBroaching,lookupTables/Component/tblBroaching.csv,"Transcribed from 6 screenshots. Table has two Tool Series (Virtual Fir Tree Broach HSS and Virtual Internal Gear Broach HSS), each covering the same 91 material cut codes with Finishing/Roughing cut-type pairs. Cutting Speed is identical for Finishing and Roughing within a material code; only Feed differs. Cross-checked: the Internal Gear Broach series data was confirmed identical to the Fir Tree Broach series for every material code, which served as a built-in verification of the transcription.",364,Fir Tree Broach,"Virtual Fir Tree Broach, HSS",33.3,100,Brinell,Roughing,8.6,0.0889,1000,250.0
USA reference export,Lookup Table,Machining > Lookup Tables,tblBroaching,lookupTables/Component/tblBroaching.csv,"Transcribed from 6 screenshots. Table has two Tool Series (Virtual Fir Tree Broach HSS and Virtual Internal Gear Broach HSS), each covering the same 91 material cut codes with Finishing/Roughing cut-type pairs. Cutting Speed is identical for Finishing and Roughing within a material code; only Feed differs. Cross-checked: the Internal Gear Broach series data was confirmed identical to the Fir Tree Broach series for every material code, which served as a built-in verification of the transcription.",364,Fir Tree Broach,"Virtual Fir Tree Broach, HSS",34.0,515,Brinell,Finishing,19.7,0.2438,1000,250.0
USA reference export,Lookup Table,Machining > Lookup Tables,tblBroaching,lookupTables/Component/tblBroaching.csv,"Transcribed from 6 screenshots. Table has two Tool Series (Virtual Fir Tree Broach HSS and Virtual Internal Gear Broach HSS), each covering the same 91 material cut codes with Finishing/Roughing cut-type pairs. Cutting Speed is identical for Finishing and Roughing within a material code; only Feed differs. Cross-checked: the Internal Gear Broach series data was confirmed identical to the Fir Tree Broach series for every material code, which served as a built-in verification of the transcription.",364,Fir Tree Broach,"Virtual Fir Tree Broach, HSS",34.0,515,Brinell,Roughing,19.7,0.0853,1000,250.0
USA reference export,Lookup Table,Machining > Lookup Tables,tblBroaching,lookupTables/Component/tblBroaching.csv,"Transcribed from 6 screenshots. Table has two Tool Series (Virtual Fir Tree Broach HSS and Virtual Internal Gear Broach HSS), each covering the same 91 material cut codes with Finishing/Roughing cut-type pairs. Cutting Speed is identical for Finishing and Roughing within a material code; only Feed differs. Cross-checked: the Internal Gear Broach series data was confirmed identical to the Fir Tree Broach series for every material code, which served as a built-in verification of the transcription.",364,Fir Tree Broach,"Virtual Fir Tree Broach, HSS",4.0,55,Rockwell C,Finishing,4.4,0.2388,1000,250.0
USA reference export,Lookup Table,Machining > Lookup Tables,tblBroaching,lookupTables/Component/tblBroaching.csv,"Transcribed from 6 screenshots. Table has two Tool Series (Virtual Fir Tree Broach HSS and Virtual Internal Gear Broach HSS), each covering the same 91 material cut codes with Finishing/Roughing cut-type pairs. Cutting Speed is identical for Finishing and Roughing within a material code; only Feed differs. Cross-checked: the Internal Gear Broach series data was confirmed identical to the Fir Tree Broach series for every material code, which served as a built-in verification of the transcription.",364,Fir Tree Broach,"Virtual Fir Tree Broach, HSS",4.0,55,Rockwell C,Roughing,4.4,0.0836,1000,250.0
USA reference export,Lookup Table,Machining > Lookup Tables,tblBroaching,lookupTables/Component/tblBroaching.csv,"Transcribed from 6 screenshots. Table has two Tool Series (Virtual Fir Tree Broach HSS and Virtual Internal Gear Broach HSS), each covering the same 91 material cut codes with Finishing/Roughing cut-type pairs. Cutting Speed is identical for Finishing and Roughing within a material code; only Feed differs. Cross-checked: the Internal Gear Broach series data was confirmed identical to the Fir Tree Broach series for every material code, which served as a built-in verification of the transcription.",364,Fir Tree Broach,"Virtual Fir Tree Broach, HSS",4.1,59,Rockwell C,Finishing,2.5,0.2388,1000,250.0
USA reference export,Lookup Table,Machining > Lookup Tables,tblBroaching,lookupTables/Component/tblBroaching.csv,"Transcribed from 6 screenshots. Table has two Tool Series (Virtual Fir Tree Broach HSS and Virtual Internal Gear Broach HSS), each covering the same 91 material cut codes with Finishing/Roughing cut-type pairs. Cutting Speed is identical for Finishing and Roughing within a material code; only Feed differs. Cross-checked: the Internal Gear Broach series data was confirmed identical to the Fir Tree Broach series for every material code, which served as a built-in verification of the transcription.",364,Fir Tree Broach,"Virtual Fir Tree Broach, HSS",4.1,59,Rockwell C,Roughing,2.5,0.0836,1000,250.0
USA reference export,Lookup Table,Machining > Lookup Tables,tblBroaching,lookupTables/Component/tblBroaching.csv,"Transcribed from 6 screenshots. Table has two Tool Series (Virtual Fir Tree Broach HSS and Virtual Internal Gear Broach HSS), each covering the same 91 material cut codes with Finishing/Roughing cut-type pairs. Cutting Speed is identical for Finishing and Roughing within a material code; only Feed differs. Cross-checked: the Internal Gear Broach series data was confirmed identical to the Fir Tree Broach series for every material code, which served as a built-in verification of the transcription.",364,Fir Tree Broach,"Virtual Fir Tree Broach, HSS",41.11,30,Brinell,Finishing,12.8,0.1956,1000,250.0
USA reference export,Lookup Table,Machining > Lookup Tables,tblBroaching,lookupTables/Component/tblBroaching.csv,"Transcribed from 6 screenshots. Table has two Tool Series (Virtual Fir Tree Broach HSS and Virtual Internal Gear Broach HSS), each covering the same 91 material cut codes with Finishing/Roughing cut-type pairs. Cutting Speed is identical for Finishing and Roughing within a material code; only Feed differs. Cross-checked: the Internal Gear Broach series data was confirmed identical to the Fir Tree Broach series for every material code, which served as a built-in verification of the transcription.",364,Fir Tree Broach,"Virtual Fir Tree Broach, HSS",41.11,30,Brinell,Roughing,12.8,0.0684,1000,250.0
USA reference export,Lookup Table,Machining > Lookup Tables,tblBroaching,lookupTables/Component/tblBroaching.csv,"Transcribed from 6 screenshots. Table has two Tool Series (Virtual Fir Tree Broach HSS and Virtual Internal Gear Broach HSS), each covering the same 91 material cut codes with Finishing/Roughing cut-type pairs. Cutting Speed is identical for Finishing and Roughing within a material code; only Feed differs. Cross-checked: the Internal Gear Broach series data was confirmed identical to the Fir Tree Broach series for every material code, which served as a built-in verification of the transcription.",364,Fir Tree Broach,"Virtual Fir Tree Broach, HSS",41.21,30,Brinell,Finishing,14.4,0.1956,1000,250.0
USA reference export,Lookup Table,Machining > Lookup Tables,tblBroaching,lookupTables/Component/tblBroaching.csv,"Transcribed from 6 screenshots. Table has two Tool Series (Virtual Fir Tree Broach HSS and Virtual Internal Gear Broach HSS), each covering the same 91 material cut codes with Finishing/Roughing cut-type pairs. Cutting Speed is identical for Finishing and Roughing within a material code; only Feed differs. Cross-checked: the Internal Gear Broach series data was confirmed identical to the Fir Tree Broach series for every material code, which served as a built-in verification of the transcription.",364,Fir Tree Broach,"Virtual Fir Tree Broach, HSS",41.21,30,Brinell,Roughing,14.4,0.0684,1000,250.0
USA reference export,Lookup Table,Machining > Lookup Tables,tblBroaching,lookupTables/Component/tblBroaching.csv,"Transcribed from 6 screenshots. Table has two Tool Series (Virtual Fir Tree Broach HSS and Virtual Internal Gear Broach HSS), each covering the same 91 material cut codes with Finishing/Roughing cut-type pairs. Cutting Speed is identical for Finishing and Roughing within a material code; only Feed differs. Cross-checked: the Internal Gear Broach series data was confirmed identical to the Fir Tree Broach series for every material code, which served as a built-in verification of the transcription.",364,Fir Tree Broach,"Virtual Fir Tree Broach, HSS",42.11,30,Brinell,Finishing,11.2,0.2934,1000,250.0
USA reference export,Lookup Table,Machining > Lookup Tables,tblBroaching,lookupTables/Component/tblBroaching.csv,"Transcribed from 6 screenshots. Table has two Tool Series (Virtual Fir Tree Broach HSS and Virtual Internal Gear Broach HSS), each covering the same 91 material cut codes with Finishing/Roughing cut-type pairs. Cutting Speed is identical for Finishing and Roughing within a material code; only Feed differs. Cross-checked: the Internal Gear Broach series data was confirmed identical to the Fir Tree Broach series for every material code, which served as a built-in verification of the transcription.",364,Fir Tree Broach,"Virtual Fir Tree Broach, HSS",42.11,30,Brinell,Roughing,11.2,0.1027,1000,250.0
USA reference export,Lookup Table,Machining > Lookup Tables,tblBroaching,lookupTables/Component/tblBroaching.csv,"Transcribed from 6 screenshots. Table has two Tool Series (Virtual Fir Tree Broach HSS and Virtual Internal Gear Broach HSS), each covering the same 91 material cut codes with Finishing/Roughing cut-type pairs. Cutting Speed is identical for Finishing and Roughing within a material code; only Feed differs. Cross-checked: the Internal Gear Broach series data was confirmed identical to the Fir Tree Broach series for every material code, which served as a built-in verification of the transcription.",364,Fir Tree Broach,"Virtual Fir Tree Broach, HSS",42.12,30,Brinell,Finishing,14.4,0.1956,1000,250.0
USA reference export,Lookup Table,Machining > Lookup Tables,tblBroaching,lookupTables/Component/tblBroaching.csv,"Transcribed from 6 screenshots. Table has two Tool Series (Virtual Fir Tree Broach HSS and Virtual Internal Gear Broach HSS), each covering the same 91 material cut codes with Finishing/Roughing cut-type pairs. Cutting Speed is identical for Finishing and Roughing within a material code; only Feed differs. Cross-checked: the Internal Gear Broach series data was confirmed identical to the Fir Tree Broach series for every material code, which served as a built-in verification of the transcription.",364,Fir Tree Broach,"Virtual Fir Tree Broach, HSS",42.12,30,Brinell,Roughing,14.4,0.0684,1000,250.0
USA reference export,Lookup Table,Machining > Lookup Tables,tblBroaching,lookupTables/Component/tblBroaching.csv,"Transcribed from 6 screenshots. Table has two Tool Series (Virtual Fir Tree Broach HSS and Virtual Internal Gear Broach HSS), each covering the same 91 material cut codes with Finishing/Roughing cut-type pairs. Cutting Speed is identical for Finishing and Roughing within a material code; only Feed differs. Cross-checked: the Internal Gear Broach series data was confirmed identical to the Fir Tree Broach series for every material code, which served as a built-in verification of the transcription.",364,Fir Tree Broach,"Virtual Fir Tree Broach, HSS",42.13,30,Brinell,Finishing,14.4,0.1956,1000,250.0
USA reference export,Lookup Table,Machining > Lookup Tables,tblBroaching,lookupTables/Component/tblBroaching.csv,"Transcribed from 6 screenshots. Table has two Tool Series (Virtual Fir Tree Broach HSS and Virtual Internal Gear Broach HSS), each covering the same 91 material cut codes with Finishing/Roughing cut-type pairs. Cutting Speed is identical for Finishing and Roughing within a material code; only Feed differs. Cross-checked: the Internal Gear Broach series data was confirmed identical to the Fir Tree Broach series for every material code, which served as a built-in verification of the transcription.",364,Fir Tree Broach,"Virtual Fir Tree Broach, HSS",42.13,30,Brinell,Roughing,14.4,0.0684,1000,250.0
USA reference export,Lookup Table,Machining > Lookup Tables,tblBroaching,lookupTables/Component/tblBroaching.csv,"Transcribed from 6 screenshots. Table has two Tool Series (Virtual Fir Tree Broach HSS and Virtual Internal Gear Broach HSS), each covering the same 91 material cut codes with Finishing/Roughing cut-type pairs. Cutting Speed is identical for Finishing and Roughing within a material code; only Feed differs. Cross-checked: the Internal Gear Broach series data was confirmed identical to the Fir Tree Broach series for every material code, which served as a built-in verification of the transcription.",364,Fir Tree Broach,"Virtual Fir Tree Broach, HSS",5.1,200,Brinell,Finishing,4.9,0.2223,1000,250.0
USA reference export,Lookup Table,Machining > Lookup Tables,tblBroaching,lookupTables/Component/tblBroaching.csv,"Transcribed from 6 screenshots. Table has two Tool Series (Virtual Fir Tree Broach HSS and Virtual Internal Gear Broach HSS), each covering the same 91 material cut codes with Finishing/Roughing cut-type pairs. Cutting Speed is identical for Finishing and Roughing within a material code; only Feed differs. Cross-checked: the Internal Gear Broach series data was confirmed identical to the Fir Tree Broach series for every material code, which served as a built-in verification of the transcription.",364,Fir Tree Broach,"Virtual Fir Tree Broach, HSS",5.1,200,Brinell,Roughing,4.9,0.0778,1000,250.0
USA reference export,Lookup Table,Machining > Lookup Tables,tblBroaching,lookupTables/Component/tblBroaching.csv,"Transcribed from 6 screenshots. Table has two Tool Series (Virtual Fir Tree Broach HSS and Virtual Internal Gear Broach HSS), each covering the same 91 material cut codes with Finishing/Roughing cut-type pairs. Cutting Speed is identical for Finishing and Roughing within a material code; only Feed differs. Cross-checked: the Internal Gear Broach series data was confirmed identical to the Fir Tree Broach series for every material code, which served as a built-in verification of the transcription.",364,Fir Tree Broach,"Virtual Fir Tree Broach, HSS",5.11,200,Brinell,Finishing,5.9,0.2223,1000,250.0
USA reference export,Lookup Table,Machining > Lookup Tables,tblBroaching,lookupTables/Component/tblBroaching.csv,"Transcribed from 6 screenshots. Table has two Tool Series (Virtual Fir Tree Broach HSS and Virtual Internal Gear Broach HSS), each covering the same 91 material cut codes with Finishing/Roughing cut-type pairs. Cutting Speed is identical for Finishing and Roughing within a material code; only Feed differs. Cross-checked: the Internal Gear Broach series data was confirmed identical to the Fir Tree Broach series for every material code, which served as a built-in verification of the transcription.",364,Fir Tree Broach,"Virtual Fir Tree Broach, HSS",5.11,200,Brinell,Roughing,5.9,0.0778,1000,250.0
USA reference export,Lookup Table,Machining > Lookup Tables,tblBroaching,lookupTables/Component/tblBroaching.csv,"Transcribed from 6 screenshots. Table has two Tool Series (Virtual Fir Tree Broach HSS and Virtual Internal Gear Broach HSS), each covering the same 91 material cut codes with Finishing/Roughing cut-type pairs. Cutting Speed is identical for Finishing and Roughing within a material code; only Feed differs. Cross-checked: the Internal Gear Broach series data was confirmed identical to the Fir Tree Broach series for every material code, which served as a built-in verification of the transcription.",364,Fir Tree Broach,"Virtual Fir Tree Broach, HSS",5.12,330,Brinell,Finishing,5.8,0.2223,1000,250.0
USA reference export,Lookup Table,Machining > Lookup Tables,tblBroaching,lookupTables/Component/tblBroaching.csv,"Transcribed from 6 screenshots. Table has two Tool Series (Virtual Fir Tree Broach HSS and Virtual Internal Gear Broach HSS), each covering the same 91 material cut codes with Finishing/Roughing cut-type pairs. Cutting Speed is identical for Finishing and Roughing within a material code; only Feed differs. Cross-checked: the Internal Gear Broach series data was confirmed identical to the Fir Tree Broach series for every material code, which served as a built-in verification of the transcription.",364,Fir Tree Broach,"Virtual Fir Tree Broach, HSS",5.12,330,Brinell,Roughing,5.8,0.0778,1000,250.0
USA reference export,Lookup Table,Machining > Lookup Tables,tblBroaching,lookupTables/Component/tblBroaching.csv,"Transcribed from 6 screenshots. Table has two Tool Series (Virtual Fir Tree Broach HSS and Virtual Internal Gear Broach HSS), each covering the same 91 material cut codes with Finishing/Roughing cut-type pairs. Cutting Speed is identical for Finishing and Roughing within a material code; only Feed differs. Cross-checked: the Internal Gear Broach series data was confirmed identical to the Fir Tree Broach series for every material code, which served as a built-in verification of the transcription.",364,Fir Tree Broach,"Virtual Fir Tree Broach, HSS",5.13,330,Brinell,Finishing,6.2,0.2223,1000,250.0
USA reference export,Lookup Table,Machining > Lookup Tables,tblBroaching,lookupTables/Component/tblBroaching.csv,"Transcribed from 6 screenshots. Table has two Tool Series (Virtual Fir Tree Broach HSS and Virtual Internal Gear Broach HSS), each covering the same 91 material cut codes with Finishing/Roughing cut-type pairs. Cutting Speed is identical for Finishing and Roughing within a material code; only Feed differs. Cross-checked: the Internal Gear Broach series data was confirmed identical to the Fir Tree Broach series for every material code, which served as a built-in verification of the transcription.",364,Fir Tree Broach,"Virtual Fir Tree Broach, HSS",5.13,330,Brinell,Roughing,6.2,0.0778,1000,250.0
USA reference export,Lookup Table,Machining > Lookup Tables,tblBroaching,lookupTables/Component/tblBroaching.csv,"Transcribed from 6 screenshots. Table has two Tool Series (Virtual Fir Tree Broach HSS and Virtual Internal Gear Broach HSS), each covering the same 91 material cut codes with Finishing/Roughing cut-type pairs. Cutting Speed is identical for Finishing and Roughing within a material code; only Feed differs. Cross-checked: the Internal Gear Broach series data was confirmed identical to the Fir Tree Broach series for every material code, which served as a built-in verification of the transcription.",364,Fir Tree Broach,"Virtual Fir Tree Broach, HSS",5.2,175,Brinell,Finishing,8.8,0.2223,1000,250.0
USA reference export,Lookup Table,Machining > Lookup Tables,tblBroaching,lookupTables/Component/tblBroaching.csv,"Transcribed from 6 screenshots. Table has two Tool Series (Virtual Fir Tree Broach HSS and Virtual Internal Gear Broach HSS), each covering the same 91 material cut codes with Finishing/Roughing cut-type pairs. Cutting Speed is identical for Finishing and Roughing within a material code; only Feed differs. Cross-checked: the Internal Gear Broach series data was confirmed identical to the Fir Tree Broach series for every material code, which served as a built-in verification of the transcription.",364,Fir Tree Broach,"Virtual Fir Tree Broach, HSS",5.2,175,Brinell,Roughing,8.8,0.0778,1000,250.0
USA reference export,Lookup Table,Machining > Lookup Tables,tblBroaching,lookupTables/Component/tblBroaching.csv,"Transcribed from 6 screenshots. Table has two Tool Series (Virtual Fir Tree Broach HSS and Virtual Internal Gear Broach HSS), each covering the same 91 material cut codes with Finishing/Roughing cut-type pairs. Cutting Speed is identical for Finishing and Roughing within a material code; only Feed differs. Cross-checked: the Internal Gear Broach series data was confirmed identical to the Fir Tree Broach series for every material code, which served as a built-in verification of the transcription.",364,Fir Tree Broach,"Virtual Fir Tree Broach, HSS",5.21,200,Brinell,Finishing,5.9,0.1905,1000,250.0
USA reference export,Lookup Table,Machining > Lookup Tables,tblBroaching,lookupTables/Component/tblBroaching.csv,"Transcribed from 6 screenshots. Table has two Tool Series (Virtual Fir Tree Broach HSS and Virtual Internal Gear Broach HSS), each covering the same 91 material cut codes with Finishing/Roughing cut-type pairs. Cutting Speed is identical for Finishing and Roughing within a material code; only Feed differs. Cross-checked: the Internal Gear Broach series data was confirmed identical to the Fir Tree Broach series for every material code, which served as a built-in verification of the transcription.",364,Fir Tree Broach,"Virtual Fir Tree Broach, HSS",5.21,200,Brinell,Roughing,5.9,0.0667,1000,250.0
USA reference export,Lookup Table,Machining > Lookup Tables,tblBroaching,lookupTables/Component/tblBroaching.csv,"Transcribed from 6 screenshots. Table has two Tool Series (Virtual Fir Tree Broach HSS and Virtual Internal Gear Broach HSS), each covering the same 91 material cut codes with Finishing/Roughing cut-type pairs. Cutting Speed is identical for Finishing and Roughing within a material code; only Feed differs. Cross-checked: the Internal Gear Broach series data was confirmed identical to the Fir Tree Broach series for every material code, which served as a built-in verification of the transcription.",364,Fir Tree Broach,"Virtual Fir Tree Broach, HSS",5.22,330,Brinell,Finishing,5.1,0.1905,1000,250.0
USA reference export,Lookup Table,Machining > Lookup Tables,tblBroaching,lookupTables/Component/tblBroaching.csv,"Transcribed from 6 screenshots. Table has two Tool Series (Virtual Fir Tree Broach HSS and Virtual Internal Gear Broach HSS), each covering the same 91 material cut codes with Finishing/Roughing cut-type pairs. Cutting Speed is identical for Finishing and Roughing within a material code; only Feed differs. Cross-checked: the Internal Gear Broach series data was confirmed identical to the Fir Tree Broach series for every material code, which served as a built-in verification of the transcription.",364,Fir Tree Broach,"Virtual Fir Tree Broach, HSS",5.22,330,Brinell,Roughing,5.1,0.0667,1000,250.0
USA reference export,Lookup Table,Machining > Lookup Tables,tblBroaching,lookupTables/Component/tblBroaching.csv,"Transcribed from 6 screenshots. Table has two Tool Series (Virtual Fir Tree Broach HSS and Virtual Internal Gear Broach HSS), each covering the same 91 material cut codes with Finishing/Roughing cut-type pairs. Cutting Speed is identical for Finishing and Roughing within a material code; only Feed differs. Cross-checked: the Internal Gear Broach series data was confirmed identical to the Fir Tree Broach series for every material code, which served as a built-in verification of the transcription.",364,Fir Tree Broach,"Virtual Fir Tree Broach, HSS",5.23,200,Brinell,Finishing,4.3,0.1905,1000,250.0
USA reference export,Lookup Table,Machining > Lookup Tables,tblBroaching,lookupTables/Component/tblBroaching.csv,"Transcribed from 6 screenshots. Table has two Tool Series (Virtual Fir Tree Broach HSS and Virtual Internal Gear Broach HSS), each covering the same 91 material cut codes with Finishing/Roughing cut-type pairs. Cutting Speed is identical for Finishing and Roughing within a material code; only Feed differs. Cross-checked: the Internal Gear Broach series data was confirmed identical to the Fir Tree Broach series for every material code, which served as a built-in verification of the transcription.",364,Fir Tree Broach,"Virtual Fir Tree Broach, HSS",5.23,200,Brinell,Roughing,4.3,0.0667,1000,250.0
USA reference export,Lookup Table,Machining > Lookup Tables,tblBroaching,lookupTables/Component/tblBroaching.csv,"Transcribed from 6 screenshots. Table has two Tool Series (Virtual Fir Tree Broach HSS and Virtual Internal Gear Broach HSS), each covering the same 91 material cut codes with Finishing/Roughing cut-type pairs. Cutting Speed is identical for Finishing and Roughing within a material code; only Feed differs. Cross-checked: the Internal Gear Broach series data was confirmed identical to the Fir Tree Broach series for every material code, which served as a built-in verification of the transcription.",364,Fir Tree Broach,"Virtual Fir Tree Broach, HSS",5.51,230,Brinell,Finishing,4.4,0.1905,1000,250.0
USA reference export,Lookup Table,Machining > Lookup Tables,tblBroaching,lookupTables/Component/tblBroaching.csv,"Transcribed from 6 screenshots. Table has two Tool Series (Virtual Fir Tree Broach HSS and Virtual Internal Gear Broach HSS), each covering the same 91 material cut codes with Finishing/Roughing cut-type pairs. Cutting Speed is identical for Finishing and Roughing within a material code; only Feed differs. Cross-checked: the Internal Gear Broach series data was confirmed identical to the Fir Tree Broach series for every material code, which served as a built-in verification of the transcription.",364,Fir Tree Broach,"Virtual Fir Tree Broach, HSS",5.51,230,Brinell,Roughing,4.4,0.0667,1000,250.0
USA reference export,Lookup Table,Machining > Lookup Tables,tblBroaching,lookupTables/Component/tblBroaching.csv,"Transcribed from 6 screenshots. Table has two Tool Series (Virtual Fir Tree Broach HSS and Virtual Internal Gear Broach HSS), each covering the same 91 material cut codes with Finishing/Roughing cut-type pairs. Cutting Speed is identical for Finishing and Roughing within a material code; only Feed differs. Cross-checked: the Internal Gear Broach series data was confirmed identical to the Fir Tree Broach series for every material code, which served as a built-in verification of the transcription.",364,Fir Tree Broach,"Virtual Fir Tree Broach, HSS",5.52,260,Brinell,Finishing,4.4,0.1905,1000,250.0
USA reference export,Lookup Table,Machining > Lookup Tables,tblBroaching,lookupTables/Component/tblBroaching.csv,"Transcribed from 6 screenshots. Table has two Tool Series (Virtual Fir Tree Broach HSS and Virtual Internal Gear Broach HSS), each covering the same 91 material cut codes with Finishing/Roughing cut-type pairs. Cutting Speed is identical for Finishing and Roughing within a material code; only Feed differs. Cross-checked: the Internal Gear Broach series data was confirmed identical to the Fir Tree Broach series for every material code, which served as a built-in verification of the transcription.",364,Fir Tree Broach,"Virtual Fir Tree Broach, HSS",5.52,260,Brinell,Roughing,4.4,0.0667,1000,250.0
USA reference export,Lookup Table,Machining > Lookup Tables,tblBroaching,lookupTables/Component/tblBroaching.csv,"Transcribed from 6 screenshots. Table has two Tool Series (Virtual Fir Tree Broach HSS and Virtual Internal Gear Broach HSS), each covering the same 91 material cut codes with Finishing/Roughing cut-type pairs. Cutting Speed is identical for Finishing and Roughing within a material code; only Feed differs. Cross-checked: the Internal Gear Broach series data was confirmed identical to the Fir Tree Broach series for every material code, which served as a built-in verification of the transcription.",364,Fir Tree Broach,"Virtual Fir Tree Broach, HSS",51.21,30,Brinell,Finishing,26.1,0.2934,1000,250.0
USA reference export,Lookup Table,Machining > Lookup Tables,tblBroaching,lookupTables/Component/tblBroaching.csv,"Transcribed from 6 screenshots. Table has two Tool Series (Virtual Fir Tree Broach HSS and Virtual Internal Gear Broach HSS), each covering the same 91 material cut codes with Finishing/Roughing cut-type pairs. Cutting Speed is identical for Finishing and Roughing within a material code; only Feed differs. Cross-checked: the Internal Gear Broach series data was confirmed identical to the Fir Tree Broach series for every material code, which served as a built-in verification of the transcription.",364,Fir Tree Broach,"Virtual Fir Tree Broach, HSS",51.21,30,Brinell,Roughing,26.1,0.1027,1000,250.0
USA reference export,Lookup Table,Machining > Lookup Tables,tblBroaching,lookupTables/Component/tblBroaching.csv,"Transcribed from 6 screenshots. Table has two Tool Series (Virtual Fir Tree Broach HSS and Virtual Internal Gear Broach HSS), each covering the same 91 material cut codes with Finishing/Roughing cut-type pairs. Cutting Speed is identical for Finishing and Roughing within a material code; only Feed differs. Cross-checked: the Internal Gear Broach series data was confirmed identical to the Fir Tree Broach series for every material code, which served as a built-in verification of the transcription.",364,Fir Tree Broach,"Virtual Fir Tree Broach, HSS",51.22,30,Brinell,Finishing,26.1,0.2934,1000,250.0
USA reference export,Lookup Table,Machining > Lookup Tables,tblBroaching,lookupTables/Component/tblBroaching.csv,"Transcribed from 6 screenshots. Table has two Tool Series (Virtual Fir Tree Broach HSS and Virtual Internal Gear Broach HSS), each covering the same 91 material cut codes with Finishing/Roughing cut-type pairs. Cutting Speed is identical for Finishing and Roughing within a material code; only Feed differs. Cross-checked: the Internal Gear Broach series data was confirmed identical to the Fir Tree Broach series for every material code, which served as a built-in verification of the transcription.",364,Fir Tree Broach,"Virtual Fir Tree Broach, HSS",51.22,30,Brinell,Roughing,26.1,0.1027,1000,250.0
USA reference export,Lookup Table,Machining > Lookup Tables,tblBroaching,lookupTables/Component/tblBroaching.csv,"Transcribed from 6 screenshots. Table has two Tool Series (Virtual Fir Tree Broach HSS and Virtual Internal Gear Broach HSS), each covering the same 91 material cut codes with Finishing/Roughing cut-type pairs. Cutting Speed is identical for Finishing and Roughing within a material code; only Feed differs. Cross-checked: the Internal Gear Broach series data was confirmed identical to the Fir Tree Broach series for every material code, which served as a built-in verification of the transcription.",364,Fir Tree Broach,"Virtual Fir Tree Broach, HSS",51.31,30,Brinell,Finishing,32.5,0.2934,1000,250.0
USA reference export,Lookup Table,Machining > Lookup Tables,tblBroaching,lookupTables/Component/tblBroaching.csv,"Transcribed from 6 screenshots. Table has two Tool Series (Virtual Fir Tree Broach HSS and Virtual Internal Gear Broach HSS), each covering the same 91 material cut codes with Finishing/Roughing cut-type pairs. Cutting Speed is identical for Finishing and Roughing within a material code; only Feed differs. Cross-checked: the Internal Gear Broach series data was confirmed identical to the Fir Tree Broach series for every material code, which served as a built-in verification of the transcription.",364,Fir Tree Broach,"Virtual Fir Tree Broach, HSS",51.31,30,Brinell,Roughing,32.5,0.1027,1000,250.0
USA reference export,Lookup Table,Machining > Lookup Tables,tblBroaching,lookupTables/Component/tblBroaching.csv,"Transcribed from 6 screenshots. Table has two Tool Series (Virtual Fir Tree Broach HSS and Virtual Internal Gear Broach HSS), each covering the same 91 material cut codes with Finishing/Roughing cut-type pairs. Cutting Speed is identical for Finishing and Roughing within a material code; only Feed differs. Cross-checked: the Internal Gear Broach series data was confirmed identical to the Fir Tree Broach series for every material code, which served as a built-in verification of the transcription.",364,Fir Tree Broach,"Virtual Fir Tree Broach, HSS",51.32,30,Brinell,Finishing,32.5,0.2934,1000,250.0
USA reference export,Lookup Table,Machining > Lookup Tables,tblBroaching,lookupTables/Component/tblBroaching.csv,"Transcribed from 6 screenshots. Table has two Tool Series (Virtual Fir Tree Broach HSS and Virtual Internal Gear Broach HSS), each covering the same 91 material cut codes with Finishing/Roughing cut-type pairs. Cutting Speed is identical for Finishing and Roughing within a material code; only Feed differs. Cross-checked: the Internal Gear Broach series data was confirmed identical to the Fir Tree Broach series for every material code, which served as a built-in verification of the transcription.",364,Fir Tree Broach,"Virtual Fir Tree Broach, HSS",51.32,30,Brinell,Roughing,32.5,0.1027,1000,250.0
USA reference export,Lookup Table,Machining > Lookup Tables,tblBroaching,lookupTables/Component/tblBroaching.csv,"Transcribed from 6 screenshots. Table has two Tool Series (Virtual Fir Tree Broach HSS and Virtual Internal Gear Broach HSS), each covering the same 91 material cut codes with Finishing/Roughing cut-type pairs. Cutting Speed is identical for Finishing and Roughing within a material code; only Feed differs. Cross-checked: the Internal Gear Broach series data was confirmed identical to the Fir Tree Broach series for every material code, which served as a built-in verification of the transcription.",364,Fir Tree Broach,"Virtual Fir Tree Broach, HSS",52.11,30,Brinell,Finishing,14.4,0.2934,1000,250.0
USA reference export,Lookup Table,Machining > Lookup Tables,tblBroaching,lookupTables/Component/tblBroaching.csv,"Transcribed from 6 screenshots. Table has two Tool Series (Virtual Fir Tree Broach HSS and Virtual Internal Gear Broach HSS), each covering the same 91 material cut codes with Finishing/Roughing cut-type pairs. Cutting Speed is identical for Finishing and Roughing within a material code; only Feed differs. Cross-checked: the Internal Gear Broach series data was confirmed identical to the Fir Tree Broach series for every material code, which served as a built-in verification of the transcription.",364,Fir Tree Broach,"Virtual Fir Tree Broach, HSS",52.11,30,Brinell,Roughing,14.4,0.1027,1000,250.0
USA reference export,Lookup Table,Machining > Lookup Tables,tblBroaching,lookupTables/Component/tblBroaching.csv,"Transcribed from 6 screenshots. Table has two Tool Series (Virtual Fir Tree Broach HSS and Virtual Internal Gear Broach HSS), each covering the same 91 material cut codes with Finishing/Roughing cut-type pairs. Cutting Speed is identical for Finishing and Roughing within a material code; only Feed differs. Cross-checked: the Internal Gear Broach series data was confirmed identical to the Fir Tree Broach series for every material code, which served as a built-in verification of the transcription.",364,Fir Tree Broach,"Virtual Fir Tree Broach, HSS",52.12,30,Brinell,Finishing,18.1,0.2934,1000,250.0
USA reference export,Lookup Table,Machining > Lookup Tables,tblBroaching,lookupTables/Component/tblBroaching.csv,"Transcribed from 6 screenshots. Table has two Tool Series (Virtual Fir Tree Broach HSS and Virtual Internal Gear Broach HSS), each covering the same 91 material cut codes with Finishing/Roughing cut-type pairs. Cutting Speed is identical for Finishing and Roughing within a material code; only Feed differs. Cross-checked: the Internal Gear Broach series data was confirmed identical to the Fir Tree Broach series for every material code, which served as a built-in verification of the transcription.",364,Fir Tree Broach,"Virtual Fir Tree Broach, HSS",52.12,30,Brinell,Roughing,18.1,0.1027,1000,250.0
USA reference export,Lookup Table,Machining > Lookup Tables,tblBroaching,lookupTables/Component/tblBroaching.csv,"Transcribed from 6 screenshots. Table has two Tool Series (Virtual Fir Tree Broach HSS and Virtual Internal Gear Broach HSS), each covering the same 91 material cut codes with Finishing/Roughing cut-type pairs. Cutting Speed is identical for Finishing and Roughing within a material code; only Feed differs. Cross-checked: the Internal Gear Broach series data was confirmed identical to the Fir Tree Broach series for every material code, which served as a built-in verification of the transcription.",364,Fir Tree Broach,"Virtual Fir Tree Broach, HSS",52.13,30,Brinell,Finishing,18.1,0.2934,1000,250.0
USA reference export,Lookup Table,Machining > Lookup Tables,tblBroaching,lookupTables/Component/tblBroaching.csv,"Transcribed from 6 screenshots. Table has two Tool Series (Virtual Fir Tree Broach HSS and Virtual Internal Gear Broach HSS), each covering the same 91 material cut codes with Finishing/Roughing cut-type pairs. Cutting Speed is identical for Finishing and Roughing within a material code; only Feed differs. Cross-checked: the Internal Gear Broach series data was confirmed identical to the Fir Tree Broach series for every material code, which served as a built-in verification of the transcription.",364,Fir Tree Broach,"Virtual Fir Tree Broach, HSS",52.13,30,Brinell,Roughing,18.1,0.1027,1000,250.0
USA reference export,Lookup Table,Machining > Lookup Tables,tblBroaching,lookupTables/Component/tblBroaching.csv,"Transcribed from 6 screenshots. Table has two Tool Series (Virtual Fir Tree Broach HSS and Virtual Internal Gear Broach HSS), each covering the same 91 material cut codes with Finishing/Roughing cut-type pairs. Cutting Speed is identical for Finishing and Roughing within a material code; only Feed differs. Cross-checked: the Internal Gear Broach series data was confirmed identical to the Fir Tree Broach series for every material code, which served as a built-in verification of the transcription.",364,Fir Tree Broach,"Virtual Fir Tree Broach, HSS",52.14,30,Brinell,Finishing,18.1,0.1956,1000,250.0
USA reference export,Lookup Table,Machining > Lookup Tables,tblBroaching,lookupTables/Component/tblBroaching.csv,"Transcribed from 6 screenshots. Table has two Tool Series (Virtual Fir Tree Broach HSS and Virtual Internal Gear Broach HSS), each covering the same 91 material cut codes with Finishing/Roughing cut-type pairs. Cutting Speed is identical for Finishing and Roughing within a material code; only Feed differs. Cross-checked: the Internal Gear Broach series data was confirmed identical to the Fir Tree Broach series for every material code, which served as a built-in verification of the transcription.",364,Fir Tree Broach,"Virtual Fir Tree Broach, HSS",52.14,30,Brinell,Roughing,18.1,0.0684,1000,250.0
USA reference export,Lookup Table,Machining > Lookup Tables,tblBroaching,lookupTables/Component/tblBroaching.csv,"Transcribed from 6 screenshots. Table has two Tool Series (Virtual Fir Tree Broach HSS and Virtual Internal Gear Broach HSS), each covering the same 91 material cut codes with Finishing/Roughing cut-type pairs. Cutting Speed is identical for Finishing and Roughing within a material code; only Feed differs. Cross-checked: the Internal Gear Broach series data was confirmed identical to the Fir Tree Broach series for every material code, which served as a built-in verification of the transcription.",364,Fir Tree Broach,"Virtual Fir Tree Broach, HSS",52.15,30,Brinell,Finishing,24.5,0.2934,1000,250.0
USA reference export,Lookup Table,Machining > Lookup Tables,tblBroaching,lookupTables/Component/tblBroaching.csv,"Transcribed from 6 screenshots. Table has two Tool Series (Virtual Fir Tree Broach HSS and Virtual Internal Gear Broach HSS), each covering the same 91 material cut codes with Finishing/Roughing cut-type pairs. Cutting Speed is identical for Finishing and Roughing within a material code; only Feed differs. Cross-checked: the Internal Gear Broach series data was confirmed identical to the Fir Tree Broach series for every material code, which served as a built-in verification of the transcription.",364,Fir Tree Broach,"Virtual Fir Tree Broach, HSS",52.15,30,Brinell,Roughing,24.5,0.1027,1000,250.0
USA reference export,Lookup Table,Machining > Lookup Tables,tblBroaching,lookupTables/Component/tblBroaching.csv,"Transcribed from 6 screenshots. Table has two Tool Series (Virtual Fir Tree Broach HSS and Virtual Internal Gear Broach HSS), each covering the same 91 material cut codes with Finishing/Roughing cut-type pairs. Cutting Speed is identical for Finishing and Roughing within a material code; only Feed differs. Cross-checked: the Internal Gear Broach series data was confirmed identical to the Fir Tree Broach series for every material code, which served as a built-in verification of the transcription.",364,Fir Tree Broach,"Virtual Fir Tree Broach, HSS",52.21,30,Brinell,Finishing,24.5,0.2934,1000,250.0
USA reference export,Lookup Table,Machining > Lookup Tables,tblBroaching,lookupTables/Component/tblBroaching.csv,"Transcribed from 6 screenshots. Table has two Tool Series (Virtual Fir Tree Broach HSS and Virtual Internal Gear Broach HSS), each covering the same 91 material cut codes with Finishing/Roughing cut-type pairs. Cutting Speed is identical for Finishing and Roughing within a material code; only Feed differs. Cross-checked: the Internal Gear Broach series data was confirmed identical to the Fir Tree Broach series for every material code, which served as a built-in verification of the transcription.",364,Fir Tree Broach,"Virtual Fir Tree Broach, HSS",52.21,30,Brinell,Roughing,24.5,0.1027,1000,250.0
USA reference export,Lookup Table,Machining > Lookup Tables,tblBroaching,lookupTables/Component/tblBroaching.csv,"Transcribed from 6 screenshots. Table has two Tool Series (Virtual Fir Tree Broach HSS and Virtual Internal Gear Broach HSS), each covering the same 91 material cut codes with Finishing/Roughing cut-type pairs. Cutting Speed is identical for Finishing and Roughing within a material code; only Feed differs. Cross-checked: the Internal Gear Broach series data was confirmed identical to the Fir Tree Broach series for every material code, which served as a built-in verification of the transcription.",364,Fir Tree Broach,"Virtual Fir Tree Broach, HSS",52.31,30,Brinell,Finishing,32.5,0.2934,1000,250.0
USA reference export,Lookup Table,Machining > Lookup Tables,tblBroaching,lookupTables/Component/tblBroaching.csv,"Transcribed from 6 screenshots. Table has two Tool Series (Virtual Fir Tree Broach HSS and Virtual Internal Gear Broach HSS), each covering the same 91 material cut codes with Finishing/Roughing cut-type pairs. Cutting Speed is identical for Finishing and Roughing within a material code; only Feed differs. Cross-checked: the Internal Gear Broach series data was confirmed identical to the Fir Tree Broach series for every material code, which served as a built-in verification of the transcription.",364,Fir Tree Broach,"Virtual Fir Tree Broach, HSS",52.31,30,Brinell,Roughing,32.5,0.1027,1000,250.0
USA reference export,Lookup Table,Machining > Lookup Tables,tblBroaching,lookupTables/Component/tblBroaching.csv,"Transcribed from 6 screenshots. Table has two Tool Series (Virtual Fir Tree Broach HSS and Virtual Internal Gear Broach HSS), each covering the same 91 material cut codes with Finishing/Roughing cut-type pairs. Cutting Speed is identical for Finishing and Roughing within a material code; only Feed differs. Cross-checked: the Internal Gear Broach series data was confirmed identical to the Fir Tree Broach series for every material code, which served as a built-in verification of the transcription.",364,Fir Tree Broach,"Virtual Fir Tree Broach, HSS",52.32,30,Brinell,Finishing,32.5,0.2934,1000,250.0
USA reference export,Lookup Table,Machining > Lookup Tables,tblBroaching,lookupTables/Component/tblBroaching.csv,"Transcribed from 6 screenshots. Table has two Tool Series (Virtual Fir Tree Broach HSS and Virtual Internal Gear Broach HSS), each covering the same 91 material cut codes with Finishing/Roughing cut-type pairs. Cutting Speed is identical for Finishing and Roughing within a material code; only Feed differs. Cross-checked: the Internal Gear Broach series data was confirmed identical to the Fir Tree Broach series for every material code, which served as a built-in verification of the transcription.",364,Fir Tree Broach,"Virtual Fir Tree Broach, HSS",52.32,30,Brinell,Roughing,32.5,0.1027,1000,250.0
USA reference export,Lookup Table,Machining > Lookup Tables,tblBroaching,lookupTables/Component/tblBroaching.csv,"Transcribed from 6 screenshots. Table has two Tool Series (Virtual Fir Tree Broach HSS and Virtual Internal Gear Broach HSS), each covering the same 91 material cut codes with Finishing/Roughing cut-type pairs. Cutting Speed is identical for Finishing and Roughing within a material code; only Feed differs. Cross-checked: the Internal Gear Broach series data was confirmed identical to the Fir Tree Broach series for every material code, which served as a built-in verification of the transcription.",364,Fir Tree Broach,"Virtual Fir Tree Broach, HSS",6.1,150,Brinell,Finishing,7.9,0.127,1000,250.0
USA reference export,Lookup Table,Machining > Lookup Tables,tblBroaching,lookupTables/Component/tblBroaching.csv,"Transcribed from 6 screenshots. Table has two Tool Series (Virtual Fir Tree Broach HSS and Virtual Internal Gear Broach HSS), each covering the same 91 material cut codes with Finishing/Roughing cut-type pairs. Cutting Speed is identical for Finishing and Roughing within a material code; only Feed differs. Cross-checked: the Internal Gear Broach series data was confirmed identical to the Fir Tree Broach series for every material code, which served as a built-in verification of the transcription.",364,Fir Tree Broach,"Virtual Fir Tree Broach, HSS",6.1,150,Brinell,Roughing,7.9,0.0445,1000,250.0
USA reference export,Lookup Table,Machining > Lookup Tables,tblBroaching,lookupTables/Component/tblBroaching.csv,"Transcribed from 6 screenshots. Table has two Tool Series (Virtual Fir Tree Broach HSS and Virtual Internal Gear Broach HSS), each covering the same 91 material cut codes with Finishing/Roughing cut-type pairs. Cutting Speed is identical for Finishing and Roughing within a material code; only Feed differs. Cross-checked: the Internal Gear Broach series data was confirmed identical to the Fir Tree Broach series for every material code, which served as a built-in verification of the transcription.",364,Fir Tree Broach,"Virtual Fir Tree Broach, HSS",6.2,200,Brinell,Finishing,6.3,0.1905,1000,250.0
USA reference export,Lookup Table,Machining > Lookup Tables,tblBroaching,lookupTables/Component/tblBroaching.csv,"Transcribed from 6 screenshots. Table has two Tool Series (Virtual Fir Tree Broach HSS and Virtual Internal Gear Broach HSS), each covering the same 91 material cut codes with Finishing/Roughing cut-type pairs. Cutting Speed is identical for Finishing and Roughing within a material code; only Feed differs. Cross-checked: the Internal Gear Broach series data was confirmed identical to the Fir Tree Broach series for every material code, which served as a built-in verification of the transcription.",364,Fir Tree Broach,"Virtual Fir Tree Broach, HSS",6.2,200,Brinell,Roughing,6.3,0.0667,1000,250.0
USA reference export,Lookup Table,Machining > Lookup Tables,tblBroaching,lookupTables/Component/tblBroaching.csv,"Transcribed from 6 screenshots. Table has two Tool Series (Virtual Fir Tree Broach HSS and Virtual Internal Gear Broach HSS), each covering the same 91 material cut codes with Finishing/Roughing cut-type pairs. Cutting Speed is identical for Finishing and Roughing within a material code; only Feed differs. Cross-checked: the Internal Gear Broach series data was confirmed identical to the Fir Tree Broach series for every material code, which served as a built-in verification of the transcription.",364,Fir Tree Broach,"Virtual Fir Tree Broach, HSS",6.3,200,Brinell,Finishing,4.5,0.1753,1000,250.0
USA reference export,Lookup Table,Machining > Lookup Tables,tblBroaching,lookupTables/Component/tblBroaching.csv,"Transcribed from 6 screenshots. Table has two Tool Series (Virtual Fir Tree Broach HSS and Virtual Internal Gear Broach HSS), each covering the same 91 material cut codes with Finishing/Roughing cut-type pairs. Cutting Speed is identical for Finishing and Roughing within a material code; only Feed differs. Cross-checked: the Internal Gear Broach series data was confirmed identical to the Fir Tree Broach series for every material code, which served as a built-in verification of the transcription.",364,Fir Tree Broach,"Virtual Fir Tree Broach, HSS",6.3,200,Brinell,Roughing,4.5,0.0613,1000,250.0
USA reference export,Lookup Table,Machining > Lookup Tables,tblBroaching,lookupTables/Component/tblBroaching.csv,"Transcribed from 6 screenshots. Table has two Tool Series (Virtual Fir Tree Broach HSS and Virtual Internal Gear Broach HSS), each covering the same 91 material cut codes with Finishing/Roughing cut-type pairs. Cutting Speed is identical for Finishing and Roughing within a material code; only Feed differs. Cross-checked: the Internal Gear Broach series data was confirmed identical to the Fir Tree Broach series for every material code, which served as a built-in verification of the transcription.",364,Fir Tree Broach,"Virtual Fir Tree Broach, HSS",6.32,200,Brinell,Finishing,3.0,0.1753,1000,250.0
USA reference export,Lookup Table,Machining > Lookup Tables,tblBroaching,lookupTables/Component/tblBroaching.csv,"Transcribed from 6 screenshots. Table has two Tool Series (Virtual Fir Tree Broach HSS and Virtual Internal Gear Broach HSS), each covering the same 91 material cut codes with Finishing/Roughing cut-type pairs. Cutting Speed is identical for Finishing and Roughing within a material code; only Feed differs. Cross-checked: the Internal Gear Broach series data was confirmed identical to the Fir Tree Broach series for every material code, which served as a built-in verification of the transcription.",364,Fir Tree Broach,"Virtual Fir Tree Broach, HSS",6.32,200,Brinell,Roughing,3.0,0.0613,1000,250.0
USA reference export,Lookup Table,Machining > Lookup Tables,tblBroaching,lookupTables/Component/tblBroaching.csv,"Transcribed from 6 screenshots. Table has two Tool Series (Virtual Fir Tree Broach HSS and Virtual Internal Gear Broach HSS), each covering the same 91 material cut codes with Finishing/Roughing cut-type pairs. Cutting Speed is identical for Finishing and Roughing within a material code; only Feed differs. Cross-checked: the Internal Gear Broach series data was confirmed identical to the Fir Tree Broach series for every material code, which served as a built-in verification of the transcription.",364,Fir Tree Broach,"Virtual Fir Tree Broach, HSS",6.33,250,Brinell,Finishing,2.4,0.1753,1000,250.0
USA reference export,Lookup Table,Machining > Lookup Tables,tblBroaching,lookupTables/Component/tblBroaching.csv,"Transcribed from 6 screenshots. Table has two Tool Series (Virtual Fir Tree Broach HSS and Virtual Internal Gear Broach HSS), each covering the same 91 material cut codes with Finishing/Roughing cut-type pairs. Cutting Speed is identical for Finishing and Roughing within a material code; only Feed differs. Cross-checked: the Internal Gear Broach series data was confirmed identical to the Fir Tree Broach series for every material code, which served as a built-in verification of the transcription.",364,Fir Tree Broach,"Virtual Fir Tree Broach, HSS",6.33,250,Brinell,Roughing,2.4,0.0613,1000,250.0
USA reference export,Lookup Table,Machining > Lookup Tables,tblBroaching,lookupTables/Component/tblBroaching.csv,"Transcribed from 6 screenshots. Table has two Tool Series (Virtual Fir Tree Broach HSS and Virtual Internal Gear Broach HSS), each covering the same 91 material cut codes with Finishing/Roughing cut-type pairs. Cutting Speed is identical for Finishing and Roughing within a material code; only Feed differs. Cross-checked: the Internal Gear Broach series data was confirmed identical to the Fir Tree Broach series for every material code, which served as a built-in verification of the transcription.",364,Fir Tree Broach,"Virtual Fir Tree Broach, HSS",7.1,130,Brinell,Finishing,6.7,0.2858,1000,250.0
USA reference export,Lookup Table,Machining > Lookup Tables,tblBroaching,lookupTables/Component/tblBroaching.csv,"Transcribed from 6 screenshots. Table has two Tool Series (Virtual Fir Tree Broach HSS and Virtual Internal Gear Broach HSS), each covering the same 91 material cut codes with Finishing/Roughing cut-type pairs. Cutting Speed is identical for Finishing and Roughing within a material code; only Feed differs. Cross-checked: the Internal Gear Broach series data was confirmed identical to the Fir Tree Broach series for every material code, which served as a built-in verification of the transcription.",364,Fir Tree Broach,"Virtual Fir Tree Broach, HSS",7.1,130,Brinell,Roughing,6.7,0.1,1000,250.0
USA reference export,Lookup Table,Machining > Lookup Tables,tblBroaching,lookupTables/Component/tblBroaching.csv,"Transcribed from 6 screenshots. Table has two Tool Series (Virtual Fir Tree Broach HSS and Virtual Internal Gear Broach HSS), each covering the same 91 material cut codes with Finishing/Roughing cut-type pairs. Cutting Speed is identical for Finishing and Roughing within a material code; only Feed differs. Cross-checked: the Internal Gear Broach series data was confirmed identical to the Fir Tree Broach series for every material code, which served as a built-in verification of the transcription.",364,Fir Tree Broach,"Virtual Fir Tree Broach, HSS",7.2,230,Brinell,Finishing,5.5,0.2223,1000,250.0
USA reference export,Lookup Table,Machining > Lookup Tables,tblBroaching,lookupTables/Component/tblBroaching.csv,"Transcribed from 6 screenshots. Table has two Tool Series (Virtual Fir Tree Broach HSS and Virtual Internal Gear Broach HSS), each covering the same 91 material cut codes with Finishing/Roughing cut-type pairs. Cutting Speed is identical for Finishing and Roughing within a material code; only Feed differs. Cross-checked: the Internal Gear Broach series data was confirmed identical to the Fir Tree Broach series for every material code, which served as a built-in verification of the transcription.",364,Fir Tree Broach,"Virtual Fir Tree Broach, HSS",7.2,230,Brinell,Roughing,5.5,0.0778,1000,250.0
USA reference export,Lookup Table,Machining > Lookup Tables,tblBroaching,lookupTables/Component/tblBroaching.csv,"Transcribed from 6 screenshots. Table has two Tool Series (Virtual Fir Tree Broach HSS and Virtual Internal Gear Broach HSS), each covering the same 91 material cut codes with Finishing/Roughing cut-type pairs. Cutting Speed is identical for Finishing and Roughing within a material code; only Feed differs. Cross-checked: the Internal Gear Broach series data was confirmed identical to the Fir Tree Broach series for every material code, which served as a built-in verification of the transcription.",364,Fir Tree Broach,"Virtual Fir Tree Broach, HSS",7.3,250,Brinell,Finishing,5.3,0.1588,1000,250.0
USA reference export,Lookup Table,Machining > Lookup Tables,tblBroaching,lookupTables/Component/tblBroaching.csv,"Transcribed from 6 screenshots. Table has two Tool Series (Virtual Fir Tree Broach HSS and Virtual Internal Gear Broach HSS), each covering the same 91 material cut codes with Finishing/Roughing cut-type pairs. Cutting Speed is identical for Finishing and Roughing within a material code; only Feed differs. Cross-checked: the Internal Gear Broach series data was confirmed identical to the Fir Tree Broach series for every material code, which served as a built-in verification of the transcription.",364,Fir Tree Broach,"Virtual Fir Tree Broach, HSS",7.3,250,Brinell,Roughing,5.3,0.0556,1000,250.0
USA reference export,Lookup Table,Machining > Lookup Tables,tblBroaching,lookupTables/Component/tblBroaching.csv,"Transcribed from 6 screenshots. Table has two Tool Series (Virtual Fir Tree Broach HSS and Virtual Internal Gear Broach HSS), each covering the same 91 material cut codes with Finishing/Roughing cut-type pairs. Cutting Speed is identical for Finishing and Roughing within a material code; only Feed differs. Cross-checked: the Internal Gear Broach series data was confirmed identical to the Fir Tree Broach series for every material code, which served as a built-in verification of the transcription.",364,Fir Tree Broach,"Virtual Fir Tree Broach, HSS",8.1,180,Brinell,Finishing,9.9,0.2858,1000,250.0
USA reference export,Lookup Table,Machining > Lookup Tables,tblBroaching,lookupTables/Component/tblBroaching.csv,"Transcribed from 6 screenshots. Table has two Tool Series (Virtual Fir Tree Broach HSS and Virtual Internal Gear Broach HSS), each covering the same 91 material cut codes with Finishing/Roughing cut-type pairs. Cutting Speed is identical for Finishing and Roughing within a material code; only Feed differs. Cross-checked: the Internal Gear Broach series data was confirmed identical to the Fir Tree Broach series for every material code, which served as a built-in verification of the transcription.",364,Fir Tree Broach,"Virtual Fir Tree Broach, HSS",8.1,180,Brinell,Roughing,9.9,0.1,1000,250.0
USA reference export,Lookup Table,Machining > Lookup Tables,tblBroaching,lookupTables/Component/tblBroaching.csv,"Transcribed from 6 screenshots. Table has two Tool Series (Virtual Fir Tree Broach HSS and Virtual Internal Gear Broach HSS), each covering the same 91 material cut codes with Finishing/Roughing cut-type pairs. Cutting Speed is identical for Finishing and Roughing within a material code; only Feed differs. Cross-checked: the Internal Gear Broach series data was confirmed identical to the Fir Tree Broach series for every material code, which served as a built-in verification of the transcription.",364,Fir Tree Broach,"Virtual Fir Tree Broach, HSS",8.2,220,Brinell,Finishing,6.7,0.2223,1000,250.0
USA reference export,Lookup Table,Machining > Lookup Tables,tblBroaching,lookupTables/Component/tblBroaching.csv,"Transcribed from 6 screenshots. Table has two Tool Series (Virtual Fir Tree Broach HSS and Virtual Internal Gear Broach HSS), each covering the same 91 material cut codes with Finishing/Roughing cut-type pairs. Cutting Speed is identical for Finishing and Roughing within a material code; only Feed differs. Cross-checked: the Internal Gear Broach series data was confirmed identical to the Fir Tree Broach series for every material code, which served as a built-in verification of the transcription.",364,Fir Tree Broach,"Virtual Fir Tree Broach, HSS",8.2,220,Brinell,Roughing,6.7,0.0778,1000,250.0
USA reference export,Lookup Table,Machining > Lookup Tables,tblBroaching,lookupTables/Component/tblBroaching.csv,"Transcribed from 6 screenshots. Table has two Tool Series (Virtual Fir Tree Broach HSS and Virtual Internal Gear Broach HSS), each covering the same 91 material cut codes with Finishing/Roughing cut-type pairs. Cutting Speed is identical for Finishing and Roughing within a material code; only Feed differs. Cross-checked: the Internal Gear Broach series data was confirmed identical to the Fir Tree Broach series for every material code, which served as a built-in verification of the transcription.",364,Fir Tree Broach,"Virtual Fir Tree Broach, HSS",8.3,175,Brinell,Finishing,7.7,0.1588,1000,250.0
USA reference export,Lookup Table,Machining > Lookup Tables,tblBroaching,lookupTables/Component/tblBroaching.csv,"Transcribed from 6 screenshots. Table has two Tool Series (Virtual Fir Tree Broach HSS and Virtual Internal Gear Broach HSS), each covering the same 91 material cut codes with Finishing/Roughing cut-type pairs. Cutting Speed is identical for Finishing and Roughing within a material code; only Feed differs. Cross-checked: the Internal Gear Broach series data was confirmed identical to the Fir Tree Broach series for every material code, which served as a built-in verification of the transcription.",364,Fir Tree Broach,"Virtual Fir Tree Broach, HSS",8.3,175,Brinell,Roughing,7.7,0.0556,1000,250.0
USA reference export,Lookup Table,Machining > Lookup Tables,tblBroaching,lookupTables/Component/tblBroaching.csv,"Transcribed from 6 screenshots. Table has two Tool Series (Virtual Fir Tree Broach HSS and Virtual Internal Gear Broach HSS), each covering the same 91 material cut codes with Finishing/Roughing cut-type pairs. Cutting Speed is identical for Finishing and Roughing within a material code; only Feed differs. Cross-checked: the Internal Gear Broach series data was confirmed identical to the Fir Tree Broach series for every material code, which served as a built-in verification of the transcription.",364,Fir Tree Broach,"Virtual Fir Tree Broach, HSS",9.1,160,Brinell,Finishing,6.3,0.2223,1000,250.0
USA reference export,Lookup Table,Machining > Lookup Tables,tblBroaching,lookupTables/Component/tblBroaching.csv,"Transcribed from 6 screenshots. Table has two Tool Series (Virtual Fir Tree Broach HSS and Virtual Internal Gear Broach HSS), each covering the same 91 material cut codes with Finishing/Roughing cut-type pairs. Cutting Speed is identical for Finishing and Roughing within a material code; only Feed differs. Cross-checked: the Internal Gear Broach series data was confirmed identical to the Fir Tree Broach series for every material code, which served as a built-in verification of the transcription.",364,Fir Tree Broach,"Virtual Fir Tree Broach, HSS",9.1,160,Brinell,Roughing,6.3,0.0778,1000,250.0
USA reference export,Lookup Table,Machining > Lookup Tables,tblBroaching,lookupTables/Component/tblBroaching.csv,"Transcribed from 6 screenshots. Table has two Tool Series (Virtual Fir Tree Broach HSS and Virtual Internal Gear Broach HSS), each covering the same 91 material cut codes with Finishing/Roughing cut-type pairs. Cutting Speed is identical for Finishing and Roughing within a material code; only Feed differs. Cross-checked: the Internal Gear Broach series data was confirmed identical to the Fir Tree Broach series for every material code, which served as a built-in verification of the transcription.",364,Fir Tree Broach,"Virtual Fir Tree Broach, HSS",9.2,250,Brinell,Finishing,5.9,0.1588,1000,250.0
USA reference export,Lookup Table,Machining > Lookup Tables,tblBroaching,lookupTables/Component/tblBroaching.csv,"Transcribed from 6 screenshots. Table has two Tool Series (Virtual Fir Tree Broach HSS and Virtual Internal Gear Broach HSS), each covering the same 91 material cut codes with Finishing/Roughing cut-type pairs. Cutting Speed is identical for Finishing and Roughing within a material code; only Feed differs. Cross-checked: the Internal Gear Broach series data was confirmed identical to the Fir Tree Broach series for every material code, which served as a built-in verification of the transcription.",364,Fir Tree Broach,"Virtual Fir Tree Broach, HSS",9.2,250,Brinell,Roughing,5.9,0.0556,1000,250.0
USA reference export,Lookup Table,Machining > Lookup Tables,tblBroaching,lookupTables/Component/tblBroaching.csv,"Transcribed from 6 screenshots. Table has two Tool Series (Virtual Fir Tree Broach HSS and Virtual Internal Gear Broach HSS), each covering the same 91 material cut codes with Finishing/Roughing cut-type pairs. Cutting Speed is identical for Finishing and Roughing within a material code; only Feed differs. Cross-checked: the Internal Gear Broach series data was confirmed identical to the Fir Tree Broach series for every material code, which served as a built-in verification of the transcription.",364,Fir Tree Broach,"Virtual Fir Tree Broach, HSS",9.3,330,Brinell,Finishing,4.4,0.1588,1000,250.0
USA reference export,Lookup Table,Machining > Lookup Tables,tblBroaching,lookupTables/Component/tblBroaching.csv,"Transcribed from 6 screenshots. Table has two Tool Series (Virtual Fir Tree Broach HSS and Virtual Internal Gear Broach HSS), each covering the same 91 material cut codes with Finishing/Roughing cut-type pairs. Cutting Speed is identical for Finishing and Roughing within a material code; only Feed differs. Cross-checked: the Internal Gear Broach series data was confirmed identical to the Fir Tree Broach series for every material code, which served as a built-in verification of the transcription.",364,Fir Tree Broach,"Virtual Fir Tree Broach, HSS",9.3,330,Brinell,Roughing,4.4,0.0556,1000,250.0
USA reference export,Lookup Table,Machining > Lookup Tables,tblBroaching,lookupTables/Component/tblBroaching.csv,"Transcribed from 6 screenshots. Table has two Tool Series (Virtual Fir Tree Broach HSS and Virtual Internal Gear Broach HSS), each covering the same 91 material cut codes with Finishing/Roughing cut-type pairs. Cutting Speed is identical for Finishing and Roughing within a material code; only Feed differs. Cross-checked: the Internal Gear Broach series data was confirmed identical to the Fir Tree Broach series for every material code, which served as a built-in verification of the transcription.",364,Internal Gear Broach,"Virtual Internal Gear Broach, HSS",1.0,125,Brinell,Finishing,11.5,0.127,1000,250.0
USA reference export,Lookup Table,Machining > Lookup Tables,tblBroaching,lookupTables/Component/tblBroaching.csv,"Transcribed from 6 screenshots. Table has two Tool Series (Virtual Fir Tree Broach HSS and Virtual Internal Gear Broach HSS), each covering the same 91 material cut codes with Finishing/Roughing cut-type pairs. Cutting Speed is identical for Finishing and Roughing within a material code; only Feed differs. Cross-checked: the Internal Gear Broach series data was confirmed identical to the Fir Tree Broach series for every material code, which served as a built-in verification of the transcription.",364,Internal Gear Broach,"Virtual Internal Gear Broach, HSS",1.0,125,Brinell,Roughing,11.5,0.0445,1000,250.0
USA reference export,Lookup Table,Machining > Lookup Tables,tblBroaching,lookupTables/Component/tblBroaching.csv,"Transcribed from 6 screenshots. Table has two Tool Series (Virtual Fir Tree Broach HSS and Virtual Internal Gear Broach HSS), each covering the same 91 material cut codes with Finishing/Roughing cut-type pairs. Cutting Speed is identical for Finishing and Roughing within a material code; only Feed differs. Cross-checked: the Internal Gear Broach series data was confirmed identical to the Fir Tree Broach series for every material code, which served as a built-in verification of the transcription.",364,Internal Gear Broach,"Virtual Internal Gear Broach, HSS",1.1,125,Brinell,Finishing,10.7,0.127,1000,250.0
USA reference export,Lookup Table,Machining > Lookup Tables,tblBroaching,lookupTables/Component/tblBroaching.csv,"Transcribed from 6 screenshots. Table has two Tool Series (Virtual Fir Tree Broach HSS and Virtual Internal Gear Broach HSS), each covering the same 91 material cut codes with Finishing/Roughing cut-type pairs. Cutting Speed is identical for Finishing and Roughing within a material code; only Feed differs. Cross-checked: the Internal Gear Broach series data was confirmed identical to the Fir Tree Broach series for every material code, which served as a built-in verification of the transcription.",364,Internal Gear Broach,"Virtual Internal Gear Broach, HSS",1.1,125,Brinell,Roughing,10.7,0.0445,1000,250.0
USA reference export,Lookup Table,Machining > Lookup Tables,tblBroaching,lookupTables/Component/tblBroaching.csv,"Transcribed from 6 screenshots. Table has two Tool Series (Virtual Fir Tree Broach HSS and Virtual Internal Gear Broach HSS), each covering the same 91 material cut codes with Finishing/Roughing cut-type pairs. Cutting Speed is identical for Finishing and Roughing within a material code; only Feed differs. Cross-checked: the Internal Gear Broach series data was confirmed identical to the Fir Tree Broach series for every material code, which served as a built-in verification of the transcription.",364,Internal Gear Broach,"Virtual Internal Gear Broach, HSS",1.2,150,Brinell,Finishing,9.1,0.2223,1000,250.0
USA reference export,Lookup Table,Machining > Lookup Tables,tblBroaching,lookupTables/Component/tblBroaching.csv,"Transcribed from 6 screenshots. Table has two Tool Series (Virtual Fir Tree Broach HSS and Virtual Internal Gear Broach HSS), each covering the same 91 material cut codes with Finishing/Roughing cut-type pairs. Cutting Speed is identical for Finishing and Roughing within a material code; only Feed differs. Cross-checked: the Internal Gear Broach series data was confirmed identical to the Fir Tree Broach series for every material code, which served as a built-in verification of the transcription.",364,Internal Gear Broach,"Virtual Internal Gear Broach, HSS",1.2,150,Brinell,Roughing,9.1,0.0778,1000,250.0
USA reference export,Lookup Table,Machining > Lookup Tables,tblBroaching,lookupTables/Component/tblBroaching.csv,"Transcribed from 6 screenshots. Table has two Tool Series (Virtual Fir Tree Broach HSS and Virtual Internal Gear Broach HSS), each covering the same 91 material cut codes with Finishing/Roughing cut-type pairs. Cutting Speed is identical for Finishing and Roughing within a material code; only Feed differs. Cross-checked: the Internal Gear Broach series data was confirmed identical to the Fir Tree Broach series for every material code, which served as a built-in verification of the transcription.",364,Internal Gear Broach,"Virtual Internal Gear Broach, HSS",1.3,170,Brinell,Finishing,8.3,0.2223,1000,250.0
USA reference export,Lookup Table,Machining > Lookup Tables,tblBroaching,lookupTables/Component/tblBroaching.csv,"Transcribed from 6 screenshots. Table has two Tool Series (Virtual Fir Tree Broach HSS and Virtual Internal Gear Broach HSS), each covering the same 91 material cut codes with Finishing/Roughing cut-type pairs. Cutting Speed is identical for Finishing and Roughing within a material code; only Feed differs. Cross-checked: the Internal Gear Broach series data was confirmed identical to the Fir Tree Broach series for every material code, which served as a built-in verification of the transcription.",364,Internal Gear Broach,"Virtual Internal Gear Broach, HSS",1.3,170,Brinell,Roughing,8.3,0.0778,1000,250.0
USA reference export,Lookup Table,Machining > Lookup Tables,tblBroaching,lookupTables/Component/tblBroaching.csv,"Transcribed from 6 screenshots. Table has two Tool Series (Virtual Fir Tree Broach HSS and Virtual Internal Gear Broach HSS), each covering the same 91 material cut codes with Finishing/Roughing cut-type pairs. Cutting Speed is identical for Finishing and Roughing within a material code; only Feed differs. Cross-checked: the Internal Gear Broach series data was confirmed identical to the Fir Tree Broach series for every material code, which served as a built-in verification of the transcription.",364,Internal Gear Broach,"Virtual Internal Gear Broach, HSS",1.4,210,Brinell,Finishing,8.3,0.2223,1000,250.0
USA reference export,Lookup Table,Machining > Lookup Tables,tblBroaching,lookupTables/Component/tblBroaching.csv,"Transcribed from 6 screenshots. Table has two Tool Series (Virtual Fir Tree Broach HSS and Virtual Internal Gear Broach HSS), each covering the same 91 material cut codes with Finishing/Roughing cut-type pairs. Cutting Speed is identical for Finishing and Roughing within a material code; only Feed differs. Cross-checked: the Internal Gear Broach series data was confirmed identical to the Fir Tree Broach series for every material code, which served as a built-in verification of the transcription.",364,Internal Gear Broach,"Virtual Internal Gear Broach, HSS",1.4,210,Brinell,Roughing,8.3,0.0778,1000,250.0
USA reference export,Lookup Table,Machining > Lookup Tables,tblBroaching,lookupTables/Component/tblBroaching.csv,"Transcribed from 6 screenshots. Table has two Tool Series (Virtual Fir Tree Broach HSS and Virtual Internal Gear Broach HSS), each covering the same 91 material cut codes with Finishing/Roughing cut-type pairs. Cutting Speed is identical for Finishing and Roughing within a material code; only Feed differs. Cross-checked: the Internal Gear Broach series data was confirmed identical to the Fir Tree Broach series for every material code, which served as a built-in verification of the transcription.",364,Internal Gear Broach,"Virtual Internal Gear Broach, HSS",1.5,300,Brinell,Finishing,6.7,0.2223,1000,250.0
USA reference export,Lookup Table,Machining > Lookup Tables,tblBroaching,lookupTables/Component/tblBroaching.csv,"Transcribed from 6 screenshots. Table has two Tool Series (Virtual Fir Tree Broach HSS and Virtual Internal Gear Broach HSS), each covering the same 91 material cut codes with Finishing/Roughing cut-type pairs. Cutting Speed is identical for Finishing and Roughing within a material code; only Feed differs. Cross-checked: the Internal Gear Broach series data was confirmed identical to the Fir Tree Broach series for every material code, which served as a built-in verification of the transcription.",364,Internal Gear Broach,"Virtual Internal Gear Broach, HSS",1.5,300,Brinell,Roughing,6.7,0.0778,1000,250.0
USA reference export,Lookup Table,Machining > Lookup Tables,tblBroaching,lookupTables/Component/tblBroaching.csv,"Transcribed from 6 screenshots. Table has two Tool Series (Virtual Fir Tree Broach HSS and Virtual Internal Gear Broach HSS), each covering the same 91 material cut codes with Finishing/Roughing cut-type pairs. Cutting Speed is identical for Finishing and Roughing within a material code; only Feed differs. Cross-checked: the Internal Gear Broach series data was confirmed identical to the Fir Tree Broach series for every material code, which served as a built-in verification of the transcription.",364,Internal Gear Broach,"Virtual Internal Gear Broach, HSS",10.0,400,Brinell,Finishing,4.4,0.207,1000,250.0
USA reference export,Lookup Table,Machining > Lookup Tables,tblBroaching,lookupTables/Component/tblBroaching.csv,"Transcribed from 6 screenshots. Table has two Tool Series (Virtual Fir Tree Broach HSS and Virtual Internal Gear Broach HSS), each covering the same 91 material cut codes with Finishing/Roughing cut-type pairs. Cutting Speed is identical for Finishing and Roughing within a material code; only Feed differs. Cross-checked: the Internal Gear Broach series data was confirmed identical to the Fir Tree Broach series for every material code, which served as a built-in verification of the transcription.",364,Internal Gear Broach,"Virtual Internal Gear Broach, HSS",10.0,400,Brinell,Roughing,4.4,0.0725,1000,250.0
USA reference export,Lookup Table,Machining > Lookup Tables,tblBroaching,lookupTables/Component/tblBroaching.csv,"Transcribed from 6 screenshots. Table has two Tool Series (Virtual Fir Tree Broach HSS and Virtual Internal Gear Broach HSS), each covering the same 91 material cut codes with Finishing/Roughing cut-type pairs. Cutting Speed is identical for Finishing and Roughing within a material code; only Feed differs. Cross-checked: the Internal Gear Broach series data was confirmed identical to the Fir Tree Broach series for every material code, which served as a built-in verification of the transcription.",364,Internal Gear Broach,"Virtual Internal Gear Broach, HSS",10.1,400,Brinell,Finishing,2.1,0.207,1000,250.0
USA reference export,Lookup Table,Machining > Lookup Tables,tblBroaching,lookupTables/Component/tblBroaching.csv,"Transcribed from 6 screenshots. Table has two Tool Series (Virtual Fir Tree Broach HSS and Virtual Internal Gear Broach HSS), each covering the same 91 material cut codes with Finishing/Roughing cut-type pairs. Cutting Speed is identical for Finishing and Roughing within a material code; only Feed differs. Cross-checked: the Internal Gear Broach series data was confirmed identical to the Fir Tree Broach series for every material code, which served as a built-in verification of the transcription.",364,Internal Gear Broach,"Virtual Internal Gear Broach, HSS",10.1,400,Brinell,Roughing,2.1,0.0725,1000,250.0
USA reference export,Lookup Table,Machining > Lookup Tables,tblBroaching,lookupTables/Component/tblBroaching.csv,"Transcribed from 6 screenshots. Table has two Tool Series (Virtual Fir Tree Broach HSS and Virtual Internal Gear Broach HSS), each covering the same 91 material cut codes with Finishing/Roughing cut-type pairs. Cutting Speed is identical for Finishing and Roughing within a material code; only Feed differs. Cross-checked: the Internal Gear Broach series data was confirmed identical to the Fir Tree Broach series for every material code, which served as a built-in verification of the transcription.",364,Internal Gear Broach,"Virtual Internal Gear Broach, HSS",15.11,200,Brinell,Finishing,7.3,0.2223,1000,250.0
USA reference export,Lookup Table,Machining > Lookup Tables,tblBroaching,lookupTables/Component/tblBroaching.csv,"Transcribed from 6 screenshots. Table has two Tool Series (Virtual Fir Tree Broach HSS and Virtual Internal Gear Broach HSS), each covering the same 91 material cut codes with Finishing/Roughing cut-type pairs. Cutting Speed is identical for Finishing and Roughing within a material code; only Feed differs. Cross-checked: the Internal Gear Broach series data was confirmed identical to the Fir Tree Broach series for every material code, which served as a built-in verification of the transcription.",364,Internal Gear Broach,"Virtual Internal Gear Broach, HSS",15.11,200,Brinell,Roughing,7.3,0.0778,1000,250.0
USA reference export,Lookup Table,Machining > Lookup Tables,tblBroaching,lookupTables/Component/tblBroaching.csv,"Transcribed from 6 screenshots. Table has two Tool Series (Virtual Fir Tree Broach HSS and Virtual Internal Gear Broach HSS), each covering the same 91 material cut codes with Finishing/Roughing cut-type pairs. Cutting Speed is identical for Finishing and Roughing within a material code; only Feed differs. Cross-checked: the Internal Gear Broach series data was confirmed identical to the Fir Tree Broach series for every material code, which served as a built-in verification of the transcription.",364,Internal Gear Broach,"Virtual Internal Gear Broach, HSS",15.12,330,Brinell,Finishing,5.2,0.2223,1000,250.0
USA reference export,Lookup Table,Machining > Lookup Tables,tblBroaching,lookupTables/Component/tblBroaching.csv,"Transcribed from 6 screenshots. Table has two Tool Series (Virtual Fir Tree Broach HSS and Virtual Internal Gear Broach HSS), each covering the same 91 material cut codes with Finishing/Roughing cut-type pairs. Cutting Speed is identical for Finishing and Roughing within a material code; only Feed differs. Cross-checked: the Internal Gear Broach series data was confirmed identical to the Fir Tree Broach series for every material code, which served as a built-in verification of the transcription.",364,Internal Gear Broach,"Virtual Internal Gear Broach, HSS",15.12,330,Brinell,Roughing,5.2,0.0778,1000,250.0
USA reference export,Lookup Table,Machining > Lookup Tables,tblBroaching,lookupTables/Component/tblBroaching.csv,"Transcribed from 6 screenshots. Table has two Tool Series (Virtual Fir Tree Broach HSS and Virtual Internal Gear Broach HSS), each covering the same 91 material cut codes with Finishing/Roughing cut-type pairs. Cutting Speed is identical for Finishing and Roughing within a material code; only Feed differs. Cross-checked: the Internal Gear Broach series data was confirmed identical to the Fir Tree Broach series for every material code, which served as a built-in verification of the transcription.",364,Internal Gear Broach,"Virtual Internal Gear Broach, HSS",15.13,330,Brinell,Finishing,5.4,0.2223,1000,250.0
USA reference export,Lookup Table,Machining > Lookup Tables,tblBroaching,lookupTables/Component/tblBroaching.csv,"Transcribed from 6 screenshots. Table has two Tool Series (Virtual Fir Tree Broach HSS and Virtual Internal Gear Broach HSS), each covering the same 91 material cut codes with Finishing/Roughing cut-type pairs. Cutting Speed is identical for Finishing and Roughing within a material code; only Feed differs. Cross-checked: the Internal Gear Broach series data was confirmed identical to the Fir Tree Broach series for every material code, which served as a built-in verification of the transcription.",364,Internal Gear Broach,"Virtual Internal Gear Broach, HSS",15.13,330,Brinell,Roughing,5.4,0.0778,1000,250.0
USA reference export,Lookup Table,Machining > Lookup Tables,tblBroaching,lookupTables/Component/tblBroaching.csv,"Transcribed from 6 screenshots. Table has two Tool Series (Virtual Fir Tree Broach HSS and Virtual Internal Gear Broach HSS), each covering the same 91 material cut codes with Finishing/Roughing cut-type pairs. Cutting Speed is identical for Finishing and Roughing within a material code; only Feed differs. Cross-checked: the Internal Gear Broach series data was confirmed identical to the Fir Tree Broach series for every material code, which served as a built-in verification of the transcription.",364,Internal Gear Broach,"Virtual Internal Gear Broach, HSS",15.21,200,Brinell,Finishing,4.4,0.1905,1000,250.0
USA reference export,Lookup Table,Machining > Lookup Tables,tblBroaching,lookupTables/Component/tblBroaching.csv,"Transcribed from 6 screenshots. Table has two Tool Series (Virtual Fir Tree Broach HSS and Virtual Internal Gear Broach HSS), each covering the same 91 material cut codes with Finishing/Roughing cut-type pairs. Cutting Speed is identical for Finishing and Roughing within a material code; only Feed differs. Cross-checked: the Internal Gear Broach series data was confirmed identical to the Fir Tree Broach series for every material code, which served as a built-in verification of the transcription.",364,Internal Gear Broach,"Virtual Internal Gear Broach, HSS",15.21,200,Brinell,Roughing,4.4,0.0667,1000,250.0
USA reference export,Lookup Table,Machining > Lookup Tables,tblBroaching,lookupTables/Component/tblBroaching.csv,"Transcribed from 6 screenshots. Table has two Tool Series (Virtual Fir Tree Broach HSS and Virtual Internal Gear Broach HSS), each covering the same 91 material cut codes with Finishing/Roughing cut-type pairs. Cutting Speed is identical for Finishing and Roughing within a material code; only Feed differs. Cross-checked: the Internal Gear Broach series data was confirmed identical to the Fir Tree Broach series for every material code, which served as a built-in verification of the transcription.",364,Internal Gear Broach,"Virtual Internal Gear Broach, HSS",15.22,330,Brinell,Finishing,3.9,0.1905,1000,250.0
USA reference export,Lookup Table,Machining > Lookup Tables,tblBroaching,lookupTables/Component/tblBroaching.csv,"Transcribed from 6 screenshots. Table has two Tool Series (Virtual Fir Tree Broach HSS and Virtual Internal Gear Broach HSS), each covering the same 91 material cut codes with Finishing/Roughing cut-type pairs. Cutting Speed is identical for Finishing and Roughing within a material code; only Feed differs. Cross-checked: the Internal Gear Broach series data was confirmed identical to the Fir Tree Broach series for every material code, which served as a built-in verification of the transcription.",364,Internal Gear Broach,"Virtual Internal Gear Broach, HSS",15.22,330,Brinell,Roughing,3.9,0.0667,1000,250.0
USA reference export,Lookup Table,Machining > Lookup Tables,tblBroaching,lookupTables/Component/tblBroaching.csv,"Transcribed from 6 screenshots. Table has two Tool Series (Virtual Fir Tree Broach HSS and Virtual Internal Gear Broach HSS), each covering the same 91 material cut codes with Finishing/Roughing cut-type pairs. Cutting Speed is identical for Finishing and Roughing within a material code; only Feed differs. Cross-checked: the Internal Gear Broach series data was confirmed identical to the Fir Tree Broach series for every material code, which served as a built-in verification of the transcription.",364,Internal Gear Broach,"Virtual Internal Gear Broach, HSS",15.23,330,Brinell,Finishing,3.9,0.1905,1000,250.0
USA reference export,Lookup Table,Machining > Lookup Tables,tblBroaching,lookupTables/Component/tblBroaching.csv,"Transcribed from 6 screenshots. Table has two Tool Series (Virtual Fir Tree Broach HSS and Virtual Internal Gear Broach HSS), each covering the same 91 material cut codes with Finishing/Roughing cut-type pairs. Cutting Speed is identical for Finishing and Roughing within a material code; only Feed differs. Cross-checked: the Internal Gear Broach series data was confirmed identical to the Fir Tree Broach series for every material code, which served as a built-in verification of the transcription.",364,Internal Gear Broach,"Virtual Internal Gear Broach, HSS",15.23,330,Brinell,Roughing,3.9,0.0667,1000,250.0
USA reference export,Lookup Table,Machining > Lookup Tables,tblBroaching,lookupTables/Component/tblBroaching.csv,"Transcribed from 6 screenshots. Table has two Tool Series (Virtual Fir Tree Broach HSS and Virtual Internal Gear Broach HSS), each covering the same 91 material cut codes with Finishing/Roughing cut-type pairs. Cutting Speed is identical for Finishing and Roughing within a material code; only Feed differs. Cross-checked: the Internal Gear Broach series data was confirmed identical to the Fir Tree Broach series for every material code, which served as a built-in verification of the transcription.",364,Internal Gear Broach,"Virtual Internal Gear Broach, HSS",15.51,230,Brinell,Finishing,6.3,0.0787,1000,250.0
USA reference export,Lookup Table,Machining > Lookup Tables,tblBroaching,lookupTables/Component/tblBroaching.csv,"Transcribed from 6 screenshots. Table has two Tool Series (Virtual Fir Tree Broach HSS and Virtual Internal Gear Broach HSS), each covering the same 91 material cut codes with Finishing/Roughing cut-type pairs. Cutting Speed is identical for Finishing and Roughing within a material code; only Feed differs. Cross-checked: the Internal Gear Broach series data was confirmed identical to the Fir Tree Broach series for every material code, which served as a built-in verification of the transcription.",364,Internal Gear Broach,"Virtual Internal Gear Broach, HSS",15.51,230,Brinell,Roughing,6.3,0.0276,1000,250.0
USA reference export,Lookup Table,Machining > Lookup Tables,tblBroaching,lookupTables/Component/tblBroaching.csv,"Transcribed from 6 screenshots. Table has two Tool Series (Virtual Fir Tree Broach HSS and Virtual Internal Gear Broach HSS), each covering the same 91 material cut codes with Finishing/Roughing cut-type pairs. Cutting Speed is identical for Finishing and Roughing within a material code; only Feed differs. Cross-checked: the Internal Gear Broach series data was confirmed identical to the Fir Tree Broach series for every material code, which served as a built-in verification of the transcription.",364,Internal Gear Broach,"Virtual Internal Gear Broach, HSS",15.52,260,Brinell,Finishing,6.3,0.0787,1000,250.0
USA reference export,Lookup Table,Machining > Lookup Tables,tblBroaching,lookupTables/Component/tblBroaching.csv,"Transcribed from 6 screenshots. Table has two Tool Series (Virtual Fir Tree Broach HSS and Virtual Internal Gear Broach HSS), each covering the same 91 material cut codes with Finishing/Roughing cut-type pairs. Cutting Speed is identical for Finishing and Roughing within a material code; only Feed differs. Cross-checked: the Internal Gear Broach series data was confirmed identical to the Fir Tree Broach series for every material code, which served as a built-in verification of the transcription.",364,Internal Gear Broach,"Virtual Internal Gear Broach, HSS",15.52,260,Brinell,Roughing,6.3,0.0276,1000,250.0
USA reference export,Lookup Table,Machining > Lookup Tables,tblBroaching,lookupTables/Component/tblBroaching.csv,"Transcribed from 6 screenshots. Table has two Tool Series (Virtual Fir Tree Broach HSS and Virtual Internal Gear Broach HSS), each covering the same 91 material cut codes with Finishing/Roughing cut-type pairs. Cutting Speed is identical for Finishing and Roughing within a material code; only Feed differs. Cross-checked: the Internal Gear Broach series data was confirmed identical to the Fir Tree Broach series for every material code, which served as a built-in verification of the transcription.",364,Internal Gear Broach,"Virtual Internal Gear Broach, HSS",2.1,180,Brinell,Finishing,8.7,0.1905,1000,250.0
USA reference export,Lookup Table,Machining > Lookup Tables,tblBroaching,lookupTables/Component/tblBroaching.csv,"Transcribed from 6 screenshots. Table has two Tool Series (Virtual Fir Tree Broach HSS and Virtual Internal Gear Broach HSS), each covering the same 91 material cut codes with Finishing/Roughing cut-type pairs. Cutting Speed is identical for Finishing and Roughing within a material code; only Feed differs. Cross-checked: the Internal Gear Broach series data was confirmed identical to the Fir Tree Broach series for every material code, which served as a built-in verification of the transcription.",364,Internal Gear Broach,"Virtual Internal Gear Broach, HSS",2.1,180,Brinell,Roughing,8.7,0.0667,1000,250.0
USA reference export,Lookup Table,Machining > Lookup Tables,tblBroaching,lookupTables/Component/tblBroaching.csv,"Transcribed from 6 screenshots. Table has two Tool Series (Virtual Fir Tree Broach HSS and Virtual Internal Gear Broach HSS), each covering the same 91 material cut codes with Finishing/Roughing cut-type pairs. Cutting Speed is identical for Finishing and Roughing within a material code; only Feed differs. Cross-checked: the Internal Gear Broach series data was confirmed identical to the Fir Tree Broach series for every material code, which served as a built-in verification of the transcription.",364,Internal Gear Broach,"Virtual Internal Gear Broach, HSS",2.12,210,Brinell,Finishing,8.3,0.1905,1000,250.0
USA reference export,Lookup Table,Machining > Lookup Tables,tblBroaching,lookupTables/Component/tblBroaching.csv,"Transcribed from 6 screenshots. Table has two Tool Series (Virtual Fir Tree Broach HSS and Virtual Internal Gear Broach HSS), each covering the same 91 material cut codes with Finishing/Roughing cut-type pairs. Cutting Speed is identical for Finishing and Roughing within a material code; only Feed differs. Cross-checked: the Internal Gear Broach series data was confirmed identical to the Fir Tree Broach series for every material code, which served as a built-in verification of the transcription.",364,Internal Gear Broach,"Virtual Internal Gear Broach, HSS",2.12,210,Brinell,Roughing,8.3,0.0667,1000,250.0
USA reference export,Lookup Table,Machining > Lookup Tables,tblBroaching,lookupTables/Component/tblBroaching.csv,"Transcribed from 6 screenshots. Table has two Tool Series (Virtual Fir Tree Broach HSS and Virtual Internal Gear Broach HSS), each covering the same 91 material cut codes with Finishing/Roughing cut-type pairs. Cutting Speed is identical for Finishing and Roughing within a material code; only Feed differs. Cross-checked: the Internal Gear Broach series data was confirmed identical to the Fir Tree Broach series for every material code, which served as a built-in verification of the transcription.",364,Internal Gear Broach,"Virtual Internal Gear Broach, HSS",2.2,330,Brinell,Finishing,6.7,0.2223,1000,250.0
USA reference export,Lookup Table,Machining > Lookup Tables,tblBroaching,lookupTables/Component/tblBroaching.csv,"Transcribed from 6 screenshots. Table has two Tool Series (Virtual Fir Tree Broach HSS and Virtual Internal Gear Broach HSS), each covering the same 91 material cut codes with Finishing/Roughing cut-type pairs. Cutting Speed is identical for Finishing and Roughing within a material code; only Feed differs. Cross-checked: the Internal Gear Broach series data was confirmed identical to the Fir Tree Broach series for every material code, which served as a built-in verification of the transcription.",364,Internal Gear Broach,"Virtual Internal Gear Broach, HSS",2.2,330,Brinell,Roughing,6.7,0.0778,1000,250.0
USA reference export,Lookup Table,Machining > Lookup Tables,tblBroaching,lookupTables/Component/tblBroaching.csv,"Transcribed from 6 screenshots. Table has two Tool Series (Virtual Fir Tree Broach HSS and Virtual Internal Gear Broach HSS), each covering the same 91 material cut codes with Finishing/Roughing cut-type pairs. Cutting Speed is identical for Finishing and Roughing within a material code; only Feed differs. Cross-checked: the Internal Gear Broach series data was confirmed identical to the Fir Tree Broach series for every material code, which served as a built-in verification of the transcription.",364,Internal Gear Broach,"Virtual Internal Gear Broach, HSS",20.11,200,Brinell,Finishing,1.3,0.1305,1000,250.0
USA reference export,Lookup Table,Machining > Lookup Tables,tblBroaching,lookupTables/Component/tblBroaching.csv,"Transcribed from 6 screenshots. Table has two Tool Series (Virtual Fir Tree Broach HSS and Virtual Internal Gear Broach HSS), each covering the same 91 material cut codes with Finishing/Roughing cut-type pairs. Cutting Speed is identical for Finishing and Roughing within a material code; only Feed differs. Cross-checked: the Internal Gear Broach series data was confirmed identical to the Fir Tree Broach series for every material code, which served as a built-in verification of the transcription.",364,Internal Gear Broach,"Virtual Internal Gear Broach, HSS",20.11,200,Brinell,Roughing,1.3,0.0457,1000,250.0
USA reference export,Lookup Table,Machining > Lookup Tables,tblBroaching,lookupTables/Component/tblBroaching.csv,"Transcribed from 6 screenshots. Table has two Tool Series (Virtual Fir Tree Broach HSS and Virtual Internal Gear Broach HSS), each covering the same 91 material cut codes with Finishing/Roughing cut-type pairs. Cutting Speed is identical for Finishing and Roughing within a material code; only Feed differs. Cross-checked: the Internal Gear Broach series data was confirmed identical to the Fir Tree Broach series for every material code, which served as a built-in verification of the transcription.",364,Internal Gear Broach,"Virtual Internal Gear Broach, HSS",20.12,280,Brinell,Finishing,1.5,0.1305,1000,250.0
USA reference export,Lookup Table,Machining > Lookup Tables,tblBroaching,lookupTables/Component/tblBroaching.csv,"Transcribed from 6 screenshots. Table has two Tool Series (Virtual Fir Tree Broach HSS and Virtual Internal Gear Broach HSS), each covering the same 91 material cut codes with Finishing/Roughing cut-type pairs. Cutting Speed is identical for Finishing and Roughing within a material code; only Feed differs. Cross-checked: the Internal Gear Broach series data was confirmed identical to the Fir Tree Broach series for every material code, which served as a built-in verification of the transcription.",364,Internal Gear Broach,"Virtual Internal Gear Broach, HSS",20.12,280,Brinell,Roughing,1.5,0.0457,1000,250.0
USA reference export,Lookup Table,Machining > Lookup Tables,tblBroaching,lookupTables/Component/tblBroaching.csv,"Transcribed from 6 screenshots. Table has two Tool Series (Virtual Fir Tree Broach HSS and Virtual Internal Gear Broach HSS), each covering the same 91 material cut codes with Finishing/Roughing cut-type pairs. Cutting Speed is identical for Finishing and Roughing within a material code; only Feed differs. Cross-checked: the Internal Gear Broach series data was confirmed identical to the Fir Tree Broach series for every material code, which served as a built-in verification of the transcription.",364,Internal Gear Broach,"Virtual Internal Gear Broach, HSS",20.21,250,Brinell,Finishing,2.0,0.1154,1000,250.0
USA reference export,Lookup Table,Machining > Lookup Tables,tblBroaching,lookupTables/Component/tblBroaching.csv,"Transcribed from 6 screenshots. Table has two Tool Series (Virtual Fir Tree Broach HSS and Virtual Internal Gear Broach HSS), each covering the same 91 material cut codes with Finishing/Roughing cut-type pairs. Cutting Speed is identical for Finishing and Roughing within a material code; only Feed differs. Cross-checked: the Internal Gear Broach series data was confirmed identical to the Fir Tree Broach series for every material code, which served as a built-in verification of the transcription.",364,Internal Gear Broach,"Virtual Internal Gear Broach, HSS",20.21,250,Brinell,Roughing,2.0,0.0404,1000,250.0
USA reference export,Lookup Table,Machining > Lookup Tables,tblBroaching,lookupTables/Component/tblBroaching.csv,"Transcribed from 6 screenshots. Table has two Tool Series (Virtual Fir Tree Broach HSS and Virtual Internal Gear Broach HSS), each covering the same 91 material cut codes with Finishing/Roughing cut-type pairs. Cutting Speed is identical for Finishing and Roughing within a material code; only Feed differs. Cross-checked: the Internal Gear Broach series data was confirmed identical to the Fir Tree Broach series for every material code, which served as a built-in verification of the transcription.",364,Internal Gear Broach,"Virtual Internal Gear Broach, HSS",20.22,350,Brinell,Finishing,2.0,0.1154,1000,250.0
USA reference export,Lookup Table,Machining > Lookup Tables,tblBroaching,lookupTables/Component/tblBroaching.csv,"Transcribed from 6 screenshots. Table has two Tool Series (Virtual Fir Tree Broach HSS and Virtual Internal Gear Broach HSS), each covering the same 91 material cut codes with Finishing/Roughing cut-type pairs. Cutting Speed is identical for Finishing and Roughing within a material code; only Feed differs. Cross-checked: the Internal Gear Broach series data was confirmed identical to the Fir Tree Broach series for every material code, which served as a built-in verification of the transcription.",364,Internal Gear Broach,"Virtual Internal Gear Broach, HSS",20.22,350,Brinell,Roughing,2.0,0.0404,1000,250.0
USA reference export,Lookup Table,Machining > Lookup Tables,tblBroaching,lookupTables/Component/tblBroaching.csv,"Transcribed from 6 screenshots. Table has two Tool Series (Virtual Fir Tree Broach HSS and Virtual Internal Gear Broach HSS), each covering the same 91 material cut codes with Finishing/Roughing cut-type pairs. Cutting Speed is identical for Finishing and Roughing within a material code; only Feed differs. Cross-checked: the Internal Gear Broach series data was confirmed identical to the Fir Tree Broach series for every material code, which served as a built-in verification of the transcription.",364,Internal Gear Broach,"Virtual Internal Gear Broach, HSS",20.23,275,Brinell,Finishing,2.0,0.1154,1000,250.0
USA reference export,Lookup Table,Machining > Lookup Tables,tblBroaching,lookupTables/Component/tblBroaching.csv,"Transcribed from 6 screenshots. Table has two Tool Series (Virtual Fir Tree Broach HSS and Virtual Internal Gear Broach HSS), each covering the same 91 material cut codes with Finishing/Roughing cut-type pairs. Cutting Speed is identical for Finishing and Roughing within a material code; only Feed differs. Cross-checked: the Internal Gear Broach series data was confirmed identical to the Fir Tree Broach series for every material code, which served as a built-in verification of the transcription.",364,Internal Gear Broach,"Virtual Internal Gear Broach, HSS",20.23,275,Brinell,Roughing,2.0,0.0404,1000,250.0
USA reference export,Lookup Table,Machining > Lookup Tables,tblBroaching,lookupTables/Component/tblBroaching.csv,"Transcribed from 6 screenshots. Table has two Tool Series (Virtual Fir Tree Broach HSS and Virtual Internal Gear Broach HSS), each covering the same 91 material cut codes with Finishing/Roughing cut-type pairs. Cutting Speed is identical for Finishing and Roughing within a material code; only Feed differs. Cross-checked: the Internal Gear Broach series data was confirmed identical to the Fir Tree Broach series for every material code, which served as a built-in verification of the transcription.",364,Internal Gear Broach,"Virtual Internal Gear Broach, HSS",20.24,320,Brinell,Finishing,2.0,0.1154,1000,250.0
USA reference export,Lookup Table,Machining > Lookup Tables,tblBroaching,lookupTables/Component/tblBroaching.csv,"Transcribed from 6 screenshots. Table has two Tool Series (Virtual Fir Tree Broach HSS and Virtual Internal Gear Broach HSS), each covering the same 91 material cut codes with Finishing/Roughing cut-type pairs. Cutting Speed is identical for Finishing and Roughing within a material code; only Feed differs. Cross-checked: the Internal Gear Broach series data was confirmed identical to the Fir Tree Broach series for every material code, which served as a built-in verification of the transcription.",364,Internal Gear Broach,"Virtual Internal Gear Broach, HSS",20.24,320,Brinell,Roughing,2.0,0.0404,1000,250.0
USA reference export,Lookup Table,Machining > Lookup Tables,tblBroaching,lookupTables/Component/tblBroaching.csv,"Transcribed from 6 screenshots. Table has two Tool Series (Virtual Fir Tree Broach HSS and Virtual Internal Gear Broach HSS), each covering the same 91 material cut codes with Finishing/Roughing cut-type pairs. Cutting Speed is identical for Finishing and Roughing within a material code; only Feed differs. Cross-checked: the Internal Gear Broach series data was confirmed identical to the Fir Tree Broach series for every material code, which served as a built-in verification of the transcription.",364,Internal Gear Broach,"Virtual Internal Gear Broach, HSS",20.31,200,Brinell,Finishing,1.3,0.1305,1000,250.0
USA reference export,Lookup Table,Machining > Lookup Tables,tblBroaching,lookupTables/Component/tblBroaching.csv,"Transcribed from 6 screenshots. Table has two Tool Series (Virtual Fir Tree Broach HSS and Virtual Internal Gear Broach HSS), each covering the same 91 material cut codes with Finishing/Roughing cut-type pairs. Cutting Speed is identical for Finishing and Roughing within a material code; only Feed differs. Cross-checked: the Internal Gear Broach series data was confirmed identical to the Fir Tree Broach series for every material code, which served as a built-in verification of the transcription.",364,Internal Gear Broach,"Virtual Internal Gear Broach, HSS",20.31,200,Brinell,Roughing,1.3,0.0457,1000,250.0
USA reference export,Lookup Table,Machining > Lookup Tables,tblBroaching,lookupTables/Component/tblBroaching.csv,"Transcribed from 6 screenshots. Table has two Tool Series (Virtual Fir Tree Broach HSS and Virtual Internal Gear Broach HSS), each covering the same 91 material cut codes with Finishing/Roughing cut-type pairs. Cutting Speed is identical for Finishing and Roughing within a material code; only Feed differs. Cross-checked: the Internal Gear Broach series data was confirmed identical to the Fir Tree Broach series for every material code, which served as a built-in verification of the transcription.",364,Internal Gear Broach,"Virtual Internal Gear Broach, HSS",20.32,300,Brinell,Finishing,0.5,0.1443,1000,250.0
USA reference export,Lookup Table,Machining > Lookup Tables,tblBroaching,lookupTables/Component/tblBroaching.csv,"Transcribed from 6 screenshots. Table has two Tool Series (Virtual Fir Tree Broach HSS and Virtual Internal Gear Broach HSS), each covering the same 91 material cut codes with Finishing/Roughing cut-type pairs. Cutting Speed is identical for Finishing and Roughing within a material code; only Feed differs. Cross-checked: the Internal Gear Broach series data was confirmed identical to the Fir Tree Broach series for every material code, which served as a built-in verification of the transcription.",364,Internal Gear Broach,"Virtual Internal Gear Broach, HSS",20.32,300,Brinell,Roughing,0.5,0.0505,1000,250.0
USA reference export,Lookup Table,Machining > Lookup Tables,tblBroaching,lookupTables/Component/tblBroaching.csv,"Transcribed from 6 screenshots. Table has two Tool Series (Virtual Fir Tree Broach HSS and Virtual Internal Gear Broach HSS), each covering the same 91 material cut codes with Finishing/Roughing cut-type pairs. Cutting Speed is identical for Finishing and Roughing within a material code; only Feed differs. Cross-checked: the Internal Gear Broach series data was confirmed identical to the Fir Tree Broach series for every material code, which served as a built-in verification of the transcription.",364,Internal Gear Broach,"Virtual Internal Gear Broach, HSS",20.33,320,Brinell,Finishing,0.2,0.1466,1000,250.0
USA reference export,Lookup Table,Machining > Lookup Tables,tblBroaching,lookupTables/Component/tblBroaching.csv,"Transcribed from 6 screenshots. Table has two Tool Series (Virtual Fir Tree Broach HSS and Virtual Internal Gear Broach HSS), each covering the same 91 material cut codes with Finishing/Roughing cut-type pairs. Cutting Speed is identical for Finishing and Roughing within a material code; only Feed differs. Cross-checked: the Internal Gear Broach series data was confirmed identical to the Fir Tree Broach series for every material code, which served as a built-in verification of the transcription.",364,Internal Gear Broach,"Virtual Internal Gear Broach, HSS",20.33,320,Brinell,Roughing,0.2,0.0513,1000,250.0
USA reference export,Lookup Table,Machining > Lookup Tables,tblBroaching,lookupTables/Component/tblBroaching.csv,"Transcribed from 6 screenshots. Table has two Tool Series (Virtual Fir Tree Broach HSS and Virtual Internal Gear Broach HSS), each covering the same 91 material cut codes with Finishing/Roughing cut-type pairs. Cutting Speed is identical for Finishing and Roughing within a material code; only Feed differs. Cross-checked: the Internal Gear Broach series data was confirmed identical to the Fir Tree Broach series for every material code, which served as a built-in verification of the transcription.",364,Internal Gear Broach,"Virtual Internal Gear Broach, HSS",23.1,400,Tensile Strength,Finishing,3.2,0.202,1000,250.0
USA reference export,Lookup Table,Machining > Lookup Tables,tblBroaching,lookupTables/Component/tblBroaching.csv,"Transcribed from 6 screenshots. Table has two Tool Series (Virtual Fir Tree Broach HSS and Virtual Internal Gear Broach HSS), each covering the same 91 material cut codes with Finishing/Roughing cut-type pairs. Cutting Speed is identical for Finishing and Roughing within a material code; only Feed differs. Cross-checked: the Internal Gear Broach series data was confirmed identical to the Fir Tree Broach series for every material code, which served as a built-in verification of the transcription.",364,Internal Gear Broach,"Virtual Internal Gear Broach, HSS",23.1,400,Tensile Strength,Roughing,3.2,0.0707,1000,250.0
USA reference export,Lookup Table,Machining > Lookup Tables,tblBroaching,lookupTables/Component/tblBroaching.csv,"Transcribed from 6 screenshots. Table has two Tool Series (Virtual Fir Tree Broach HSS and Virtual Internal Gear Broach HSS), each covering the same 91 material cut codes with Finishing/Roughing cut-type pairs. Cutting Speed is identical for Finishing and Roughing within a material code; only Feed differs. Cross-checked: the Internal Gear Broach series data was confirmed identical to the Fir Tree Broach series for every material code, which served as a built-in verification of the transcription.",364,Internal Gear Broach,"Virtual Internal Gear Broach, HSS",23.21,950,Tensile Strength,Finishing,2.4,0.2223,1000,250.0
USA reference export,Lookup Table,Machining > Lookup Tables,tblBroaching,lookupTables/Component/tblBroaching.csv,"Transcribed from 6 screenshots. Table has two Tool Series (Virtual Fir Tree Broach HSS and Virtual Internal Gear Broach HSS), each covering the same 91 material cut codes with Finishing/Roughing cut-type pairs. Cutting Speed is identical for Finishing and Roughing within a material code; only Feed differs. Cross-checked: the Internal Gear Broach series data was confirmed identical to the Fir Tree Broach series for every material code, which served as a built-in verification of the transcription.",364,Internal Gear Broach,"Virtual Internal Gear Broach, HSS",23.21,950,Tensile Strength,Roughing,2.4,0.0778,1000,250.0
USA reference export,Lookup Table,Machining > Lookup Tables,tblBroaching,lookupTables/Component/tblBroaching.csv,"Transcribed from 6 screenshots. Table has two Tool Series (Virtual Fir Tree Broach HSS and Virtual Internal Gear Broach HSS), each covering the same 91 material cut codes with Finishing/Roughing cut-type pairs. Cutting Speed is identical for Finishing and Roughing within a material code; only Feed differs. Cross-checked: the Internal Gear Broach series data was confirmed identical to the Fir Tree Broach series for every material code, which served as a built-in verification of the transcription.",364,Internal Gear Broach,"Virtual Internal Gear Broach, HSS",23.22,1050,Tensile Strength,Finishing,2.4,0.2223,1000,250.0
USA reference export,Lookup Table,Machining > Lookup Tables,tblBroaching,lookupTables/Component/tblBroaching.csv,"Transcribed from 6 screenshots. Table has two Tool Series (Virtual Fir Tree Broach HSS and Virtual Internal Gear Broach HSS), each covering the same 91 material cut codes with Finishing/Roughing cut-type pairs. Cutting Speed is identical for Finishing and Roughing within a material code; only Feed differs. Cross-checked: the Internal Gear Broach series data was confirmed identical to the Fir Tree Broach series for every material code, which served as a built-in verification of the transcription.",364,Internal Gear Broach,"Virtual Internal Gear Broach, HSS",23.22,1050,Tensile Strength,Roughing,2.4,0.0778,1000,250.0
USA reference export,Lookup Table,Machining > Lookup Tables,tblBroaching,lookupTables/Component/tblBroaching.csv,"Transcribed from 6 screenshots. Table has two Tool Series (Virtual Fir Tree Broach HSS and Virtual Internal Gear Broach HSS), each covering the same 91 material cut codes with Finishing/Roughing cut-type pairs. Cutting Speed is identical for Finishing and Roughing within a material code; only Feed differs. Cross-checked: the Internal Gear Broach series data was confirmed identical to the Fir Tree Broach series for every material code, which served as a built-in verification of the transcription.",364,Internal Gear Broach,"Virtual Internal Gear Broach, HSS",3.1,200,Brinell,Finishing,11.3,0.2223,1000,250.0
USA reference export,Lookup Table,Machining > Lookup Tables,tblBroaching,lookupTables/Component/tblBroaching.csv,"Transcribed from 6 screenshots. Table has two Tool Series (Virtual Fir Tree Broach HSS and Virtual Internal Gear Broach HSS), each covering the same 91 material cut codes with Finishing/Roughing cut-type pairs. Cutting Speed is identical for Finishing and Roughing within a material code; only Feed differs. Cross-checked: the Internal Gear Broach series data was confirmed identical to the Fir Tree Broach series for every material code, which served as a built-in verification of the transcription.",364,Internal Gear Broach,"Virtual Internal Gear Broach, HSS",3.1,200,Brinell,Roughing,11.3,0.0778,1000,250.0
USA reference export,Lookup Table,Machining > Lookup Tables,tblBroaching,lookupTables/Component/tblBroaching.csv,"Transcribed from 6 screenshots. Table has two Tool Series (Virtual Fir Tree Broach HSS and Virtual Internal Gear Broach HSS), each covering the same 91 material cut codes with Finishing/Roughing cut-type pairs. Cutting Speed is identical for Finishing and Roughing within a material code; only Feed differs. Cross-checked: the Internal Gear Broach series data was confirmed identical to the Fir Tree Broach series for every material code, which served as a built-in verification of the transcription.",364,Internal Gear Broach,"Virtual Internal Gear Broach, HSS",3.11,200,Brinell,Finishing,7.1,0.2223,1000,250.0
USA reference export,Lookup Table,Machining > Lookup Tables,tblBroaching,lookupTables/Component/tblBroaching.csv,"Transcribed from 6 screenshots. Table has two Tool Series (Virtual Fir Tree Broach HSS and Virtual Internal Gear Broach HSS), each covering the same 91 material cut codes with Finishing/Roughing cut-type pairs. Cutting Speed is identical for Finishing and Roughing within a material code; only Feed differs. Cross-checked: the Internal Gear Broach series data was confirmed identical to the Fir Tree Broach series for every material code, which served as a built-in verification of the transcription.",364,Internal Gear Broach,"Virtual Internal Gear Broach, HSS",3.11,200,Brinell,Roughing,7.1,0.0778,1000,250.0
USA reference export,Lookup Table,Machining > Lookup Tables,tblBroaching,lookupTables/Component/tblBroaching.csv,"Transcribed from 6 screenshots. Table has two Tool Series (Virtual Fir Tree Broach HSS and Virtual Internal Gear Broach HSS), each covering the same 91 material cut codes with Finishing/Roughing cut-type pairs. Cutting Speed is identical for Finishing and Roughing within a material code; only Feed differs. Cross-checked: the Internal Gear Broach series data was confirmed identical to the Fir Tree Broach series for every material code, which served as a built-in verification of the transcription.",364,Internal Gear Broach,"Virtual Internal Gear Broach, HSS",3.13,200,Brinell,Finishing,3.8,0.1753,1000,250.0
USA reference export,Lookup Table,Machining > Lookup Tables,tblBroaching,lookupTables/Component/tblBroaching.csv,"Transcribed from 6 screenshots. Table has two Tool Series (Virtual Fir Tree Broach HSS and Virtual Internal Gear Broach HSS), each covering the same 91 material cut codes with Finishing/Roughing cut-type pairs. Cutting Speed is identical for Finishing and Roughing within a material code; only Feed differs. Cross-checked: the Internal Gear Broach series data was confirmed identical to the Fir Tree Broach series for every material code, which served as a built-in verification of the transcription.",364,Internal Gear Broach,"Virtual Internal Gear Broach, HSS",3.13,200,Brinell,Roughing,3.8,0.0613,1000,250.0
USA reference export,Lookup Table,Machining > Lookup Tables,tblBroaching,lookupTables/Component/tblBroaching.csv,"Transcribed from 6 screenshots. Table has two Tool Series (Virtual Fir Tree Broach HSS and Virtual Internal Gear Broach HSS), each covering the same 91 material cut codes with Finishing/Roughing cut-type pairs. Cutting Speed is identical for Finishing and Roughing within a material code; only Feed differs. Cross-checked: the Internal Gear Broach series data was confirmed identical to the Fir Tree Broach series for every material code, which served as a built-in verification of the transcription.",364,Internal Gear Broach,"Virtual Internal Gear Broach, HSS",3.2,225,Brinell,Finishing,7.5,0.1905,1000,250.0
USA reference export,Lookup Table,Machining > Lookup Tables,tblBroaching,lookupTables/Component/tblBroaching.csv,"Transcribed from 6 screenshots. Table has two Tool Series (Virtual Fir Tree Broach HSS and Virtual Internal Gear Broach HSS), each covering the same 91 material cut codes with Finishing/Roughing cut-type pairs. Cutting Speed is identical for Finishing and Roughing within a material code; only Feed differs. Cross-checked: the Internal Gear Broach series data was confirmed identical to the Fir Tree Broach series for every material code, which served as a built-in verification of the transcription.",364,Internal Gear Broach,"Virtual Internal Gear Broach, HSS",3.2,225,Brinell,Roughing,7.5,0.0667,1000,250.0
USA reference export,Lookup Table,Machining > Lookup Tables,tblBroaching,lookupTables/Component/tblBroaching.csv,"Transcribed from 6 screenshots. Table has two Tool Series (Virtual Fir Tree Broach HSS and Virtual Internal Gear Broach HSS), each covering the same 91 material cut codes with Finishing/Roughing cut-type pairs. Cutting Speed is identical for Finishing and Roughing within a material code; only Feed differs. Cross-checked: the Internal Gear Broach series data was confirmed identical to the Fir Tree Broach series for every material code, which served as a built-in verification of the transcription.",364,Internal Gear Broach,"Virtual Internal Gear Broach, HSS",3.21,300,Brinell,Finishing,5.1,0.1905,1000,250.0
USA reference export,Lookup Table,Machining > Lookup Tables,tblBroaching,lookupTables/Component/tblBroaching.csv,"Transcribed from 6 screenshots. Table has two Tool Series (Virtual Fir Tree Broach HSS and Virtual Internal Gear Broach HSS), each covering the same 91 material cut codes with Finishing/Roughing cut-type pairs. Cutting Speed is identical for Finishing and Roughing within a material code; only Feed differs. Cross-checked: the Internal Gear Broach series data was confirmed identical to the Fir Tree Broach series for every material code, which served as a built-in verification of the transcription.",364,Internal Gear Broach,"Virtual Internal Gear Broach, HSS",3.21,300,Brinell,Roughing,5.1,0.0667,1000,250.0
USA reference export,Lookup Table,Machining > Lookup Tables,tblBroaching,lookupTables/Component/tblBroaching.csv,"Transcribed from 6 screenshots. Table has two Tool Series (Virtual Fir Tree Broach HSS and Virtual Internal Gear Broach HSS), each covering the same 91 material cut codes with Finishing/Roughing cut-type pairs. Cutting Speed is identical for Finishing and Roughing within a material code; only Feed differs. Cross-checked: the Internal Gear Broach series data was confirmed identical to the Fir Tree Broach series for every material code, which served as a built-in verification of the transcription.",364,Internal Gear Broach,"Virtual Internal Gear Broach, HSS",3.22,380,Brinell,Finishing,3.3,0.3175,1000,250.0
USA reference export,Lookup Table,Machining > Lookup Tables,tblBroaching,lookupTables/Component/tblBroaching.csv,"Transcribed from 6 screenshots. Table has two Tool Series (Virtual Fir Tree Broach HSS and Virtual Internal Gear Broach HSS), each covering the same 91 material cut codes with Finishing/Roughing cut-type pairs. Cutting Speed is identical for Finishing and Roughing within a material code; only Feed differs. Cross-checked: the Internal Gear Broach series data was confirmed identical to the Fir Tree Broach series for every material code, which served as a built-in verification of the transcription.",364,Internal Gear Broach,"Virtual Internal Gear Broach, HSS",3.22,380,Brinell,Roughing,3.3,0.1111,1000,250.0
USA reference export,Lookup Table,Machining > Lookup Tables,tblBroaching,lookupTables/Component/tblBroaching.csv,"Transcribed from 6 screenshots. Table has two Tool Series (Virtual Fir Tree Broach HSS and Virtual Internal Gear Broach HSS), each covering the same 91 material cut codes with Finishing/Roughing cut-type pairs. Cutting Speed is identical for Finishing and Roughing within a material code; only Feed differs. Cross-checked: the Internal Gear Broach series data was confirmed identical to the Fir Tree Broach series for every material code, which served as a built-in verification of the transcription.",364,Internal Gear Broach,"Virtual Internal Gear Broach, HSS",30.11,60,Brinell,Finishing,13.8,0.254,1000,250.0
USA reference export,Lookup Table,Machining > Lookup Tables,tblBroaching,lookupTables/Component/tblBroaching.csv,"Transcribed from 6 screenshots. Table has two Tool Series (Virtual Fir Tree Broach HSS and Virtual Internal Gear Broach HSS), each covering the same 91 material cut codes with Finishing/Roughing cut-type pairs. Cutting Speed is identical for Finishing and Roughing within a material code; only Feed differs. Cross-checked: the Internal Gear Broach series data was confirmed identical to the Fir Tree Broach series for every material code, which served as a built-in verification of the transcription.",364,Internal Gear Broach,"Virtual Internal Gear Broach, HSS",30.11,60,Brinell,Roughing,13.8,0.0889,1000,250.0
USA reference export,Lookup Table,Machining > Lookup Tables,tblBroaching,lookupTables/Component/tblBroaching.csv,"Transcribed from 6 screenshots. Table has two Tool Series (Virtual Fir Tree Broach HSS and Virtual Internal Gear Broach HSS), each covering the same 91 material cut codes with Finishing/Roughing cut-type pairs. Cutting Speed is identical for Finishing and Roughing within a material code; only Feed differs. Cross-checked: the Internal Gear Broach series data was confirmed identical to the Fir Tree Broach series for every material code, which served as a built-in verification of the transcription.",364,Internal Gear Broach,"Virtual Internal Gear Broach, HSS",30.12,100,Brinell,Finishing,13.8,0.254,1000,250.0
USA reference export,Lookup Table,Machining > Lookup Tables,tblBroaching,lookupTables/Component/tblBroaching.csv,"Transcribed from 6 screenshots. Table has two Tool Series (Virtual Fir Tree Broach HSS and Virtual Internal Gear Broach HSS), each covering the same 91 material cut codes with Finishing/Roughing cut-type pairs. Cutting Speed is identical for Finishing and Roughing within a material code; only Feed differs. Cross-checked: the Internal Gear Broach series data was confirmed identical to the Fir Tree Broach series for every material code, which served as a built-in verification of the transcription.",364,Internal Gear Broach,"Virtual Internal Gear Broach, HSS",30.12,100,Brinell,Roughing,13.8,0.0889,1000,250.0
USA reference export,Lookup Table,Machining > Lookup Tables,tblBroaching,lookupTables/Component/tblBroaching.csv,"Transcribed from 6 screenshots. Table has two Tool Series (Virtual Fir Tree Broach HSS and Virtual Internal Gear Broach HSS), each covering the same 91 material cut codes with Finishing/Roughing cut-type pairs. Cutting Speed is identical for Finishing and Roughing within a material code; only Feed differs. Cross-checked: the Internal Gear Broach series data was confirmed identical to the Fir Tree Broach series for every material code, which served as a built-in verification of the transcription.",364,Internal Gear Broach,"Virtual Internal Gear Broach, HSS",30.21,75,Brinell,Finishing,11.9,0.254,1000,250.0
USA reference export,Lookup Table,Machining > Lookup Tables,tblBroaching,lookupTables/Component/tblBroaching.csv,"Transcribed from 6 screenshots. Table has two Tool Series (Virtual Fir Tree Broach HSS and Virtual Internal Gear Broach HSS), each covering the same 91 material cut codes with Finishing/Roughing cut-type pairs. Cutting Speed is identical for Finishing and Roughing within a material code; only Feed differs. Cross-checked: the Internal Gear Broach series data was confirmed identical to the Fir Tree Broach series for every material code, which served as a built-in verification of the transcription.",364,Internal Gear Broach,"Virtual Internal Gear Broach, HSS",30.21,75,Brinell,Roughing,11.9,0.0889,1000,250.0
USA reference export,Lookup Table,Machining > Lookup Tables,tblBroaching,lookupTables/Component/tblBroaching.csv,"Transcribed from 6 screenshots. Table has two Tool Series (Virtual Fir Tree Broach HSS and Virtual Internal Gear Broach HSS), each covering the same 91 material cut codes with Finishing/Roughing cut-type pairs. Cutting Speed is identical for Finishing and Roughing within a material code; only Feed differs. Cross-checked: the Internal Gear Broach series data was confirmed identical to the Fir Tree Broach series for every material code, which served as a built-in verification of the transcription.",364,Internal Gear Broach,"Virtual Internal Gear Broach, HSS",30.22,90,Brinell,Finishing,11.9,0.254,1000,250.0
USA reference export,Lookup Table,Machining > Lookup Tables,tblBroaching,lookupTables/Component/tblBroaching.csv,"Transcribed from 6 screenshots. Table has two Tool Series (Virtual Fir Tree Broach HSS and Virtual Internal Gear Broach HSS), each covering the same 91 material cut codes with Finishing/Roughing cut-type pairs. Cutting Speed is identical for Finishing and Roughing within a material code; only Feed differs. Cross-checked: the Internal Gear Broach series data was confirmed identical to the Fir Tree Broach series for every material code, which served as a built-in verification of the transcription.",364,Internal Gear Broach,"Virtual Internal Gear Broach, HSS",30.22,90,Brinell,Roughing,11.9,0.0889,1000,250.0
USA reference export,Lookup Table,Machining > Lookup Tables,tblBroaching,lookupTables/Component/tblBroaching.csv,"Transcribed from 6 screenshots. Table has two Tool Series (Virtual Fir Tree Broach HSS and Virtual Internal Gear Broach HSS), each covering the same 91 material cut codes with Finishing/Roughing cut-type pairs. Cutting Speed is identical for Finishing and Roughing within a material code; only Feed differs. Cross-checked: the Internal Gear Broach series data was confirmed identical to the Fir Tree Broach series for every material code, which served as a built-in verification of the transcription.",364,Internal Gear Broach,"Virtual Internal Gear Broach, HSS",30.3,30,Brinell,Finishing,25.0,0.7937,1000,250.0
USA reference export,Lookup Table,Machining > Lookup Tables,tblBroaching,lookupTables/Component/tblBroaching.csv,"Transcribed from 6 screenshots. Table has two Tool Series (Virtual Fir Tree Broach HSS and Virtual Internal Gear Broach HSS), each covering the same 91 material cut codes with Finishing/Roughing cut-type pairs. Cutting Speed is identical for Finishing and Roughing within a material code; only Feed differs. Cross-checked: the Internal Gear Broach series data was confirmed identical to the Fir Tree Broach series for every material code, which served as a built-in verification of the transcription.",364,Internal Gear Broach,"Virtual Internal Gear Broach, HSS",30.3,30,Brinell,Roughing,25.0,0.2778,1000,250.0
USA reference export,Lookup Table,Machining > Lookup Tables,tblBroaching,lookupTables/Component/tblBroaching.csv,"Transcribed from 6 screenshots. Table has two Tool Series (Virtual Fir Tree Broach HSS and Virtual Internal Gear Broach HSS), each covering the same 91 material cut codes with Finishing/Roughing cut-type pairs. Cutting Speed is identical for Finishing and Roughing within a material code; only Feed differs. Cross-checked: the Internal Gear Broach series data was confirmed identical to the Fir Tree Broach series for every material code, which served as a built-in verification of the transcription.",364,Internal Gear Broach,"Virtual Internal Gear Broach, HSS",30.41,130,Brinell,Finishing,10.0,0.635,1000,250.0
USA reference export,Lookup Table,Machining > Lookup Tables,tblBroaching,lookupTables/Component/tblBroaching.csv,"Transcribed from 6 screenshots. Table has two Tool Series (Virtual Fir Tree Broach HSS and Virtual Internal Gear Broach HSS), each covering the same 91 material cut codes with Finishing/Roughing cut-type pairs. Cutting Speed is identical for Finishing and Roughing within a material code; only Feed differs. Cross-checked: the Internal Gear Broach series data was confirmed identical to the Fir Tree Broach series for every material code, which served as a built-in verification of the transcription.",364,Internal Gear Broach,"Virtual Internal Gear Broach, HSS",30.41,130,Brinell,Roughing,10.0,0.2223,1000,250.0
USA reference export,Lookup Table,Machining > Lookup Tables,tblBroaching,lookupTables/Component/tblBroaching.csv,"Transcribed from 6 screenshots. Table has two Tool Series (Virtual Fir Tree Broach HSS and Virtual Internal Gear Broach HSS), each covering the same 91 material cut codes with Finishing/Roughing cut-type pairs. Cutting Speed is identical for Finishing and Roughing within a material code; only Feed differs. Cross-checked: the Internal Gear Broach series data was confirmed identical to the Fir Tree Broach series for every material code, which served as a built-in verification of the transcription.",364,Internal Gear Broach,"Virtual Internal Gear Broach, HSS",30.42,130,Brinell,Finishing,7.5,0.635,1000,250.0
USA reference export,Lookup Table,Machining > Lookup Tables,tblBroaching,lookupTables/Component/tblBroaching.csv,"Transcribed from 6 screenshots. Table has two Tool Series (Virtual Fir Tree Broach HSS and Virtual Internal Gear Broach HSS), each covering the same 91 material cut codes with Finishing/Roughing cut-type pairs. Cutting Speed is identical for Finishing and Roughing within a material code; only Feed differs. Cross-checked: the Internal Gear Broach series data was confirmed identical to the Fir Tree Broach series for every material code, which served as a built-in verification of the transcription.",364,Internal Gear Broach,"Virtual Internal Gear Broach, HSS",30.42,130,Brinell,Roughing,7.5,0.2223,1000,250.0
USA reference export,Lookup Table,Machining > Lookup Tables,tblBroaching,lookupTables/Component/tblBroaching.csv,"Transcribed from 6 screenshots. Table has two Tool Series (Virtual Fir Tree Broach HSS and Virtual Internal Gear Broach HSS), each covering the same 91 material cut codes with Finishing/Roughing cut-type pairs. Cutting Speed is identical for Finishing and Roughing within a material code; only Feed differs. Cross-checked: the Internal Gear Broach series data was confirmed identical to the Fir Tree Broach series for every material code, which served as a built-in verification of the transcription.",364,Internal Gear Broach,"Virtual Internal Gear Broach, HSS",33.1,110,Brinell,Finishing,11.9,0.254,1000,250.0
USA reference export,Lookup Table,Machining > Lookup Tables,tblBroaching,lookupTables/Component/tblBroaching.csv,"Transcribed from 6 screenshots. Table has two Tool Series (Virtual Fir Tree Broach HSS and Virtual Internal Gear Broach HSS), each covering the same 91 material cut codes with Finishing/Roughing cut-type pairs. Cutting Speed is identical for Finishing and Roughing within a material code; only Feed differs. Cross-checked: the Internal Gear Broach series data was confirmed identical to the Fir Tree Broach series for every material code, which served as a built-in verification of the transcription.",364,Internal Gear Broach,"Virtual Internal Gear Broach, HSS",33.1,110,Brinell,Roughing,11.9,0.0889,1000,250.0
USA reference export,Lookup Table,Machining > Lookup Tables,tblBroaching,lookupTables/Component/tblBroaching.csv,"Transcribed from 6 screenshots. Table has two Tool Series (Virtual Fir Tree Broach HSS and Virtual Internal Gear Broach HSS), each covering the same 91 material cut codes with Finishing/Roughing cut-type pairs. Cutting Speed is identical for Finishing and Roughing within a material code; only Feed differs. Cross-checked: the Internal Gear Broach series data was confirmed identical to the Fir Tree Broach series for every material code, which served as a built-in verification of the transcription.",364,Internal Gear Broach,"Virtual Internal Gear Broach, HSS",33.2,90,Brinell,Finishing,9.1,0.254,1000,250.0
USA reference export,Lookup Table,Machining > Lookup Tables,tblBroaching,lookupTables/Component/tblBroaching.csv,"Transcribed from 6 screenshots. Table has two Tool Series (Virtual Fir Tree Broach HSS and Virtual Internal Gear Broach HSS), each covering the same 91 material cut codes with Finishing/Roughing cut-type pairs. Cutting Speed is identical for Finishing and Roughing within a material code; only Feed differs. Cross-checked: the Internal Gear Broach series data was confirmed identical to the Fir Tree Broach series for every material code, which served as a built-in verification of the transcription.",364,Internal Gear Broach,"Virtual Internal Gear Broach, HSS",33.2,90,Brinell,Roughing,9.1,0.0889,1000,250.0
USA reference export,Lookup Table,Machining > Lookup Tables,tblBroaching,lookupTables/Component/tblBroaching.csv,"Transcribed from 6 screenshots. Table has two Tool Series (Virtual Fir Tree Broach HSS and Virtual Internal Gear Broach HSS), each covering the same 91 material cut codes with Finishing/Roughing cut-type pairs. Cutting Speed is identical for Finishing and Roughing within a material code; only Feed differs. Cross-checked: the Internal Gear Broach series data was confirmed identical to the Fir Tree Broach series for every material code, which served as a built-in verification of the transcription.",364,Internal Gear Broach,"Virtual Internal Gear Broach, HSS",33.3,100,Brinell,Finishing,8.6,0.254,1000,250.0
USA reference export,Lookup Table,Machining > Lookup Tables,tblBroaching,lookupTables/Component/tblBroaching.csv,"Transcribed from 6 screenshots. Table has two Tool Series (Virtual Fir Tree Broach HSS and Virtual Internal Gear Broach HSS), each covering the same 91 material cut codes with Finishing/Roughing cut-type pairs. Cutting Speed is identical for Finishing and Roughing within a material code; only Feed differs. Cross-checked: the Internal Gear Broach series data was confirmed identical to the Fir Tree Broach series for every material code, which served as a built-in verification of the transcription.",364,Internal Gear Broach,"Virtual Internal Gear Broach, HSS",33.3,100,Brinell,Roughing,8.6,0.0889,1000,250.0
USA reference export,Lookup Table,Machining > Lookup Tables,tblBroaching,lookupTables/Component/tblBroaching.csv,"Transcribed from 6 screenshots. Table has two Tool Series (Virtual Fir Tree Broach HSS and Virtual Internal Gear Broach HSS), each covering the same 91 material cut codes with Finishing/Roughing cut-type pairs. Cutting Speed is identical for Finishing and Roughing within a material code; only Feed differs. Cross-checked: the Internal Gear Broach series data was confirmed identical to the Fir Tree Broach series for every material code, which served as a built-in verification of the transcription.",364,Internal Gear Broach,"Virtual Internal Gear Broach, HSS",34.0,515,Brinell,Finishing,19.7,0.2438,1000,250.0
USA reference export,Lookup Table,Machining > Lookup Tables,tblBroaching,lookupTables/Component/tblBroaching.csv,"Transcribed from 6 screenshots. Table has two Tool Series (Virtual Fir Tree Broach HSS and Virtual Internal Gear Broach HSS), each covering the same 91 material cut codes with Finishing/Roughing cut-type pairs. Cutting Speed is identical for Finishing and Roughing within a material code; only Feed differs. Cross-checked: the Internal Gear Broach series data was confirmed identical to the Fir Tree Broach series for every material code, which served as a built-in verification of the transcription.",364,Internal Gear Broach,"Virtual Internal Gear Broach, HSS",34.0,515,Brinell,Roughing,19.7,0.0853,1000,250.0
USA reference export,Lookup Table,Machining > Lookup Tables,tblBroaching,lookupTables/Component/tblBroaching.csv,"Transcribed from 6 screenshots. Table has two Tool Series (Virtual Fir Tree Broach HSS and Virtual Internal Gear Broach HSS), each covering the same 91 material cut codes with Finishing/Roughing cut-type pairs. Cutting Speed is identical for Finishing and Roughing within a material code; only Feed differs. Cross-checked: the Internal Gear Broach series data was confirmed identical to the Fir Tree Broach series for every material code, which served as a built-in verification of the transcription.",364,Internal Gear Broach,"Virtual Internal Gear Broach, HSS",4.0,55,Rockwell C,Finishing,4.4,0.2388,1000,250.0
USA reference export,Lookup Table,Machining > Lookup Tables,tblBroaching,lookupTables/Component/tblBroaching.csv,"Transcribed from 6 screenshots. Table has two Tool Series (Virtual Fir Tree Broach HSS and Virtual Internal Gear Broach HSS), each covering the same 91 material cut codes with Finishing/Roughing cut-type pairs. Cutting Speed is identical for Finishing and Roughing within a material code; only Feed differs. Cross-checked: the Internal Gear Broach series data was confirmed identical to the Fir Tree Broach series for every material code, which served as a built-in verification of the transcription.",364,Internal Gear Broach,"Virtual Internal Gear Broach, HSS",4.0,55,Rockwell C,Roughing,4.4,0.0836,1000,250.0
USA reference export,Lookup Table,Machining > Lookup Tables,tblBroaching,lookupTables/Component/tblBroaching.csv,"Transcribed from 6 screenshots. Table has two Tool Series (Virtual Fir Tree Broach HSS and Virtual Internal Gear Broach HSS), each covering the same 91 material cut codes with Finishing/Roughing cut-type pairs. Cutting Speed is identical for Finishing and Roughing within a material code; only Feed differs. Cross-checked: the Internal Gear Broach series data was confirmed identical to the Fir Tree Broach series for every material code, which served as a built-in verification of the transcription.",364,Internal Gear Broach,"Virtual Internal Gear Broach, HSS",4.1,59,Rockwell C,Finishing,2.5,0.2388,1000,250.0
USA reference export,Lookup Table,Machining > Lookup Tables,tblBroaching,lookupTables/Component/tblBroaching.csv,"Transcribed from 6 screenshots. Table has two Tool Series (Virtual Fir Tree Broach HSS and Virtual Internal Gear Broach HSS), each covering the same 91 material cut codes with Finishing/Roughing cut-type pairs. Cutting Speed is identical for Finishing and Roughing within a material code; only Feed differs. Cross-checked: the Internal Gear Broach series data was confirmed identical to the Fir Tree Broach series for every material code, which served as a built-in verification of the transcription.",364,Internal Gear Broach,"Virtual Internal Gear Broach, HSS",4.1,59,Rockwell C,Roughing,2.5,0.0836,1000,250.0
USA reference export,Lookup Table,Machining > Lookup Tables,tblBroaching,lookupTables/Component/tblBroaching.csv,"Transcribed from 6 screenshots. Table has two Tool Series (Virtual Fir Tree Broach HSS and Virtual Internal Gear Broach HSS), each covering the same 91 material cut codes with Finishing/Roughing cut-type pairs. Cutting Speed is identical for Finishing and Roughing within a material code; only Feed differs. Cross-checked: the Internal Gear Broach series data was confirmed identical to the Fir Tree Broach series for every material code, which served as a built-in verification of the transcription.",364,Internal Gear Broach,"Virtual Internal Gear Broach, HSS",41.11,30,Brinell,Finishing,12.8,0.1956,1000,250.0
USA reference export,Lookup Table,Machining > Lookup Tables,tblBroaching,lookupTables/Component/tblBroaching.csv,"Transcribed from 6 screenshots. Table has two Tool Series (Virtual Fir Tree Broach HSS and Virtual Internal Gear Broach HSS), each covering the same 91 material cut codes with Finishing/Roughing cut-type pairs. Cutting Speed is identical for Finishing and Roughing within a material code; only Feed differs. Cross-checked: the Internal Gear Broach series data was confirmed identical to the Fir Tree Broach series for every material code, which served as a built-in verification of the transcription.",364,Internal Gear Broach,"Virtual Internal Gear Broach, HSS",41.11,30,Brinell,Roughing,12.8,0.0684,1000,250.0
USA reference export,Lookup Table,Machining > Lookup Tables,tblBroaching,lookupTables/Component/tblBroaching.csv,"Transcribed from 6 screenshots. Table has two Tool Series (Virtual Fir Tree Broach HSS and Virtual Internal Gear Broach HSS), each covering the same 91 material cut codes with Finishing/Roughing cut-type pairs. Cutting Speed is identical for Finishing and Roughing within a material code; only Feed differs. Cross-checked: the Internal Gear Broach series data was confirmed identical to the Fir Tree Broach series for every material code, which served as a built-in verification of the transcription.",364,Internal Gear Broach,"Virtual Internal Gear Broach, HSS",41.21,30,Brinell,Finishing,14.4,0.1956,1000,250.0
USA reference export,Lookup Table,Machining > Lookup Tables,tblBroaching,lookupTables/Component/tblBroaching.csv,"Transcribed from 6 screenshots. Table has two Tool Series (Virtual Fir Tree Broach HSS and Virtual Internal Gear Broach HSS), each covering the same 91 material cut codes with Finishing/Roughing cut-type pairs. Cutting Speed is identical for Finishing and Roughing within a material code; only Feed differs. Cross-checked: the Internal Gear Broach series data was confirmed identical to the Fir Tree Broach series for every material code, which served as a built-in verification of the transcription.",364,Internal Gear Broach,"Virtual Internal Gear Broach, HSS",41.21,30,Brinell,Roughing,14.4,0.0684,1000,250.0
USA reference export,Lookup Table,Machining > Lookup Tables,tblBroaching,lookupTables/Component/tblBroaching.csv,"Transcribed from 6 screenshots. Table has two Tool Series (Virtual Fir Tree Broach HSS and Virtual Internal Gear Broach HSS), each covering the same 91 material cut codes with Finishing/Roughing cut-type pairs. Cutting Speed is identical for Finishing and Roughing within a material code; only Feed differs. Cross-checked: the Internal Gear Broach series data was confirmed identical to the Fir Tree Broach series for every material code, which served as a built-in verification of the transcription.",364,Internal Gear Broach,"Virtual Internal Gear Broach, HSS",42.11,30,Brinell,Finishing,11.2,0.2934,1000,250.0
USA reference export,Lookup Table,Machining > Lookup Tables,tblBroaching,lookupTables/Component/tblBroaching.csv,"Transcribed from 6 screenshots. Table has two Tool Series (Virtual Fir Tree Broach HSS and Virtual Internal Gear Broach HSS), each covering the same 91 material cut codes with Finishing/Roughing cut-type pairs. Cutting Speed is identical for Finishing and Roughing within a material code; only Feed differs. Cross-checked: the Internal Gear Broach series data was confirmed identical to the Fir Tree Broach series for every material code, which served as a built-in verification of the transcription.",364,Internal Gear Broach,"Virtual Internal Gear Broach, HSS",42.11,30,Brinell,Roughing,11.2,0.1027,1000,250.0
USA reference export,Lookup Table,Machining > Lookup Tables,tblBroaching,lookupTables/Component/tblBroaching.csv,"Transcribed from 6 screenshots. Table has two Tool Series (Virtual Fir Tree Broach HSS and Virtual Internal Gear Broach HSS), each covering the same 91 material cut codes with Finishing/Roughing cut-type pairs. Cutting Speed is identical for Finishing and Roughing within a material code; only Feed differs. Cross-checked: the Internal Gear Broach series data was confirmed identical to the Fir Tree Broach series for every material code, which served as a built-in verification of the transcription.",364,Internal Gear Broach,"Virtual Internal Gear Broach, HSS",42.12,30,Brinell,Finishing,14.4,0.1956,1000,250.0
USA reference export,Lookup Table,Machining > Lookup Tables,tblBroaching,lookupTables/Component/tblBroaching.csv,"Transcribed from 6 screenshots. Table has two Tool Series (Virtual Fir Tree Broach HSS and Virtual Internal Gear Broach HSS), each covering the same 91 material cut codes with Finishing/Roughing cut-type pairs. Cutting Speed is identical for Finishing and Roughing within a material code; only Feed differs. Cross-checked: the Internal Gear Broach series data was confirmed identical to the Fir Tree Broach series for every material code, which served as a built-in verification of the transcription.",364,Internal Gear Broach,"Virtual Internal Gear Broach, HSS",42.12,30,Brinell,Roughing,14.4,0.0684,1000,250.0
USA reference export,Lookup Table,Machining > Lookup Tables,tblBroaching,lookupTables/Component/tblBroaching.csv,"Transcribed from 6 screenshots. Table has two Tool Series (Virtual Fir Tree Broach HSS and Virtual Internal Gear Broach HSS), each covering the same 91 material cut codes with Finishing/Roughing cut-type pairs. Cutting Speed is identical for Finishing and Roughing within a material code; only Feed differs. Cross-checked: the Internal Gear Broach series data was confirmed identical to the Fir Tree Broach series for every material code, which served as a built-in verification of the transcription.",364,Internal Gear Broach,"Virtual Internal Gear Broach, HSS",42.13,30,Brinell,Finishing,14.4,0.1956,1000,250.0
USA reference export,Lookup Table,Machining > Lookup Tables,tblBroaching,lookupTables/Component/tblBroaching.csv,"Transcribed from 6 screenshots. Table has two Tool Series (Virtual Fir Tree Broach HSS and Virtual Internal Gear Broach HSS), each covering the same 91 material cut codes with Finishing/Roughing cut-type pairs. Cutting Speed is identical for Finishing and Roughing within a material code; only Feed differs. Cross-checked: the Internal Gear Broach series data was confirmed identical to the Fir Tree Broach series for every material code, which served as a built-in verification of the transcription.",364,Internal Gear Broach,"Virtual Internal Gear Broach, HSS",42.13,30,Brinell,Roughing,14.4,0.0684,1000,250.0
USA reference export,Lookup Table,Machining > Lookup Tables,tblBroaching,lookupTables/Component/tblBroaching.csv,"Transcribed from 6 screenshots. Table has two Tool Series (Virtual Fir Tree Broach HSS and Virtual Internal Gear Broach HSS), each covering the same 91 material cut codes with Finishing/Roughing cut-type pairs. Cutting Speed is identical for Finishing and Roughing within a material code; only Feed differs. Cross-checked: the Internal Gear Broach series data was confirmed identical to the Fir Tree Broach series for every material code, which served as a built-in verification of the transcription.",364,Internal Gear Broach,"Virtual Internal Gear Broach, HSS",5.1,200,Brinell,Finishing,4.9,0.2223,1000,250.0
USA reference export,Lookup Table,Machining > Lookup Tables,tblBroaching,lookupTables/Component/tblBroaching.csv,"Transcribed from 6 screenshots. Table has two Tool Series (Virtual Fir Tree Broach HSS and Virtual Internal Gear Broach HSS), each covering the same 91 material cut codes with Finishing/Roughing cut-type pairs. Cutting Speed is identical for Finishing and Roughing within a material code; only Feed differs. Cross-checked: the Internal Gear Broach series data was confirmed identical to the Fir Tree Broach series for every material code, which served as a built-in verification of the transcription.",364,Internal Gear Broach,"Virtual Internal Gear Broach, HSS",5.1,200,Brinell,Roughing,4.9,0.0778,1000,250.0
USA reference export,Lookup Table,Machining > Lookup Tables,tblBroaching,lookupTables/Component/tblBroaching.csv,"Transcribed from 6 screenshots. Table has two Tool Series (Virtual Fir Tree Broach HSS and Virtual Internal Gear Broach HSS), each covering the same 91 material cut codes with Finishing/Roughing cut-type pairs. Cutting Speed is identical for Finishing and Roughing within a material code; only Feed differs. Cross-checked: the Internal Gear Broach series data was confirmed identical to the Fir Tree Broach series for every material code, which served as a built-in verification of the transcription.",364,Internal Gear Broach,"Virtual Internal Gear Broach, HSS",5.11,200,Brinell,Finishing,5.9,0.2223,1000,250.0
USA reference export,Lookup Table,Machining > Lookup Tables,tblBroaching,lookupTables/Component/tblBroaching.csv,"Transcribed from 6 screenshots. Table has two Tool Series (Virtual Fir Tree Broach HSS and Virtual Internal Gear Broach HSS), each covering the same 91 material cut codes with Finishing/Roughing cut-type pairs. Cutting Speed is identical for Finishing and Roughing within a material code; only Feed differs. Cross-checked: the Internal Gear Broach series data was confirmed identical to the Fir Tree Broach series for every material code, which served as a built-in verification of the transcription.",364,Internal Gear Broach,"Virtual Internal Gear Broach, HSS",5.11,200,Brinell,Roughing,5.9,0.0778,1000,250.0
USA reference export,Lookup Table,Machining > Lookup Tables,tblBroaching,lookupTables/Component/tblBroaching.csv,"Transcribed from 6 screenshots. Table has two Tool Series (Virtual Fir Tree Broach HSS and Virtual Internal Gear Broach HSS), each covering the same 91 material cut codes with Finishing/Roughing cut-type pairs. Cutting Speed is identical for Finishing and Roughing within a material code; only Feed differs. Cross-checked: the Internal Gear Broach series data was confirmed identical to the Fir Tree Broach series for every material code, which served as a built-in verification of the transcription.",364,Internal Gear Broach,"Virtual Internal Gear Broach, HSS",5.12,330,Brinell,Finishing,5.8,0.2223,1000,250.0
USA reference export,Lookup Table,Machining > Lookup Tables,tblBroaching,lookupTables/Component/tblBroaching.csv,"Transcribed from 6 screenshots. Table has two Tool Series (Virtual Fir Tree Broach HSS and Virtual Internal Gear Broach HSS), each covering the same 91 material cut codes with Finishing/Roughing cut-type pairs. Cutting Speed is identical for Finishing and Roughing within a material code; only Feed differs. Cross-checked: the Internal Gear Broach series data was confirmed identical to the Fir Tree Broach series for every material code, which served as a built-in verification of the transcription.",364,Internal Gear Broach,"Virtual Internal Gear Broach, HSS",5.12,330,Brinell,Roughing,5.8,0.0778,1000,250.0
USA reference export,Lookup Table,Machining > Lookup Tables,tblBroaching,lookupTables/Component/tblBroaching.csv,"Transcribed from 6 screenshots. Table has two Tool Series (Virtual Fir Tree Broach HSS and Virtual Internal Gear Broach HSS), each covering the same 91 material cut codes with Finishing/Roughing cut-type pairs. Cutting Speed is identical for Finishing and Roughing within a material code; only Feed differs. Cross-checked: the Internal Gear Broach series data was confirmed identical to the Fir Tree Broach series for every material code, which served as a built-in verification of the transcription.",364,Internal Gear Broach,"Virtual Internal Gear Broach, HSS",5.13,330,Brinell,Finishing,6.2,0.2223,1000,250.0
USA reference export,Lookup Table,Machining > Lookup Tables,tblBroaching,lookupTables/Component/tblBroaching.csv,"Transcribed from 6 screenshots. Table has two Tool Series (Virtual Fir Tree Broach HSS and Virtual Internal Gear Broach HSS), each covering the same 91 material cut codes with Finishing/Roughing cut-type pairs. Cutting Speed is identical for Finishing and Roughing within a material code; only Feed differs. Cross-checked: the Internal Gear Broach series data was confirmed identical to the Fir Tree Broach series for every material code, which served as a built-in verification of the transcription.",364,Internal Gear Broach,"Virtual Internal Gear Broach, HSS",5.13,330,Brinell,Roughing,6.2,0.0778,1000,250.0
USA reference export,Lookup Table,Machining > Lookup Tables,tblBroaching,lookupTables/Component/tblBroaching.csv,"Transcribed from 6 screenshots. Table has two Tool Series (Virtual Fir Tree Broach HSS and Virtual Internal Gear Broach HSS), each covering the same 91 material cut codes with Finishing/Roughing cut-type pairs. Cutting Speed is identical for Finishing and Roughing within a material code; only Feed differs. Cross-checked: the Internal Gear Broach series data was confirmed identical to the Fir Tree Broach series for every material code, which served as a built-in verification of the transcription.",364,Internal Gear Broach,"Virtual Internal Gear Broach, HSS",5.2,175,Brinell,Finishing,8.8,0.2223,1000,250.0
USA reference export,Lookup Table,Machining > Lookup Tables,tblBroaching,lookupTables/Component/tblBroaching.csv,"Transcribed from 6 screenshots. Table has two Tool Series (Virtual Fir Tree Broach HSS and Virtual Internal Gear Broach HSS), each covering the same 91 material cut codes with Finishing/Roughing cut-type pairs. Cutting Speed is identical for Finishing and Roughing within a material code; only Feed differs. Cross-checked: the Internal Gear Broach series data was confirmed identical to the Fir Tree Broach series for every material code, which served as a built-in verification of the transcription.",364,Internal Gear Broach,"Virtual Internal Gear Broach, HSS",5.2,175,Brinell,Roughing,8.8,0.0778,1000,250.0
USA reference export,Lookup Table,Machining > Lookup Tables,tblBroaching,lookupTables/Component/tblBroaching.csv,"Transcribed from 6 screenshots. Table has two Tool Series (Virtual Fir Tree Broach HSS and Virtual Internal Gear Broach HSS), each covering the same 91 material cut codes with Finishing/Roughing cut-type pairs. Cutting Speed is identical for Finishing and Roughing within a material code; only Feed differs. Cross-checked: the Internal Gear Broach series data was confirmed identical to the Fir Tree Broach series for every material code, which served as a built-in verification of the transcription.",364,Internal Gear Broach,"Virtual Internal Gear Broach, HSS",5.21,200,Brinell,Finishing,5.9,0.1905,1000,250.0
USA reference export,Lookup Table,Machining > Lookup Tables,tblBroaching,lookupTables/Component/tblBroaching.csv,"Transcribed from 6 screenshots. Table has two Tool Series (Virtual Fir Tree Broach HSS and Virtual Internal Gear Broach HSS), each covering the same 91 material cut codes with Finishing/Roughing cut-type pairs. Cutting Speed is identical for Finishing and Roughing within a material code; only Feed differs. Cross-checked: the Internal Gear Broach series data was confirmed identical to the Fir Tree Broach series for every material code, which served as a built-in verification of the transcription.",364,Internal Gear Broach,"Virtual Internal Gear Broach, HSS",5.21,200,Brinell,Roughing,5.9,0.0667,1000,250.0
USA reference export,Lookup Table,Machining > Lookup Tables,tblBroaching,lookupTables/Component/tblBroaching.csv,"Transcribed from 6 screenshots. Table has two Tool Series (Virtual Fir Tree Broach HSS and Virtual Internal Gear Broach HSS), each covering the same 91 material cut codes with Finishing/Roughing cut-type pairs. Cutting Speed is identical for Finishing and Roughing within a material code; only Feed differs. Cross-checked: the Internal Gear Broach series data was confirmed identical to the Fir Tree Broach series for every material code, which served as a built-in verification of the transcription.",364,Internal Gear Broach,"Virtual Internal Gear Broach, HSS",5.22,330,Brinell,Finishing,5.1,0.1905,1000,250.0
USA reference export,Lookup Table,Machining > Lookup Tables,tblBroaching,lookupTables/Component/tblBroaching.csv,"Transcribed from 6 screenshots. Table has two Tool Series (Virtual Fir Tree Broach HSS and Virtual Internal Gear Broach HSS), each covering the same 91 material cut codes with Finishing/Roughing cut-type pairs. Cutting Speed is identical for Finishing and Roughing within a material code; only Feed differs. Cross-checked: the Internal Gear Broach series data was confirmed identical to the Fir Tree Broach series for every material code, which served as a built-in verification of the transcription.",364,Internal Gear Broach,"Virtual Internal Gear Broach, HSS",5.22,330,Brinell,Roughing,5.1,0.0667,1000,250.0
USA reference export,Lookup Table,Machining > Lookup Tables,tblBroaching,lookupTables/Component/tblBroaching.csv,"Transcribed from 6 screenshots. Table has two Tool Series (Virtual Fir Tree Broach HSS and Virtual Internal Gear Broach HSS), each covering the same 91 material cut codes with Finishing/Roughing cut-type pairs. Cutting Speed is identical for Finishing and Roughing within a material code; only Feed differs. Cross-checked: the Internal Gear Broach series data was confirmed identical to the Fir Tree Broach series for every material code, which served as a built-in verification of the transcription.",364,Internal Gear Broach,"Virtual Internal Gear Broach, HSS",5.23,200,Brinell,Finishing,4.3,0.1905,1000,250.0
USA reference export,Lookup Table,Machining > Lookup Tables,tblBroaching,lookupTables/Component/tblBroaching.csv,"Transcribed from 6 screenshots. Table has two Tool Series (Virtual Fir Tree Broach HSS and Virtual Internal Gear Broach HSS), each covering the same 91 material cut codes with Finishing/Roughing cut-type pairs. Cutting Speed is identical for Finishing and Roughing within a material code; only Feed differs. Cross-checked: the Internal Gear Broach series data was confirmed identical to the Fir Tree Broach series for every material code, which served as a built-in verification of the transcription.",364,Internal Gear Broach,"Virtual Internal Gear Broach, HSS",5.23,200,Brinell,Roughing,4.3,0.0667,1000,250.0
USA reference export,Lookup Table,Machining > Lookup Tables,tblBroaching,lookupTables/Component/tblBroaching.csv,"Transcribed from 6 screenshots. Table has two Tool Series (Virtual Fir Tree Broach HSS and Virtual Internal Gear Broach HSS), each covering the same 91 material cut codes with Finishing/Roughing cut-type pairs. Cutting Speed is identical for Finishing and Roughing within a material code; only Feed differs. Cross-checked: the Internal Gear Broach series data was confirmed identical to the Fir Tree Broach series for every material code, which served as a built-in verification of the transcription.",364,Internal Gear Broach,"Virtual Internal Gear Broach, HSS",5.51,230,Brinell,Finishing,4.4,0.1905,1000,250.0
USA reference export,Lookup Table,Machining > Lookup Tables,tblBroaching,lookupTables/Component/tblBroaching.csv,"Transcribed from 6 screenshots. Table has two Tool Series (Virtual Fir Tree Broach HSS and Virtual Internal Gear Broach HSS), each covering the same 91 material cut codes with Finishing/Roughing cut-type pairs. Cutting Speed is identical for Finishing and Roughing within a material code; only Feed differs. Cross-checked: the Internal Gear Broach series data was confirmed identical to the Fir Tree Broach series for every material code, which served as a built-in verification of the transcription.",364,Internal Gear Broach,"Virtual Internal Gear Broach, HSS",5.51,230,Brinell,Roughing,4.4,0.0667,1000,250.0
USA reference export,Lookup Table,Machining > Lookup Tables,tblBroaching,lookupTables/Component/tblBroaching.csv,"Transcribed from 6 screenshots. Table has two Tool Series (Virtual Fir Tree Broach HSS and Virtual Internal Gear Broach HSS), each covering the same 91 material cut codes with Finishing/Roughing cut-type pairs. Cutting Speed is identical for Finishing and Roughing within a material code; only Feed differs. Cross-checked: the Internal Gear Broach series data was confirmed identical to the Fir Tree Broach series for every material code, which served as a built-in verification of the transcription.",364,Internal Gear Broach,"Virtual Internal Gear Broach, HSS",5.52,260,Brinell,Finishing,4.4,0.1905,1000,250.0
USA reference export,Lookup Table,Machining > Lookup Tables,tblBroaching,lookupTables/Component/tblBroaching.csv,"Transcribed from 6 screenshots. Table has two Tool Series (Virtual Fir Tree Broach HSS and Virtual Internal Gear Broach HSS), each covering the same 91 material cut codes with Finishing/Roughing cut-type pairs. Cutting Speed is identical for Finishing and Roughing within a material code; only Feed differs. Cross-checked: the Internal Gear Broach series data was confirmed identical to the Fir Tree Broach series for every material code, which served as a built-in verification of the transcription.",364,Internal Gear Broach,"Virtual Internal Gear Broach, HSS",5.52,260,Brinell,Roughing,4.4,0.0667,1000,250.0
USA reference export,Lookup Table,Machining > Lookup Tables,tblBroaching,lookupTables/Component/tblBroaching.csv,"Transcribed from 6 screenshots. Table has two Tool Series (Virtual Fir Tree Broach HSS and Virtual Internal Gear Broach HSS), each covering the same 91 material cut codes with Finishing/Roughing cut-type pairs. Cutting Speed is identical for Finishing and Roughing within a material code; only Feed differs. Cross-checked: the Internal Gear Broach series data was confirmed identical to the Fir Tree Broach series for every material code, which served as a built-in verification of the transcription.",364,Internal Gear Broach,"Virtual Internal Gear Broach, HSS",51.21,30,Brinell,Finishing,26.1,0.2934,1000,250.0
USA reference export,Lookup Table,Machining > Lookup Tables,tblBroaching,lookupTables/Component/tblBroaching.csv,"Transcribed from 6 screenshots. Table has two Tool Series (Virtual Fir Tree Broach HSS and Virtual Internal Gear Broach HSS), each covering the same 91 material cut codes with Finishing/Roughing cut-type pairs. Cutting Speed is identical for Finishing and Roughing within a material code; only Feed differs. Cross-checked: the Internal Gear Broach series data was confirmed identical to the Fir Tree Broach series for every material code, which served as a built-in verification of the transcription.",364,Internal Gear Broach,"Virtual Internal Gear Broach, HSS",51.21,30,Brinell,Roughing,26.1,0.1027,1000,250.0
USA reference export,Lookup Table,Machining > Lookup Tables,tblBroaching,lookupTables/Component/tblBroaching.csv,"Transcribed from 6 screenshots. Table has two Tool Series (Virtual Fir Tree Broach HSS and Virtual Internal Gear Broach HSS), each covering the same 91 material cut codes with Finishing/Roughing cut-type pairs. Cutting Speed is identical for Finishing and Roughing within a material code; only Feed differs. Cross-checked: the Internal Gear Broach series data was confirmed identical to the Fir Tree Broach series for every material code, which served as a built-in verification of the transcription.",364,Internal Gear Broach,"Virtual Internal Gear Broach, HSS",51.22,30,Brinell,Finishing,26.1,0.2934,1000,250.0
USA reference export,Lookup Table,Machining > Lookup Tables,tblBroaching,lookupTables/Component/tblBroaching.csv,"Transcribed from 6 screenshots. Table has two Tool Series (Virtual Fir Tree Broach HSS and Virtual Internal Gear Broach HSS), each covering the same 91 material cut codes with Finishing/Roughing cut-type pairs. Cutting Speed is identical for Finishing and Roughing within a material code; only Feed differs. Cross-checked: the Internal Gear Broach series data was confirmed identical to the Fir Tree Broach series for every material code, which served as a built-in verification of the transcription.",364,Internal Gear Broach,"Virtual Internal Gear Broach, HSS",51.22,30,Brinell,Roughing,26.1,0.1027,1000,250.0
USA reference export,Lookup Table,Machining > Lookup Tables,tblBroaching,lookupTables/Component/tblBroaching.csv,"Transcribed from 6 screenshots. Table has two Tool Series (Virtual Fir Tree Broach HSS and Virtual Internal Gear Broach HSS), each covering the same 91 material cut codes with Finishing/Roughing cut-type pairs. Cutting Speed is identical for Finishing and Roughing within a material code; only Feed differs. Cross-checked: the Internal Gear Broach series data was confirmed identical to the Fir Tree Broach series for every material code, which served as a built-in verification of the transcription.",364,Internal Gear Broach,"Virtual Internal Gear Broach, HSS",51.31,30,Brinell,Finishing,32.5,0.2934,1000,250.0
USA reference export,Lookup Table,Machining > Lookup Tables,tblBroaching,lookupTables/Component/tblBroaching.csv,"Transcribed from 6 screenshots. Table has two Tool Series (Virtual Fir Tree Broach HSS and Virtual Internal Gear Broach HSS), each covering the same 91 material cut codes with Finishing/Roughing cut-type pairs. Cutting Speed is identical for Finishing and Roughing within a material code; only Feed differs. Cross-checked: the Internal Gear Broach series data was confirmed identical to the Fir Tree Broach series for every material code, which served as a built-in verification of the transcription.",364,Internal Gear Broach,"Virtual Internal Gear Broach, HSS",51.31,30,Brinell,Roughing,32.5,0.1027,1000,250.0
USA reference export,Lookup Table,Machining > Lookup Tables,tblBroaching,lookupTables/Component/tblBroaching.csv,"Transcribed from 6 screenshots. Table has two Tool Series (Virtual Fir Tree Broach HSS and Virtual Internal Gear Broach HSS), each covering the same 91 material cut codes with Finishing/Roughing cut-type pairs. Cutting Speed is identical for Finishing and Roughing within a material code; only Feed differs. Cross-checked: the Internal Gear Broach series data was confirmed identical to the Fir Tree Broach series for every material code, which served as a built-in verification of the transcription.",364,Internal Gear Broach,"Virtual Internal Gear Broach, HSS",51.32,30,Brinell,Finishing,32.5,0.2934,1000,250.0
USA reference export,Lookup Table,Machining > Lookup Tables,tblBroaching,lookupTables/Component/tblBroaching.csv,"Transcribed from 6 screenshots. Table has two Tool Series (Virtual Fir Tree Broach HSS and Virtual Internal Gear Broach HSS), each covering the same 91 material cut codes with Finishing/Roughing cut-type pairs. Cutting Speed is identical for Finishing and Roughing within a material code; only Feed differs. Cross-checked: the Internal Gear Broach series data was confirmed identical to the Fir Tree Broach series for every material code, which served as a built-in verification of the transcription.",364,Internal Gear Broach,"Virtual Internal Gear Broach, HSS",51.32,30,Brinell,Roughing,32.5,0.1027,1000,250.0
USA reference export,Lookup Table,Machining > Lookup Tables,tblBroaching,lookupTables/Component/tblBroaching.csv,"Transcribed from 6 screenshots. Table has two Tool Series (Virtual Fir Tree Broach HSS and Virtual Internal Gear Broach HSS), each covering the same 91 material cut codes with Finishing/Roughing cut-type pairs. Cutting Speed is identical for Finishing and Roughing within a material code; only Feed differs. Cross-checked: the Internal Gear Broach series data was confirmed identical to the Fir Tree Broach series for every material code, which served as a built-in verification of the transcription.",364,Internal Gear Broach,"Virtual Internal Gear Broach, HSS",52.11,30,Brinell,Finishing,14.4,0.2934,1000,250.0
USA reference export,Lookup Table,Machining > Lookup Tables,tblBroaching,lookupTables/Component/tblBroaching.csv,"Transcribed from 6 screenshots. Table has two Tool Series (Virtual Fir Tree Broach HSS and Virtual Internal Gear Broach HSS), each covering the same 91 material cut codes with Finishing/Roughing cut-type pairs. Cutting Speed is identical for Finishing and Roughing within a material code; only Feed differs. Cross-checked: the Internal Gear Broach series data was confirmed identical to the Fir Tree Broach series for every material code, which served as a built-in verification of the transcription.",364,Internal Gear Broach,"Virtual Internal Gear Broach, HSS",52.11,30,Brinell,Roughing,14.4,0.1027,1000,250.0
USA reference export,Lookup Table,Machining > Lookup Tables,tblBroaching,lookupTables/Component/tblBroaching.csv,"Transcribed from 6 screenshots. Table has two Tool Series (Virtual Fir Tree Broach HSS and Virtual Internal Gear Broach HSS), each covering the same 91 material cut codes with Finishing/Roughing cut-type pairs. Cutting Speed is identical for Finishing and Roughing within a material code; only Feed differs. Cross-checked: the Internal Gear Broach series data was confirmed identical to the Fir Tree Broach series for every material code, which served as a built-in verification of the transcription.",364,Internal Gear Broach,"Virtual Internal Gear Broach, HSS",52.12,30,Brinell,Finishing,18.1,0.2934,1000,250.0
USA reference export,Lookup Table,Machining > Lookup Tables,tblBroaching,lookupTables/Component/tblBroaching.csv,"Transcribed from 6 screenshots. Table has two Tool Series (Virtual Fir Tree Broach HSS and Virtual Internal Gear Broach HSS), each covering the same 91 material cut codes with Finishing/Roughing cut-type pairs. Cutting Speed is identical for Finishing and Roughing within a material code; only Feed differs. Cross-checked: the Internal Gear Broach series data was confirmed identical to the Fir Tree Broach series for every material code, which served as a built-in verification of the transcription.",364,Internal Gear Broach,"Virtual Internal Gear Broach, HSS",52.12,30,Brinell,Roughing,18.1,0.1027,1000,250.0
USA reference export,Lookup Table,Machining > Lookup Tables,tblBroaching,lookupTables/Component/tblBroaching.csv,"Transcribed from 6 screenshots. Table has two Tool Series (Virtual Fir Tree Broach HSS and Virtual Internal Gear Broach HSS), each covering the same 91 material cut codes with Finishing/Roughing cut-type pairs. Cutting Speed is identical for Finishing and Roughing within a material code; only Feed differs. Cross-checked: the Internal Gear Broach series data was confirmed identical to the Fir Tree Broach series for every material code, which served as a built-in verification of the transcription.",364,Internal Gear Broach,"Virtual Internal Gear Broach, HSS",52.13,30,Brinell,Finishing,18.1,0.2934,1000,250.0
USA reference export,Lookup Table,Machining > Lookup Tables,tblBroaching,lookupTables/Component/tblBroaching.csv,"Transcribed from 6 screenshots. Table has two Tool Series (Virtual Fir Tree Broach HSS and Virtual Internal Gear Broach HSS), each covering the same 91 material cut codes with Finishing/Roughing cut-type pairs. Cutting Speed is identical for Finishing and Roughing within a material code; only Feed differs. Cross-checked: the Internal Gear Broach series data was confirmed identical to the Fir Tree Broach series for every material code, which served as a built-in verification of the transcription.",364,Internal Gear Broach,"Virtual Internal Gear Broach, HSS",52.13,30,Brinell,Roughing,18.1,0.1027,1000,250.0
USA reference export,Lookup Table,Machining > Lookup Tables,tblBroaching,lookupTables/Component/tblBroaching.csv,"Transcribed from 6 screenshots. Table has two Tool Series (Virtual Fir Tree Broach HSS and Virtual Internal Gear Broach HSS), each covering the same 91 material cut codes with Finishing/Roughing cut-type pairs. Cutting Speed is identical for Finishing and Roughing within a material code; only Feed differs. Cross-checked: the Internal Gear Broach series data was confirmed identical to the Fir Tree Broach series for every material code, which served as a built-in verification of the transcription.",364,Internal Gear Broach,"Virtual Internal Gear Broach, HSS",52.14,30,Brinell,Finishing,18.1,0.1956,1000,250.0
USA reference export,Lookup Table,Machining > Lookup Tables,tblBroaching,lookupTables/Component/tblBroaching.csv,"Transcribed from 6 screenshots. Table has two Tool Series (Virtual Fir Tree Broach HSS and Virtual Internal Gear Broach HSS), each covering the same 91 material cut codes with Finishing/Roughing cut-type pairs. Cutting Speed is identical for Finishing and Roughing within a material code; only Feed differs. Cross-checked: the Internal Gear Broach series data was confirmed identical to the Fir Tree Broach series for every material code, which served as a built-in verification of the transcription.",364,Internal Gear Broach,"Virtual Internal Gear Broach, HSS",52.14,30,Brinell,Roughing,18.1,0.0684,1000,250.0
USA reference export,Lookup Table,Machining > Lookup Tables,tblBroaching,lookupTables/Component/tblBroaching.csv,"Transcribed from 6 screenshots. Table has two Tool Series (Virtual Fir Tree Broach HSS and Virtual Internal Gear Broach HSS), each covering the same 91 material cut codes with Finishing/Roughing cut-type pairs. Cutting Speed is identical for Finishing and Roughing within a material code; only Feed differs. Cross-checked: the Internal Gear Broach series data was confirmed identical to the Fir Tree Broach series for every material code, which served as a built-in verification of the transcription.",364,Internal Gear Broach,"Virtual Internal Gear Broach, HSS",52.15,30,Brinell,Finishing,24.5,0.2934,1000,250.0
USA reference export,Lookup Table,Machining > Lookup Tables,tblBroaching,lookupTables/Component/tblBroaching.csv,"Transcribed from 6 screenshots. Table has two Tool Series (Virtual Fir Tree Broach HSS and Virtual Internal Gear Broach HSS), each covering the same 91 material cut codes with Finishing/Roughing cut-type pairs. Cutting Speed is identical for Finishing and Roughing within a material code; only Feed differs. Cross-checked: the Internal Gear Broach series data was confirmed identical to the Fir Tree Broach series for every material code, which served as a built-in verification of the transcription.",364,Internal Gear Broach,"Virtual Internal Gear Broach, HSS",52.15,30,Brinell,Roughing,24.5,0.1027,1000,250.0
USA reference export,Lookup Table,Machining > Lookup Tables,tblBroaching,lookupTables/Component/tblBroaching.csv,"Transcribed from 6 screenshots. Table has two Tool Series (Virtual Fir Tree Broach HSS and Virtual Internal Gear Broach HSS), each covering the same 91 material cut codes with Finishing/Roughing cut-type pairs. Cutting Speed is identical for Finishing and Roughing within a material code; only Feed differs. Cross-checked: the Internal Gear Broach series data was confirmed identical to the Fir Tree Broach series for every material code, which served as a built-in verification of the transcription.",364,Internal Gear Broach,"Virtual Internal Gear Broach, HSS",52.21,30,Brinell,Finishing,24.5,0.2934,1000,250.0
USA reference export,Lookup Table,Machining > Lookup Tables,tblBroaching,lookupTables/Component/tblBroaching.csv,"Transcribed from 6 screenshots. Table has two Tool Series (Virtual Fir Tree Broach HSS and Virtual Internal Gear Broach HSS), each covering the same 91 material cut codes with Finishing/Roughing cut-type pairs. Cutting Speed is identical for Finishing and Roughing within a material code; only Feed differs. Cross-checked: the Internal Gear Broach series data was confirmed identical to the Fir Tree Broach series for every material code, which served as a built-in verification of the transcription.",364,Internal Gear Broach,"Virtual Internal Gear Broach, HSS",52.21,30,Brinell,Roughing,24.5,0.1027,1000,250.0
USA reference export,Lookup Table,Machining > Lookup Tables,tblBroaching,lookupTables/Component/tblBroaching.csv,"Transcribed from 6 screenshots. Table has two Tool Series (Virtual Fir Tree Broach HSS and Virtual Internal Gear Broach HSS), each covering the same 91 material cut codes with Finishing/Roughing cut-type pairs. Cutting Speed is identical for Finishing and Roughing within a material code; only Feed differs. Cross-checked: the Internal Gear Broach series data was confirmed identical to the Fir Tree Broach series for every material code, which served as a built-in verification of the transcription.",364,Internal Gear Broach,"Virtual Internal Gear Broach, HSS",52.31,30,Brinell,Finishing,32.5,0.2934,1000,250.0
USA reference export,Lookup Table,Machining > Lookup Tables,tblBroaching,lookupTables/Component/tblBroaching.csv,"Transcribed from 6 screenshots. Table has two Tool Series (Virtual Fir Tree Broach HSS and Virtual Internal Gear Broach HSS), each covering the same 91 material cut codes with Finishing/Roughing cut-type pairs. Cutting Speed is identical for Finishing and Roughing within a material code; only Feed differs. Cross-checked: the Internal Gear Broach series data was confirmed identical to the Fir Tree Broach series for every material code, which served as a built-in verification of the transcription.",364,Internal Gear Broach,"Virtual Internal Gear Broach, HSS",52.31,30,Brinell,Roughing,32.5,0.1027,1000,250.0
USA reference export,Lookup Table,Machining > Lookup Tables,tblBroaching,lookupTables/Component/tblBroaching.csv,"Transcribed from 6 screenshots. Table has two Tool Series (Virtual Fir Tree Broach HSS and Virtual Internal Gear Broach HSS), each covering the same 91 material cut codes with Finishing/Roughing cut-type pairs. Cutting Speed is identical for Finishing and Roughing within a material code; only Feed differs. Cross-checked: the Internal Gear Broach series data was confirmed identical to the Fir Tree Broach series for every material code, which served as a built-in verification of the transcription.",364,Internal Gear Broach,"Virtual Internal Gear Broach, HSS",52.32,30,Brinell,Finishing,32.5,0.2934,1000,250.0
USA reference export,Lookup Table,Machining > Lookup Tables,tblBroaching,lookupTables/Component/tblBroaching.csv,"Transcribed from 6 screenshots. Table has two Tool Series (Virtual Fir Tree Broach HSS and Virtual Internal Gear Broach HSS), each covering the same 91 material cut codes with Finishing/Roughing cut-type pairs. Cutting Speed is identical for Finishing and Roughing within a material code; only Feed differs. Cross-checked: the Internal Gear Broach series data was confirmed identical to the Fir Tree Broach series for every material code, which served as a built-in verification of the transcription.",364,Internal Gear Broach,"Virtual Internal Gear Broach, HSS",52.32,30,Brinell,Roughing,32.5,0.1027,1000,250.0
USA reference export,Lookup Table,Machining > Lookup Tables,tblBroaching,lookupTables/Component/tblBroaching.csv,"Transcribed from 6 screenshots. Table has two Tool Series (Virtual Fir Tree Broach HSS and Virtual Internal Gear Broach HSS), each covering the same 91 material cut codes with Finishing/Roughing cut-type pairs. Cutting Speed is identical for Finishing and Roughing within a material code; only Feed differs. Cross-checked: the Internal Gear Broach series data was confirmed identical to the Fir Tree Broach series for every material code, which served as a built-in verification of the transcription.",364,Internal Gear Broach,"Virtual Internal Gear Broach, HSS",6.1,150,Brinell,Finishing,7.9,0.127,1000,250.0
USA reference export,Lookup Table,Machining > Lookup Tables,tblBroaching,lookupTables/Component/tblBroaching.csv,"Transcribed from 6 screenshots. Table has two Tool Series (Virtual Fir Tree Broach HSS and Virtual Internal Gear Broach HSS), each covering the same 91 material cut codes with Finishing/Roughing cut-type pairs. Cutting Speed is identical for Finishing and Roughing within a material code; only Feed differs. Cross-checked: the Internal Gear Broach series data was confirmed identical to the Fir Tree Broach series for every material code, which served as a built-in verification of the transcription.",364,Internal Gear Broach,"Virtual Internal Gear Broach, HSS",6.1,150,Brinell,Roughing,7.9,0.0445,1000,250.0
USA reference export,Lookup Table,Machining > Lookup Tables,tblBroaching,lookupTables/Component/tblBroaching.csv,"Transcribed from 6 screenshots. Table has two Tool Series (Virtual Fir Tree Broach HSS and Virtual Internal Gear Broach HSS), each covering the same 91 material cut codes with Finishing/Roughing cut-type pairs. Cutting Speed is identical for Finishing and Roughing within a material code; only Feed differs. Cross-checked: the Internal Gear Broach series data was confirmed identical to the Fir Tree Broach series for every material code, which served as a built-in verification of the transcription.",364,Internal Gear Broach,"Virtual Internal Gear Broach, HSS",6.2,200,Brinell,Finishing,6.3,0.1905,1000,250.0
USA reference export,Lookup Table,Machining > Lookup Tables,tblBroaching,lookupTables/Component/tblBroaching.csv,"Transcribed from 6 screenshots. Table has two Tool Series (Virtual Fir Tree Broach HSS and Virtual Internal Gear Broach HSS), each covering the same 91 material cut codes with Finishing/Roughing cut-type pairs. Cutting Speed is identical for Finishing and Roughing within a material code; only Feed differs. Cross-checked: the Internal Gear Broach series data was confirmed identical to the Fir Tree Broach series for every material code, which served as a built-in verification of the transcription.",364,Internal Gear Broach,"Virtual Internal Gear Broach, HSS",6.2,200,Brinell,Roughing,6.3,0.0667,1000,250.0
USA reference export,Lookup Table,Machining > Lookup Tables,tblBroaching,lookupTables/Component/tblBroaching.csv,"Transcribed from 6 screenshots. Table has two Tool Series (Virtual Fir Tree Broach HSS and Virtual Internal Gear Broach HSS), each covering the same 91 material cut codes with Finishing/Roughing cut-type pairs. Cutting Speed is identical for Finishing and Roughing within a material code; only Feed differs. Cross-checked: the Internal Gear Broach series data was confirmed identical to the Fir Tree Broach series for every material code, which served as a built-in verification of the transcription.",364,Internal Gear Broach,"Virtual Internal Gear Broach, HSS",6.3,200,Brinell,Finishing,4.5,0.1753,1000,250.0
USA reference export,Lookup Table,Machining > Lookup Tables,tblBroaching,lookupTables/Component/tblBroaching.csv,"Transcribed from 6 screenshots. Table has two Tool Series (Virtual Fir Tree Broach HSS and Virtual Internal Gear Broach HSS), each covering the same 91 material cut codes with Finishing/Roughing cut-type pairs. Cutting Speed is identical for Finishing and Roughing within a material code; only Feed differs. Cross-checked: the Internal Gear Broach series data was confirmed identical to the Fir Tree Broach series for every material code, which served as a built-in verification of the transcription.",364,Internal Gear Broach,"Virtual Internal Gear Broach, HSS",6.3,200,Brinell,Roughing,4.5,0.0613,1000,250.0
USA reference export,Lookup Table,Machining > Lookup Tables,tblBroaching,lookupTables/Component/tblBroaching.csv,"Transcribed from 6 screenshots. Table has two Tool Series (Virtual Fir Tree Broach HSS and Virtual Internal Gear Broach HSS), each covering the same 91 material cut codes with Finishing/Roughing cut-type pairs. Cutting Speed is identical for Finishing and Roughing within a material code; only Feed differs. Cross-checked: the Internal Gear Broach series data was confirmed identical to the Fir Tree Broach series for every material code, which served as a built-in verification of the transcription.",364,Internal Gear Broach,"Virtual Internal Gear Broach, HSS",6.32,200,Brinell,Finishing,3.0,0.1753,1000,250.0
USA reference export,Lookup Table,Machining > Lookup Tables,tblBroaching,lookupTables/Component/tblBroaching.csv,"Transcribed from 6 screenshots. Table has two Tool Series (Virtual Fir Tree Broach HSS and Virtual Internal Gear Broach HSS), each covering the same 91 material cut codes with Finishing/Roughing cut-type pairs. Cutting Speed is identical for Finishing and Roughing within a material code; only Feed differs. Cross-checked: the Internal Gear Broach series data was confirmed identical to the Fir Tree Broach series for every material code, which served as a built-in verification of the transcription.",364,Internal Gear Broach,"Virtual Internal Gear Broach, HSS",6.32,200,Brinell,Roughing,3.0,0.0613,1000,250.0
USA reference export,Lookup Table,Machining > Lookup Tables,tblBroaching,lookupTables/Component/tblBroaching.csv,"Transcribed from 6 screenshots. Table has two Tool Series (Virtual Fir Tree Broach HSS and Virtual Internal Gear Broach HSS), each covering the same 91 material cut codes with Finishing/Roughing cut-type pairs. Cutting Speed is identical for Finishing and Roughing within a material code; only Feed differs. Cross-checked: the Internal Gear Broach series data was confirmed identical to the Fir Tree Broach series for every material code, which served as a built-in verification of the transcription.",364,Internal Gear Broach,"Virtual Internal Gear Broach, HSS",6.33,250,Brinell,Finishing,2.4,0.1753,1000,250.0
USA reference export,Lookup Table,Machining > Lookup Tables,tblBroaching,lookupTables/Component/tblBroaching.csv,"Transcribed from 6 screenshots. Table has two Tool Series (Virtual Fir Tree Broach HSS and Virtual Internal Gear Broach HSS), each covering the same 91 material cut codes with Finishing/Roughing cut-type pairs. Cutting Speed is identical for Finishing and Roughing within a material code; only Feed differs. Cross-checked: the Internal Gear Broach series data was confirmed identical to the Fir Tree Broach series for every material code, which served as a built-in verification of the transcription.",364,Internal Gear Broach,"Virtual Internal Gear Broach, HSS",6.33,250,Brinell,Roughing,2.4,0.0613,1000,250.0
USA reference export,Lookup Table,Machining > Lookup Tables,tblBroaching,lookupTables/Component/tblBroaching.csv,"Transcribed from 6 screenshots. Table has two Tool Series (Virtual Fir Tree Broach HSS and Virtual Internal Gear Broach HSS), each covering the same 91 material cut codes with Finishing/Roughing cut-type pairs. Cutting Speed is identical for Finishing and Roughing within a material code; only Feed differs. Cross-checked: the Internal Gear Broach series data was confirmed identical to the Fir Tree Broach series for every material code, which served as a built-in verification of the transcription.",364,Internal Gear Broach,"Virtual Internal Gear Broach, HSS",7.1,130,Brinell,Finishing,6.7,0.2858,1000,250.0
USA reference export,Lookup Table,Machining > Lookup Tables,tblBroaching,lookupTables/Component/tblBroaching.csv,"Transcribed from 6 screenshots. Table has two Tool Series (Virtual Fir Tree Broach HSS and Virtual Internal Gear Broach HSS), each covering the same 91 material cut codes with Finishing/Roughing cut-type pairs. Cutting Speed is identical for Finishing and Roughing within a material code; only Feed differs. Cross-checked: the Internal Gear Broach series data was confirmed identical to the Fir Tree Broach series for every material code, which served as a built-in verification of the transcription.",364,Internal Gear Broach,"Virtual Internal Gear Broach, HSS",7.1,130,Brinell,Roughing,6.7,0.1,1000,250.0
USA reference export,Lookup Table,Machining > Lookup Tables,tblBroaching,lookupTables/Component/tblBroaching.csv,"Transcribed from 6 screenshots. Table has two Tool Series (Virtual Fir Tree Broach HSS and Virtual Internal Gear Broach HSS), each covering the same 91 material cut codes with Finishing/Roughing cut-type pairs. Cutting Speed is identical for Finishing and Roughing within a material code; only Feed differs. Cross-checked: the Internal Gear Broach series data was confirmed identical to the Fir Tree Broach series for every material code, which served as a built-in verification of the transcription.",364,Internal Gear Broach,"Virtual Internal Gear Broach, HSS",7.2,230,Brinell,Finishing,5.5,0.2223,1000,250.0
USA reference export,Lookup Table,Machining > Lookup Tables,tblBroaching,lookupTables/Component/tblBroaching.csv,"Transcribed from 6 screenshots. Table has two Tool Series (Virtual Fir Tree Broach HSS and Virtual Internal Gear Broach HSS), each covering the same 91 material cut codes with Finishing/Roughing cut-type pairs. Cutting Speed is identical for Finishing and Roughing within a material code; only Feed differs. Cross-checked: the Internal Gear Broach series data was confirmed identical to the Fir Tree Broach series for every material code, which served as a built-in verification of the transcription.",364,Internal Gear Broach,"Virtual Internal Gear Broach, HSS",7.2,230,Brinell,Roughing,5.5,0.0778,1000,250.0
USA reference export,Lookup Table,Machining > Lookup Tables,tblBroaching,lookupTables/Component/tblBroaching.csv,"Transcribed from 6 screenshots. Table has two Tool Series (Virtual Fir Tree Broach HSS and Virtual Internal Gear Broach HSS), each covering the same 91 material cut codes with Finishing/Roughing cut-type pairs. Cutting Speed is identical for Finishing and Roughing within a material code; only Feed differs. Cross-checked: the Internal Gear Broach series data was confirmed identical to the Fir Tree Broach series for every material code, which served as a built-in verification of the transcription.",364,Internal Gear Broach,"Virtual Internal Gear Broach, HSS",7.3,250,Brinell,Finishing,5.3,0.1588,1000,250.0
USA reference export,Lookup Table,Machining > Lookup Tables,tblBroaching,lookupTables/Component/tblBroaching.csv,"Transcribed from 6 screenshots. Table has two Tool Series (Virtual Fir Tree Broach HSS and Virtual Internal Gear Broach HSS), each covering the same 91 material cut codes with Finishing/Roughing cut-type pairs. Cutting Speed is identical for Finishing and Roughing within a material code; only Feed differs. Cross-checked: the Internal Gear Broach series data was confirmed identical to the Fir Tree Broach series for every material code, which served as a built-in verification of the transcription.",364,Internal Gear Broach,"Virtual Internal Gear Broach, HSS",7.3,250,Brinell,Roughing,5.3,0.0556,1000,250.0
USA reference export,Lookup Table,Machining > Lookup Tables,tblBroaching,lookupTables/Component/tblBroaching.csv,"Transcribed from 6 screenshots. Table has two Tool Series (Virtual Fir Tree Broach HSS and Virtual Internal Gear Broach HSS), each covering the same 91 material cut codes with Finishing/Roughing cut-type pairs. Cutting Speed is identical for Finishing and Roughing within a material code; only Feed differs. Cross-checked: the Internal Gear Broach series data was confirmed identical to the Fir Tree Broach series for every material code, which served as a built-in verification of the transcription.",364,Internal Gear Broach,"Virtual Internal Gear Broach, HSS",8.1,180,Brinell,Finishing,9.9,0.2858,1000,250.0
USA reference export,Lookup Table,Machining > Lookup Tables,tblBroaching,lookupTables/Component/tblBroaching.csv,"Transcribed from 6 screenshots. Table has two Tool Series (Virtual Fir Tree Broach HSS and Virtual Internal Gear Broach HSS), each covering the same 91 material cut codes with Finishing/Roughing cut-type pairs. Cutting Speed is identical for Finishing and Roughing within a material code; only Feed differs. Cross-checked: the Internal Gear Broach series data was confirmed identical to the Fir Tree Broach series for every material code, which served as a built-in verification of the transcription.",364,Internal Gear Broach,"Virtual Internal Gear Broach, HSS",8.1,180,Brinell,Roughing,9.9,0.1,1000,250.0
USA reference export,Lookup Table,Machining > Lookup Tables,tblBroaching,lookupTables/Component/tblBroaching.csv,"Transcribed from 6 screenshots. Table has two Tool Series (Virtual Fir Tree Broach HSS and Virtual Internal Gear Broach HSS), each covering the same 91 material cut codes with Finishing/Roughing cut-type pairs. Cutting Speed is identical for Finishing and Roughing within a material code; only Feed differs. Cross-checked: the Internal Gear Broach series data was confirmed identical to the Fir Tree Broach series for every material code, which served as a built-in verification of the transcription.",364,Internal Gear Broach,"Virtual Internal Gear Broach, HSS",8.2,220,Brinell,Finishing,6.7,0.2223,1000,250.0
USA reference export,Lookup Table,Machining > Lookup Tables,tblBroaching,lookupTables/Component/tblBroaching.csv,"Transcribed from 6 screenshots. Table has two Tool Series (Virtual Fir Tree Broach HSS and Virtual Internal Gear Broach HSS), each covering the same 91 material cut codes with Finishing/Roughing cut-type pairs. Cutting Speed is identical for Finishing and Roughing within a material code; only Feed differs. Cross-checked: the Internal Gear Broach series data was confirmed identical to the Fir Tree Broach series for every material code, which served as a built-in verification of the transcription.",364,Internal Gear Broach,"Virtual Internal Gear Broach, HSS",8.2,220,Brinell,Roughing,6.7,0.0778,1000,250.0
USA reference export,Lookup Table,Machining > Lookup Tables,tblBroaching,lookupTables/Component/tblBroaching.csv,"Transcribed from 6 screenshots. Table has two Tool Series (Virtual Fir Tree Broach HSS and Virtual Internal Gear Broach HSS), each covering the same 91 material cut codes with Finishing/Roughing cut-type pairs. Cutting Speed is identical for Finishing and Roughing within a material code; only Feed differs. Cross-checked: the Internal Gear Broach series data was confirmed identical to the Fir Tree Broach series for every material code, which served as a built-in verification of the transcription.",364,Internal Gear Broach,"Virtual Internal Gear Broach, HSS",8.3,175,Brinell,Finishing,7.7,0.1588,1000,250.0
USA reference export,Lookup Table,Machining > Lookup Tables,tblBroaching,lookupTables/Component/tblBroaching.csv,"Transcribed from 6 screenshots. Table has two Tool Series (Virtual Fir Tree Broach HSS and Virtual Internal Gear Broach HSS), each covering the same 91 material cut codes with Finishing/Roughing cut-type pairs. Cutting Speed is identical for Finishing and Roughing within a material code; only Feed differs. Cross-checked: the Internal Gear Broach series data was confirmed identical to the Fir Tree Broach series for every material code, which served as a built-in verification of the transcription.",364,Internal Gear Broach,"Virtual Internal Gear Broach, HSS",8.3,175,Brinell,Roughing,7.7,0.0556,1000,250.0
USA reference export,Lookup Table,Machining > Lookup Tables,tblBroaching,lookupTables/Component/tblBroaching.csv,"Transcribed from 6 screenshots. Table has two Tool Series (Virtual Fir Tree Broach HSS and Virtual Internal Gear Broach HSS), each covering the same 91 material cut codes with Finishing/Roughing cut-type pairs. Cutting Speed is identical for Finishing and Roughing within a material code; only Feed differs. Cross-checked: the Internal Gear Broach series data was confirmed identical to the Fir Tree Broach series for every material code, which served as a built-in verification of the transcription.",364,Internal Gear Broach,"Virtual Internal Gear Broach, HSS",9.1,160,Brinell,Finishing,6.3,0.2223,1000,250.0
USA reference export,Lookup Table,Machining > Lookup Tables,tblBroaching,lookupTables/Component/tblBroaching.csv,"Transcribed from 6 screenshots. Table has two Tool Series (Virtual Fir Tree Broach HSS and Virtual Internal Gear Broach HSS), each covering the same 91 material cut codes with Finishing/Roughing cut-type pairs. Cutting Speed is identical for Finishing and Roughing within a material code; only Feed differs. Cross-checked: the Internal Gear Broach series data was confirmed identical to the Fir Tree Broach series for every material code, which served as a built-in verification of the transcription.",364,Internal Gear Broach,"Virtual Internal Gear Broach, HSS",9.1,160,Brinell,Roughing,6.3,0.0778,1000,250.0
USA reference export,Lookup Table,Machining > Lookup Tables,tblBroaching,lookupTables/Component/tblBroaching.csv,"Transcribed from 6 screenshots. Table has two Tool Series (Virtual Fir Tree Broach HSS and Virtual Internal Gear Broach HSS), each covering the same 91 material cut codes with Finishing/Roughing cut-type pairs. Cutting Speed is identical for Finishing and Roughing within a material code; only Feed differs. Cross-checked: the Internal Gear Broach series data was confirmed identical to the Fir Tree Broach series for every material code, which served as a built-in verification of the transcription.",364,Internal Gear Broach,"Virtual Internal Gear Broach, HSS",9.2,250,Brinell,Finishing,5.9,0.1588,1000,250.0
USA reference export,Lookup Table,Machining > Lookup Tables,tblBroaching,lookupTables/Component/tblBroaching.csv,"Transcribed from 6 screenshots. Table has two Tool Series (Virtual Fir Tree Broach HSS and Virtual Internal Gear Broach HSS), each covering the same 91 material cut codes with Finishing/Roughing cut-type pairs. Cutting Speed is identical for Finishing and Roughing within a material code; only Feed differs. Cross-checked: the Internal Gear Broach series data was confirmed identical to the Fir Tree Broach series for every material code, which served as a built-in verification of the transcription.",364,Internal Gear Broach,"Virtual Internal Gear Broach, HSS",9.2,250,Brinell,Roughing,5.9,0.0556,1000,250.0
USA reference export,Lookup Table,Machining > Lookup Tables,tblBroaching,lookupTables/Component/tblBroaching.csv,"Transcribed from 6 screenshots. Table has two Tool Series (Virtual Fir Tree Broach HSS and Virtual Internal Gear Broach HSS), each covering the same 91 material cut codes with Finishing/Roughing cut-type pairs. Cutting Speed is identical for Finishing and Roughing within a material code; only Feed differs. Cross-checked: the Internal Gear Broach series data was confirmed identical to the Fir Tree Broach series for every material code, which served as a built-in verification of the transcription.",364,Internal Gear Broach,"Virtual Internal Gear Broach, HSS",9.3,330,Brinell,Finishing,4.4,0.1588,1000,250.0
USA reference export,Lookup Table,Machining > Lookup Tables,tblBroaching,lookupTables/Component/tblBroaching.csv,"Transcribed from 6 screenshots. Table has two Tool Series (Virtual Fir Tree Broach HSS and Virtual Internal Gear Broach HSS), each covering the same 91 material cut codes with Finishing/Roughing cut-type pairs. Cutting Speed is identical for Finishing and Roughing within a material code; only Feed differs. Cross-checked: the Internal Gear Broach series data was confirmed identical to the Fir Tree Broach series for every material code, which served as a built-in verification of the transcription.",364,Internal Gear Broach,"Virtual Internal Gear Broach, HSS",9.3,330,Brinell,Roughing,4.4,0.0556,1000,250.0
