digital_factory,object_type,category_path,table_name,file_path,data_quality_note,total_row_count,tool_type,tool_series,material_cut_code_name,hardness,hardness_system,diameter_mm,cutting_speed_m_min,feed_mm_rev,specific_cutting_force_n_mm2,tool_life_min,tool_life_cost_usd,depth_max_mm,num_teeth
USA reference export,Lookup Table,Machining > Lookup Tables,tblCounterboring,lookupTables/Component/tblCounterboring.csv,"Transcribed from 6 screenshots. Two tool series (Virtual Carbide Counterbore, Virtual HSS Counterbore), each with 91 material codes x 2 diameters (6.3mm/76.2mm, paired with Depth Max 38.00mm/457.00mm). Hardness/Hardness System/Specific Cutting Force cross-validated against the established canonical material list (matched exactly). One minor note: material code 15.52 in the HSS series showed feed 0.18000 at both diameters vs 0.18600 in the Carbide series for the same code - kept as read rather than assumed to be a typo.",364,Counterbore,Virtual Carbide Counterbore,1.0,125,Brinell,6.3,75.2,0.15,2000,15,6.0,38.0,3
USA reference export,Lookup Table,Machining > Lookup Tables,tblCounterboring,lookupTables/Component/tblCounterboring.csv,"Transcribed from 6 screenshots. Two tool series (Virtual Carbide Counterbore, Virtual HSS Counterbore), each with 91 material codes x 2 diameters (6.3mm/76.2mm, paired with Depth Max 38.00mm/457.00mm). Hardness/Hardness System/Specific Cutting Force cross-validated against the established canonical material list (matched exactly). One minor note: material code 15.52 in the HSS series showed feed 0.18000 at both diameters vs 0.18600 in the Carbide series for the same code - kept as read rather than assumed to be a typo.",364,Counterbore,Virtual Carbide Counterbore,1.0,125,Brinell,76.2,75.2,0.3,2000,15,6.0,457.0,3
USA reference export,Lookup Table,Machining > Lookup Tables,tblCounterboring,lookupTables/Component/tblCounterboring.csv,"Transcribed from 6 screenshots. Two tool series (Virtual Carbide Counterbore, Virtual HSS Counterbore), each with 91 material codes x 2 diameters (6.3mm/76.2mm, paired with Depth Max 38.00mm/457.00mm). Hardness/Hardness System/Specific Cutting Force cross-validated against the established canonical material list (matched exactly). One minor note: material code 15.52 in the HSS series showed feed 0.18000 at both diameters vs 0.18600 in the Carbide series for the same code - kept as read rather than assumed to be a typo.",364,Counterbore,Virtual Carbide Counterbore,1.1,125,Brinell,6.3,70.0,0.15,2000,15,6.0,38.0,3
USA reference export,Lookup Table,Machining > Lookup Tables,tblCounterboring,lookupTables/Component/tblCounterboring.csv,"Transcribed from 6 screenshots. Two tool series (Virtual Carbide Counterbore, Virtual HSS Counterbore), each with 91 material codes x 2 diameters (6.3mm/76.2mm, paired with Depth Max 38.00mm/457.00mm). Hardness/Hardness System/Specific Cutting Force cross-validated against the established canonical material list (matched exactly). One minor note: material code 15.52 in the HSS series showed feed 0.18000 at both diameters vs 0.18600 in the Carbide series for the same code - kept as read rather than assumed to be a typo.",364,Counterbore,Virtual Carbide Counterbore,1.1,125,Brinell,76.2,70.0,0.3,2000,15,6.0,457.0,3
USA reference export,Lookup Table,Machining > Lookup Tables,tblCounterboring,lookupTables/Component/tblCounterboring.csv,"Transcribed from 6 screenshots. Two tool series (Virtual Carbide Counterbore, Virtual HSS Counterbore), each with 91 material codes x 2 diameters (6.3mm/76.2mm, paired with Depth Max 38.00mm/457.00mm). Hardness/Hardness System/Specific Cutting Force cross-validated against the established canonical material list (matched exactly). One minor note: material code 15.52 in the HSS series showed feed 0.18000 at both diameters vs 0.18600 in the Carbide series for the same code - kept as read rather than assumed to be a typo.",364,Counterbore,Virtual Carbide Counterbore,1.2,150,Brinell,6.3,59.7,0.2625,2140,15,6.0,38.0,3
USA reference export,Lookup Table,Machining > Lookup Tables,tblCounterboring,lookupTables/Component/tblCounterboring.csv,"Transcribed from 6 screenshots. Two tool series (Virtual Carbide Counterbore, Virtual HSS Counterbore), each with 91 material codes x 2 diameters (6.3mm/76.2mm, paired with Depth Max 38.00mm/457.00mm). Hardness/Hardness System/Specific Cutting Force cross-validated against the established canonical material list (matched exactly). One minor note: material code 15.52 in the HSS series showed feed 0.18000 at both diameters vs 0.18600 in the Carbide series for the same code - kept as read rather than assumed to be a typo.",364,Counterbore,Virtual Carbide Counterbore,1.2,150,Brinell,76.2,59.7,0.525,2140,15,6.0,457.0,3
USA reference export,Lookup Table,Machining > Lookup Tables,tblCounterboring,lookupTables/Component/tblCounterboring.csv,"Transcribed from 6 screenshots. Two tool series (Virtual Carbide Counterbore, Virtual HSS Counterbore), each with 91 material codes x 2 diameters (6.3mm/76.2mm, paired with Depth Max 38.00mm/457.00mm). Hardness/Hardness System/Specific Cutting Force cross-validated against the established canonical material list (matched exactly). One minor note: material code 15.52 in the HSS series showed feed 0.18000 at both diameters vs 0.18600 in the Carbide series for the same code - kept as read rather than assumed to be a typo.",364,Counterbore,Virtual Carbide Counterbore,1.3,170,Brinell,6.3,54.4,0.2625,2280,15,6.0,38.0,3
USA reference export,Lookup Table,Machining > Lookup Tables,tblCounterboring,lookupTables/Component/tblCounterboring.csv,"Transcribed from 6 screenshots. Two tool series (Virtual Carbide Counterbore, Virtual HSS Counterbore), each with 91 material codes x 2 diameters (6.3mm/76.2mm, paired with Depth Max 38.00mm/457.00mm). Hardness/Hardness System/Specific Cutting Force cross-validated against the established canonical material list (matched exactly). One minor note: material code 15.52 in the HSS series showed feed 0.18000 at both diameters vs 0.18600 in the Carbide series for the same code - kept as read rather than assumed to be a typo.",364,Counterbore,Virtual Carbide Counterbore,1.3,170,Brinell,76.2,54.4,0.525,2280,15,6.0,457.0,3
USA reference export,Lookup Table,Machining > Lookup Tables,tblCounterboring,lookupTables/Component/tblCounterboring.csv,"Transcribed from 6 screenshots. Two tool series (Virtual Carbide Counterbore, Virtual HSS Counterbore), each with 91 material codes x 2 diameters (6.3mm/76.2mm, paired with Depth Max 38.00mm/457.00mm). Hardness/Hardness System/Specific Cutting Force cross-validated against the established canonical material list (matched exactly). One minor note: material code 15.52 in the HSS series showed feed 0.18000 at both diameters vs 0.18600 in the Carbide series for the same code - kept as read rather than assumed to be a typo.",364,Counterbore,Virtual Carbide Counterbore,1.4,210,Brinell,6.3,54.4,0.2625,2400,15,6.0,38.0,3
USA reference export,Lookup Table,Machining > Lookup Tables,tblCounterboring,lookupTables/Component/tblCounterboring.csv,"Transcribed from 6 screenshots. Two tool series (Virtual Carbide Counterbore, Virtual HSS Counterbore), each with 91 material codes x 2 diameters (6.3mm/76.2mm, paired with Depth Max 38.00mm/457.00mm). Hardness/Hardness System/Specific Cutting Force cross-validated against the established canonical material list (matched exactly). One minor note: material code 15.52 in the HSS series showed feed 0.18000 at both diameters vs 0.18600 in the Carbide series for the same code - kept as read rather than assumed to be a typo.",364,Counterbore,Virtual Carbide Counterbore,1.4,210,Brinell,76.2,54.4,0.525,2400,15,6.0,457.0,3
USA reference export,Lookup Table,Machining > Lookup Tables,tblCounterboring,lookupTables/Component/tblCounterboring.csv,"Transcribed from 6 screenshots. Two tool series (Virtual Carbide Counterbore, Virtual HSS Counterbore), each with 91 material codes x 2 diameters (6.3mm/76.2mm, paired with Depth Max 38.00mm/457.00mm). Hardness/Hardness System/Specific Cutting Force cross-validated against the established canonical material list (matched exactly). One minor note: material code 15.52 in the HSS series showed feed 0.18000 at both diameters vs 0.18600 in the Carbide series for the same code - kept as read rather than assumed to be a typo.",364,Counterbore,Virtual Carbide Counterbore,1.5,300,Brinell,6.3,44.1,0.2625,2700,15,6.0,38.0,3
USA reference export,Lookup Table,Machining > Lookup Tables,tblCounterboring,lookupTables/Component/tblCounterboring.csv,"Transcribed from 6 screenshots. Two tool series (Virtual Carbide Counterbore, Virtual HSS Counterbore), each with 91 material codes x 2 diameters (6.3mm/76.2mm, paired with Depth Max 38.00mm/457.00mm). Hardness/Hardness System/Specific Cutting Force cross-validated against the established canonical material list (matched exactly). One minor note: material code 15.52 in the HSS series showed feed 0.18000 at both diameters vs 0.18600 in the Carbide series for the same code - kept as read rather than assumed to be a typo.",364,Counterbore,Virtual Carbide Counterbore,1.5,300,Brinell,76.2,44.1,0.525,2700,15,6.0,457.0,3
USA reference export,Lookup Table,Machining > Lookup Tables,tblCounterboring,lookupTables/Component/tblCounterboring.csv,"Transcribed from 6 screenshots. Two tool series (Virtual Carbide Counterbore, Virtual HSS Counterbore), each with 91 material codes x 2 diameters (6.3mm/76.2mm, paired with Depth Max 38.00mm/457.00mm). Hardness/Hardness System/Specific Cutting Force cross-validated against the established canonical material list (matched exactly). One minor note: material code 15.52 in the HSS series showed feed 0.18000 at both diameters vs 0.18600 in the Carbide series for the same code - kept as read rather than assumed to be a typo.",364,Counterbore,Virtual Carbide Counterbore,10.0,400,Brinell,6.3,29.2,0.2445,2740,15,6.0,38.0,3
USA reference export,Lookup Table,Machining > Lookup Tables,tblCounterboring,lookupTables/Component/tblCounterboring.csv,"Transcribed from 6 screenshots. Two tool series (Virtual Carbide Counterbore, Virtual HSS Counterbore), each with 91 material codes x 2 diameters (6.3mm/76.2mm, paired with Depth Max 38.00mm/457.00mm). Hardness/Hardness System/Specific Cutting Force cross-validated against the established canonical material list (matched exactly). One minor note: material code 15.52 in the HSS series showed feed 0.18000 at both diameters vs 0.18600 in the Carbide series for the same code - kept as read rather than assumed to be a typo.",364,Counterbore,Virtual Carbide Counterbore,10.0,400,Brinell,76.2,29.2,0.489,2740,15,6.0,457.0,3
USA reference export,Lookup Table,Machining > Lookup Tables,tblCounterboring,lookupTables/Component/tblCounterboring.csv,"Transcribed from 6 screenshots. Two tool series (Virtual Carbide Counterbore, Virtual HSS Counterbore), each with 91 material codes x 2 diameters (6.3mm/76.2mm, paired with Depth Max 38.00mm/457.00mm). Hardness/Hardness System/Specific Cutting Force cross-validated against the established canonical material list (matched exactly). One minor note: material code 15.52 in the HSS series showed feed 0.18000 at both diameters vs 0.18600 in the Carbide series for the same code - kept as read rather than assumed to be a typo.",364,Counterbore,Virtual Carbide Counterbore,10.1,400,Brinell,6.3,13.8,0.2445,3160,15,6.0,38.0,3
USA reference export,Lookup Table,Machining > Lookup Tables,tblCounterboring,lookupTables/Component/tblCounterboring.csv,"Transcribed from 6 screenshots. Two tool series (Virtual Carbide Counterbore, Virtual HSS Counterbore), each with 91 material codes x 2 diameters (6.3mm/76.2mm, paired with Depth Max 38.00mm/457.00mm). Hardness/Hardness System/Specific Cutting Force cross-validated against the established canonical material list (matched exactly). One minor note: material code 15.52 in the HSS series showed feed 0.18000 at both diameters vs 0.18600 in the Carbide series for the same code - kept as read rather than assumed to be a typo.",364,Counterbore,Virtual Carbide Counterbore,10.1,400,Brinell,76.2,13.8,0.489,3160,15,6.0,457.0,3
USA reference export,Lookup Table,Machining > Lookup Tables,tblCounterboring,lookupTables/Component/tblCounterboring.csv,"Transcribed from 6 screenshots. Two tool series (Virtual Carbide Counterbore, Virtual HSS Counterbore), each with 91 material codes x 2 diameters (6.3mm/76.2mm, paired with Depth Max 38.00mm/457.00mm). Hardness/Hardness System/Specific Cutting Force cross-validated against the established canonical material list (matched exactly). One minor note: material code 15.52 in the HSS series showed feed 0.18000 at both diameters vs 0.18600 in the Carbide series for the same code - kept as read rather than assumed to be a typo.",364,Counterbore,Virtual Carbide Counterbore,15.11,200,Brinell,6.3,47.6,0.2625,2280,15,6.0,38.0,3
USA reference export,Lookup Table,Machining > Lookup Tables,tblCounterboring,lookupTables/Component/tblCounterboring.csv,"Transcribed from 6 screenshots. Two tool series (Virtual Carbide Counterbore, Virtual HSS Counterbore), each with 91 material codes x 2 diameters (6.3mm/76.2mm, paired with Depth Max 38.00mm/457.00mm). Hardness/Hardness System/Specific Cutting Force cross-validated against the established canonical material list (matched exactly). One minor note: material code 15.52 in the HSS series showed feed 0.18000 at both diameters vs 0.18600 in the Carbide series for the same code - kept as read rather than assumed to be a typo.",364,Counterbore,Virtual Carbide Counterbore,15.11,200,Brinell,76.2,47.6,0.525,2280,15,6.0,457.0,3
USA reference export,Lookup Table,Machining > Lookup Tables,tblCounterboring,lookupTables/Component/tblCounterboring.csv,"Transcribed from 6 screenshots. Two tool series (Virtual Carbide Counterbore, Virtual HSS Counterbore), each with 91 material codes x 2 diameters (6.3mm/76.2mm, paired with Depth Max 38.00mm/457.00mm). Hardness/Hardness System/Specific Cutting Force cross-validated against the established canonical material list (matched exactly). One minor note: material code 15.52 in the HSS series showed feed 0.18000 at both diameters vs 0.18600 in the Carbide series for the same code - kept as read rather than assumed to be a typo.",364,Counterbore,Virtual Carbide Counterbore,15.12,330,Brinell,6.3,34.3,0.2625,3340,15,6.0,38.0,3
USA reference export,Lookup Table,Machining > Lookup Tables,tblCounterboring,lookupTables/Component/tblCounterboring.csv,"Transcribed from 6 screenshots. Two tool series (Virtual Carbide Counterbore, Virtual HSS Counterbore), each with 91 material codes x 2 diameters (6.3mm/76.2mm, paired with Depth Max 38.00mm/457.00mm). Hardness/Hardness System/Specific Cutting Force cross-validated against the established canonical material list (matched exactly). One minor note: material code 15.52 in the HSS series showed feed 0.18000 at both diameters vs 0.18600 in the Carbide series for the same code - kept as read rather than assumed to be a typo.",364,Counterbore,Virtual Carbide Counterbore,15.12,330,Brinell,76.2,34.3,0.525,3340,15,6.0,457.0,3
USA reference export,Lookup Table,Machining > Lookup Tables,tblCounterboring,lookupTables/Component/tblCounterboring.csv,"Transcribed from 6 screenshots. Two tool series (Virtual Carbide Counterbore, Virtual HSS Counterbore), each with 91 material codes x 2 diameters (6.3mm/76.2mm, paired with Depth Max 38.00mm/457.00mm). Hardness/Hardness System/Specific Cutting Force cross-validated against the established canonical material list (matched exactly). One minor note: material code 15.52 in the HSS series showed feed 0.18000 at both diameters vs 0.18600 in the Carbide series for the same code - kept as read rather than assumed to be a typo.",364,Counterbore,Virtual Carbide Counterbore,15.13,330,Brinell,6.3,35.7,0.2625,2800,15,6.0,38.0,3
USA reference export,Lookup Table,Machining > Lookup Tables,tblCounterboring,lookupTables/Component/tblCounterboring.csv,"Transcribed from 6 screenshots. Two tool series (Virtual Carbide Counterbore, Virtual HSS Counterbore), each with 91 material codes x 2 diameters (6.3mm/76.2mm, paired with Depth Max 38.00mm/457.00mm). Hardness/Hardness System/Specific Cutting Force cross-validated against the established canonical material list (matched exactly). One minor note: material code 15.52 in the HSS series showed feed 0.18000 at both diameters vs 0.18600 in the Carbide series for the same code - kept as read rather than assumed to be a typo.",364,Counterbore,Virtual Carbide Counterbore,15.13,330,Brinell,76.2,35.7,0.525,2800,15,6.0,457.0,3
USA reference export,Lookup Table,Machining > Lookup Tables,tblCounterboring,lookupTables/Component/tblCounterboring.csv,"Transcribed from 6 screenshots. Two tool series (Virtual Carbide Counterbore, Virtual HSS Counterbore), each with 91 material codes x 2 diameters (6.3mm/76.2mm, paired with Depth Max 38.00mm/457.00mm). Hardness/Hardness System/Specific Cutting Force cross-validated against the established canonical material list (matched exactly). One minor note: material code 15.52 in the HSS series showed feed 0.18000 at both diameters vs 0.18600 in the Carbide series for the same code - kept as read rather than assumed to be a typo.",364,Counterbore,Virtual Carbide Counterbore,15.21,200,Brinell,6.3,28.5,0.225,2420,15,6.0,38.0,3
USA reference export,Lookup Table,Machining > Lookup Tables,tblCounterboring,lookupTables/Component/tblCounterboring.csv,"Transcribed from 6 screenshots. Two tool series (Virtual Carbide Counterbore, Virtual HSS Counterbore), each with 91 material codes x 2 diameters (6.3mm/76.2mm, paired with Depth Max 38.00mm/457.00mm). Hardness/Hardness System/Specific Cutting Force cross-validated against the established canonical material list (matched exactly). One minor note: material code 15.52 in the HSS series showed feed 0.18000 at both diameters vs 0.18600 in the Carbide series for the same code - kept as read rather than assumed to be a typo.",364,Counterbore,Virtual Carbide Counterbore,15.21,200,Brinell,76.2,28.5,0.45,2420,15,6.0,457.0,3
USA reference export,Lookup Table,Machining > Lookup Tables,tblCounterboring,lookupTables/Component/tblCounterboring.csv,"Transcribed from 6 screenshots. Two tool series (Virtual Carbide Counterbore, Virtual HSS Counterbore), each with 91 material codes x 2 diameters (6.3mm/76.2mm, paired with Depth Max 38.00mm/457.00mm). Hardness/Hardness System/Specific Cutting Force cross-validated against the established canonical material list (matched exactly). One minor note: material code 15.52 in the HSS series showed feed 0.18000 at both diameters vs 0.18600 in the Carbide series for the same code - kept as read rather than assumed to be a typo.",364,Counterbore,Virtual Carbide Counterbore,15.22,330,Brinell,6.3,25.9,0.225,3340,15,6.0,38.0,3
USA reference export,Lookup Table,Machining > Lookup Tables,tblCounterboring,lookupTables/Component/tblCounterboring.csv,"Transcribed from 6 screenshots. Two tool series (Virtual Carbide Counterbore, Virtual HSS Counterbore), each with 91 material codes x 2 diameters (6.3mm/76.2mm, paired with Depth Max 38.00mm/457.00mm). Hardness/Hardness System/Specific Cutting Force cross-validated against the established canonical material list (matched exactly). One minor note: material code 15.52 in the HSS series showed feed 0.18000 at both diameters vs 0.18600 in the Carbide series for the same code - kept as read rather than assumed to be a typo.",364,Counterbore,Virtual Carbide Counterbore,15.22,330,Brinell,76.2,25.9,0.45,3340,15,6.0,457.0,3
USA reference export,Lookup Table,Machining > Lookup Tables,tblCounterboring,lookupTables/Component/tblCounterboring.csv,"Transcribed from 6 screenshots. Two tool series (Virtual Carbide Counterbore, Virtual HSS Counterbore), each with 91 material codes x 2 diameters (6.3mm/76.2mm, paired with Depth Max 38.00mm/457.00mm). Hardness/Hardness System/Specific Cutting Force cross-validated against the established canonical material list (matched exactly). One minor note: material code 15.52 in the HSS series showed feed 0.18000 at both diameters vs 0.18600 in the Carbide series for the same code - kept as read rather than assumed to be a typo.",364,Counterbore,Virtual Carbide Counterbore,15.23,330,Brinell,6.3,25.9,0.225,2700,15,6.0,38.0,3
USA reference export,Lookup Table,Machining > Lookup Tables,tblCounterboring,lookupTables/Component/tblCounterboring.csv,"Transcribed from 6 screenshots. Two tool series (Virtual Carbide Counterbore, Virtual HSS Counterbore), each with 91 material codes x 2 diameters (6.3mm/76.2mm, paired with Depth Max 38.00mm/457.00mm). Hardness/Hardness System/Specific Cutting Force cross-validated against the established canonical material list (matched exactly). One minor note: material code 15.52 in the HSS series showed feed 0.18000 at both diameters vs 0.18600 in the Carbide series for the same code - kept as read rather than assumed to be a typo.",364,Counterbore,Virtual Carbide Counterbore,15.23,330,Brinell,76.2,25.9,0.45,2700,15,6.0,457.0,3
USA reference export,Lookup Table,Machining > Lookup Tables,tblCounterboring,lookupTables/Component/tblCounterboring.csv,"Transcribed from 6 screenshots. Two tool series (Virtual Carbide Counterbore, Virtual HSS Counterbore), each with 91 material codes x 2 diameters (6.3mm/76.2mm, paired with Depth Max 38.00mm/457.00mm). Hardness/Hardness System/Specific Cutting Force cross-validated against the established canonical material list (matched exactly). One minor note: material code 15.52 in the HSS series showed feed 0.18000 at both diameters vs 0.18600 in the Carbide series for the same code - kept as read rather than assumed to be a typo.",364,Counterbore,Virtual Carbide Counterbore,15.51,230,Brinell,6.3,41.3,0.093,2420,15,6.0,38.0,3
USA reference export,Lookup Table,Machining > Lookup Tables,tblCounterboring,lookupTables/Component/tblCounterboring.csv,"Transcribed from 6 screenshots. Two tool series (Virtual Carbide Counterbore, Virtual HSS Counterbore), each with 91 material codes x 2 diameters (6.3mm/76.2mm, paired with Depth Max 38.00mm/457.00mm). Hardness/Hardness System/Specific Cutting Force cross-validated against the established canonical material list (matched exactly). One minor note: material code 15.52 in the HSS series showed feed 0.18000 at both diameters vs 0.18600 in the Carbide series for the same code - kept as read rather than assumed to be a typo.",364,Counterbore,Virtual Carbide Counterbore,15.51,230,Brinell,76.2,41.3,0.186,2420,15,6.0,457.0,3
USA reference export,Lookup Table,Machining > Lookup Tables,tblCounterboring,lookupTables/Component/tblCounterboring.csv,"Transcribed from 6 screenshots. Two tool series (Virtual Carbide Counterbore, Virtual HSS Counterbore), each with 91 material codes x 2 diameters (6.3mm/76.2mm, paired with Depth Max 38.00mm/457.00mm). Hardness/Hardness System/Specific Cutting Force cross-validated against the established canonical material list (matched exactly). One minor note: material code 15.52 in the HSS series showed feed 0.18000 at both diameters vs 0.18600 in the Carbide series for the same code - kept as read rather than assumed to be a typo.",364,Counterbore,Virtual Carbide Counterbore,15.52,260,Brinell,6.3,41.5,0.093,2940,15,6.0,38.0,3
USA reference export,Lookup Table,Machining > Lookup Tables,tblCounterboring,lookupTables/Component/tblCounterboring.csv,"Transcribed from 6 screenshots. Two tool series (Virtual Carbide Counterbore, Virtual HSS Counterbore), each with 91 material codes x 2 diameters (6.3mm/76.2mm, paired with Depth Max 38.00mm/457.00mm). Hardness/Hardness System/Specific Cutting Force cross-validated against the established canonical material list (matched exactly). One minor note: material code 15.52 in the HSS series showed feed 0.18000 at both diameters vs 0.18600 in the Carbide series for the same code - kept as read rather than assumed to be a typo.",364,Counterbore,Virtual Carbide Counterbore,15.52,260,Brinell,76.2,41.5,0.186,2940,15,6.0,457.0,3
USA reference export,Lookup Table,Machining > Lookup Tables,tblCounterboring,lookupTables/Component/tblCounterboring.csv,"Transcribed from 6 screenshots. Two tool series (Virtual Carbide Counterbore, Virtual HSS Counterbore), each with 91 material codes x 2 diameters (6.3mm/76.2mm, paired with Depth Max 38.00mm/457.00mm). Hardness/Hardness System/Specific Cutting Force cross-validated against the established canonical material list (matched exactly). One minor note: material code 15.52 in the HSS series showed feed 0.18000 at both diameters vs 0.18600 in the Carbide series for the same code - kept as read rather than assumed to be a typo.",364,Counterbore,Virtual Carbide Counterbore,2.1,180,Brinell,6.3,57.0,0.225,2280,15,6.0,38.0,3
USA reference export,Lookup Table,Machining > Lookup Tables,tblCounterboring,lookupTables/Component/tblCounterboring.csv,"Transcribed from 6 screenshots. Two tool series (Virtual Carbide Counterbore, Virtual HSS Counterbore), each with 91 material codes x 2 diameters (6.3mm/76.2mm, paired with Depth Max 38.00mm/457.00mm). Hardness/Hardness System/Specific Cutting Force cross-validated against the established canonical material list (matched exactly). One minor note: material code 15.52 in the HSS series showed feed 0.18000 at both diameters vs 0.18600 in the Carbide series for the same code - kept as read rather than assumed to be a typo.",364,Counterbore,Virtual Carbide Counterbore,2.1,180,Brinell,76.2,57.0,0.45,2280,15,6.0,457.0,3
USA reference export,Lookup Table,Machining > Lookup Tables,tblCounterboring,lookupTables/Component/tblCounterboring.csv,"Transcribed from 6 screenshots. Two tool series (Virtual Carbide Counterbore, Virtual HSS Counterbore), each with 91 material codes x 2 diameters (6.3mm/76.2mm, paired with Depth Max 38.00mm/457.00mm). Hardness/Hardness System/Specific Cutting Force cross-validated against the established canonical material list (matched exactly). One minor note: material code 15.52 in the HSS series showed feed 0.18000 at both diameters vs 0.18600 in the Carbide series for the same code - kept as read rather than assumed to be a typo.",364,Counterbore,Virtual Carbide Counterbore,2.12,210,Brinell,6.3,54.4,0.225,2300,15,6.0,38.0,3
USA reference export,Lookup Table,Machining > Lookup Tables,tblCounterboring,lookupTables/Component/tblCounterboring.csv,"Transcribed from 6 screenshots. Two tool series (Virtual Carbide Counterbore, Virtual HSS Counterbore), each with 91 material codes x 2 diameters (6.3mm/76.2mm, paired with Depth Max 38.00mm/457.00mm). Hardness/Hardness System/Specific Cutting Force cross-validated against the established canonical material list (matched exactly). One minor note: material code 15.52 in the HSS series showed feed 0.18000 at both diameters vs 0.18600 in the Carbide series for the same code - kept as read rather than assumed to be a typo.",364,Counterbore,Virtual Carbide Counterbore,2.12,210,Brinell,76.2,54.4,0.45,2300,15,6.0,457.0,3
USA reference export,Lookup Table,Machining > Lookup Tables,tblCounterboring,lookupTables/Component/tblCounterboring.csv,"Transcribed from 6 screenshots. Two tool series (Virtual Carbide Counterbore, Virtual HSS Counterbore), each with 91 material codes x 2 diameters (6.3mm/76.2mm, paired with Depth Max 38.00mm/457.00mm). Hardness/Hardness System/Specific Cutting Force cross-validated against the established canonical material list (matched exactly). One minor note: material code 15.52 in the HSS series showed feed 0.18000 at both diameters vs 0.18600 in the Carbide series for the same code - kept as read rather than assumed to be a typo.",364,Counterbore,Virtual Carbide Counterbore,2.2,330,Brinell,6.3,44.1,0.2625,2660,15,6.0,38.0,3
USA reference export,Lookup Table,Machining > Lookup Tables,tblCounterboring,lookupTables/Component/tblCounterboring.csv,"Transcribed from 6 screenshots. Two tool series (Virtual Carbide Counterbore, Virtual HSS Counterbore), each with 91 material codes x 2 diameters (6.3mm/76.2mm, paired with Depth Max 38.00mm/457.00mm). Hardness/Hardness System/Specific Cutting Force cross-validated against the established canonical material list (matched exactly). One minor note: material code 15.52 in the HSS series showed feed 0.18000 at both diameters vs 0.18600 in the Carbide series for the same code - kept as read rather than assumed to be a typo.",364,Counterbore,Virtual Carbide Counterbore,2.2,330,Brinell,76.2,44.1,0.525,2660,15,6.0,457.0,3
USA reference export,Lookup Table,Machining > Lookup Tables,tblCounterboring,lookupTables/Component/tblCounterboring.csv,"Transcribed from 6 screenshots. Two tool series (Virtual Carbide Counterbore, Virtual HSS Counterbore), each with 91 material codes x 2 diameters (6.3mm/76.2mm, paired with Depth Max 38.00mm/457.00mm). Hardness/Hardness System/Specific Cutting Force cross-validated against the established canonical material list (matched exactly). One minor note: material code 15.52 in the HSS series showed feed 0.18000 at both diameters vs 0.18600 in the Carbide series for the same code - kept as read rather than assumed to be a typo.",364,Counterbore,Virtual Carbide Counterbore,20.11,200,Brinell,6.3,8.4,0.1695,3200,15,6.0,38.0,3
USA reference export,Lookup Table,Machining > Lookup Tables,tblCounterboring,lookupTables/Component/tblCounterboring.csv,"Transcribed from 6 screenshots. Two tool series (Virtual Carbide Counterbore, Virtual HSS Counterbore), each with 91 material codes x 2 diameters (6.3mm/76.2mm, paired with Depth Max 38.00mm/457.00mm). Hardness/Hardness System/Specific Cutting Force cross-validated against the established canonical material list (matched exactly). One minor note: material code 15.52 in the HSS series showed feed 0.18000 at both diameters vs 0.18600 in the Carbide series for the same code - kept as read rather than assumed to be a typo.",364,Counterbore,Virtual Carbide Counterbore,20.11,200,Brinell,76.2,8.4,0.339,3200,15,6.0,457.0,3
USA reference export,Lookup Table,Machining > Lookup Tables,tblCounterboring,lookupTables/Component/tblCounterboring.csv,"Transcribed from 6 screenshots. Two tool series (Virtual Carbide Counterbore, Virtual HSS Counterbore), each with 91 material codes x 2 diameters (6.3mm/76.2mm, paired with Depth Max 38.00mm/457.00mm). Hardness/Hardness System/Specific Cutting Force cross-validated against the established canonical material list (matched exactly). One minor note: material code 15.52 in the HSS series showed feed 0.18000 at both diameters vs 0.18600 in the Carbide series for the same code - kept as read rather than assumed to be a typo.",364,Counterbore,Virtual Carbide Counterbore,20.12,280,Brinell,6.3,9.9,0.1695,3340,15,6.0,38.0,3
USA reference export,Lookup Table,Machining > Lookup Tables,tblCounterboring,lookupTables/Component/tblCounterboring.csv,"Transcribed from 6 screenshots. Two tool series (Virtual Carbide Counterbore, Virtual HSS Counterbore), each with 91 material codes x 2 diameters (6.3mm/76.2mm, paired with Depth Max 38.00mm/457.00mm). Hardness/Hardness System/Specific Cutting Force cross-validated against the established canonical material list (matched exactly). One minor note: material code 15.52 in the HSS series showed feed 0.18000 at both diameters vs 0.18600 in the Carbide series for the same code - kept as read rather than assumed to be a typo.",364,Counterbore,Virtual Carbide Counterbore,20.12,280,Brinell,76.2,9.9,0.339,3340,15,6.0,457.0,3
USA reference export,Lookup Table,Machining > Lookup Tables,tblCounterboring,lookupTables/Component/tblCounterboring.csv,"Transcribed from 6 screenshots. Two tool series (Virtual Carbide Counterbore, Virtual HSS Counterbore), each with 91 material codes x 2 diameters (6.3mm/76.2mm, paired with Depth Max 38.00mm/457.00mm). Hardness/Hardness System/Specific Cutting Force cross-validated against the established canonical material list (matched exactly). One minor note: material code 15.52 in the HSS series showed feed 0.18000 at both diameters vs 0.18600 in the Carbide series for the same code - kept as read rather than assumed to be a typo.",364,Counterbore,Virtual Carbide Counterbore,20.21,250,Brinell,6.3,13.0,0.15,3540,15,6.0,38.0,3
USA reference export,Lookup Table,Machining > Lookup Tables,tblCounterboring,lookupTables/Component/tblCounterboring.csv,"Transcribed from 6 screenshots. Two tool series (Virtual Carbide Counterbore, Virtual HSS Counterbore), each with 91 material codes x 2 diameters (6.3mm/76.2mm, paired with Depth Max 38.00mm/457.00mm). Hardness/Hardness System/Specific Cutting Force cross-validated against the established canonical material list (matched exactly). One minor note: material code 15.52 in the HSS series showed feed 0.18000 at both diameters vs 0.18600 in the Carbide series for the same code - kept as read rather than assumed to be a typo.",364,Counterbore,Virtual Carbide Counterbore,20.21,250,Brinell,76.2,13.0,0.3,3540,15,6.0,457.0,3
USA reference export,Lookup Table,Machining > Lookup Tables,tblCounterboring,lookupTables/Component/tblCounterboring.csv,"Transcribed from 6 screenshots. Two tool series (Virtual Carbide Counterbore, Virtual HSS Counterbore), each with 91 material codes x 2 diameters (6.3mm/76.2mm, paired with Depth Max 38.00mm/457.00mm). Hardness/Hardness System/Specific Cutting Force cross-validated against the established canonical material list (matched exactly). One minor note: material code 15.52 in the HSS series showed feed 0.18000 at both diameters vs 0.18600 in the Carbide series for the same code - kept as read rather than assumed to be a typo.",364,Counterbore,Virtual Carbide Counterbore,20.22,350,Brinell,6.3,13.0,0.15,3860,15,6.0,38.0,3
USA reference export,Lookup Table,Machining > Lookup Tables,tblCounterboring,lookupTables/Component/tblCounterboring.csv,"Transcribed from 6 screenshots. Two tool series (Virtual Carbide Counterbore, Virtual HSS Counterbore), each with 91 material codes x 2 diameters (6.3mm/76.2mm, paired with Depth Max 38.00mm/457.00mm). Hardness/Hardness System/Specific Cutting Force cross-validated against the established canonical material list (matched exactly). One minor note: material code 15.52 in the HSS series showed feed 0.18000 at both diameters vs 0.18600 in the Carbide series for the same code - kept as read rather than assumed to be a typo.",364,Counterbore,Virtual Carbide Counterbore,20.22,350,Brinell,76.2,13.0,0.3,3860,15,6.0,457.0,3
USA reference export,Lookup Table,Machining > Lookup Tables,tblCounterboring,lookupTables/Component/tblCounterboring.csv,"Transcribed from 6 screenshots. Two tool series (Virtual Carbide Counterbore, Virtual HSS Counterbore), each with 91 material codes x 2 diameters (6.3mm/76.2mm, paired with Depth Max 38.00mm/457.00mm). Hardness/Hardness System/Specific Cutting Force cross-validated against the established canonical material list (matched exactly). One minor note: material code 15.52 in the HSS series showed feed 0.18000 at both diameters vs 0.18600 in the Carbide series for the same code - kept as read rather than assumed to be a typo.",364,Counterbore,Virtual Carbide Counterbore,20.23,275,Brinell,6.3,13.0,0.15,3340,15,6.0,38.0,3
USA reference export,Lookup Table,Machining > Lookup Tables,tblCounterboring,lookupTables/Component/tblCounterboring.csv,"Transcribed from 6 screenshots. Two tool series (Virtual Carbide Counterbore, Virtual HSS Counterbore), each with 91 material codes x 2 diameters (6.3mm/76.2mm, paired with Depth Max 38.00mm/457.00mm). Hardness/Hardness System/Specific Cutting Force cross-validated against the established canonical material list (matched exactly). One minor note: material code 15.52 in the HSS series showed feed 0.18000 at both diameters vs 0.18600 in the Carbide series for the same code - kept as read rather than assumed to be a typo.",364,Counterbore,Virtual Carbide Counterbore,20.23,275,Brinell,76.2,13.0,0.3,3340,15,6.0,457.0,3
USA reference export,Lookup Table,Machining > Lookup Tables,tblCounterboring,lookupTables/Component/tblCounterboring.csv,"Transcribed from 6 screenshots. Two tool series (Virtual Carbide Counterbore, Virtual HSS Counterbore), each with 91 material codes x 2 diameters (6.3mm/76.2mm, paired with Depth Max 38.00mm/457.00mm). Hardness/Hardness System/Specific Cutting Force cross-validated against the established canonical material list (matched exactly). One minor note: material code 15.52 in the HSS series showed feed 0.18000 at both diameters vs 0.18600 in the Carbide series for the same code - kept as read rather than assumed to be a typo.",364,Counterbore,Virtual Carbide Counterbore,20.24,320,Brinell,6.3,13.0,0.15,4000,15,6.0,38.0,3
USA reference export,Lookup Table,Machining > Lookup Tables,tblCounterboring,lookupTables/Component/tblCounterboring.csv,"Transcribed from 6 screenshots. Two tool series (Virtual Carbide Counterbore, Virtual HSS Counterbore), each with 91 material codes x 2 diameters (6.3mm/76.2mm, paired with Depth Max 38.00mm/457.00mm). Hardness/Hardness System/Specific Cutting Force cross-validated against the established canonical material list (matched exactly). One minor note: material code 15.52 in the HSS series showed feed 0.18000 at both diameters vs 0.18600 in the Carbide series for the same code - kept as read rather than assumed to be a typo.",364,Counterbore,Virtual Carbide Counterbore,20.24,320,Brinell,76.2,13.0,0.3,4000,15,6.0,457.0,3
USA reference export,Lookup Table,Machining > Lookup Tables,tblCounterboring,lookupTables/Component/tblCounterboring.csv,"Transcribed from 6 screenshots. Two tool series (Virtual Carbide Counterbore, Virtual HSS Counterbore), each with 91 material codes x 2 diameters (6.3mm/76.2mm, paired with Depth Max 38.00mm/457.00mm). Hardness/Hardness System/Specific Cutting Force cross-validated against the established canonical material list (matched exactly). One minor note: material code 15.52 in the HSS series showed feed 0.18000 at both diameters vs 0.18600 in the Carbide series for the same code - kept as read rather than assumed to be a typo.",364,Counterbore,Virtual Carbide Counterbore,20.31,200,Brinell,6.3,8.4,0.1695,3620,15,6.0,38.0,3
USA reference export,Lookup Table,Machining > Lookup Tables,tblCounterboring,lookupTables/Component/tblCounterboring.csv,"Transcribed from 6 screenshots. Two tool series (Virtual Carbide Counterbore, Virtual HSS Counterbore), each with 91 material codes x 2 diameters (6.3mm/76.2mm, paired with Depth Max 38.00mm/457.00mm). Hardness/Hardness System/Specific Cutting Force cross-validated against the established canonical material list (matched exactly). One minor note: material code 15.52 in the HSS series showed feed 0.18000 at both diameters vs 0.18600 in the Carbide series for the same code - kept as read rather than assumed to be a typo.",364,Counterbore,Virtual Carbide Counterbore,20.31,200,Brinell,76.2,8.4,0.339,3620,15,6.0,457.0,3
USA reference export,Lookup Table,Machining > Lookup Tables,tblCounterboring,lookupTables/Component/tblCounterboring.csv,"Transcribed from 6 screenshots. Two tool series (Virtual Carbide Counterbore, Virtual HSS Counterbore), each with 91 material codes x 2 diameters (6.3mm/76.2mm, paired with Depth Max 38.00mm/457.00mm). Hardness/Hardness System/Specific Cutting Force cross-validated against the established canonical material list (matched exactly). One minor note: material code 15.52 in the HSS series showed feed 0.18000 at both diameters vs 0.18600 in the Carbide series for the same code - kept as read rather than assumed to be a typo.",364,Counterbore,Virtual Carbide Counterbore,20.32,300,Brinell,6.3,3.0,0.1875,4000,15,6.0,38.0,3
USA reference export,Lookup Table,Machining > Lookup Tables,tblCounterboring,lookupTables/Component/tblCounterboring.csv,"Transcribed from 6 screenshots. Two tool series (Virtual Carbide Counterbore, Virtual HSS Counterbore), each with 91 material codes x 2 diameters (6.3mm/76.2mm, paired with Depth Max 38.00mm/457.00mm). Hardness/Hardness System/Specific Cutting Force cross-validated against the established canonical material list (matched exactly). One minor note: material code 15.52 in the HSS series showed feed 0.18000 at both diameters vs 0.18600 in the Carbide series for the same code - kept as read rather than assumed to be a typo.",364,Counterbore,Virtual Carbide Counterbore,20.32,300,Brinell,76.2,3.0,0.375,4000,15,6.0,457.0,3
USA reference export,Lookup Table,Machining > Lookup Tables,tblCounterboring,lookupTables/Component/tblCounterboring.csv,"Transcribed from 6 screenshots. Two tool series (Virtual Carbide Counterbore, Virtual HSS Counterbore), each with 91 material codes x 2 diameters (6.3mm/76.2mm, paired with Depth Max 38.00mm/457.00mm). Hardness/Hardness System/Specific Cutting Force cross-validated against the established canonical material list (matched exactly). One minor note: material code 15.52 in the HSS series showed feed 0.18000 at both diameters vs 0.18600 in the Carbide series for the same code - kept as read rather than assumed to be a typo.",364,Counterbore,Virtual Carbide Counterbore,20.33,320,Brinell,6.3,1.3,0.1905,4140,15,6.0,38.0,3
USA reference export,Lookup Table,Machining > Lookup Tables,tblCounterboring,lookupTables/Component/tblCounterboring.csv,"Transcribed from 6 screenshots. Two tool series (Virtual Carbide Counterbore, Virtual HSS Counterbore), each with 91 material codes x 2 diameters (6.3mm/76.2mm, paired with Depth Max 38.00mm/457.00mm). Hardness/Hardness System/Specific Cutting Force cross-validated against the established canonical material list (matched exactly). One minor note: material code 15.52 in the HSS series showed feed 0.18000 at both diameters vs 0.18600 in the Carbide series for the same code - kept as read rather than assumed to be a typo.",364,Counterbore,Virtual Carbide Counterbore,20.33,320,Brinell,76.2,1.3,0.381,4140,15,6.0,457.0,3
USA reference export,Lookup Table,Machining > Lookup Tables,tblCounterboring,lookupTables/Component/tblCounterboring.csv,"Transcribed from 6 screenshots. Two tool series (Virtual Carbide Counterbore, Virtual HSS Counterbore), each with 91 material codes x 2 diameters (6.3mm/76.2mm, paired with Depth Max 38.00mm/457.00mm). Hardness/Hardness System/Specific Cutting Force cross-validated against the established canonical material list (matched exactly). One minor note: material code 15.52 in the HSS series showed feed 0.18000 at both diameters vs 0.18600 in the Carbide series for the same code - kept as read rather than assumed to be a typo.",364,Counterbore,Virtual Carbide Counterbore,23.1,400,Tensile Strength,6.3,21.0,0.2625,1660,15,6.0,38.0,3
USA reference export,Lookup Table,Machining > Lookup Tables,tblCounterboring,lookupTables/Component/tblCounterboring.csv,"Transcribed from 6 screenshots. Two tool series (Virtual Carbide Counterbore, Virtual HSS Counterbore), each with 91 material codes x 2 diameters (6.3mm/76.2mm, paired with Depth Max 38.00mm/457.00mm). Hardness/Hardness System/Specific Cutting Force cross-validated against the established canonical material list (matched exactly). One minor note: material code 15.52 in the HSS series showed feed 0.18000 at both diameters vs 0.18600 in the Carbide series for the same code - kept as read rather than assumed to be a typo.",364,Counterbore,Virtual Carbide Counterbore,23.1,400,Tensile Strength,76.2,21.0,0.525,1660,15,6.0,457.0,3
USA reference export,Lookup Table,Machining > Lookup Tables,tblCounterboring,lookupTables/Component/tblCounterboring.csv,"Transcribed from 6 screenshots. Two tool series (Virtual Carbide Counterbore, Virtual HSS Counterbore), each with 91 material codes x 2 diameters (6.3mm/76.2mm, paired with Depth Max 38.00mm/457.00mm). Hardness/Hardness System/Specific Cutting Force cross-validated against the established canonical material list (matched exactly). One minor note: material code 15.52 in the HSS series showed feed 0.18000 at both diameters vs 0.18600 in the Carbide series for the same code - kept as read rather than assumed to be a typo.",364,Counterbore,Virtual Carbide Counterbore,23.21,950,Tensile Strength,6.3,15.6,0.2625,1800,15,6.0,38.0,3
USA reference export,Lookup Table,Machining > Lookup Tables,tblCounterboring,lookupTables/Component/tblCounterboring.csv,"Transcribed from 6 screenshots. Two tool series (Virtual Carbide Counterbore, Virtual HSS Counterbore), each with 91 material codes x 2 diameters (6.3mm/76.2mm, paired with Depth Max 38.00mm/457.00mm). Hardness/Hardness System/Specific Cutting Force cross-validated against the established canonical material list (matched exactly). One minor note: material code 15.52 in the HSS series showed feed 0.18000 at both diameters vs 0.18600 in the Carbide series for the same code - kept as read rather than assumed to be a typo.",364,Counterbore,Virtual Carbide Counterbore,23.21,950,Tensile Strength,76.2,15.6,0.525,1800,15,6.0,457.0,3
USA reference export,Lookup Table,Machining > Lookup Tables,tblCounterboring,lookupTables/Component/tblCounterboring.csv,"Transcribed from 6 screenshots. Two tool series (Virtual Carbide Counterbore, Virtual HSS Counterbore), each with 91 material codes x 2 diameters (6.3mm/76.2mm, paired with Depth Max 38.00mm/457.00mm). Hardness/Hardness System/Specific Cutting Force cross-validated against the established canonical material list (matched exactly). One minor note: material code 15.52 in the HSS series showed feed 0.18000 at both diameters vs 0.18600 in the Carbide series for the same code - kept as read rather than assumed to be a typo.",364,Counterbore,Virtual Carbide Counterbore,23.22,1050,Tensile Strength,6.3,15.6,0.2625,1800,15,6.0,38.0,3
USA reference export,Lookup Table,Machining > Lookup Tables,tblCounterboring,lookupTables/Component/tblCounterboring.csv,"Transcribed from 6 screenshots. Two tool series (Virtual Carbide Counterbore, Virtual HSS Counterbore), each with 91 material codes x 2 diameters (6.3mm/76.2mm, paired with Depth Max 38.00mm/457.00mm). Hardness/Hardness System/Specific Cutting Force cross-validated against the established canonical material list (matched exactly). One minor note: material code 15.52 in the HSS series showed feed 0.18000 at both diameters vs 0.18600 in the Carbide series for the same code - kept as read rather than assumed to be a typo.",364,Counterbore,Virtual Carbide Counterbore,23.22,1050,Tensile Strength,76.2,15.6,0.525,1800,15,6.0,457.0,3
USA reference export,Lookup Table,Machining > Lookup Tables,tblCounterboring,lookupTables/Component/tblCounterboring.csv,"Transcribed from 6 screenshots. Two tool series (Virtual Carbide Counterbore, Virtual HSS Counterbore), each with 91 material codes x 2 diameters (6.3mm/76.2mm, paired with Depth Max 38.00mm/457.00mm). Hardness/Hardness System/Specific Cutting Force cross-validated against the established canonical material list (matched exactly). One minor note: material code 15.52 in the HSS series showed feed 0.18000 at both diameters vs 0.18600 in the Carbide series for the same code - kept as read rather than assumed to be a typo.",364,Counterbore,Virtual Carbide Counterbore,3.1,200,Brinell,6.3,74.1,0.2625,2740,15,6.0,38.0,3
USA reference export,Lookup Table,Machining > Lookup Tables,tblCounterboring,lookupTables/Component/tblCounterboring.csv,"Transcribed from 6 screenshots. Two tool series (Virtual Carbide Counterbore, Virtual HSS Counterbore), each with 91 material codes x 2 diameters (6.3mm/76.2mm, paired with Depth Max 38.00mm/457.00mm). Hardness/Hardness System/Specific Cutting Force cross-validated against the established canonical material list (matched exactly). One minor note: material code 15.52 in the HSS series showed feed 0.18000 at both diameters vs 0.18600 in the Carbide series for the same code - kept as read rather than assumed to be a typo.",364,Counterbore,Virtual Carbide Counterbore,3.1,200,Brinell,76.2,74.1,0.525,2740,15,6.0,457.0,3
USA reference export,Lookup Table,Machining > Lookup Tables,tblCounterboring,lookupTables/Component/tblCounterboring.csv,"Transcribed from 6 screenshots. Two tool series (Virtual Carbide Counterbore, Virtual HSS Counterbore), each with 91 material codes x 2 diameters (6.3mm/76.2mm, paired with Depth Max 38.00mm/457.00mm). Hardness/Hardness System/Specific Cutting Force cross-validated against the established canonical material list (matched exactly). One minor note: material code 15.52 in the HSS series showed feed 0.18000 at both diameters vs 0.18600 in the Carbide series for the same code - kept as read rather than assumed to be a typo.",364,Counterbore,Virtual Carbide Counterbore,3.11,200,Brinell,6.3,46.7,0.2625,2600,15,6.0,38.0,3
USA reference export,Lookup Table,Machining > Lookup Tables,tblCounterboring,lookupTables/Component/tblCounterboring.csv,"Transcribed from 6 screenshots. Two tool series (Virtual Carbide Counterbore, Virtual HSS Counterbore), each with 91 material codes x 2 diameters (6.3mm/76.2mm, paired with Depth Max 38.00mm/457.00mm). Hardness/Hardness System/Specific Cutting Force cross-validated against the established canonical material list (matched exactly). One minor note: material code 15.52 in the HSS series showed feed 0.18000 at both diameters vs 0.18600 in the Carbide series for the same code - kept as read rather than assumed to be a typo.",364,Counterbore,Virtual Carbide Counterbore,3.11,200,Brinell,76.2,46.7,0.525,2600,15,6.0,457.0,3
USA reference export,Lookup Table,Machining > Lookup Tables,tblCounterboring,lookupTables/Component/tblCounterboring.csv,"Transcribed from 6 screenshots. Two tool series (Virtual Carbide Counterbore, Virtual HSS Counterbore), each with 91 material codes x 2 diameters (6.3mm/76.2mm, paired with Depth Max 38.00mm/457.00mm). Hardness/Hardness System/Specific Cutting Force cross-validated against the established canonical material list (matched exactly). One minor note: material code 15.52 in the HSS series showed feed 0.18000 at both diameters vs 0.18600 in the Carbide series for the same code - kept as read rather than assumed to be a typo.",364,Counterbore,Virtual Carbide Counterbore,3.13,200,Brinell,6.3,24.7,0.207,2900,15,6.0,38.0,3
USA reference export,Lookup Table,Machining > Lookup Tables,tblCounterboring,lookupTables/Component/tblCounterboring.csv,"Transcribed from 6 screenshots. Two tool series (Virtual Carbide Counterbore, Virtual HSS Counterbore), each with 91 material codes x 2 diameters (6.3mm/76.2mm, paired with Depth Max 38.00mm/457.00mm). Hardness/Hardness System/Specific Cutting Force cross-validated against the established canonical material list (matched exactly). One minor note: material code 15.52 in the HSS series showed feed 0.18000 at both diameters vs 0.18600 in the Carbide series for the same code - kept as read rather than assumed to be a typo.",364,Counterbore,Virtual Carbide Counterbore,3.13,200,Brinell,76.2,24.7,0.414,2900,15,6.0,457.0,3
USA reference export,Lookup Table,Machining > Lookup Tables,tblCounterboring,lookupTables/Component/tblCounterboring.csv,"Transcribed from 6 screenshots. Two tool series (Virtual Carbide Counterbore, Virtual HSS Counterbore), each with 91 material codes x 2 diameters (6.3mm/76.2mm, paired with Depth Max 38.00mm/457.00mm). Hardness/Hardness System/Specific Cutting Force cross-validated against the established canonical material list (matched exactly). One minor note: material code 15.52 in the HSS series showed feed 0.18000 at both diameters vs 0.18600 in the Carbide series for the same code - kept as read rather than assumed to be a typo.",364,Counterbore,Virtual Carbide Counterbore,3.2,225,Brinell,6.3,49.4,0.225,4100,15,6.0,38.0,3
USA reference export,Lookup Table,Machining > Lookup Tables,tblCounterboring,lookupTables/Component/tblCounterboring.csv,"Transcribed from 6 screenshots. Two tool series (Virtual Carbide Counterbore, Virtual HSS Counterbore), each with 91 material codes x 2 diameters (6.3mm/76.2mm, paired with Depth Max 38.00mm/457.00mm). Hardness/Hardness System/Specific Cutting Force cross-validated against the established canonical material list (matched exactly). One minor note: material code 15.52 in the HSS series showed feed 0.18000 at both diameters vs 0.18600 in the Carbide series for the same code - kept as read rather than assumed to be a typo.",364,Counterbore,Virtual Carbide Counterbore,3.2,225,Brinell,76.2,49.4,0.45,4100,15,6.0,457.0,3
USA reference export,Lookup Table,Machining > Lookup Tables,tblCounterboring,lookupTables/Component/tblCounterboring.csv,"Transcribed from 6 screenshots. Two tool series (Virtual Carbide Counterbore, Virtual HSS Counterbore), each with 91 material codes x 2 diameters (6.3mm/76.2mm, paired with Depth Max 38.00mm/457.00mm). Hardness/Hardness System/Specific Cutting Force cross-validated against the established canonical material list (matched exactly). One minor note: material code 15.52 in the HSS series showed feed 0.18000 at both diameters vs 0.18600 in the Carbide series for the same code - kept as read rather than assumed to be a typo.",364,Counterbore,Virtual Carbide Counterbore,3.21,300,Brinell,6.3,33.7,0.225,3900,15,6.0,38.0,3
USA reference export,Lookup Table,Machining > Lookup Tables,tblCounterboring,lookupTables/Component/tblCounterboring.csv,"Transcribed from 6 screenshots. Two tool series (Virtual Carbide Counterbore, Virtual HSS Counterbore), each with 91 material codes x 2 diameters (6.3mm/76.2mm, paired with Depth Max 38.00mm/457.00mm). Hardness/Hardness System/Specific Cutting Force cross-validated against the established canonical material list (matched exactly). One minor note: material code 15.52 in the HSS series showed feed 0.18000 at both diameters vs 0.18600 in the Carbide series for the same code - kept as read rather than assumed to be a typo.",364,Counterbore,Virtual Carbide Counterbore,3.21,300,Brinell,76.2,33.7,0.45,3900,15,6.0,457.0,3
USA reference export,Lookup Table,Machining > Lookup Tables,tblCounterboring,lookupTables/Component/tblCounterboring.csv,"Transcribed from 6 screenshots. Two tool series (Virtual Carbide Counterbore, Virtual HSS Counterbore), each with 91 material codes x 2 diameters (6.3mm/76.2mm, paired with Depth Max 38.00mm/457.00mm). Hardness/Hardness System/Specific Cutting Force cross-validated against the established canonical material list (matched exactly). One minor note: material code 15.52 in the HSS series showed feed 0.18000 at both diameters vs 0.18600 in the Carbide series for the same code - kept as read rather than assumed to be a typo.",364,Counterbore,Virtual Carbide Counterbore,3.22,380,Brinell,6.3,21.4,0.375,4140,15,6.0,38.0,3
USA reference export,Lookup Table,Machining > Lookup Tables,tblCounterboring,lookupTables/Component/tblCounterboring.csv,"Transcribed from 6 screenshots. Two tool series (Virtual Carbide Counterbore, Virtual HSS Counterbore), each with 91 material codes x 2 diameters (6.3mm/76.2mm, paired with Depth Max 38.00mm/457.00mm). Hardness/Hardness System/Specific Cutting Force cross-validated against the established canonical material list (matched exactly). One minor note: material code 15.52 in the HSS series showed feed 0.18000 at both diameters vs 0.18600 in the Carbide series for the same code - kept as read rather than assumed to be a typo.",364,Counterbore,Virtual Carbide Counterbore,3.22,380,Brinell,76.2,21.4,0.75,4140,15,6.0,457.0,3
USA reference export,Lookup Table,Machining > Lookup Tables,tblCounterboring,lookupTables/Component/tblCounterboring.csv,"Transcribed from 6 screenshots. Two tool series (Virtual Carbide Counterbore, Virtual HSS Counterbore), each with 91 material codes x 2 diameters (6.3mm/76.2mm, paired with Depth Max 38.00mm/457.00mm). Hardness/Hardness System/Specific Cutting Force cross-validated against the established canonical material list (matched exactly). One minor note: material code 15.52 in the HSS series showed feed 0.18000 at both diameters vs 0.18600 in the Carbide series for the same code - kept as read rather than assumed to be a typo.",364,Counterbore,Virtual Carbide Counterbore,30.11,60,Brinell,6.3,90.8,0.3,520,15,6.0,38.0,3
USA reference export,Lookup Table,Machining > Lookup Tables,tblCounterboring,lookupTables/Component/tblCounterboring.csv,"Transcribed from 6 screenshots. Two tool series (Virtual Carbide Counterbore, Virtual HSS Counterbore), each with 91 material codes x 2 diameters (6.3mm/76.2mm, paired with Depth Max 38.00mm/457.00mm). Hardness/Hardness System/Specific Cutting Force cross-validated against the established canonical material list (matched exactly). One minor note: material code 15.52 in the HSS series showed feed 0.18000 at both diameters vs 0.18600 in the Carbide series for the same code - kept as read rather than assumed to be a typo.",364,Counterbore,Virtual Carbide Counterbore,30.11,60,Brinell,76.2,90.8,0.6,520,15,6.0,457.0,3
USA reference export,Lookup Table,Machining > Lookup Tables,tblCounterboring,lookupTables/Component/tblCounterboring.csv,"Transcribed from 6 screenshots. Two tool series (Virtual Carbide Counterbore, Virtual HSS Counterbore), each with 91 material codes x 2 diameters (6.3mm/76.2mm, paired with Depth Max 38.00mm/457.00mm). Hardness/Hardness System/Specific Cutting Force cross-validated against the established canonical material list (matched exactly). One minor note: material code 15.52 in the HSS series showed feed 0.18000 at both diameters vs 0.18600 in the Carbide series for the same code - kept as read rather than assumed to be a typo.",364,Counterbore,Virtual Carbide Counterbore,30.12,100,Brinell,6.3,90.8,0.3,880,15,6.0,38.0,3
USA reference export,Lookup Table,Machining > Lookup Tables,tblCounterboring,lookupTables/Component/tblCounterboring.csv,"Transcribed from 6 screenshots. Two tool series (Virtual Carbide Counterbore, Virtual HSS Counterbore), each with 91 material codes x 2 diameters (6.3mm/76.2mm, paired with Depth Max 38.00mm/457.00mm). Hardness/Hardness System/Specific Cutting Force cross-validated against the established canonical material list (matched exactly). One minor note: material code 15.52 in the HSS series showed feed 0.18000 at both diameters vs 0.18600 in the Carbide series for the same code - kept as read rather than assumed to be a typo.",364,Counterbore,Virtual Carbide Counterbore,30.12,100,Brinell,76.2,90.8,0.6,880,15,6.0,457.0,3
USA reference export,Lookup Table,Machining > Lookup Tables,tblCounterboring,lookupTables/Component/tblCounterboring.csv,"Transcribed from 6 screenshots. Two tool series (Virtual Carbide Counterbore, Virtual HSS Counterbore), each with 91 material codes x 2 diameters (6.3mm/76.2mm, paired with Depth Max 38.00mm/457.00mm). Hardness/Hardness System/Specific Cutting Force cross-validated against the established canonical material list (matched exactly). One minor note: material code 15.52 in the HSS series showed feed 0.18000 at both diameters vs 0.18600 in the Carbide series for the same code - kept as read rather than assumed to be a typo.",364,Counterbore,Virtual Carbide Counterbore,30.21,75,Brinell,6.3,77.8,0.3,800,15,6.0,38.0,3
USA reference export,Lookup Table,Machining > Lookup Tables,tblCounterboring,lookupTables/Component/tblCounterboring.csv,"Transcribed from 6 screenshots. Two tool series (Virtual Carbide Counterbore, Virtual HSS Counterbore), each with 91 material codes x 2 diameters (6.3mm/76.2mm, paired with Depth Max 38.00mm/457.00mm). Hardness/Hardness System/Specific Cutting Force cross-validated against the established canonical material list (matched exactly). One minor note: material code 15.52 in the HSS series showed feed 0.18000 at both diameters vs 0.18600 in the Carbide series for the same code - kept as read rather than assumed to be a typo.",364,Counterbore,Virtual Carbide Counterbore,30.21,75,Brinell,76.2,77.8,0.6,800,15,6.0,457.0,3
USA reference export,Lookup Table,Machining > Lookup Tables,tblCounterboring,lookupTables/Component/tblCounterboring.csv,"Transcribed from 6 screenshots. Two tool series (Virtual Carbide Counterbore, Virtual HSS Counterbore), each with 91 material codes x 2 diameters (6.3mm/76.2mm, paired with Depth Max 38.00mm/457.00mm). Hardness/Hardness System/Specific Cutting Force cross-validated against the established canonical material list (matched exactly). One minor note: material code 15.52 in the HSS series showed feed 0.18000 at both diameters vs 0.18600 in the Carbide series for the same code - kept as read rather than assumed to be a typo.",364,Counterbore,Virtual Carbide Counterbore,30.22,90,Brinell,6.3,77.8,0.3,940,15,6.0,38.0,3
USA reference export,Lookup Table,Machining > Lookup Tables,tblCounterboring,lookupTables/Component/tblCounterboring.csv,"Transcribed from 6 screenshots. Two tool series (Virtual Carbide Counterbore, Virtual HSS Counterbore), each with 91 material codes x 2 diameters (6.3mm/76.2mm, paired with Depth Max 38.00mm/457.00mm). Hardness/Hardness System/Specific Cutting Force cross-validated against the established canonical material list (matched exactly). One minor note: material code 15.52 in the HSS series showed feed 0.18000 at both diameters vs 0.18600 in the Carbide series for the same code - kept as read rather than assumed to be a typo.",364,Counterbore,Virtual Carbide Counterbore,30.22,90,Brinell,76.2,77.8,0.6,940,15,6.0,457.0,3
USA reference export,Lookup Table,Machining > Lookup Tables,tblCounterboring,lookupTables/Component/tblCounterboring.csv,"Transcribed from 6 screenshots. Two tool series (Virtual Carbide Counterbore, Virtual HSS Counterbore), each with 91 material codes x 2 diameters (6.3mm/76.2mm, paired with Depth Max 38.00mm/457.00mm). Hardness/Hardness System/Specific Cutting Force cross-validated against the established canonical material list (matched exactly). One minor note: material code 15.52 in the HSS series showed feed 0.18000 at both diameters vs 0.18600 in the Carbide series for the same code - kept as read rather than assumed to be a typo.",364,Counterbore,Virtual Carbide Counterbore,30.3,30,Brinell,6.3,163.8,0.9375,460,15,6.0,38.0,3
USA reference export,Lookup Table,Machining > Lookup Tables,tblCounterboring,lookupTables/Component/tblCounterboring.csv,"Transcribed from 6 screenshots. Two tool series (Virtual Carbide Counterbore, Virtual HSS Counterbore), each with 91 material codes x 2 diameters (6.3mm/76.2mm, paired with Depth Max 38.00mm/457.00mm). Hardness/Hardness System/Specific Cutting Force cross-validated against the established canonical material list (matched exactly). One minor note: material code 15.52 in the HSS series showed feed 0.18000 at both diameters vs 0.18600 in the Carbide series for the same code - kept as read rather than assumed to be a typo.",364,Counterbore,Virtual Carbide Counterbore,30.3,30,Brinell,76.2,163.8,1.875,460,15,6.0,457.0,3
USA reference export,Lookup Table,Machining > Lookup Tables,tblCounterboring,lookupTables/Component/tblCounterboring.csv,"Transcribed from 6 screenshots. Two tool series (Virtual Carbide Counterbore, Virtual HSS Counterbore), each with 91 material codes x 2 diameters (6.3mm/76.2mm, paired with Depth Max 38.00mm/457.00mm). Hardness/Hardness System/Specific Cutting Force cross-validated against the established canonical material list (matched exactly). One minor note: material code 15.52 in the HSS series showed feed 0.18000 at both diameters vs 0.18600 in the Carbide series for the same code - kept as read rather than assumed to be a typo.",364,Counterbore,Virtual Carbide Counterbore,30.41,130,Brinell,6.3,65.8,0.75,940,15,6.0,38.0,3
USA reference export,Lookup Table,Machining > Lookup Tables,tblCounterboring,lookupTables/Component/tblCounterboring.csv,"Transcribed from 6 screenshots. Two tool series (Virtual Carbide Counterbore, Virtual HSS Counterbore), each with 91 material codes x 2 diameters (6.3mm/76.2mm, paired with Depth Max 38.00mm/457.00mm). Hardness/Hardness System/Specific Cutting Force cross-validated against the established canonical material list (matched exactly). One minor note: material code 15.52 in the HSS series showed feed 0.18000 at both diameters vs 0.18600 in the Carbide series for the same code - kept as read rather than assumed to be a typo.",364,Counterbore,Virtual Carbide Counterbore,30.41,130,Brinell,76.2,65.8,1.5,940,15,6.0,457.0,3
USA reference export,Lookup Table,Machining > Lookup Tables,tblCounterboring,lookupTables/Component/tblCounterboring.csv,"Transcribed from 6 screenshots. Two tool series (Virtual Carbide Counterbore, Virtual HSS Counterbore), each with 91 material codes x 2 diameters (6.3mm/76.2mm, paired with Depth Max 38.00mm/457.00mm). Hardness/Hardness System/Specific Cutting Force cross-validated against the established canonical material list (matched exactly). One minor note: material code 15.52 in the HSS series showed feed 0.18000 at both diameters vs 0.18600 in the Carbide series for the same code - kept as read rather than assumed to be a typo.",364,Counterbore,Virtual Carbide Counterbore,30.42,130,Brinell,6.3,49.0,0.75,940,15,6.0,38.0,3
USA reference export,Lookup Table,Machining > Lookup Tables,tblCounterboring,lookupTables/Component/tblCounterboring.csv,"Transcribed from 6 screenshots. Two tool series (Virtual Carbide Counterbore, Virtual HSS Counterbore), each with 91 material codes x 2 diameters (6.3mm/76.2mm, paired with Depth Max 38.00mm/457.00mm). Hardness/Hardness System/Specific Cutting Force cross-validated against the established canonical material list (matched exactly). One minor note: material code 15.52 in the HSS series showed feed 0.18000 at both diameters vs 0.18600 in the Carbide series for the same code - kept as read rather than assumed to be a typo.",364,Counterbore,Virtual Carbide Counterbore,30.42,130,Brinell,76.2,49.0,1.5,940,15,6.0,457.0,3
USA reference export,Lookup Table,Machining > Lookup Tables,tblCounterboring,lookupTables/Component/tblCounterboring.csv,"Transcribed from 6 screenshots. Two tool series (Virtual Carbide Counterbore, Virtual HSS Counterbore), each with 91 material codes x 2 diameters (6.3mm/76.2mm, paired with Depth Max 38.00mm/457.00mm). Hardness/Hardness System/Specific Cutting Force cross-validated against the established canonical material list (matched exactly). One minor note: material code 15.52 in the HSS series showed feed 0.18000 at both diameters vs 0.18600 in the Carbide series for the same code - kept as read rather than assumed to be a typo.",364,Counterbore,Virtual Carbide Counterbore,33.1,110,Brinell,6.3,77.8,0.3,740,15,6.0,38.0,3
USA reference export,Lookup Table,Machining > Lookup Tables,tblCounterboring,lookupTables/Component/tblCounterboring.csv,"Transcribed from 6 screenshots. Two tool series (Virtual Carbide Counterbore, Virtual HSS Counterbore), each with 91 material codes x 2 diameters (6.3mm/76.2mm, paired with Depth Max 38.00mm/457.00mm). Hardness/Hardness System/Specific Cutting Force cross-validated against the established canonical material list (matched exactly). One minor note: material code 15.52 in the HSS series showed feed 0.18000 at both diameters vs 0.18600 in the Carbide series for the same code - kept as read rather than assumed to be a typo.",364,Counterbore,Virtual Carbide Counterbore,33.1,110,Brinell,76.2,77.8,0.6,740,15,6.0,457.0,3
USA reference export,Lookup Table,Machining > Lookup Tables,tblCounterboring,lookupTables/Component/tblCounterboring.csv,"Transcribed from 6 screenshots. Two tool series (Virtual Carbide Counterbore, Virtual HSS Counterbore), each with 91 material codes x 2 diameters (6.3mm/76.2mm, paired with Depth Max 38.00mm/457.00mm). Hardness/Hardness System/Specific Cutting Force cross-validated against the established canonical material list (matched exactly). One minor note: material code 15.52 in the HSS series showed feed 0.18000 at both diameters vs 0.18600 in the Carbide series for the same code - kept as read rather than assumed to be a typo.",364,Counterbore,Virtual Carbide Counterbore,33.2,90,Brinell,6.3,59.7,0.3,740,15,6.0,38.0,3
USA reference export,Lookup Table,Machining > Lookup Tables,tblCounterboring,lookupTables/Component/tblCounterboring.csv,"Transcribed from 6 screenshots. Two tool series (Virtual Carbide Counterbore, Virtual HSS Counterbore), each with 91 material codes x 2 diameters (6.3mm/76.2mm, paired with Depth Max 38.00mm/457.00mm). Hardness/Hardness System/Specific Cutting Force cross-validated against the established canonical material list (matched exactly). One minor note: material code 15.52 in the HSS series showed feed 0.18000 at both diameters vs 0.18600 in the Carbide series for the same code - kept as read rather than assumed to be a typo.",364,Counterbore,Virtual Carbide Counterbore,33.2,90,Brinell,76.2,59.7,0.6,740,15,6.0,457.0,3
USA reference export,Lookup Table,Machining > Lookup Tables,tblCounterboring,lookupTables/Component/tblCounterboring.csv,"Transcribed from 6 screenshots. Two tool series (Virtual Carbide Counterbore, Virtual HSS Counterbore), each with 91 material codes x 2 diameters (6.3mm/76.2mm, paired with Depth Max 38.00mm/457.00mm). Hardness/Hardness System/Specific Cutting Force cross-validated against the established canonical material list (matched exactly). One minor note: material code 15.52 in the HSS series showed feed 0.18000 at both diameters vs 0.18600 in the Carbide series for the same code - kept as read rather than assumed to be a typo.",364,Counterbore,Virtual Carbide Counterbore,33.3,100,Brinell,6.3,56.7,0.3,1800,15,6.0,38.0,3
USA reference export,Lookup Table,Machining > Lookup Tables,tblCounterboring,lookupTables/Component/tblCounterboring.csv,"Transcribed from 6 screenshots. Two tool series (Virtual Carbide Counterbore, Virtual HSS Counterbore), each with 91 material codes x 2 diameters (6.3mm/76.2mm, paired with Depth Max 38.00mm/457.00mm). Hardness/Hardness System/Specific Cutting Force cross-validated against the established canonical material list (matched exactly). One minor note: material code 15.52 in the HSS series showed feed 0.18000 at both diameters vs 0.18600 in the Carbide series for the same code - kept as read rather than assumed to be a typo.",364,Counterbore,Virtual Carbide Counterbore,33.3,100,Brinell,76.2,56.7,0.6,1800,15,6.0,457.0,3
USA reference export,Lookup Table,Machining > Lookup Tables,tblCounterboring,lookupTables/Component/tblCounterboring.csv,"Transcribed from 6 screenshots. Two tool series (Virtual Carbide Counterbore, Virtual HSS Counterbore), each with 91 material codes x 2 diameters (6.3mm/76.2mm, paired with Depth Max 38.00mm/457.00mm). Hardness/Hardness System/Specific Cutting Force cross-validated against the established canonical material list (matched exactly). One minor note: material code 15.52 in the HSS series showed feed 0.18000 at both diameters vs 0.18600 in the Carbide series for the same code - kept as read rather than assumed to be a typo.",364,Counterbore,Virtual Carbide Counterbore,34.0,515,Brinell,6.3,129.5,0.288,700,15,6.0,38.0,3
USA reference export,Lookup Table,Machining > Lookup Tables,tblCounterboring,lookupTables/Component/tblCounterboring.csv,"Transcribed from 6 screenshots. Two tool series (Virtual Carbide Counterbore, Virtual HSS Counterbore), each with 91 material codes x 2 diameters (6.3mm/76.2mm, paired with Depth Max 38.00mm/457.00mm). Hardness/Hardness System/Specific Cutting Force cross-validated against the established canonical material list (matched exactly). One minor note: material code 15.52 in the HSS series showed feed 0.18000 at both diameters vs 0.18600 in the Carbide series for the same code - kept as read rather than assumed to be a typo.",364,Counterbore,Virtual Carbide Counterbore,34.0,515,Brinell,76.2,129.5,0.576,700,15,6.0,457.0,3
USA reference export,Lookup Table,Machining > Lookup Tables,tblCounterboring,lookupTables/Component/tblCounterboring.csv,"Transcribed from 6 screenshots. Two tool series (Virtual Carbide Counterbore, Virtual HSS Counterbore), each with 91 material codes x 2 diameters (6.3mm/76.2mm, paired with Depth Max 38.00mm/457.00mm). Hardness/Hardness System/Specific Cutting Force cross-validated against the established canonical material list (matched exactly). One minor note: material code 15.52 in the HSS series showed feed 0.18000 at both diameters vs 0.18600 in the Carbide series for the same code - kept as read rather than assumed to be a typo.",364,Counterbore,Virtual Carbide Counterbore,4.0,55,Rockwell C,6.3,29.2,0.282,4540,15,6.0,38.0,3
USA reference export,Lookup Table,Machining > Lookup Tables,tblCounterboring,lookupTables/Component/tblCounterboring.csv,"Transcribed from 6 screenshots. Two tool series (Virtual Carbide Counterbore, Virtual HSS Counterbore), each with 91 material codes x 2 diameters (6.3mm/76.2mm, paired with Depth Max 38.00mm/457.00mm). Hardness/Hardness System/Specific Cutting Force cross-validated against the established canonical material list (matched exactly). One minor note: material code 15.52 in the HSS series showed feed 0.18000 at both diameters vs 0.18600 in the Carbide series for the same code - kept as read rather than assumed to be a typo.",364,Counterbore,Virtual Carbide Counterbore,4.0,55,Rockwell C,76.2,29.2,0.564,4540,15,6.0,457.0,3
USA reference export,Lookup Table,Machining > Lookup Tables,tblCounterboring,lookupTables/Component/tblCounterboring.csv,"Transcribed from 6 screenshots. Two tool series (Virtual Carbide Counterbore, Virtual HSS Counterbore), each with 91 material codes x 2 diameters (6.3mm/76.2mm, paired with Depth Max 38.00mm/457.00mm). Hardness/Hardness System/Specific Cutting Force cross-validated against the established canonical material list (matched exactly). One minor note: material code 15.52 in the HSS series showed feed 0.18000 at both diameters vs 0.18600 in the Carbide series for the same code - kept as read rather than assumed to be a typo.",364,Counterbore,Virtual Carbide Counterbore,4.1,59,Rockwell C,6.3,16.5,0.282,5620,15,6.0,38.0,3
USA reference export,Lookup Table,Machining > Lookup Tables,tblCounterboring,lookupTables/Component/tblCounterboring.csv,"Transcribed from 6 screenshots. Two tool series (Virtual Carbide Counterbore, Virtual HSS Counterbore), each with 91 material codes x 2 diameters (6.3mm/76.2mm, paired with Depth Max 38.00mm/457.00mm). Hardness/Hardness System/Specific Cutting Force cross-validated against the established canonical material list (matched exactly). One minor note: material code 15.52 in the HSS series showed feed 0.18000 at both diameters vs 0.18600 in the Carbide series for the same code - kept as read rather than assumed to be a typo.",364,Counterbore,Virtual Carbide Counterbore,4.1,59,Rockwell C,76.2,16.5,0.564,5620,15,6.0,457.0,3
USA reference export,Lookup Table,Machining > Lookup Tables,tblCounterboring,lookupTables/Component/tblCounterboring.csv,"Transcribed from 6 screenshots. Two tool series (Virtual Carbide Counterbore, Virtual HSS Counterbore), each with 91 material codes x 2 diameters (6.3mm/76.2mm, paired with Depth Max 38.00mm/457.00mm). Hardness/Hardness System/Specific Cutting Force cross-validated against the established canonical material list (matched exactly). One minor note: material code 15.52 in the HSS series showed feed 0.18000 at both diameters vs 0.18600 in the Carbide series for the same code - kept as read rather than assumed to be a typo.",364,Counterbore,Virtual Carbide Counterbore,41.11,30,Brinell,6.3,84.0,0.231,460,15,6.0,38.0,3
USA reference export,Lookup Table,Machining > Lookup Tables,tblCounterboring,lookupTables/Component/tblCounterboring.csv,"Transcribed from 6 screenshots. Two tool series (Virtual Carbide Counterbore, Virtual HSS Counterbore), each with 91 material codes x 2 diameters (6.3mm/76.2mm, paired with Depth Max 38.00mm/457.00mm). Hardness/Hardness System/Specific Cutting Force cross-validated against the established canonical material list (matched exactly). One minor note: material code 15.52 in the HSS series showed feed 0.18000 at both diameters vs 0.18600 in the Carbide series for the same code - kept as read rather than assumed to be a typo.",364,Counterbore,Virtual Carbide Counterbore,41.11,30,Brinell,76.2,84.0,0.462,460,15,6.0,457.0,3
USA reference export,Lookup Table,Machining > Lookup Tables,tblCounterboring,lookupTables/Component/tblCounterboring.csv,"Transcribed from 6 screenshots. Two tool series (Virtual Carbide Counterbore, Virtual HSS Counterbore), each with 91 material codes x 2 diameters (6.3mm/76.2mm, paired with Depth Max 38.00mm/457.00mm). Hardness/Hardness System/Specific Cutting Force cross-validated against the established canonical material list (matched exactly). One minor note: material code 15.52 in the HSS series showed feed 0.18000 at both diameters vs 0.18600 in the Carbide series for the same code - kept as read rather than assumed to be a typo.",364,Counterbore,Virtual Carbide Counterbore,41.21,30,Brinell,6.3,94.5,0.231,460,15,6.0,38.0,3
USA reference export,Lookup Table,Machining > Lookup Tables,tblCounterboring,lookupTables/Component/tblCounterboring.csv,"Transcribed from 6 screenshots. Two tool series (Virtual Carbide Counterbore, Virtual HSS Counterbore), each with 91 material codes x 2 diameters (6.3mm/76.2mm, paired with Depth Max 38.00mm/457.00mm). Hardness/Hardness System/Specific Cutting Force cross-validated against the established canonical material list (matched exactly). One minor note: material code 15.52 in the HSS series showed feed 0.18000 at both diameters vs 0.18600 in the Carbide series for the same code - kept as read rather than assumed to be a typo.",364,Counterbore,Virtual Carbide Counterbore,41.21,30,Brinell,76.2,94.5,0.462,460,15,6.0,457.0,3
USA reference export,Lookup Table,Machining > Lookup Tables,tblCounterboring,lookupTables/Component/tblCounterboring.csv,"Transcribed from 6 screenshots. Two tool series (Virtual Carbide Counterbore, Virtual HSS Counterbore), each with 91 material codes x 2 diameters (6.3mm/76.2mm, paired with Depth Max 38.00mm/457.00mm). Hardness/Hardness System/Specific Cutting Force cross-validated against the established canonical material list (matched exactly). One minor note: material code 15.52 in the HSS series showed feed 0.18000 at both diameters vs 0.18600 in the Carbide series for the same code - kept as read rather than assumed to be a typo.",364,Counterbore,Virtual Carbide Counterbore,42.11,30,Brinell,6.3,73.5,0.3465,460,15,6.0,38.0,3
USA reference export,Lookup Table,Machining > Lookup Tables,tblCounterboring,lookupTables/Component/tblCounterboring.csv,"Transcribed from 6 screenshots. Two tool series (Virtual Carbide Counterbore, Virtual HSS Counterbore), each with 91 material codes x 2 diameters (6.3mm/76.2mm, paired with Depth Max 38.00mm/457.00mm). Hardness/Hardness System/Specific Cutting Force cross-validated against the established canonical material list (matched exactly). One minor note: material code 15.52 in the HSS series showed feed 0.18000 at both diameters vs 0.18600 in the Carbide series for the same code - kept as read rather than assumed to be a typo.",364,Counterbore,Virtual Carbide Counterbore,42.11,30,Brinell,76.2,73.5,0.693,460,15,6.0,457.0,3
USA reference export,Lookup Table,Machining > Lookup Tables,tblCounterboring,lookupTables/Component/tblCounterboring.csv,"Transcribed from 6 screenshots. Two tool series (Virtual Carbide Counterbore, Virtual HSS Counterbore), each with 91 material codes x 2 diameters (6.3mm/76.2mm, paired with Depth Max 38.00mm/457.00mm). Hardness/Hardness System/Specific Cutting Force cross-validated against the established canonical material list (matched exactly). One minor note: material code 15.52 in the HSS series showed feed 0.18000 at both diameters vs 0.18600 in the Carbide series for the same code - kept as read rather than assumed to be a typo.",364,Counterbore,Virtual Carbide Counterbore,42.12,30,Brinell,6.3,94.5,0.231,460,15,6.0,38.0,3
USA reference export,Lookup Table,Machining > Lookup Tables,tblCounterboring,lookupTables/Component/tblCounterboring.csv,"Transcribed from 6 screenshots. Two tool series (Virtual Carbide Counterbore, Virtual HSS Counterbore), each with 91 material codes x 2 diameters (6.3mm/76.2mm, paired with Depth Max 38.00mm/457.00mm). Hardness/Hardness System/Specific Cutting Force cross-validated against the established canonical material list (matched exactly). One minor note: material code 15.52 in the HSS series showed feed 0.18000 at both diameters vs 0.18600 in the Carbide series for the same code - kept as read rather than assumed to be a typo.",364,Counterbore,Virtual Carbide Counterbore,42.12,30,Brinell,76.2,94.5,0.462,460,15,6.0,457.0,3
USA reference export,Lookup Table,Machining > Lookup Tables,tblCounterboring,lookupTables/Component/tblCounterboring.csv,"Transcribed from 6 screenshots. Two tool series (Virtual Carbide Counterbore, Virtual HSS Counterbore), each with 91 material codes x 2 diameters (6.3mm/76.2mm, paired with Depth Max 38.00mm/457.00mm). Hardness/Hardness System/Specific Cutting Force cross-validated against the established canonical material list (matched exactly). One minor note: material code 15.52 in the HSS series showed feed 0.18000 at both diameters vs 0.18600 in the Carbide series for the same code - kept as read rather than assumed to be a typo.",364,Counterbore,Virtual Carbide Counterbore,42.13,30,Brinell,6.3,94.5,0.231,460,15,6.0,38.0,3
USA reference export,Lookup Table,Machining > Lookup Tables,tblCounterboring,lookupTables/Component/tblCounterboring.csv,"Transcribed from 6 screenshots. Two tool series (Virtual Carbide Counterbore, Virtual HSS Counterbore), each with 91 material codes x 2 diameters (6.3mm/76.2mm, paired with Depth Max 38.00mm/457.00mm). Hardness/Hardness System/Specific Cutting Force cross-validated against the established canonical material list (matched exactly). One minor note: material code 15.52 in the HSS series showed feed 0.18000 at both diameters vs 0.18600 in the Carbide series for the same code - kept as read rather than assumed to be a typo.",364,Counterbore,Virtual Carbide Counterbore,42.13,30,Brinell,76.2,94.5,0.462,460,15,6.0,457.0,3
USA reference export,Lookup Table,Machining > Lookup Tables,tblCounterboring,lookupTables/Component/tblCounterboring.csv,"Transcribed from 6 screenshots. Two tool series (Virtual Carbide Counterbore, Virtual HSS Counterbore), each with 91 material codes x 2 diameters (6.3mm/76.2mm, paired with Depth Max 38.00mm/457.00mm). Hardness/Hardness System/Specific Cutting Force cross-validated against the established canonical material list (matched exactly). One minor note: material code 15.52 in the HSS series showed feed 0.18000 at both diameters vs 0.18600 in the Carbide series for the same code - kept as read rather than assumed to be a typo.",364,Counterbore,Virtual Carbide Counterbore,5.1,200,Brinell,6.3,32.3,0.2625,2100,15,6.0,38.0,3
USA reference export,Lookup Table,Machining > Lookup Tables,tblCounterboring,lookupTables/Component/tblCounterboring.csv,"Transcribed from 6 screenshots. Two tool series (Virtual Carbide Counterbore, Virtual HSS Counterbore), each with 91 material codes x 2 diameters (6.3mm/76.2mm, paired with Depth Max 38.00mm/457.00mm). Hardness/Hardness System/Specific Cutting Force cross-validated against the established canonical material list (matched exactly). One minor note: material code 15.52 in the HSS series showed feed 0.18000 at both diameters vs 0.18600 in the Carbide series for the same code - kept as read rather than assumed to be a typo.",364,Counterbore,Virtual Carbide Counterbore,5.1,200,Brinell,76.2,32.3,0.525,2100,15,6.0,457.0,3
USA reference export,Lookup Table,Machining > Lookup Tables,tblCounterboring,lookupTables/Component/tblCounterboring.csv,"Transcribed from 6 screenshots. Two tool series (Virtual Carbide Counterbore, Virtual HSS Counterbore), each with 91 material codes x 2 diameters (6.3mm/76.2mm, paired with Depth Max 38.00mm/457.00mm). Hardness/Hardness System/Specific Cutting Force cross-validated against the established canonical material list (matched exactly). One minor note: material code 15.52 in the HSS series showed feed 0.18000 at both diameters vs 0.18600 in the Carbide series for the same code - kept as read rather than assumed to be a typo.",364,Counterbore,Virtual Carbide Counterbore,5.11,200,Brinell,6.3,38.5,0.2625,2180,15,6.0,38.0,3
USA reference export,Lookup Table,Machining > Lookup Tables,tblCounterboring,lookupTables/Component/tblCounterboring.csv,"Transcribed from 6 screenshots. Two tool series (Virtual Carbide Counterbore, Virtual HSS Counterbore), each with 91 material codes x 2 diameters (6.3mm/76.2mm, paired with Depth Max 38.00mm/457.00mm). Hardness/Hardness System/Specific Cutting Force cross-validated against the established canonical material list (matched exactly). One minor note: material code 15.52 in the HSS series showed feed 0.18000 at both diameters vs 0.18600 in the Carbide series for the same code - kept as read rather than assumed to be a typo.",364,Counterbore,Virtual Carbide Counterbore,5.11,200,Brinell,76.2,38.5,0.525,2180,15,6.0,457.0,3
USA reference export,Lookup Table,Machining > Lookup Tables,tblCounterboring,lookupTables/Component/tblCounterboring.csv,"Transcribed from 6 screenshots. Two tool series (Virtual Carbide Counterbore, Virtual HSS Counterbore), each with 91 material codes x 2 diameters (6.3mm/76.2mm, paired with Depth Max 38.00mm/457.00mm). Hardness/Hardness System/Specific Cutting Force cross-validated against the established canonical material list (matched exactly). One minor note: material code 15.52 in the HSS series showed feed 0.18000 at both diameters vs 0.18600 in the Carbide series for the same code - kept as read rather than assumed to be a typo.",364,Counterbore,Virtual Carbide Counterbore,5.12,330,Brinell,6.3,38.0,0.2625,3400,15,6.0,38.0,3
USA reference export,Lookup Table,Machining > Lookup Tables,tblCounterboring,lookupTables/Component/tblCounterboring.csv,"Transcribed from 6 screenshots. Two tool series (Virtual Carbide Counterbore, Virtual HSS Counterbore), each with 91 material codes x 2 diameters (6.3mm/76.2mm, paired with Depth Max 38.00mm/457.00mm). Hardness/Hardness System/Specific Cutting Force cross-validated against the established canonical material list (matched exactly). One minor note: material code 15.52 in the HSS series showed feed 0.18000 at both diameters vs 0.18600 in the Carbide series for the same code - kept as read rather than assumed to be a typo.",364,Counterbore,Virtual Carbide Counterbore,5.12,330,Brinell,76.2,38.0,0.525,3400,15,6.0,457.0,3
USA reference export,Lookup Table,Machining > Lookup Tables,tblCounterboring,lookupTables/Component/tblCounterboring.csv,"Transcribed from 6 screenshots. Two tool series (Virtual Carbide Counterbore, Virtual HSS Counterbore), each with 91 material codes x 2 diameters (6.3mm/76.2mm, paired with Depth Max 38.00mm/457.00mm). Hardness/Hardness System/Specific Cutting Force cross-validated against the established canonical material list (matched exactly). One minor note: material code 15.52 in the HSS series showed feed 0.18000 at both diameters vs 0.18600 in the Carbide series for the same code - kept as read rather than assumed to be a typo.",364,Counterbore,Virtual Carbide Counterbore,5.13,330,Brinell,6.3,40.6,0.2625,2800,15,6.0,38.0,3
USA reference export,Lookup Table,Machining > Lookup Tables,tblCounterboring,lookupTables/Component/tblCounterboring.csv,"Transcribed from 6 screenshots. Two tool series (Virtual Carbide Counterbore, Virtual HSS Counterbore), each with 91 material codes x 2 diameters (6.3mm/76.2mm, paired with Depth Max 38.00mm/457.00mm). Hardness/Hardness System/Specific Cutting Force cross-validated against the established canonical material list (matched exactly). One minor note: material code 15.52 in the HSS series showed feed 0.18000 at both diameters vs 0.18600 in the Carbide series for the same code - kept as read rather than assumed to be a typo.",364,Counterbore,Virtual Carbide Counterbore,5.13,330,Brinell,76.2,40.6,0.525,2800,15,6.0,457.0,3
USA reference export,Lookup Table,Machining > Lookup Tables,tblCounterboring,lookupTables/Component/tblCounterboring.csv,"Transcribed from 6 screenshots. Two tool series (Virtual Carbide Counterbore, Virtual HSS Counterbore), each with 91 material codes x 2 diameters (6.3mm/76.2mm, paired with Depth Max 38.00mm/457.00mm). Hardness/Hardness System/Specific Cutting Force cross-validated against the established canonical material list (matched exactly). One minor note: material code 15.52 in the HSS series showed feed 0.18000 at both diameters vs 0.18600 in the Carbide series for the same code - kept as read rather than assumed to be a typo.",364,Counterbore,Virtual Carbide Counterbore,5.2,175,Brinell,6.3,57.6,0.2625,2300,15,6.0,38.0,3
USA reference export,Lookup Table,Machining > Lookup Tables,tblCounterboring,lookupTables/Component/tblCounterboring.csv,"Transcribed from 6 screenshots. Two tool series (Virtual Carbide Counterbore, Virtual HSS Counterbore), each with 91 material codes x 2 diameters (6.3mm/76.2mm, paired with Depth Max 38.00mm/457.00mm). Hardness/Hardness System/Specific Cutting Force cross-validated against the established canonical material list (matched exactly). One minor note: material code 15.52 in the HSS series showed feed 0.18000 at both diameters vs 0.18600 in the Carbide series for the same code - kept as read rather than assumed to be a typo.",364,Counterbore,Virtual Carbide Counterbore,5.2,175,Brinell,76.2,57.6,0.525,2300,15,6.0,457.0,3
USA reference export,Lookup Table,Machining > Lookup Tables,tblCounterboring,lookupTables/Component/tblCounterboring.csv,"Transcribed from 6 screenshots. Two tool series (Virtual Carbide Counterbore, Virtual HSS Counterbore), each with 91 material codes x 2 diameters (6.3mm/76.2mm, paired with Depth Max 38.00mm/457.00mm). Hardness/Hardness System/Specific Cutting Force cross-validated against the established canonical material list (matched exactly). One minor note: material code 15.52 in the HSS series showed feed 0.18000 at both diameters vs 0.18600 in the Carbide series for the same code - kept as read rather than assumed to be a typo.",364,Counterbore,Virtual Carbide Counterbore,5.21,200,Brinell,6.3,38.9,0.225,2420,15,6.0,38.0,3
USA reference export,Lookup Table,Machining > Lookup Tables,tblCounterboring,lookupTables/Component/tblCounterboring.csv,"Transcribed from 6 screenshots. Two tool series (Virtual Carbide Counterbore, Virtual HSS Counterbore), each with 91 material codes x 2 diameters (6.3mm/76.2mm, paired with Depth Max 38.00mm/457.00mm). Hardness/Hardness System/Specific Cutting Force cross-validated against the established canonical material list (matched exactly). One minor note: material code 15.52 in the HSS series showed feed 0.18000 at both diameters vs 0.18600 in the Carbide series for the same code - kept as read rather than assumed to be a typo.",364,Counterbore,Virtual Carbide Counterbore,5.21,200,Brinell,76.2,38.9,0.45,2420,15,6.0,457.0,3
USA reference export,Lookup Table,Machining > Lookup Tables,tblCounterboring,lookupTables/Component/tblCounterboring.csv,"Transcribed from 6 screenshots. Two tool series (Virtual Carbide Counterbore, Virtual HSS Counterbore), each with 91 material codes x 2 diameters (6.3mm/76.2mm, paired with Depth Max 38.00mm/457.00mm). Hardness/Hardness System/Specific Cutting Force cross-validated against the established canonical material list (matched exactly). One minor note: material code 15.52 in the HSS series showed feed 0.18000 at both diameters vs 0.18600 in the Carbide series for the same code - kept as read rather than assumed to be a typo.",364,Counterbore,Virtual Carbide Counterbore,5.22,330,Brinell,6.3,33.5,0.225,3400,15,6.0,38.0,3
USA reference export,Lookup Table,Machining > Lookup Tables,tblCounterboring,lookupTables/Component/tblCounterboring.csv,"Transcribed from 6 screenshots. Two tool series (Virtual Carbide Counterbore, Virtual HSS Counterbore), each with 91 material codes x 2 diameters (6.3mm/76.2mm, paired with Depth Max 38.00mm/457.00mm). Hardness/Hardness System/Specific Cutting Force cross-validated against the established canonical material list (matched exactly). One minor note: material code 15.52 in the HSS series showed feed 0.18000 at both diameters vs 0.18600 in the Carbide series for the same code - kept as read rather than assumed to be a typo.",364,Counterbore,Virtual Carbide Counterbore,5.22,330,Brinell,76.2,33.5,0.45,3400,15,6.0,457.0,3
USA reference export,Lookup Table,Machining > Lookup Tables,tblCounterboring,lookupTables/Component/tblCounterboring.csv,"Transcribed from 6 screenshots. Two tool series (Virtual Carbide Counterbore, Virtual HSS Counterbore), each with 91 material codes x 2 diameters (6.3mm/76.2mm, paired with Depth Max 38.00mm/457.00mm). Hardness/Hardness System/Specific Cutting Force cross-validated against the established canonical material list (matched exactly). One minor note: material code 15.52 in the HSS series showed feed 0.18000 at both diameters vs 0.18600 in the Carbide series for the same code - kept as read rather than assumed to be a typo.",364,Counterbore,Virtual Carbide Counterbore,5.23,200,Brinell,6.3,28.0,0.225,2960,15,6.0,38.0,3
USA reference export,Lookup Table,Machining > Lookup Tables,tblCounterboring,lookupTables/Component/tblCounterboring.csv,"Transcribed from 6 screenshots. Two tool series (Virtual Carbide Counterbore, Virtual HSS Counterbore), each with 91 material codes x 2 diameters (6.3mm/76.2mm, paired with Depth Max 38.00mm/457.00mm). Hardness/Hardness System/Specific Cutting Force cross-validated against the established canonical material list (matched exactly). One minor note: material code 15.52 in the HSS series showed feed 0.18000 at both diameters vs 0.18600 in the Carbide series for the same code - kept as read rather than assumed to be a typo.",364,Counterbore,Virtual Carbide Counterbore,5.23,200,Brinell,76.2,28.0,0.45,2960,15,6.0,457.0,3
USA reference export,Lookup Table,Machining > Lookup Tables,tblCounterboring,lookupTables/Component/tblCounterboring.csv,"Transcribed from 6 screenshots. Two tool series (Virtual Carbide Counterbore, Virtual HSS Counterbore), each with 91 material codes x 2 diameters (6.3mm/76.2mm, paired with Depth Max 38.00mm/457.00mm). Hardness/Hardness System/Specific Cutting Force cross-validated against the established canonical material list (matched exactly). One minor note: material code 15.52 in the HSS series showed feed 0.18000 at both diameters vs 0.18600 in the Carbide series for the same code - kept as read rather than assumed to be a typo.",364,Counterbore,Virtual Carbide Counterbore,5.51,230,Brinell,6.3,28.5,0.225,2420,15,6.0,38.0,3
USA reference export,Lookup Table,Machining > Lookup Tables,tblCounterboring,lookupTables/Component/tblCounterboring.csv,"Transcribed from 6 screenshots. Two tool series (Virtual Carbide Counterbore, Virtual HSS Counterbore), each with 91 material codes x 2 diameters (6.3mm/76.2mm, paired with Depth Max 38.00mm/457.00mm). Hardness/Hardness System/Specific Cutting Force cross-validated against the established canonical material list (matched exactly). One minor note: material code 15.52 in the HSS series showed feed 0.18000 at both diameters vs 0.18600 in the Carbide series for the same code - kept as read rather than assumed to be a typo.",364,Counterbore,Virtual Carbide Counterbore,5.51,230,Brinell,76.2,28.5,0.45,2420,15,6.0,457.0,3
USA reference export,Lookup Table,Machining > Lookup Tables,tblCounterboring,lookupTables/Component/tblCounterboring.csv,"Transcribed from 6 screenshots. Two tool series (Virtual Carbide Counterbore, Virtual HSS Counterbore), each with 91 material codes x 2 diameters (6.3mm/76.2mm, paired with Depth Max 38.00mm/457.00mm). Hardness/Hardness System/Specific Cutting Force cross-validated against the established canonical material list (matched exactly). One minor note: material code 15.52 in the HSS series showed feed 0.18000 at both diameters vs 0.18600 in the Carbide series for the same code - kept as read rather than assumed to be a typo.",364,Counterbore,Virtual Carbide Counterbore,5.52,260,Brinell,6.3,28.5,0.225,2920,15,6.0,38.0,3
USA reference export,Lookup Table,Machining > Lookup Tables,tblCounterboring,lookupTables/Component/tblCounterboring.csv,"Transcribed from 6 screenshots. Two tool series (Virtual Carbide Counterbore, Virtual HSS Counterbore), each with 91 material codes x 2 diameters (6.3mm/76.2mm, paired with Depth Max 38.00mm/457.00mm). Hardness/Hardness System/Specific Cutting Force cross-validated against the established canonical material list (matched exactly). One minor note: material code 15.52 in the HSS series showed feed 0.18000 at both diameters vs 0.18600 in the Carbide series for the same code - kept as read rather than assumed to be a typo.",364,Counterbore,Virtual Carbide Counterbore,5.52,260,Brinell,76.2,28.5,0.45,2920,15,6.0,457.0,3
USA reference export,Lookup Table,Machining > Lookup Tables,tblCounterboring,lookupTables/Component/tblCounterboring.csv,"Transcribed from 6 screenshots. Two tool series (Virtual Carbide Counterbore, Virtual HSS Counterbore), each with 91 material codes x 2 diameters (6.3mm/76.2mm, paired with Depth Max 38.00mm/457.00mm). Hardness/Hardness System/Specific Cutting Force cross-validated against the established canonical material list (matched exactly). One minor note: material code 15.52 in the HSS series showed feed 0.18000 at both diameters vs 0.18600 in the Carbide series for the same code - kept as read rather than assumed to be a typo.",364,Counterbore,Virtual Carbide Counterbore,51.21,30,Brinell,6.3,171.5,0.3465,460,15,6.0,38.0,3
USA reference export,Lookup Table,Machining > Lookup Tables,tblCounterboring,lookupTables/Component/tblCounterboring.csv,"Transcribed from 6 screenshots. Two tool series (Virtual Carbide Counterbore, Virtual HSS Counterbore), each with 91 material codes x 2 diameters (6.3mm/76.2mm, paired with Depth Max 38.00mm/457.00mm). Hardness/Hardness System/Specific Cutting Force cross-validated against the established canonical material list (matched exactly). One minor note: material code 15.52 in the HSS series showed feed 0.18000 at both diameters vs 0.18600 in the Carbide series for the same code - kept as read rather than assumed to be a typo.",364,Counterbore,Virtual Carbide Counterbore,51.21,30,Brinell,76.2,171.5,0.693,460,15,6.0,457.0,3
USA reference export,Lookup Table,Machining > Lookup Tables,tblCounterboring,lookupTables/Component/tblCounterboring.csv,"Transcribed from 6 screenshots. Two tool series (Virtual Carbide Counterbore, Virtual HSS Counterbore), each with 91 material codes x 2 diameters (6.3mm/76.2mm, paired with Depth Max 38.00mm/457.00mm). Hardness/Hardness System/Specific Cutting Force cross-validated against the established canonical material list (matched exactly). One minor note: material code 15.52 in the HSS series showed feed 0.18000 at both diameters vs 0.18600 in the Carbide series for the same code - kept as read rather than assumed to be a typo.",364,Counterbore,Virtual Carbide Counterbore,51.22,30,Brinell,6.3,171.5,0.3465,460,15,6.0,38.0,3
USA reference export,Lookup Table,Machining > Lookup Tables,tblCounterboring,lookupTables/Component/tblCounterboring.csv,"Transcribed from 6 screenshots. Two tool series (Virtual Carbide Counterbore, Virtual HSS Counterbore), each with 91 material codes x 2 diameters (6.3mm/76.2mm, paired with Depth Max 38.00mm/457.00mm). Hardness/Hardness System/Specific Cutting Force cross-validated against the established canonical material list (matched exactly). One minor note: material code 15.52 in the HSS series showed feed 0.18000 at both diameters vs 0.18600 in the Carbide series for the same code - kept as read rather than assumed to be a typo.",364,Counterbore,Virtual Carbide Counterbore,51.22,30,Brinell,76.2,171.5,0.693,460,15,6.0,457.0,3
USA reference export,Lookup Table,Machining > Lookup Tables,tblCounterboring,lookupTables/Component/tblCounterboring.csv,"Transcribed from 6 screenshots. Two tool series (Virtual Carbide Counterbore, Virtual HSS Counterbore), each with 91 material codes x 2 diameters (6.3mm/76.2mm, paired with Depth Max 38.00mm/457.00mm). Hardness/Hardness System/Specific Cutting Force cross-validated against the established canonical material list (matched exactly). One minor note: material code 15.52 in the HSS series showed feed 0.18000 at both diameters vs 0.18600 in the Carbide series for the same code - kept as read rather than assumed to be a typo.",364,Counterbore,Virtual Carbide Counterbore,51.31,30,Brinell,6.3,213.5,0.3465,460,15,6.0,38.0,3
USA reference export,Lookup Table,Machining > Lookup Tables,tblCounterboring,lookupTables/Component/tblCounterboring.csv,"Transcribed from 6 screenshots. Two tool series (Virtual Carbide Counterbore, Virtual HSS Counterbore), each with 91 material codes x 2 diameters (6.3mm/76.2mm, paired with Depth Max 38.00mm/457.00mm). Hardness/Hardness System/Specific Cutting Force cross-validated against the established canonical material list (matched exactly). One minor note: material code 15.52 in the HSS series showed feed 0.18000 at both diameters vs 0.18600 in the Carbide series for the same code - kept as read rather than assumed to be a typo.",364,Counterbore,Virtual Carbide Counterbore,51.31,30,Brinell,76.2,213.5,0.693,460,15,6.0,457.0,3
USA reference export,Lookup Table,Machining > Lookup Tables,tblCounterboring,lookupTables/Component/tblCounterboring.csv,"Transcribed from 6 screenshots. Two tool series (Virtual Carbide Counterbore, Virtual HSS Counterbore), each with 91 material codes x 2 diameters (6.3mm/76.2mm, paired with Depth Max 38.00mm/457.00mm). Hardness/Hardness System/Specific Cutting Force cross-validated against the established canonical material list (matched exactly). One minor note: material code 15.52 in the HSS series showed feed 0.18000 at both diameters vs 0.18600 in the Carbide series for the same code - kept as read rather than assumed to be a typo.",364,Counterbore,Virtual Carbide Counterbore,51.32,30,Brinell,6.3,213.5,0.3465,460,15,6.0,38.0,3
USA reference export,Lookup Table,Machining > Lookup Tables,tblCounterboring,lookupTables/Component/tblCounterboring.csv,"Transcribed from 6 screenshots. Two tool series (Virtual Carbide Counterbore, Virtual HSS Counterbore), each with 91 material codes x 2 diameters (6.3mm/76.2mm, paired with Depth Max 38.00mm/457.00mm). Hardness/Hardness System/Specific Cutting Force cross-validated against the established canonical material list (matched exactly). One minor note: material code 15.52 in the HSS series showed feed 0.18000 at both diameters vs 0.18600 in the Carbide series for the same code - kept as read rather than assumed to be a typo.",364,Counterbore,Virtual Carbide Counterbore,51.32,30,Brinell,76.2,213.5,0.693,460,15,6.0,457.0,3
USA reference export,Lookup Table,Machining > Lookup Tables,tblCounterboring,lookupTables/Component/tblCounterboring.csv,"Transcribed from 6 screenshots. Two tool series (Virtual Carbide Counterbore, Virtual HSS Counterbore), each with 91 material codes x 2 diameters (6.3mm/76.2mm, paired with Depth Max 38.00mm/457.00mm). Hardness/Hardness System/Specific Cutting Force cross-validated against the established canonical material list (matched exactly). One minor note: material code 15.52 in the HSS series showed feed 0.18000 at both diameters vs 0.18600 in the Carbide series for the same code - kept as read rather than assumed to be a typo.",364,Counterbore,Virtual Carbide Counterbore,52.11,30,Brinell,6.3,94.5,0.3465,460,15,6.0,38.0,3
USA reference export,Lookup Table,Machining > Lookup Tables,tblCounterboring,lookupTables/Component/tblCounterboring.csv,"Transcribed from 6 screenshots. Two tool series (Virtual Carbide Counterbore, Virtual HSS Counterbore), each with 91 material codes x 2 diameters (6.3mm/76.2mm, paired with Depth Max 38.00mm/457.00mm). Hardness/Hardness System/Specific Cutting Force cross-validated against the established canonical material list (matched exactly). One minor note: material code 15.52 in the HSS series showed feed 0.18000 at both diameters vs 0.18600 in the Carbide series for the same code - kept as read rather than assumed to be a typo.",364,Counterbore,Virtual Carbide Counterbore,52.11,30,Brinell,76.2,94.5,0.693,460,15,6.0,457.0,3
USA reference export,Lookup Table,Machining > Lookup Tables,tblCounterboring,lookupTables/Component/tblCounterboring.csv,"Transcribed from 6 screenshots. Two tool series (Virtual Carbide Counterbore, Virtual HSS Counterbore), each with 91 material codes x 2 diameters (6.3mm/76.2mm, paired with Depth Max 38.00mm/457.00mm). Hardness/Hardness System/Specific Cutting Force cross-validated against the established canonical material list (matched exactly). One minor note: material code 15.52 in the HSS series showed feed 0.18000 at both diameters vs 0.18600 in the Carbide series for the same code - kept as read rather than assumed to be a typo.",364,Counterbore,Virtual Carbide Counterbore,52.12,30,Brinell,6.3,119.0,0.3465,460,15,6.0,38.0,3
USA reference export,Lookup Table,Machining > Lookup Tables,tblCounterboring,lookupTables/Component/tblCounterboring.csv,"Transcribed from 6 screenshots. Two tool series (Virtual Carbide Counterbore, Virtual HSS Counterbore), each with 91 material codes x 2 diameters (6.3mm/76.2mm, paired with Depth Max 38.00mm/457.00mm). Hardness/Hardness System/Specific Cutting Force cross-validated against the established canonical material list (matched exactly). One minor note: material code 15.52 in the HSS series showed feed 0.18000 at both diameters vs 0.18600 in the Carbide series for the same code - kept as read rather than assumed to be a typo.",364,Counterbore,Virtual Carbide Counterbore,52.12,30,Brinell,76.2,119.0,0.693,460,15,6.0,457.0,3
USA reference export,Lookup Table,Machining > Lookup Tables,tblCounterboring,lookupTables/Component/tblCounterboring.csv,"Transcribed from 6 screenshots. Two tool series (Virtual Carbide Counterbore, Virtual HSS Counterbore), each with 91 material codes x 2 diameters (6.3mm/76.2mm, paired with Depth Max 38.00mm/457.00mm). Hardness/Hardness System/Specific Cutting Force cross-validated against the established canonical material list (matched exactly). One minor note: material code 15.52 in the HSS series showed feed 0.18000 at both diameters vs 0.18600 in the Carbide series for the same code - kept as read rather than assumed to be a typo.",364,Counterbore,Virtual Carbide Counterbore,52.13,30,Brinell,6.3,119.0,0.3465,460,15,6.0,38.0,3
USA reference export,Lookup Table,Machining > Lookup Tables,tblCounterboring,lookupTables/Component/tblCounterboring.csv,"Transcribed from 6 screenshots. Two tool series (Virtual Carbide Counterbore, Virtual HSS Counterbore), each with 91 material codes x 2 diameters (6.3mm/76.2mm, paired with Depth Max 38.00mm/457.00mm). Hardness/Hardness System/Specific Cutting Force cross-validated against the established canonical material list (matched exactly). One minor note: material code 15.52 in the HSS series showed feed 0.18000 at both diameters vs 0.18600 in the Carbide series for the same code - kept as read rather than assumed to be a typo.",364,Counterbore,Virtual Carbide Counterbore,52.13,30,Brinell,76.2,119.0,0.693,460,15,6.0,457.0,3
USA reference export,Lookup Table,Machining > Lookup Tables,tblCounterboring,lookupTables/Component/tblCounterboring.csv,"Transcribed from 6 screenshots. Two tool series (Virtual Carbide Counterbore, Virtual HSS Counterbore), each with 91 material codes x 2 diameters (6.3mm/76.2mm, paired with Depth Max 38.00mm/457.00mm). Hardness/Hardness System/Specific Cutting Force cross-validated against the established canonical material list (matched exactly). One minor note: material code 15.52 in the HSS series showed feed 0.18000 at both diameters vs 0.18600 in the Carbide series for the same code - kept as read rather than assumed to be a typo.",364,Counterbore,Virtual Carbide Counterbore,52.14,30,Brinell,6.3,119.0,0.231,460,15,6.0,38.0,3
USA reference export,Lookup Table,Machining > Lookup Tables,tblCounterboring,lookupTables/Component/tblCounterboring.csv,"Transcribed from 6 screenshots. Two tool series (Virtual Carbide Counterbore, Virtual HSS Counterbore), each with 91 material codes x 2 diameters (6.3mm/76.2mm, paired with Depth Max 38.00mm/457.00mm). Hardness/Hardness System/Specific Cutting Force cross-validated against the established canonical material list (matched exactly). One minor note: material code 15.52 in the HSS series showed feed 0.18000 at both diameters vs 0.18600 in the Carbide series for the same code - kept as read rather than assumed to be a typo.",364,Counterbore,Virtual Carbide Counterbore,52.14,30,Brinell,76.2,119.0,0.462,460,15,6.0,457.0,3
USA reference export,Lookup Table,Machining > Lookup Tables,tblCounterboring,lookupTables/Component/tblCounterboring.csv,"Transcribed from 6 screenshots. Two tool series (Virtual Carbide Counterbore, Virtual HSS Counterbore), each with 91 material codes x 2 diameters (6.3mm/76.2mm, paired with Depth Max 38.00mm/457.00mm). Hardness/Hardness System/Specific Cutting Force cross-validated against the established canonical material list (matched exactly). One minor note: material code 15.52 in the HSS series showed feed 0.18000 at both diameters vs 0.18600 in the Carbide series for the same code - kept as read rather than assumed to be a typo.",364,Counterbore,Virtual Carbide Counterbore,52.15,30,Brinell,6.3,161.0,0.3465,460,15,6.0,38.0,3
USA reference export,Lookup Table,Machining > Lookup Tables,tblCounterboring,lookupTables/Component/tblCounterboring.csv,"Transcribed from 6 screenshots. Two tool series (Virtual Carbide Counterbore, Virtual HSS Counterbore), each with 91 material codes x 2 diameters (6.3mm/76.2mm, paired with Depth Max 38.00mm/457.00mm). Hardness/Hardness System/Specific Cutting Force cross-validated against the established canonical material list (matched exactly). One minor note: material code 15.52 in the HSS series showed feed 0.18000 at both diameters vs 0.18600 in the Carbide series for the same code - kept as read rather than assumed to be a typo.",364,Counterbore,Virtual Carbide Counterbore,52.15,30,Brinell,76.2,161.0,0.693,460,15,6.0,457.0,3
USA reference export,Lookup Table,Machining > Lookup Tables,tblCounterboring,lookupTables/Component/tblCounterboring.csv,"Transcribed from 6 screenshots. Two tool series (Virtual Carbide Counterbore, Virtual HSS Counterbore), each with 91 material codes x 2 diameters (6.3mm/76.2mm, paired with Depth Max 38.00mm/457.00mm). Hardness/Hardness System/Specific Cutting Force cross-validated against the established canonical material list (matched exactly). One minor note: material code 15.52 in the HSS series showed feed 0.18000 at both diameters vs 0.18600 in the Carbide series for the same code - kept as read rather than assumed to be a typo.",364,Counterbore,Virtual Carbide Counterbore,52.21,30,Brinell,6.3,161.0,0.3465,460,15,6.0,38.0,3
USA reference export,Lookup Table,Machining > Lookup Tables,tblCounterboring,lookupTables/Component/tblCounterboring.csv,"Transcribed from 6 screenshots. Two tool series (Virtual Carbide Counterbore, Virtual HSS Counterbore), each with 91 material codes x 2 diameters (6.3mm/76.2mm, paired with Depth Max 38.00mm/457.00mm). Hardness/Hardness System/Specific Cutting Force cross-validated against the established canonical material list (matched exactly). One minor note: material code 15.52 in the HSS series showed feed 0.18000 at both diameters vs 0.18600 in the Carbide series for the same code - kept as read rather than assumed to be a typo.",364,Counterbore,Virtual Carbide Counterbore,52.21,30,Brinell,76.2,161.0,0.693,460,15,6.0,457.0,3
USA reference export,Lookup Table,Machining > Lookup Tables,tblCounterboring,lookupTables/Component/tblCounterboring.csv,"Transcribed from 6 screenshots. Two tool series (Virtual Carbide Counterbore, Virtual HSS Counterbore), each with 91 material codes x 2 diameters (6.3mm/76.2mm, paired with Depth Max 38.00mm/457.00mm). Hardness/Hardness System/Specific Cutting Force cross-validated against the established canonical material list (matched exactly). One minor note: material code 15.52 in the HSS series showed feed 0.18000 at both diameters vs 0.18600 in the Carbide series for the same code - kept as read rather than assumed to be a typo.",364,Counterbore,Virtual Carbide Counterbore,52.31,30,Brinell,6.3,213.5,0.3465,460,15,6.0,38.0,3
USA reference export,Lookup Table,Machining > Lookup Tables,tblCounterboring,lookupTables/Component/tblCounterboring.csv,"Transcribed from 6 screenshots. Two tool series (Virtual Carbide Counterbore, Virtual HSS Counterbore), each with 91 material codes x 2 diameters (6.3mm/76.2mm, paired with Depth Max 38.00mm/457.00mm). Hardness/Hardness System/Specific Cutting Force cross-validated against the established canonical material list (matched exactly). One minor note: material code 15.52 in the HSS series showed feed 0.18000 at both diameters vs 0.18600 in the Carbide series for the same code - kept as read rather than assumed to be a typo.",364,Counterbore,Virtual Carbide Counterbore,52.31,30,Brinell,76.2,213.5,0.693,460,15,6.0,457.0,3
USA reference export,Lookup Table,Machining > Lookup Tables,tblCounterboring,lookupTables/Component/tblCounterboring.csv,"Transcribed from 6 screenshots. Two tool series (Virtual Carbide Counterbore, Virtual HSS Counterbore), each with 91 material codes x 2 diameters (6.3mm/76.2mm, paired with Depth Max 38.00mm/457.00mm). Hardness/Hardness System/Specific Cutting Force cross-validated against the established canonical material list (matched exactly). One minor note: material code 15.52 in the HSS series showed feed 0.18000 at both diameters vs 0.18600 in the Carbide series for the same code - kept as read rather than assumed to be a typo.",364,Counterbore,Virtual Carbide Counterbore,52.32,30,Brinell,6.3,213.5,0.3465,460,15,6.0,38.0,3
USA reference export,Lookup Table,Machining > Lookup Tables,tblCounterboring,lookupTables/Component/tblCounterboring.csv,"Transcribed from 6 screenshots. Two tool series (Virtual Carbide Counterbore, Virtual HSS Counterbore), each with 91 material codes x 2 diameters (6.3mm/76.2mm, paired with Depth Max 38.00mm/457.00mm). Hardness/Hardness System/Specific Cutting Force cross-validated against the established canonical material list (matched exactly). One minor note: material code 15.52 in the HSS series showed feed 0.18000 at both diameters vs 0.18600 in the Carbide series for the same code - kept as read rather than assumed to be a typo.",364,Counterbore,Virtual Carbide Counterbore,52.32,30,Brinell,76.2,213.5,0.693,460,15,6.0,457.0,3
USA reference export,Lookup Table,Machining > Lookup Tables,tblCounterboring,lookupTables/Component/tblCounterboring.csv,"Transcribed from 6 screenshots. Two tool series (Virtual Carbide Counterbore, Virtual HSS Counterbore), each with 91 material codes x 2 diameters (6.3mm/76.2mm, paired with Depth Max 38.00mm/457.00mm). Hardness/Hardness System/Specific Cutting Force cross-validated against the established canonical material list (matched exactly). One minor note: material code 15.52 in the HSS series showed feed 0.18000 at both diameters vs 0.18600 in the Carbide series for the same code - kept as read rather than assumed to be a typo.",364,Counterbore,Virtual Carbide Counterbore,6.1,150,Brinell,6.3,51.9,0.15,1860,15,6.0,38.0,3
USA reference export,Lookup Table,Machining > Lookup Tables,tblCounterboring,lookupTables/Component/tblCounterboring.csv,"Transcribed from 6 screenshots. Two tool series (Virtual Carbide Counterbore, Virtual HSS Counterbore), each with 91 material codes x 2 diameters (6.3mm/76.2mm, paired with Depth Max 38.00mm/457.00mm). Hardness/Hardness System/Specific Cutting Force cross-validated against the established canonical material list (matched exactly). One minor note: material code 15.52 in the HSS series showed feed 0.18000 at both diameters vs 0.18600 in the Carbide series for the same code - kept as read rather than assumed to be a typo.",364,Counterbore,Virtual Carbide Counterbore,6.1,150,Brinell,76.2,51.9,0.3,1860,15,6.0,457.0,3
USA reference export,Lookup Table,Machining > Lookup Tables,tblCounterboring,lookupTables/Component/tblCounterboring.csv,"Transcribed from 6 screenshots. Two tool series (Virtual Carbide Counterbore, Virtual HSS Counterbore), each with 91 material codes x 2 diameters (6.3mm/76.2mm, paired with Depth Max 38.00mm/457.00mm). Hardness/Hardness System/Specific Cutting Force cross-validated against the established canonical material list (matched exactly). One minor note: material code 15.52 in the HSS series showed feed 0.18000 at both diameters vs 0.18600 in the Carbide series for the same code - kept as read rather than assumed to be a typo.",364,Counterbore,Virtual Carbide Counterbore,6.2,200,Brinell,6.3,41.5,0.225,2140,15,6.0,38.0,3
USA reference export,Lookup Table,Machining > Lookup Tables,tblCounterboring,lookupTables/Component/tblCounterboring.csv,"Transcribed from 6 screenshots. Two tool series (Virtual Carbide Counterbore, Virtual HSS Counterbore), each with 91 material codes x 2 diameters (6.3mm/76.2mm, paired with Depth Max 38.00mm/457.00mm). Hardness/Hardness System/Specific Cutting Force cross-validated against the established canonical material list (matched exactly). One minor note: material code 15.52 in the HSS series showed feed 0.18000 at both diameters vs 0.18600 in the Carbide series for the same code - kept as read rather than assumed to be a typo.",364,Counterbore,Virtual Carbide Counterbore,6.2,200,Brinell,76.2,41.5,0.45,2140,15,6.0,457.0,3
USA reference export,Lookup Table,Machining > Lookup Tables,tblCounterboring,lookupTables/Component/tblCounterboring.csv,"Transcribed from 6 screenshots. Two tool series (Virtual Carbide Counterbore, Virtual HSS Counterbore), each with 91 material codes x 2 diameters (6.3mm/76.2mm, paired with Depth Max 38.00mm/457.00mm). Hardness/Hardness System/Specific Cutting Force cross-validated against the established canonical material list (matched exactly). One minor note: material code 15.52 in the HSS series showed feed 0.18000 at both diameters vs 0.18600 in the Carbide series for the same code - kept as read rather than assumed to be a typo.",364,Counterbore,Virtual Carbide Counterbore,6.3,200,Brinell,6.3,29.4,0.207,2600,15,6.0,38.0,3
USA reference export,Lookup Table,Machining > Lookup Tables,tblCounterboring,lookupTables/Component/tblCounterboring.csv,"Transcribed from 6 screenshots. Two tool series (Virtual Carbide Counterbore, Virtual HSS Counterbore), each with 91 material codes x 2 diameters (6.3mm/76.2mm, paired with Depth Max 38.00mm/457.00mm). Hardness/Hardness System/Specific Cutting Force cross-validated against the established canonical material list (matched exactly). One minor note: material code 15.52 in the HSS series showed feed 0.18000 at both diameters vs 0.18600 in the Carbide series for the same code - kept as read rather than assumed to be a typo.",364,Counterbore,Virtual Carbide Counterbore,6.3,200,Brinell,76.2,29.4,0.414,2600,15,6.0,457.0,3
USA reference export,Lookup Table,Machining > Lookup Tables,tblCounterboring,lookupTables/Component/tblCounterboring.csv,"Transcribed from 6 screenshots. Two tool series (Virtual Carbide Counterbore, Virtual HSS Counterbore), each with 91 material codes x 2 diameters (6.3mm/76.2mm, paired with Depth Max 38.00mm/457.00mm). Hardness/Hardness System/Specific Cutting Force cross-validated against the established canonical material list (matched exactly). One minor note: material code 15.52 in the HSS series showed feed 0.18000 at both diameters vs 0.18600 in the Carbide series for the same code - kept as read rather than assumed to be a typo.",364,Counterbore,Virtual Carbide Counterbore,6.32,200,Brinell,6.3,19.4,0.207,3060,15,6.0,38.0,3
USA reference export,Lookup Table,Machining > Lookup Tables,tblCounterboring,lookupTables/Component/tblCounterboring.csv,"Transcribed from 6 screenshots. Two tool series (Virtual Carbide Counterbore, Virtual HSS Counterbore), each with 91 material codes x 2 diameters (6.3mm/76.2mm, paired with Depth Max 38.00mm/457.00mm). Hardness/Hardness System/Specific Cutting Force cross-validated against the established canonical material list (matched exactly). One minor note: material code 15.52 in the HSS series showed feed 0.18000 at both diameters vs 0.18600 in the Carbide series for the same code - kept as read rather than assumed to be a typo.",364,Counterbore,Virtual Carbide Counterbore,6.32,200,Brinell,76.2,19.4,0.414,3060,15,6.0,457.0,3
USA reference export,Lookup Table,Machining > Lookup Tables,tblCounterboring,lookupTables/Component/tblCounterboring.csv,"Transcribed from 6 screenshots. Two tool series (Virtual Carbide Counterbore, Virtual HSS Counterbore), each with 91 material codes x 2 diameters (6.3mm/76.2mm, paired with Depth Max 38.00mm/457.00mm). Hardness/Hardness System/Specific Cutting Force cross-validated against the established canonical material list (matched exactly). One minor note: material code 15.52 in the HSS series showed feed 0.18000 at both diameters vs 0.18600 in the Carbide series for the same code - kept as read rather than assumed to be a typo.",364,Counterbore,Virtual Carbide Counterbore,6.33,250,Brinell,6.3,15.6,0.207,3860,15,6.0,38.0,3
USA reference export,Lookup Table,Machining > Lookup Tables,tblCounterboring,lookupTables/Component/tblCounterboring.csv,"Transcribed from 6 screenshots. Two tool series (Virtual Carbide Counterbore, Virtual HSS Counterbore), each with 91 material codes x 2 diameters (6.3mm/76.2mm, paired with Depth Max 38.00mm/457.00mm). Hardness/Hardness System/Specific Cutting Force cross-validated against the established canonical material list (matched exactly). One minor note: material code 15.52 in the HSS series showed feed 0.18000 at both diameters vs 0.18600 in the Carbide series for the same code - kept as read rather than assumed to be a typo.",364,Counterbore,Virtual Carbide Counterbore,6.33,250,Brinell,76.2,15.6,0.414,3860,15,6.0,457.0,3
USA reference export,Lookup Table,Machining > Lookup Tables,tblCounterboring,lookupTables/Component/tblCounterboring.csv,"Transcribed from 6 screenshots. Two tool series (Virtual Carbide Counterbore, Virtual HSS Counterbore), each with 91 material codes x 2 diameters (6.3mm/76.2mm, paired with Depth Max 38.00mm/457.00mm). Hardness/Hardness System/Specific Cutting Force cross-validated against the established canonical material list (matched exactly). One minor note: material code 15.52 in the HSS series showed feed 0.18000 at both diameters vs 0.18600 in the Carbide series for the same code - kept as read rather than assumed to be a typo.",364,Counterbore,Virtual Carbide Counterbore,7.1,130,Brinell,6.3,44.1,0.3375,1160,15,6.0,38.0,3
USA reference export,Lookup Table,Machining > Lookup Tables,tblCounterboring,lookupTables/Component/tblCounterboring.csv,"Transcribed from 6 screenshots. Two tool series (Virtual Carbide Counterbore, Virtual HSS Counterbore), each with 91 material codes x 2 diameters (6.3mm/76.2mm, paired with Depth Max 38.00mm/457.00mm). Hardness/Hardness System/Specific Cutting Force cross-validated against the established canonical material list (matched exactly). One minor note: material code 15.52 in the HSS series showed feed 0.18000 at both diameters vs 0.18600 in the Carbide series for the same code - kept as read rather than assumed to be a typo.",364,Counterbore,Virtual Carbide Counterbore,7.1,130,Brinell,76.2,44.1,0.675,1160,15,6.0,457.0,3
USA reference export,Lookup Table,Machining > Lookup Tables,tblCounterboring,lookupTables/Component/tblCounterboring.csv,"Transcribed from 6 screenshots. Two tool series (Virtual Carbide Counterbore, Virtual HSS Counterbore), each with 91 material codes x 2 diameters (6.3mm/76.2mm, paired with Depth Max 38.00mm/457.00mm). Hardness/Hardness System/Specific Cutting Force cross-validated against the established canonical material list (matched exactly). One minor note: material code 15.52 in the HSS series showed feed 0.18000 at both diameters vs 0.18600 in the Carbide series for the same code - kept as read rather than assumed to be a typo.",364,Counterbore,Virtual Carbide Counterbore,7.2,230,Brinell,6.3,36.3,0.2625,1300,15,6.0,38.0,3
USA reference export,Lookup Table,Machining > Lookup Tables,tblCounterboring,lookupTables/Component/tblCounterboring.csv,"Transcribed from 6 screenshots. Two tool series (Virtual Carbide Counterbore, Virtual HSS Counterbore), each with 91 material codes x 2 diameters (6.3mm/76.2mm, paired with Depth Max 38.00mm/457.00mm). Hardness/Hardness System/Specific Cutting Force cross-validated against the established canonical material list (matched exactly). One minor note: material code 15.52 in the HSS series showed feed 0.18000 at both diameters vs 0.18600 in the Carbide series for the same code - kept as read rather than assumed to be a typo.",364,Counterbore,Virtual Carbide Counterbore,7.2,230,Brinell,76.2,36.3,0.525,1300,15,6.0,457.0,3
USA reference export,Lookup Table,Machining > Lookup Tables,tblCounterboring,lookupTables/Component/tblCounterboring.csv,"Transcribed from 6 screenshots. Two tool series (Virtual Carbide Counterbore, Virtual HSS Counterbore), each with 91 material codes x 2 diameters (6.3mm/76.2mm, paired with Depth Max 38.00mm/457.00mm). Hardness/Hardness System/Specific Cutting Force cross-validated against the established canonical material list (matched exactly). One minor note: material code 15.52 in the HSS series showed feed 0.18000 at both diameters vs 0.18600 in the Carbide series for the same code - kept as read rather than assumed to be a typo.",364,Counterbore,Virtual Carbide Counterbore,7.3,250,Brinell,6.3,35.0,0.1875,1440,15,6.0,38.0,3
USA reference export,Lookup Table,Machining > Lookup Tables,tblCounterboring,lookupTables/Component/tblCounterboring.csv,"Transcribed from 6 screenshots. Two tool series (Virtual Carbide Counterbore, Virtual HSS Counterbore), each with 91 material codes x 2 diameters (6.3mm/76.2mm, paired with Depth Max 38.00mm/457.00mm). Hardness/Hardness System/Specific Cutting Force cross-validated against the established canonical material list (matched exactly). One minor note: material code 15.52 in the HSS series showed feed 0.18000 at both diameters vs 0.18600 in the Carbide series for the same code - kept as read rather than assumed to be a typo.",364,Counterbore,Virtual Carbide Counterbore,7.3,250,Brinell,76.2,35.0,0.375,1440,15,6.0,457.0,3
USA reference export,Lookup Table,Machining > Lookup Tables,tblCounterboring,lookupTables/Component/tblCounterboring.csv,"Transcribed from 6 screenshots. Two tool series (Virtual Carbide Counterbore, Virtual HSS Counterbore), each with 91 material codes x 2 diameters (6.3mm/76.2mm, paired with Depth Max 38.00mm/457.00mm). Hardness/Hardness System/Specific Cutting Force cross-validated against the established canonical material list (matched exactly). One minor note: material code 15.52 in the HSS series showed feed 0.18000 at both diameters vs 0.18600 in the Carbide series for the same code - kept as read rather than assumed to be a typo.",364,Counterbore,Virtual Carbide Counterbore,8.1,180,Brinell,6.3,64.8,0.3375,1300,15,6.0,38.0,3
USA reference export,Lookup Table,Machining > Lookup Tables,tblCounterboring,lookupTables/Component/tblCounterboring.csv,"Transcribed from 6 screenshots. Two tool series (Virtual Carbide Counterbore, Virtual HSS Counterbore), each with 91 material codes x 2 diameters (6.3mm/76.2mm, paired with Depth Max 38.00mm/457.00mm). Hardness/Hardness System/Specific Cutting Force cross-validated against the established canonical material list (matched exactly). One minor note: material code 15.52 in the HSS series showed feed 0.18000 at both diameters vs 0.18600 in the Carbide series for the same code - kept as read rather than assumed to be a typo.",364,Counterbore,Virtual Carbide Counterbore,8.1,180,Brinell,76.2,64.8,0.675,1300,15,6.0,457.0,3
USA reference export,Lookup Table,Machining > Lookup Tables,tblCounterboring,lookupTables/Component/tblCounterboring.csv,"Transcribed from 6 screenshots. Two tool series (Virtual Carbide Counterbore, Virtual HSS Counterbore), each with 91 material codes x 2 diameters (6.3mm/76.2mm, paired with Depth Max 38.00mm/457.00mm). Hardness/Hardness System/Specific Cutting Force cross-validated against the established canonical material list (matched exactly). One minor note: material code 15.52 in the HSS series showed feed 0.18000 at both diameters vs 0.18600 in the Carbide series for the same code - kept as read rather than assumed to be a typo.",364,Counterbore,Virtual Carbide Counterbore,8.2,220,Brinell,6.3,44.1,0.2625,1580,15,6.0,38.0,3
USA reference export,Lookup Table,Machining > Lookup Tables,tblCounterboring,lookupTables/Component/tblCounterboring.csv,"Transcribed from 6 screenshots. Two tool series (Virtual Carbide Counterbore, Virtual HSS Counterbore), each with 91 material codes x 2 diameters (6.3mm/76.2mm, paired with Depth Max 38.00mm/457.00mm). Hardness/Hardness System/Specific Cutting Force cross-validated against the established canonical material list (matched exactly). One minor note: material code 15.52 in the HSS series showed feed 0.18000 at both diameters vs 0.18600 in the Carbide series for the same code - kept as read rather than assumed to be a typo.",364,Counterbore,Virtual Carbide Counterbore,8.2,220,Brinell,76.2,44.1,0.525,1580,15,6.0,457.0,3
USA reference export,Lookup Table,Machining > Lookup Tables,tblCounterboring,lookupTables/Component/tblCounterboring.csv,"Transcribed from 6 screenshots. Two tool series (Virtual Carbide Counterbore, Virtual HSS Counterbore), each with 91 material codes x 2 diameters (6.3mm/76.2mm, paired with Depth Max 38.00mm/457.00mm). Hardness/Hardness System/Specific Cutting Force cross-validated against the established canonical material list (matched exactly). One minor note: material code 15.52 in the HSS series showed feed 0.18000 at both diameters vs 0.18600 in the Carbide series for the same code - kept as read rather than assumed to be a typo.",364,Counterbore,Virtual Carbide Counterbore,8.3,175,Brinell,6.3,50.6,0.1875,1860,15,6.0,38.0,3
USA reference export,Lookup Table,Machining > Lookup Tables,tblCounterboring,lookupTables/Component/tblCounterboring.csv,"Transcribed from 6 screenshots. Two tool series (Virtual Carbide Counterbore, Virtual HSS Counterbore), each with 91 material codes x 2 diameters (6.3mm/76.2mm, paired with Depth Max 38.00mm/457.00mm). Hardness/Hardness System/Specific Cutting Force cross-validated against the established canonical material list (matched exactly). One minor note: material code 15.52 in the HSS series showed feed 0.18000 at both diameters vs 0.18600 in the Carbide series for the same code - kept as read rather than assumed to be a typo.",364,Counterbore,Virtual Carbide Counterbore,8.3,175,Brinell,76.2,50.6,0.375,1860,15,6.0,457.0,3
USA reference export,Lookup Table,Machining > Lookup Tables,tblCounterboring,lookupTables/Component/tblCounterboring.csv,"Transcribed from 6 screenshots. Two tool series (Virtual Carbide Counterbore, Virtual HSS Counterbore), each with 91 material codes x 2 diameters (6.3mm/76.2mm, paired with Depth Max 38.00mm/457.00mm). Hardness/Hardness System/Specific Cutting Force cross-validated against the established canonical material list (matched exactly). One minor note: material code 15.52 in the HSS series showed feed 0.18000 at both diameters vs 0.18600 in the Carbide series for the same code - kept as read rather than assumed to be a typo.",364,Counterbore,Virtual Carbide Counterbore,9.1,160,Brinell,6.3,41.1,0.2625,1300,15,6.0,38.0,3
USA reference export,Lookup Table,Machining > Lookup Tables,tblCounterboring,lookupTables/Component/tblCounterboring.csv,"Transcribed from 6 screenshots. Two tool series (Virtual Carbide Counterbore, Virtual HSS Counterbore), each with 91 material codes x 2 diameters (6.3mm/76.2mm, paired with Depth Max 38.00mm/457.00mm). Hardness/Hardness System/Specific Cutting Force cross-validated against the established canonical material list (matched exactly). One minor note: material code 15.52 in the HSS series showed feed 0.18000 at both diameters vs 0.18600 in the Carbide series for the same code - kept as read rather than assumed to be a typo.",364,Counterbore,Virtual Carbide Counterbore,9.1,160,Brinell,76.2,41.1,0.525,1300,15,6.0,457.0,3
USA reference export,Lookup Table,Machining > Lookup Tables,tblCounterboring,lookupTables/Component/tblCounterboring.csv,"Transcribed from 6 screenshots. Two tool series (Virtual Carbide Counterbore, Virtual HSS Counterbore), each with 91 material codes x 2 diameters (6.3mm/76.2mm, paired with Depth Max 38.00mm/457.00mm). Hardness/Hardness System/Specific Cutting Force cross-validated against the established canonical material list (matched exactly). One minor note: material code 15.52 in the HSS series showed feed 0.18000 at both diameters vs 0.18600 in the Carbide series for the same code - kept as read rather than assumed to be a typo.",364,Counterbore,Virtual Carbide Counterbore,9.2,250,Brinell,6.3,38.9,0.2625,1940,15,6.0,38.0,3
USA reference export,Lookup Table,Machining > Lookup Tables,tblCounterboring,lookupTables/Component/tblCounterboring.csv,"Transcribed from 6 screenshots. Two tool series (Virtual Carbide Counterbore, Virtual HSS Counterbore), each with 91 material codes x 2 diameters (6.3mm/76.2mm, paired with Depth Max 38.00mm/457.00mm). Hardness/Hardness System/Specific Cutting Force cross-validated against the established canonical material list (matched exactly). One minor note: material code 15.52 in the HSS series showed feed 0.18000 at both diameters vs 0.18600 in the Carbide series for the same code - kept as read rather than assumed to be a typo.",364,Counterbore,Virtual Carbide Counterbore,9.2,250,Brinell,76.2,38.9,0.525,1940,15,6.0,457.0,3
USA reference export,Lookup Table,Machining > Lookup Tables,tblCounterboring,lookupTables/Component/tblCounterboring.csv,"Transcribed from 6 screenshots. Two tool series (Virtual Carbide Counterbore, Virtual HSS Counterbore), each with 91 material codes x 2 diameters (6.3mm/76.2mm, paired with Depth Max 38.00mm/457.00mm). Hardness/Hardness System/Specific Cutting Force cross-validated against the established canonical material list (matched exactly). One minor note: material code 15.52 in the HSS series showed feed 0.18000 at both diameters vs 0.18600 in the Carbide series for the same code - kept as read rather than assumed to be a typo.",364,Counterbore,Virtual Carbide Counterbore,9.3,330,Brinell,6.3,29.2,0.1875,2700,15,6.0,38.0,3
USA reference export,Lookup Table,Machining > Lookup Tables,tblCounterboring,lookupTables/Component/tblCounterboring.csv,"Transcribed from 6 screenshots. Two tool series (Virtual Carbide Counterbore, Virtual HSS Counterbore), each with 91 material codes x 2 diameters (6.3mm/76.2mm, paired with Depth Max 38.00mm/457.00mm). Hardness/Hardness System/Specific Cutting Force cross-validated against the established canonical material list (matched exactly). One minor note: material code 15.52 in the HSS series showed feed 0.18000 at both diameters vs 0.18600 in the Carbide series for the same code - kept as read rather than assumed to be a typo.",364,Counterbore,Virtual Carbide Counterbore,9.3,330,Brinell,76.2,29.2,0.375,2700,15,6.0,457.0,3
USA reference export,Lookup Table,Machining > Lookup Tables,tblCounterboring,lookupTables/Component/tblCounterboring.csv,"Transcribed from 6 screenshots. Two tool series (Virtual Carbide Counterbore, Virtual HSS Counterbore), each with 91 material codes x 2 diameters (6.3mm/76.2mm, paired with Depth Max 38.00mm/457.00mm). Hardness/Hardness System/Specific Cutting Force cross-validated against the established canonical material list (matched exactly). One minor note: material code 15.52 in the HSS series showed feed 0.18000 at both diameters vs 0.18600 in the Carbide series for the same code - kept as read rather than assumed to be a typo.",364,Counterbore,Virtual HSS Counterbore,1.0,125,Brinell,6.3,46.2,0.15,2000,15,6.0,38.0,3
USA reference export,Lookup Table,Machining > Lookup Tables,tblCounterboring,lookupTables/Component/tblCounterboring.csv,"Transcribed from 6 screenshots. Two tool series (Virtual Carbide Counterbore, Virtual HSS Counterbore), each with 91 material codes x 2 diameters (6.3mm/76.2mm, paired with Depth Max 38.00mm/457.00mm). Hardness/Hardness System/Specific Cutting Force cross-validated against the established canonical material list (matched exactly). One minor note: material code 15.52 in the HSS series showed feed 0.18000 at both diameters vs 0.18600 in the Carbide series for the same code - kept as read rather than assumed to be a typo.",364,Counterbore,Virtual HSS Counterbore,1.0,125,Brinell,76.2,46.2,0.3,2000,15,6.0,457.0,3
USA reference export,Lookup Table,Machining > Lookup Tables,tblCounterboring,lookupTables/Component/tblCounterboring.csv,"Transcribed from 6 screenshots. Two tool series (Virtual Carbide Counterbore, Virtual HSS Counterbore), each with 91 material codes x 2 diameters (6.3mm/76.2mm, paired with Depth Max 38.00mm/457.00mm). Hardness/Hardness System/Specific Cutting Force cross-validated against the established canonical material list (matched exactly). One minor note: material code 15.52 in the HSS series showed feed 0.18000 at both diameters vs 0.18600 in the Carbide series for the same code - kept as read rather than assumed to be a typo.",364,Counterbore,Virtual HSS Counterbore,1.1,125,Brinell,6.3,43.0,0.15,2000,15,6.0,38.0,3
USA reference export,Lookup Table,Machining > Lookup Tables,tblCounterboring,lookupTables/Component/tblCounterboring.csv,"Transcribed from 6 screenshots. Two tool series (Virtual Carbide Counterbore, Virtual HSS Counterbore), each with 91 material codes x 2 diameters (6.3mm/76.2mm, paired with Depth Max 38.00mm/457.00mm). Hardness/Hardness System/Specific Cutting Force cross-validated against the established canonical material list (matched exactly). One minor note: material code 15.52 in the HSS series showed feed 0.18000 at both diameters vs 0.18600 in the Carbide series for the same code - kept as read rather than assumed to be a typo.",364,Counterbore,Virtual HSS Counterbore,1.1,125,Brinell,76.2,43.0,0.3,2000,15,6.0,457.0,3
USA reference export,Lookup Table,Machining > Lookup Tables,tblCounterboring,lookupTables/Component/tblCounterboring.csv,"Transcribed from 6 screenshots. Two tool series (Virtual Carbide Counterbore, Virtual HSS Counterbore), each with 91 material codes x 2 diameters (6.3mm/76.2mm, paired with Depth Max 38.00mm/457.00mm). Hardness/Hardness System/Specific Cutting Force cross-validated against the established canonical material list (matched exactly). One minor note: material code 15.52 in the HSS series showed feed 0.18000 at both diameters vs 0.18600 in the Carbide series for the same code - kept as read rather than assumed to be a typo.",364,Counterbore,Virtual HSS Counterbore,1.2,150,Brinell,6.3,36.6,0.2625,2140,15,6.0,38.0,3
USA reference export,Lookup Table,Machining > Lookup Tables,tblCounterboring,lookupTables/Component/tblCounterboring.csv,"Transcribed from 6 screenshots. Two tool series (Virtual Carbide Counterbore, Virtual HSS Counterbore), each with 91 material codes x 2 diameters (6.3mm/76.2mm, paired with Depth Max 38.00mm/457.00mm). Hardness/Hardness System/Specific Cutting Force cross-validated against the established canonical material list (matched exactly). One minor note: material code 15.52 in the HSS series showed feed 0.18000 at both diameters vs 0.18600 in the Carbide series for the same code - kept as read rather than assumed to be a typo.",364,Counterbore,Virtual HSS Counterbore,1.2,150,Brinell,76.2,36.6,0.525,2140,15,6.0,457.0,3
USA reference export,Lookup Table,Machining > Lookup Tables,tblCounterboring,lookupTables/Component/tblCounterboring.csv,"Transcribed from 6 screenshots. Two tool series (Virtual Carbide Counterbore, Virtual HSS Counterbore), each with 91 material codes x 2 diameters (6.3mm/76.2mm, paired with Depth Max 38.00mm/457.00mm). Hardness/Hardness System/Specific Cutting Force cross-validated against the established canonical material list (matched exactly). One minor note: material code 15.52 in the HSS series showed feed 0.18000 at both diameters vs 0.18600 in the Carbide series for the same code - kept as read rather than assumed to be a typo.",364,Counterbore,Virtual HSS Counterbore,1.3,170,Brinell,6.3,33.4,0.2625,2280,15,6.0,38.0,3
USA reference export,Lookup Table,Machining > Lookup Tables,tblCounterboring,lookupTables/Component/tblCounterboring.csv,"Transcribed from 6 screenshots. Two tool series (Virtual Carbide Counterbore, Virtual HSS Counterbore), each with 91 material codes x 2 diameters (6.3mm/76.2mm, paired with Depth Max 38.00mm/457.00mm). Hardness/Hardness System/Specific Cutting Force cross-validated against the established canonical material list (matched exactly). One minor note: material code 15.52 in the HSS series showed feed 0.18000 at both diameters vs 0.18600 in the Carbide series for the same code - kept as read rather than assumed to be a typo.",364,Counterbore,Virtual HSS Counterbore,1.3,170,Brinell,76.2,33.4,0.525,2280,15,6.0,457.0,3
USA reference export,Lookup Table,Machining > Lookup Tables,tblCounterboring,lookupTables/Component/tblCounterboring.csv,"Transcribed from 6 screenshots. Two tool series (Virtual Carbide Counterbore, Virtual HSS Counterbore), each with 91 material codes x 2 diameters (6.3mm/76.2mm, paired with Depth Max 38.00mm/457.00mm). Hardness/Hardness System/Specific Cutting Force cross-validated against the established canonical material list (matched exactly). One minor note: material code 15.52 in the HSS series showed feed 0.18000 at both diameters vs 0.18600 in the Carbide series for the same code - kept as read rather than assumed to be a typo.",364,Counterbore,Virtual HSS Counterbore,1.4,210,Brinell,6.3,33.4,0.2625,2400,15,6.0,38.0,3
USA reference export,Lookup Table,Machining > Lookup Tables,tblCounterboring,lookupTables/Component/tblCounterboring.csv,"Transcribed from 6 screenshots. Two tool series (Virtual Carbide Counterbore, Virtual HSS Counterbore), each with 91 material codes x 2 diameters (6.3mm/76.2mm, paired with Depth Max 38.00mm/457.00mm). Hardness/Hardness System/Specific Cutting Force cross-validated against the established canonical material list (matched exactly). One minor note: material code 15.52 in the HSS series showed feed 0.18000 at both diameters vs 0.18600 in the Carbide series for the same code - kept as read rather than assumed to be a typo.",364,Counterbore,Virtual HSS Counterbore,1.4,210,Brinell,76.2,33.4,0.525,2400,15,6.0,457.0,3
USA reference export,Lookup Table,Machining > Lookup Tables,tblCounterboring,lookupTables/Component/tblCounterboring.csv,"Transcribed from 6 screenshots. Two tool series (Virtual Carbide Counterbore, Virtual HSS Counterbore), each with 91 material codes x 2 diameters (6.3mm/76.2mm, paired with Depth Max 38.00mm/457.00mm). Hardness/Hardness System/Specific Cutting Force cross-validated against the established canonical material list (matched exactly). One minor note: material code 15.52 in the HSS series showed feed 0.18000 at both diameters vs 0.18600 in the Carbide series for the same code - kept as read rather than assumed to be a typo.",364,Counterbore,Virtual HSS Counterbore,1.5,300,Brinell,6.3,27.1,0.2625,2700,15,6.0,38.0,3
USA reference export,Lookup Table,Machining > Lookup Tables,tblCounterboring,lookupTables/Component/tblCounterboring.csv,"Transcribed from 6 screenshots. Two tool series (Virtual Carbide Counterbore, Virtual HSS Counterbore), each with 91 material codes x 2 diameters (6.3mm/76.2mm, paired with Depth Max 38.00mm/457.00mm). Hardness/Hardness System/Specific Cutting Force cross-validated against the established canonical material list (matched exactly). One minor note: material code 15.52 in the HSS series showed feed 0.18000 at both diameters vs 0.18600 in the Carbide series for the same code - kept as read rather than assumed to be a typo.",364,Counterbore,Virtual HSS Counterbore,1.5,300,Brinell,76.2,27.1,0.525,2700,15,6.0,457.0,3
USA reference export,Lookup Table,Machining > Lookup Tables,tblCounterboring,lookupTables/Component/tblCounterboring.csv,"Transcribed from 6 screenshots. Two tool series (Virtual Carbide Counterbore, Virtual HSS Counterbore), each with 91 material codes x 2 diameters (6.3mm/76.2mm, paired with Depth Max 38.00mm/457.00mm). Hardness/Hardness System/Specific Cutting Force cross-validated against the established canonical material list (matched exactly). One minor note: material code 15.52 in the HSS series showed feed 0.18000 at both diameters vs 0.18600 in the Carbide series for the same code - kept as read rather than assumed to be a typo.",364,Counterbore,Virtual HSS Counterbore,10.0,400,Brinell,6.3,17.9,0.2445,2740,15,6.0,38.0,3
USA reference export,Lookup Table,Machining > Lookup Tables,tblCounterboring,lookupTables/Component/tblCounterboring.csv,"Transcribed from 6 screenshots. Two tool series (Virtual Carbide Counterbore, Virtual HSS Counterbore), each with 91 material codes x 2 diameters (6.3mm/76.2mm, paired with Depth Max 38.00mm/457.00mm). Hardness/Hardness System/Specific Cutting Force cross-validated against the established canonical material list (matched exactly). One minor note: material code 15.52 in the HSS series showed feed 0.18000 at both diameters vs 0.18600 in the Carbide series for the same code - kept as read rather than assumed to be a typo.",364,Counterbore,Virtual HSS Counterbore,10.0,400,Brinell,76.2,17.9,0.489,2740,15,6.0,457.0,3
USA reference export,Lookup Table,Machining > Lookup Tables,tblCounterboring,lookupTables/Component/tblCounterboring.csv,"Transcribed from 6 screenshots. Two tool series (Virtual Carbide Counterbore, Virtual HSS Counterbore), each with 91 material codes x 2 diameters (6.3mm/76.2mm, paired with Depth Max 38.00mm/457.00mm). Hardness/Hardness System/Specific Cutting Force cross-validated against the established canonical material list (matched exactly). One minor note: material code 15.52 in the HSS series showed feed 0.18000 at both diameters vs 0.18600 in the Carbide series for the same code - kept as read rather than assumed to be a typo.",364,Counterbore,Virtual HSS Counterbore,10.1,400,Brinell,6.3,8.5,0.2445,3160,15,6.0,38.0,3
USA reference export,Lookup Table,Machining > Lookup Tables,tblCounterboring,lookupTables/Component/tblCounterboring.csv,"Transcribed from 6 screenshots. Two tool series (Virtual Carbide Counterbore, Virtual HSS Counterbore), each with 91 material codes x 2 diameters (6.3mm/76.2mm, paired with Depth Max 38.00mm/457.00mm). Hardness/Hardness System/Specific Cutting Force cross-validated against the established canonical material list (matched exactly). One minor note: material code 15.52 in the HSS series showed feed 0.18000 at both diameters vs 0.18600 in the Carbide series for the same code - kept as read rather than assumed to be a typo.",364,Counterbore,Virtual HSS Counterbore,10.1,400,Brinell,76.2,8.5,0.489,3160,15,6.0,457.0,3
USA reference export,Lookup Table,Machining > Lookup Tables,tblCounterboring,lookupTables/Component/tblCounterboring.csv,"Transcribed from 6 screenshots. Two tool series (Virtual Carbide Counterbore, Virtual HSS Counterbore), each with 91 material codes x 2 diameters (6.3mm/76.2mm, paired with Depth Max 38.00mm/457.00mm). Hardness/Hardness System/Specific Cutting Force cross-validated against the established canonical material list (matched exactly). One minor note: material code 15.52 in the HSS series showed feed 0.18000 at both diameters vs 0.18600 in the Carbide series for the same code - kept as read rather than assumed to be a typo.",364,Counterbore,Virtual HSS Counterbore,15.11,200,Brinell,6.3,29.2,0.2625,2280,15,6.0,38.0,3
USA reference export,Lookup Table,Machining > Lookup Tables,tblCounterboring,lookupTables/Component/tblCounterboring.csv,"Transcribed from 6 screenshots. Two tool series (Virtual Carbide Counterbore, Virtual HSS Counterbore), each with 91 material codes x 2 diameters (6.3mm/76.2mm, paired with Depth Max 38.00mm/457.00mm). Hardness/Hardness System/Specific Cutting Force cross-validated against the established canonical material list (matched exactly). One minor note: material code 15.52 in the HSS series showed feed 0.18000 at both diameters vs 0.18600 in the Carbide series for the same code - kept as read rather than assumed to be a typo.",364,Counterbore,Virtual HSS Counterbore,15.11,200,Brinell,76.2,29.2,0.525,2280,15,6.0,457.0,3
USA reference export,Lookup Table,Machining > Lookup Tables,tblCounterboring,lookupTables/Component/tblCounterboring.csv,"Transcribed from 6 screenshots. Two tool series (Virtual Carbide Counterbore, Virtual HSS Counterbore), each with 91 material codes x 2 diameters (6.3mm/76.2mm, paired with Depth Max 38.00mm/457.00mm). Hardness/Hardness System/Specific Cutting Force cross-validated against the established canonical material list (matched exactly). One minor note: material code 15.52 in the HSS series showed feed 0.18000 at both diameters vs 0.18600 in the Carbide series for the same code - kept as read rather than assumed to be a typo.",364,Counterbore,Virtual HSS Counterbore,15.12,330,Brinell,6.3,21.1,0.2625,3340,15,6.0,38.0,3
USA reference export,Lookup Table,Machining > Lookup Tables,tblCounterboring,lookupTables/Component/tblCounterboring.csv,"Transcribed from 6 screenshots. Two tool series (Virtual Carbide Counterbore, Virtual HSS Counterbore), each with 91 material codes x 2 diameters (6.3mm/76.2mm, paired with Depth Max 38.00mm/457.00mm). Hardness/Hardness System/Specific Cutting Force cross-validated against the established canonical material list (matched exactly). One minor note: material code 15.52 in the HSS series showed feed 0.18000 at both diameters vs 0.18600 in the Carbide series for the same code - kept as read rather than assumed to be a typo.",364,Counterbore,Virtual HSS Counterbore,15.12,330,Brinell,76.2,21.1,0.525,3340,15,6.0,457.0,3
USA reference export,Lookup Table,Machining > Lookup Tables,tblCounterboring,lookupTables/Component/tblCounterboring.csv,"Transcribed from 6 screenshots. Two tool series (Virtual Carbide Counterbore, Virtual HSS Counterbore), each with 91 material codes x 2 diameters (6.3mm/76.2mm, paired with Depth Max 38.00mm/457.00mm). Hardness/Hardness System/Specific Cutting Force cross-validated against the established canonical material list (matched exactly). One minor note: material code 15.52 in the HSS series showed feed 0.18000 at both diameters vs 0.18600 in the Carbide series for the same code - kept as read rather than assumed to be a typo.",364,Counterbore,Virtual HSS Counterbore,15.13,330,Brinell,6.3,21.9,0.2625,2800,15,6.0,38.0,3
USA reference export,Lookup Table,Machining > Lookup Tables,tblCounterboring,lookupTables/Component/tblCounterboring.csv,"Transcribed from 6 screenshots. Two tool series (Virtual Carbide Counterbore, Virtual HSS Counterbore), each with 91 material codes x 2 diameters (6.3mm/76.2mm, paired with Depth Max 38.00mm/457.00mm). Hardness/Hardness System/Specific Cutting Force cross-validated against the established canonical material list (matched exactly). One minor note: material code 15.52 in the HSS series showed feed 0.18000 at both diameters vs 0.18600 in the Carbide series for the same code - kept as read rather than assumed to be a typo.",364,Counterbore,Virtual HSS Counterbore,15.13,330,Brinell,76.2,21.9,0.525,2800,15,6.0,457.0,3
USA reference export,Lookup Table,Machining > Lookup Tables,tblCounterboring,lookupTables/Component/tblCounterboring.csv,"Transcribed from 6 screenshots. Two tool series (Virtual Carbide Counterbore, Virtual HSS Counterbore), each with 91 material codes x 2 diameters (6.3mm/76.2mm, paired with Depth Max 38.00mm/457.00mm). Hardness/Hardness System/Specific Cutting Force cross-validated against the established canonical material list (matched exactly). One minor note: material code 15.52 in the HSS series showed feed 0.18000 at both diameters vs 0.18600 in the Carbide series for the same code - kept as read rather than assumed to be a typo.",364,Counterbore,Virtual HSS Counterbore,15.21,200,Brinell,6.3,17.5,0.225,2420,15,6.0,38.0,3
USA reference export,Lookup Table,Machining > Lookup Tables,tblCounterboring,lookupTables/Component/tblCounterboring.csv,"Transcribed from 6 screenshots. Two tool series (Virtual Carbide Counterbore, Virtual HSS Counterbore), each with 91 material codes x 2 diameters (6.3mm/76.2mm, paired with Depth Max 38.00mm/457.00mm). Hardness/Hardness System/Specific Cutting Force cross-validated against the established canonical material list (matched exactly). One minor note: material code 15.52 in the HSS series showed feed 0.18000 at both diameters vs 0.18600 in the Carbide series for the same code - kept as read rather than assumed to be a typo.",364,Counterbore,Virtual HSS Counterbore,15.21,200,Brinell,76.2,17.5,0.45,2420,15,6.0,457.0,3
USA reference export,Lookup Table,Machining > Lookup Tables,tblCounterboring,lookupTables/Component/tblCounterboring.csv,"Transcribed from 6 screenshots. Two tool series (Virtual Carbide Counterbore, Virtual HSS Counterbore), each with 91 material codes x 2 diameters (6.3mm/76.2mm, paired with Depth Max 38.00mm/457.00mm). Hardness/Hardness System/Specific Cutting Force cross-validated against the established canonical material list (matched exactly). One minor note: material code 15.52 in the HSS series showed feed 0.18000 at both diameters vs 0.18600 in the Carbide series for the same code - kept as read rather than assumed to be a typo.",364,Counterbore,Virtual HSS Counterbore,15.22,330,Brinell,6.3,15.9,0.225,3340,15,6.0,38.0,3
USA reference export,Lookup Table,Machining > Lookup Tables,tblCounterboring,lookupTables/Component/tblCounterboring.csv,"Transcribed from 6 screenshots. Two tool series (Virtual Carbide Counterbore, Virtual HSS Counterbore), each with 91 material codes x 2 diameters (6.3mm/76.2mm, paired with Depth Max 38.00mm/457.00mm). Hardness/Hardness System/Specific Cutting Force cross-validated against the established canonical material list (matched exactly). One minor note: material code 15.52 in the HSS series showed feed 0.18000 at both diameters vs 0.18600 in the Carbide series for the same code - kept as read rather than assumed to be a typo.",364,Counterbore,Virtual HSS Counterbore,15.22,330,Brinell,76.2,15.9,0.45,3340,15,6.0,457.0,3
USA reference export,Lookup Table,Machining > Lookup Tables,tblCounterboring,lookupTables/Component/tblCounterboring.csv,"Transcribed from 6 screenshots. Two tool series (Virtual Carbide Counterbore, Virtual HSS Counterbore), each with 91 material codes x 2 diameters (6.3mm/76.2mm, paired with Depth Max 38.00mm/457.00mm). Hardness/Hardness System/Specific Cutting Force cross-validated against the established canonical material list (matched exactly). One minor note: material code 15.52 in the HSS series showed feed 0.18000 at both diameters vs 0.18600 in the Carbide series for the same code - kept as read rather than assumed to be a typo.",364,Counterbore,Virtual HSS Counterbore,15.23,330,Brinell,6.3,15.9,0.225,2700,15,6.0,38.0,3
USA reference export,Lookup Table,Machining > Lookup Tables,tblCounterboring,lookupTables/Component/tblCounterboring.csv,"Transcribed from 6 screenshots. Two tool series (Virtual Carbide Counterbore, Virtual HSS Counterbore), each with 91 material codes x 2 diameters (6.3mm/76.2mm, paired with Depth Max 38.00mm/457.00mm). Hardness/Hardness System/Specific Cutting Force cross-validated against the established canonical material list (matched exactly). One minor note: material code 15.52 in the HSS series showed feed 0.18000 at both diameters vs 0.18600 in the Carbide series for the same code - kept as read rather than assumed to be a typo.",364,Counterbore,Virtual HSS Counterbore,15.23,330,Brinell,76.2,15.9,0.45,2700,15,6.0,457.0,3
USA reference export,Lookup Table,Machining > Lookup Tables,tblCounterboring,lookupTables/Component/tblCounterboring.csv,"Transcribed from 6 screenshots. Two tool series (Virtual Carbide Counterbore, Virtual HSS Counterbore), each with 91 material codes x 2 diameters (6.3mm/76.2mm, paired with Depth Max 38.00mm/457.00mm). Hardness/Hardness System/Specific Cutting Force cross-validated against the established canonical material list (matched exactly). One minor note: material code 15.52 in the HSS series showed feed 0.18000 at both diameters vs 0.18600 in the Carbide series for the same code - kept as read rather than assumed to be a typo.",364,Counterbore,Virtual HSS Counterbore,15.51,230,Brinell,6.3,25.4,0.093,2420,15,6.0,38.0,3
USA reference export,Lookup Table,Machining > Lookup Tables,tblCounterboring,lookupTables/Component/tblCounterboring.csv,"Transcribed from 6 screenshots. Two tool series (Virtual Carbide Counterbore, Virtual HSS Counterbore), each with 91 material codes x 2 diameters (6.3mm/76.2mm, paired with Depth Max 38.00mm/457.00mm). Hardness/Hardness System/Specific Cutting Force cross-validated against the established canonical material list (matched exactly). One minor note: material code 15.52 in the HSS series showed feed 0.18000 at both diameters vs 0.18600 in the Carbide series for the same code - kept as read rather than assumed to be a typo.",364,Counterbore,Virtual HSS Counterbore,15.51,230,Brinell,76.2,25.4,0.18,2420,15,6.0,457.0,3
USA reference export,Lookup Table,Machining > Lookup Tables,tblCounterboring,lookupTables/Component/tblCounterboring.csv,"Transcribed from 6 screenshots. Two tool series (Virtual Carbide Counterbore, Virtual HSS Counterbore), each with 91 material codes x 2 diameters (6.3mm/76.2mm, paired with Depth Max 38.00mm/457.00mm). Hardness/Hardness System/Specific Cutting Force cross-validated against the established canonical material list (matched exactly). One minor note: material code 15.52 in the HSS series showed feed 0.18000 at both diameters vs 0.18600 in the Carbide series for the same code - kept as read rather than assumed to be a typo.",364,Counterbore,Virtual HSS Counterbore,15.52,260,Brinell,6.3,25.5,0.093,2940,15,6.0,38.0,3
USA reference export,Lookup Table,Machining > Lookup Tables,tblCounterboring,lookupTables/Component/tblCounterboring.csv,"Transcribed from 6 screenshots. Two tool series (Virtual Carbide Counterbore, Virtual HSS Counterbore), each with 91 material codes x 2 diameters (6.3mm/76.2mm, paired with Depth Max 38.00mm/457.00mm). Hardness/Hardness System/Specific Cutting Force cross-validated against the established canonical material list (matched exactly). One minor note: material code 15.52 in the HSS series showed feed 0.18000 at both diameters vs 0.18600 in the Carbide series for the same code - kept as read rather than assumed to be a typo.",364,Counterbore,Virtual HSS Counterbore,15.52,260,Brinell,76.2,25.5,0.18,2940,15,6.0,457.0,3
USA reference export,Lookup Table,Machining > Lookup Tables,tblCounterboring,lookupTables/Component/tblCounterboring.csv,"Transcribed from 6 screenshots. Two tool series (Virtual Carbide Counterbore, Virtual HSS Counterbore), each with 91 material codes x 2 diameters (6.3mm/76.2mm, paired with Depth Max 38.00mm/457.00mm). Hardness/Hardness System/Specific Cutting Force cross-validated against the established canonical material list (matched exactly). One minor note: material code 15.52 in the HSS series showed feed 0.18000 at both diameters vs 0.18600 in the Carbide series for the same code - kept as read rather than assumed to be a typo.",364,Counterbore,Virtual HSS Counterbore,2.1,180,Brinell,6.3,35.0,0.225,2280,15,6.0,38.0,3
USA reference export,Lookup Table,Machining > Lookup Tables,tblCounterboring,lookupTables/Component/tblCounterboring.csv,"Transcribed from 6 screenshots. Two tool series (Virtual Carbide Counterbore, Virtual HSS Counterbore), each with 91 material codes x 2 diameters (6.3mm/76.2mm, paired with Depth Max 38.00mm/457.00mm). Hardness/Hardness System/Specific Cutting Force cross-validated against the established canonical material list (matched exactly). One minor note: material code 15.52 in the HSS series showed feed 0.18000 at both diameters vs 0.18600 in the Carbide series for the same code - kept as read rather than assumed to be a typo.",364,Counterbore,Virtual HSS Counterbore,2.1,180,Brinell,76.2,35.0,0.45,2280,15,6.0,457.0,3
USA reference export,Lookup Table,Machining > Lookup Tables,tblCounterboring,lookupTables/Component/tblCounterboring.csv,"Transcribed from 6 screenshots. Two tool series (Virtual Carbide Counterbore, Virtual HSS Counterbore), each with 91 material codes x 2 diameters (6.3mm/76.2mm, paired with Depth Max 38.00mm/457.00mm). Hardness/Hardness System/Specific Cutting Force cross-validated against the established canonical material list (matched exactly). One minor note: material code 15.52 in the HSS series showed feed 0.18000 at both diameters vs 0.18600 in the Carbide series for the same code - kept as read rather than assumed to be a typo.",364,Counterbore,Virtual HSS Counterbore,2.12,210,Brinell,6.3,33.4,0.225,2300,15,6.0,38.0,3
USA reference export,Lookup Table,Machining > Lookup Tables,tblCounterboring,lookupTables/Component/tblCounterboring.csv,"Transcribed from 6 screenshots. Two tool series (Virtual Carbide Counterbore, Virtual HSS Counterbore), each with 91 material codes x 2 diameters (6.3mm/76.2mm, paired with Depth Max 38.00mm/457.00mm). Hardness/Hardness System/Specific Cutting Force cross-validated against the established canonical material list (matched exactly). One minor note: material code 15.52 in the HSS series showed feed 0.18000 at both diameters vs 0.18600 in the Carbide series for the same code - kept as read rather than assumed to be a typo.",364,Counterbore,Virtual HSS Counterbore,2.12,210,Brinell,76.2,33.4,0.45,2300,15,6.0,457.0,3
USA reference export,Lookup Table,Machining > Lookup Tables,tblCounterboring,lookupTables/Component/tblCounterboring.csv,"Transcribed from 6 screenshots. Two tool series (Virtual Carbide Counterbore, Virtual HSS Counterbore), each with 91 material codes x 2 diameters (6.3mm/76.2mm, paired with Depth Max 38.00mm/457.00mm). Hardness/Hardness System/Specific Cutting Force cross-validated against the established canonical material list (matched exactly). One minor note: material code 15.52 in the HSS series showed feed 0.18000 at both diameters vs 0.18600 in the Carbide series for the same code - kept as read rather than assumed to be a typo.",364,Counterbore,Virtual HSS Counterbore,2.2,330,Brinell,6.3,27.1,0.2625,2660,15,6.0,38.0,3
USA reference export,Lookup Table,Machining > Lookup Tables,tblCounterboring,lookupTables/Component/tblCounterboring.csv,"Transcribed from 6 screenshots. Two tool series (Virtual Carbide Counterbore, Virtual HSS Counterbore), each with 91 material codes x 2 diameters (6.3mm/76.2mm, paired with Depth Max 38.00mm/457.00mm). Hardness/Hardness System/Specific Cutting Force cross-validated against the established canonical material list (matched exactly). One minor note: material code 15.52 in the HSS series showed feed 0.18000 at both diameters vs 0.18600 in the Carbide series for the same code - kept as read rather than assumed to be a typo.",364,Counterbore,Virtual HSS Counterbore,2.2,330,Brinell,76.2,27.1,0.525,2660,15,6.0,457.0,3
USA reference export,Lookup Table,Machining > Lookup Tables,tblCounterboring,lookupTables/Component/tblCounterboring.csv,"Transcribed from 6 screenshots. Two tool series (Virtual Carbide Counterbore, Virtual HSS Counterbore), each with 91 material codes x 2 diameters (6.3mm/76.2mm, paired with Depth Max 38.00mm/457.00mm). Hardness/Hardness System/Specific Cutting Force cross-validated against the established canonical material list (matched exactly). One minor note: material code 15.52 in the HSS series showed feed 0.18000 at both diameters vs 0.18600 in the Carbide series for the same code - kept as read rather than assumed to be a typo.",364,Counterbore,Virtual HSS Counterbore,20.11,200,Brinell,6.3,5.2,0.1695,3200,15,6.0,38.0,3
USA reference export,Lookup Table,Machining > Lookup Tables,tblCounterboring,lookupTables/Component/tblCounterboring.csv,"Transcribed from 6 screenshots. Two tool series (Virtual Carbide Counterbore, Virtual HSS Counterbore), each with 91 material codes x 2 diameters (6.3mm/76.2mm, paired with Depth Max 38.00mm/457.00mm). Hardness/Hardness System/Specific Cutting Force cross-validated against the established canonical material list (matched exactly). One minor note: material code 15.52 in the HSS series showed feed 0.18000 at both diameters vs 0.18600 in the Carbide series for the same code - kept as read rather than assumed to be a typo.",364,Counterbore,Virtual HSS Counterbore,20.11,200,Brinell,76.2,5.2,0.339,3200,15,6.0,457.0,3
USA reference export,Lookup Table,Machining > Lookup Tables,tblCounterboring,lookupTables/Component/tblCounterboring.csv,"Transcribed from 6 screenshots. Two tool series (Virtual Carbide Counterbore, Virtual HSS Counterbore), each with 91 material codes x 2 diameters (6.3mm/76.2mm, paired with Depth Max 38.00mm/457.00mm). Hardness/Hardness System/Specific Cutting Force cross-validated against the established canonical material list (matched exactly). One minor note: material code 15.52 in the HSS series showed feed 0.18000 at both diameters vs 0.18600 in the Carbide series for the same code - kept as read rather than assumed to be a typo.",364,Counterbore,Virtual HSS Counterbore,20.12,280,Brinell,6.3,6.1,0.1695,3340,15,6.0,38.0,3
USA reference export,Lookup Table,Machining > Lookup Tables,tblCounterboring,lookupTables/Component/tblCounterboring.csv,"Transcribed from 6 screenshots. Two tool series (Virtual Carbide Counterbore, Virtual HSS Counterbore), each with 91 material codes x 2 diameters (6.3mm/76.2mm, paired with Depth Max 38.00mm/457.00mm). Hardness/Hardness System/Specific Cutting Force cross-validated against the established canonical material list (matched exactly). One minor note: material code 15.52 in the HSS series showed feed 0.18000 at both diameters vs 0.18600 in the Carbide series for the same code - kept as read rather than assumed to be a typo.",364,Counterbore,Virtual HSS Counterbore,20.12,280,Brinell,76.2,6.1,0.339,3340,15,6.0,457.0,3
USA reference export,Lookup Table,Machining > Lookup Tables,tblCounterboring,lookupTables/Component/tblCounterboring.csv,"Transcribed from 6 screenshots. Two tool series (Virtual Carbide Counterbore, Virtual HSS Counterbore), each with 91 material codes x 2 diameters (6.3mm/76.2mm, paired with Depth Max 38.00mm/457.00mm). Hardness/Hardness System/Specific Cutting Force cross-validated against the established canonical material list (matched exactly). One minor note: material code 15.52 in the HSS series showed feed 0.18000 at both diameters vs 0.18600 in the Carbide series for the same code - kept as read rather than assumed to be a typo.",364,Counterbore,Virtual HSS Counterbore,20.21,250,Brinell,6.3,8.0,0.15,3540,15,6.0,38.0,3
USA reference export,Lookup Table,Machining > Lookup Tables,tblCounterboring,lookupTables/Component/tblCounterboring.csv,"Transcribed from 6 screenshots. Two tool series (Virtual Carbide Counterbore, Virtual HSS Counterbore), each with 91 material codes x 2 diameters (6.3mm/76.2mm, paired with Depth Max 38.00mm/457.00mm). Hardness/Hardness System/Specific Cutting Force cross-validated against the established canonical material list (matched exactly). One minor note: material code 15.52 in the HSS series showed feed 0.18000 at both diameters vs 0.18600 in the Carbide series for the same code - kept as read rather than assumed to be a typo.",364,Counterbore,Virtual HSS Counterbore,20.21,250,Brinell,76.2,8.0,0.3,3540,15,6.0,457.0,3
USA reference export,Lookup Table,Machining > Lookup Tables,tblCounterboring,lookupTables/Component/tblCounterboring.csv,"Transcribed from 6 screenshots. Two tool series (Virtual Carbide Counterbore, Virtual HSS Counterbore), each with 91 material codes x 2 diameters (6.3mm/76.2mm, paired with Depth Max 38.00mm/457.00mm). Hardness/Hardness System/Specific Cutting Force cross-validated against the established canonical material list (matched exactly). One minor note: material code 15.52 in the HSS series showed feed 0.18000 at both diameters vs 0.18600 in the Carbide series for the same code - kept as read rather than assumed to be a typo.",364,Counterbore,Virtual HSS Counterbore,20.22,350,Brinell,6.3,8.0,0.15,3860,15,6.0,38.0,3
USA reference export,Lookup Table,Machining > Lookup Tables,tblCounterboring,lookupTables/Component/tblCounterboring.csv,"Transcribed from 6 screenshots. Two tool series (Virtual Carbide Counterbore, Virtual HSS Counterbore), each with 91 material codes x 2 diameters (6.3mm/76.2mm, paired with Depth Max 38.00mm/457.00mm). Hardness/Hardness System/Specific Cutting Force cross-validated against the established canonical material list (matched exactly). One minor note: material code 15.52 in the HSS series showed feed 0.18000 at both diameters vs 0.18600 in the Carbide series for the same code - kept as read rather than assumed to be a typo.",364,Counterbore,Virtual HSS Counterbore,20.22,350,Brinell,76.2,8.0,0.3,3860,15,6.0,457.0,3
USA reference export,Lookup Table,Machining > Lookup Tables,tblCounterboring,lookupTables/Component/tblCounterboring.csv,"Transcribed from 6 screenshots. Two tool series (Virtual Carbide Counterbore, Virtual HSS Counterbore), each with 91 material codes x 2 diameters (6.3mm/76.2mm, paired with Depth Max 38.00mm/457.00mm). Hardness/Hardness System/Specific Cutting Force cross-validated against the established canonical material list (matched exactly). One minor note: material code 15.52 in the HSS series showed feed 0.18000 at both diameters vs 0.18600 in the Carbide series for the same code - kept as read rather than assumed to be a typo.",364,Counterbore,Virtual HSS Counterbore,20.23,275,Brinell,6.3,8.0,0.15,3340,15,6.0,38.0,3
USA reference export,Lookup Table,Machining > Lookup Tables,tblCounterboring,lookupTables/Component/tblCounterboring.csv,"Transcribed from 6 screenshots. Two tool series (Virtual Carbide Counterbore, Virtual HSS Counterbore), each with 91 material codes x 2 diameters (6.3mm/76.2mm, paired with Depth Max 38.00mm/457.00mm). Hardness/Hardness System/Specific Cutting Force cross-validated against the established canonical material list (matched exactly). One minor note: material code 15.52 in the HSS series showed feed 0.18000 at both diameters vs 0.18600 in the Carbide series for the same code - kept as read rather than assumed to be a typo.",364,Counterbore,Virtual HSS Counterbore,20.23,275,Brinell,76.2,8.0,0.3,3340,15,6.0,457.0,3
USA reference export,Lookup Table,Machining > Lookup Tables,tblCounterboring,lookupTables/Component/tblCounterboring.csv,"Transcribed from 6 screenshots. Two tool series (Virtual Carbide Counterbore, Virtual HSS Counterbore), each with 91 material codes x 2 diameters (6.3mm/76.2mm, paired with Depth Max 38.00mm/457.00mm). Hardness/Hardness System/Specific Cutting Force cross-validated against the established canonical material list (matched exactly). One minor note: material code 15.52 in the HSS series showed feed 0.18000 at both diameters vs 0.18600 in the Carbide series for the same code - kept as read rather than assumed to be a typo.",364,Counterbore,Virtual HSS Counterbore,20.24,320,Brinell,6.3,8.0,0.15,4000,15,6.0,38.0,3
USA reference export,Lookup Table,Machining > Lookup Tables,tblCounterboring,lookupTables/Component/tblCounterboring.csv,"Transcribed from 6 screenshots. Two tool series (Virtual Carbide Counterbore, Virtual HSS Counterbore), each with 91 material codes x 2 diameters (6.3mm/76.2mm, paired with Depth Max 38.00mm/457.00mm). Hardness/Hardness System/Specific Cutting Force cross-validated against the established canonical material list (matched exactly). One minor note: material code 15.52 in the HSS series showed feed 0.18000 at both diameters vs 0.18600 in the Carbide series for the same code - kept as read rather than assumed to be a typo.",364,Counterbore,Virtual HSS Counterbore,20.24,320,Brinell,76.2,8.0,0.3,4000,15,6.0,457.0,3
USA reference export,Lookup Table,Machining > Lookup Tables,tblCounterboring,lookupTables/Component/tblCounterboring.csv,"Transcribed from 6 screenshots. Two tool series (Virtual Carbide Counterbore, Virtual HSS Counterbore), each with 91 material codes x 2 diameters (6.3mm/76.2mm, paired with Depth Max 38.00mm/457.00mm). Hardness/Hardness System/Specific Cutting Force cross-validated against the established canonical material list (matched exactly). One minor note: material code 15.52 in the HSS series showed feed 0.18000 at both diameters vs 0.18600 in the Carbide series for the same code - kept as read rather than assumed to be a typo.",364,Counterbore,Virtual HSS Counterbore,20.31,200,Brinell,6.3,5.2,0.1695,3620,15,6.0,38.0,3
USA reference export,Lookup Table,Machining > Lookup Tables,tblCounterboring,lookupTables/Component/tblCounterboring.csv,"Transcribed from 6 screenshots. Two tool series (Virtual Carbide Counterbore, Virtual HSS Counterbore), each with 91 material codes x 2 diameters (6.3mm/76.2mm, paired with Depth Max 38.00mm/457.00mm). Hardness/Hardness System/Specific Cutting Force cross-validated against the established canonical material list (matched exactly). One minor note: material code 15.52 in the HSS series showed feed 0.18000 at both diameters vs 0.18600 in the Carbide series for the same code - kept as read rather than assumed to be a typo.",364,Counterbore,Virtual HSS Counterbore,20.31,200,Brinell,76.2,5.2,0.339,3620,15,6.0,457.0,3
USA reference export,Lookup Table,Machining > Lookup Tables,tblCounterboring,lookupTables/Component/tblCounterboring.csv,"Transcribed from 6 screenshots. Two tool series (Virtual Carbide Counterbore, Virtual HSS Counterbore), each with 91 material codes x 2 diameters (6.3mm/76.2mm, paired with Depth Max 38.00mm/457.00mm). Hardness/Hardness System/Specific Cutting Force cross-validated against the established canonical material list (matched exactly). One minor note: material code 15.52 in the HSS series showed feed 0.18000 at both diameters vs 0.18600 in the Carbide series for the same code - kept as read rather than assumed to be a typo.",364,Counterbore,Virtual HSS Counterbore,20.32,300,Brinell,6.3,1.8,0.1875,4000,15,6.0,38.0,3
USA reference export,Lookup Table,Machining > Lookup Tables,tblCounterboring,lookupTables/Component/tblCounterboring.csv,"Transcribed from 6 screenshots. Two tool series (Virtual Carbide Counterbore, Virtual HSS Counterbore), each with 91 material codes x 2 diameters (6.3mm/76.2mm, paired with Depth Max 38.00mm/457.00mm). Hardness/Hardness System/Specific Cutting Force cross-validated against the established canonical material list (matched exactly). One minor note: material code 15.52 in the HSS series showed feed 0.18000 at both diameters vs 0.18600 in the Carbide series for the same code - kept as read rather than assumed to be a typo.",364,Counterbore,Virtual HSS Counterbore,20.32,300,Brinell,76.2,1.8,0.375,4000,15,6.0,457.0,3
USA reference export,Lookup Table,Machining > Lookup Tables,tblCounterboring,lookupTables/Component/tblCounterboring.csv,"Transcribed from 6 screenshots. Two tool series (Virtual Carbide Counterbore, Virtual HSS Counterbore), each with 91 material codes x 2 diameters (6.3mm/76.2mm, paired with Depth Max 38.00mm/457.00mm). Hardness/Hardness System/Specific Cutting Force cross-validated against the established canonical material list (matched exactly). One minor note: material code 15.52 in the HSS series showed feed 0.18000 at both diameters vs 0.18600 in the Carbide series for the same code - kept as read rather than assumed to be a typo.",364,Counterbore,Virtual HSS Counterbore,20.33,320,Brinell,6.3,0.8,0.1905,4140,15,6.0,38.0,3
USA reference export,Lookup Table,Machining > Lookup Tables,tblCounterboring,lookupTables/Component/tblCounterboring.csv,"Transcribed from 6 screenshots. Two tool series (Virtual Carbide Counterbore, Virtual HSS Counterbore), each with 91 material codes x 2 diameters (6.3mm/76.2mm, paired with Depth Max 38.00mm/457.00mm). Hardness/Hardness System/Specific Cutting Force cross-validated against the established canonical material list (matched exactly). One minor note: material code 15.52 in the HSS series showed feed 0.18000 at both diameters vs 0.18600 in the Carbide series for the same code - kept as read rather than assumed to be a typo.",364,Counterbore,Virtual HSS Counterbore,20.33,320,Brinell,76.2,0.8,0.381,4140,15,6.0,457.0,3
USA reference export,Lookup Table,Machining > Lookup Tables,tblCounterboring,lookupTables/Component/tblCounterboring.csv,"Transcribed from 6 screenshots. Two tool series (Virtual Carbide Counterbore, Virtual HSS Counterbore), each with 91 material codes x 2 diameters (6.3mm/76.2mm, paired with Depth Max 38.00mm/457.00mm). Hardness/Hardness System/Specific Cutting Force cross-validated against the established canonical material list (matched exactly). One minor note: material code 15.52 in the HSS series showed feed 0.18000 at both diameters vs 0.18600 in the Carbide series for the same code - kept as read rather than assumed to be a typo.",364,Counterbore,Virtual HSS Counterbore,23.1,400,Tensile Strength,6.3,12.9,0.2625,1660,15,6.0,38.0,3
USA reference export,Lookup Table,Machining > Lookup Tables,tblCounterboring,lookupTables/Component/tblCounterboring.csv,"Transcribed from 6 screenshots. Two tool series (Virtual Carbide Counterbore, Virtual HSS Counterbore), each with 91 material codes x 2 diameters (6.3mm/76.2mm, paired with Depth Max 38.00mm/457.00mm). Hardness/Hardness System/Specific Cutting Force cross-validated against the established canonical material list (matched exactly). One minor note: material code 15.52 in the HSS series showed feed 0.18000 at both diameters vs 0.18600 in the Carbide series for the same code - kept as read rather than assumed to be a typo.",364,Counterbore,Virtual HSS Counterbore,23.1,400,Tensile Strength,76.2,12.9,0.525,1660,15,6.0,457.0,3
USA reference export,Lookup Table,Machining > Lookup Tables,tblCounterboring,lookupTables/Component/tblCounterboring.csv,"Transcribed from 6 screenshots. Two tool series (Virtual Carbide Counterbore, Virtual HSS Counterbore), each with 91 material codes x 2 diameters (6.3mm/76.2mm, paired with Depth Max 38.00mm/457.00mm). Hardness/Hardness System/Specific Cutting Force cross-validated against the established canonical material list (matched exactly). One minor note: material code 15.52 in the HSS series showed feed 0.18000 at both diameters vs 0.18600 in the Carbide series for the same code - kept as read rather than assumed to be a typo.",364,Counterbore,Virtual HSS Counterbore,23.21,950,Tensile Strength,6.3,9.6,0.2625,1800,15,6.0,38.0,3
USA reference export,Lookup Table,Machining > Lookup Tables,tblCounterboring,lookupTables/Component/tblCounterboring.csv,"Transcribed from 6 screenshots. Two tool series (Virtual Carbide Counterbore, Virtual HSS Counterbore), each with 91 material codes x 2 diameters (6.3mm/76.2mm, paired with Depth Max 38.00mm/457.00mm). Hardness/Hardness System/Specific Cutting Force cross-validated against the established canonical material list (matched exactly). One minor note: material code 15.52 in the HSS series showed feed 0.18000 at both diameters vs 0.18600 in the Carbide series for the same code - kept as read rather than assumed to be a typo.",364,Counterbore,Virtual HSS Counterbore,23.21,950,Tensile Strength,76.2,9.6,0.525,1800,15,6.0,457.0,3
USA reference export,Lookup Table,Machining > Lookup Tables,tblCounterboring,lookupTables/Component/tblCounterboring.csv,"Transcribed from 6 screenshots. Two tool series (Virtual Carbide Counterbore, Virtual HSS Counterbore), each with 91 material codes x 2 diameters (6.3mm/76.2mm, paired with Depth Max 38.00mm/457.00mm). Hardness/Hardness System/Specific Cutting Force cross-validated against the established canonical material list (matched exactly). One minor note: material code 15.52 in the HSS series showed feed 0.18000 at both diameters vs 0.18600 in the Carbide series for the same code - kept as read rather than assumed to be a typo.",364,Counterbore,Virtual HSS Counterbore,23.22,1050,Tensile Strength,6.3,9.6,0.2625,1800,15,6.0,38.0,3
USA reference export,Lookup Table,Machining > Lookup Tables,tblCounterboring,lookupTables/Component/tblCounterboring.csv,"Transcribed from 6 screenshots. Two tool series (Virtual Carbide Counterbore, Virtual HSS Counterbore), each with 91 material codes x 2 diameters (6.3mm/76.2mm, paired with Depth Max 38.00mm/457.00mm). Hardness/Hardness System/Specific Cutting Force cross-validated against the established canonical material list (matched exactly). One minor note: material code 15.52 in the HSS series showed feed 0.18000 at both diameters vs 0.18600 in the Carbide series for the same code - kept as read rather than assumed to be a typo.",364,Counterbore,Virtual HSS Counterbore,23.22,1050,Tensile Strength,76.2,9.6,0.525,1800,15,6.0,457.0,3
USA reference export,Lookup Table,Machining > Lookup Tables,tblCounterboring,lookupTables/Component/tblCounterboring.csv,"Transcribed from 6 screenshots. Two tool series (Virtual Carbide Counterbore, Virtual HSS Counterbore), each with 91 material codes x 2 diameters (6.3mm/76.2mm, paired with Depth Max 38.00mm/457.00mm). Hardness/Hardness System/Specific Cutting Force cross-validated against the established canonical material list (matched exactly). One minor note: material code 15.52 in the HSS series showed feed 0.18000 at both diameters vs 0.18600 in the Carbide series for the same code - kept as read rather than assumed to be a typo.",364,Counterbore,Virtual HSS Counterbore,3.1,200,Brinell,6.3,45.5,0.2625,2740,15,6.0,38.0,3
USA reference export,Lookup Table,Machining > Lookup Tables,tblCounterboring,lookupTables/Component/tblCounterboring.csv,"Transcribed from 6 screenshots. Two tool series (Virtual Carbide Counterbore, Virtual HSS Counterbore), each with 91 material codes x 2 diameters (6.3mm/76.2mm, paired with Depth Max 38.00mm/457.00mm). Hardness/Hardness System/Specific Cutting Force cross-validated against the established canonical material list (matched exactly). One minor note: material code 15.52 in the HSS series showed feed 0.18000 at both diameters vs 0.18600 in the Carbide series for the same code - kept as read rather than assumed to be a typo.",364,Counterbore,Virtual HSS Counterbore,3.1,200,Brinell,76.2,45.5,0.525,2740,15,6.0,457.0,3
USA reference export,Lookup Table,Machining > Lookup Tables,tblCounterboring,lookupTables/Component/tblCounterboring.csv,"Transcribed from 6 screenshots. Two tool series (Virtual Carbide Counterbore, Virtual HSS Counterbore), each with 91 material codes x 2 diameters (6.3mm/76.2mm, paired with Depth Max 38.00mm/457.00mm). Hardness/Hardness System/Specific Cutting Force cross-validated against the established canonical material list (matched exactly). One minor note: material code 15.52 in the HSS series showed feed 0.18000 at both diameters vs 0.18600 in the Carbide series for the same code - kept as read rather than assumed to be a typo.",364,Counterbore,Virtual HSS Counterbore,3.11,200,Brinell,6.3,28.7,0.2625,2600,15,6.0,38.0,3
USA reference export,Lookup Table,Machining > Lookup Tables,tblCounterboring,lookupTables/Component/tblCounterboring.csv,"Transcribed from 6 screenshots. Two tool series (Virtual Carbide Counterbore, Virtual HSS Counterbore), each with 91 material codes x 2 diameters (6.3mm/76.2mm, paired with Depth Max 38.00mm/457.00mm). Hardness/Hardness System/Specific Cutting Force cross-validated against the established canonical material list (matched exactly). One minor note: material code 15.52 in the HSS series showed feed 0.18000 at both diameters vs 0.18600 in the Carbide series for the same code - kept as read rather than assumed to be a typo.",364,Counterbore,Virtual HSS Counterbore,3.11,200,Brinell,76.2,28.7,0.525,2600,15,6.0,457.0,3
USA reference export,Lookup Table,Machining > Lookup Tables,tblCounterboring,lookupTables/Component/tblCounterboring.csv,"Transcribed from 6 screenshots. Two tool series (Virtual Carbide Counterbore, Virtual HSS Counterbore), each with 91 material codes x 2 diameters (6.3mm/76.2mm, paired with Depth Max 38.00mm/457.00mm). Hardness/Hardness System/Specific Cutting Force cross-validated against the established canonical material list (matched exactly). One minor note: material code 15.52 in the HSS series showed feed 0.18000 at both diameters vs 0.18600 in the Carbide series for the same code - kept as read rather than assumed to be a typo.",364,Counterbore,Virtual HSS Counterbore,3.13,200,Brinell,6.3,15.1,0.207,2900,15,6.0,38.0,3
USA reference export,Lookup Table,Machining > Lookup Tables,tblCounterboring,lookupTables/Component/tblCounterboring.csv,"Transcribed from 6 screenshots. Two tool series (Virtual Carbide Counterbore, Virtual HSS Counterbore), each with 91 material codes x 2 diameters (6.3mm/76.2mm, paired with Depth Max 38.00mm/457.00mm). Hardness/Hardness System/Specific Cutting Force cross-validated against the established canonical material list (matched exactly). One minor note: material code 15.52 in the HSS series showed feed 0.18000 at both diameters vs 0.18600 in the Carbide series for the same code - kept as read rather than assumed to be a typo.",364,Counterbore,Virtual HSS Counterbore,3.13,200,Brinell,76.2,15.1,0.414,2900,15,6.0,457.0,3
USA reference export,Lookup Table,Machining > Lookup Tables,tblCounterboring,lookupTables/Component/tblCounterboring.csv,"Transcribed from 6 screenshots. Two tool series (Virtual Carbide Counterbore, Virtual HSS Counterbore), each with 91 material codes x 2 diameters (6.3mm/76.2mm, paired with Depth Max 38.00mm/457.00mm). Hardness/Hardness System/Specific Cutting Force cross-validated against the established canonical material list (matched exactly). One minor note: material code 15.52 in the HSS series showed feed 0.18000 at both diameters vs 0.18600 in the Carbide series for the same code - kept as read rather than assumed to be a typo.",364,Counterbore,Virtual HSS Counterbore,3.2,225,Brinell,6.3,30.3,0.225,4100,15,6.0,38.0,3
USA reference export,Lookup Table,Machining > Lookup Tables,tblCounterboring,lookupTables/Component/tblCounterboring.csv,"Transcribed from 6 screenshots. Two tool series (Virtual Carbide Counterbore, Virtual HSS Counterbore), each with 91 material codes x 2 diameters (6.3mm/76.2mm, paired with Depth Max 38.00mm/457.00mm). Hardness/Hardness System/Specific Cutting Force cross-validated against the established canonical material list (matched exactly). One minor note: material code 15.52 in the HSS series showed feed 0.18000 at both diameters vs 0.18600 in the Carbide series for the same code - kept as read rather than assumed to be a typo.",364,Counterbore,Virtual HSS Counterbore,3.2,225,Brinell,76.2,30.3,0.45,4100,15,6.0,457.0,3
USA reference export,Lookup Table,Machining > Lookup Tables,tblCounterboring,lookupTables/Component/tblCounterboring.csv,"Transcribed from 6 screenshots. Two tool series (Virtual Carbide Counterbore, Virtual HSS Counterbore), each with 91 material codes x 2 diameters (6.3mm/76.2mm, paired with Depth Max 38.00mm/457.00mm). Hardness/Hardness System/Specific Cutting Force cross-validated against the established canonical material list (matched exactly). One minor note: material code 15.52 in the HSS series showed feed 0.18000 at both diameters vs 0.18600 in the Carbide series for the same code - kept as read rather than assumed to be a typo.",364,Counterbore,Virtual HSS Counterbore,3.21,300,Brinell,6.3,20.7,0.225,3900,15,6.0,38.0,3
USA reference export,Lookup Table,Machining > Lookup Tables,tblCounterboring,lookupTables/Component/tblCounterboring.csv,"Transcribed from 6 screenshots. Two tool series (Virtual Carbide Counterbore, Virtual HSS Counterbore), each with 91 material codes x 2 diameters (6.3mm/76.2mm, paired with Depth Max 38.00mm/457.00mm). Hardness/Hardness System/Specific Cutting Force cross-validated against the established canonical material list (matched exactly). One minor note: material code 15.52 in the HSS series showed feed 0.18000 at both diameters vs 0.18600 in the Carbide series for the same code - kept as read rather than assumed to be a typo.",364,Counterbore,Virtual HSS Counterbore,3.21,300,Brinell,76.2,20.7,0.45,3900,15,6.0,457.0,3
USA reference export,Lookup Table,Machining > Lookup Tables,tblCounterboring,lookupTables/Component/tblCounterboring.csv,"Transcribed from 6 screenshots. Two tool series (Virtual Carbide Counterbore, Virtual HSS Counterbore), each with 91 material codes x 2 diameters (6.3mm/76.2mm, paired with Depth Max 38.00mm/457.00mm). Hardness/Hardness System/Specific Cutting Force cross-validated against the established canonical material list (matched exactly). One minor note: material code 15.52 in the HSS series showed feed 0.18000 at both diameters vs 0.18600 in the Carbide series for the same code - kept as read rather than assumed to be a typo.",364,Counterbore,Virtual HSS Counterbore,3.22,380,Brinell,6.3,13.1,0.375,4140,15,6.0,38.0,3
USA reference export,Lookup Table,Machining > Lookup Tables,tblCounterboring,lookupTables/Component/tblCounterboring.csv,"Transcribed from 6 screenshots. Two tool series (Virtual Carbide Counterbore, Virtual HSS Counterbore), each with 91 material codes x 2 diameters (6.3mm/76.2mm, paired with Depth Max 38.00mm/457.00mm). Hardness/Hardness System/Specific Cutting Force cross-validated against the established canonical material list (matched exactly). One minor note: material code 15.52 in the HSS series showed feed 0.18000 at both diameters vs 0.18600 in the Carbide series for the same code - kept as read rather than assumed to be a typo.",364,Counterbore,Virtual HSS Counterbore,3.22,380,Brinell,76.2,13.1,0.75,4140,15,6.0,457.0,3
USA reference export,Lookup Table,Machining > Lookup Tables,tblCounterboring,lookupTables/Component/tblCounterboring.csv,"Transcribed from 6 screenshots. Two tool series (Virtual Carbide Counterbore, Virtual HSS Counterbore), each with 91 material codes x 2 diameters (6.3mm/76.2mm, paired with Depth Max 38.00mm/457.00mm). Hardness/Hardness System/Specific Cutting Force cross-validated against the established canonical material list (matched exactly). One minor note: material code 15.52 in the HSS series showed feed 0.18000 at both diameters vs 0.18600 in the Carbide series for the same code - kept as read rather than assumed to be a typo.",364,Counterbore,Virtual HSS Counterbore,30.11,60,Brinell,6.3,55.8,0.3,520,15,6.0,38.0,3
USA reference export,Lookup Table,Machining > Lookup Tables,tblCounterboring,lookupTables/Component/tblCounterboring.csv,"Transcribed from 6 screenshots. Two tool series (Virtual Carbide Counterbore, Virtual HSS Counterbore), each with 91 material codes x 2 diameters (6.3mm/76.2mm, paired with Depth Max 38.00mm/457.00mm). Hardness/Hardness System/Specific Cutting Force cross-validated against the established canonical material list (matched exactly). One minor note: material code 15.52 in the HSS series showed feed 0.18000 at both diameters vs 0.18600 in the Carbide series for the same code - kept as read rather than assumed to be a typo.",364,Counterbore,Virtual HSS Counterbore,30.11,60,Brinell,76.2,55.8,0.6,520,15,6.0,457.0,3
USA reference export,Lookup Table,Machining > Lookup Tables,tblCounterboring,lookupTables/Component/tblCounterboring.csv,"Transcribed from 6 screenshots. Two tool series (Virtual Carbide Counterbore, Virtual HSS Counterbore), each with 91 material codes x 2 diameters (6.3mm/76.2mm, paired with Depth Max 38.00mm/457.00mm). Hardness/Hardness System/Specific Cutting Force cross-validated against the established canonical material list (matched exactly). One minor note: material code 15.52 in the HSS series showed feed 0.18000 at both diameters vs 0.18600 in the Carbide series for the same code - kept as read rather than assumed to be a typo.",364,Counterbore,Virtual HSS Counterbore,30.12,100,Brinell,6.3,55.8,0.3,880,15,6.0,38.0,3
USA reference export,Lookup Table,Machining > Lookup Tables,tblCounterboring,lookupTables/Component/tblCounterboring.csv,"Transcribed from 6 screenshots. Two tool series (Virtual Carbide Counterbore, Virtual HSS Counterbore), each with 91 material codes x 2 diameters (6.3mm/76.2mm, paired with Depth Max 38.00mm/457.00mm). Hardness/Hardness System/Specific Cutting Force cross-validated against the established canonical material list (matched exactly). One minor note: material code 15.52 in the HSS series showed feed 0.18000 at both diameters vs 0.18600 in the Carbide series for the same code - kept as read rather than assumed to be a typo.",364,Counterbore,Virtual HSS Counterbore,30.12,100,Brinell,76.2,55.8,0.6,880,15,6.0,457.0,3
USA reference export,Lookup Table,Machining > Lookup Tables,tblCounterboring,lookupTables/Component/tblCounterboring.csv,"Transcribed from 6 screenshots. Two tool series (Virtual Carbide Counterbore, Virtual HSS Counterbore), each with 91 material codes x 2 diameters (6.3mm/76.2mm, paired with Depth Max 38.00mm/457.00mm). Hardness/Hardness System/Specific Cutting Force cross-validated against the established canonical material list (matched exactly). One minor note: material code 15.52 in the HSS series showed feed 0.18000 at both diameters vs 0.18600 in the Carbide series for the same code - kept as read rather than assumed to be a typo.",364,Counterbore,Virtual HSS Counterbore,30.21,75,Brinell,6.3,47.8,0.3,800,15,6.0,38.0,3
USA reference export,Lookup Table,Machining > Lookup Tables,tblCounterboring,lookupTables/Component/tblCounterboring.csv,"Transcribed from 6 screenshots. Two tool series (Virtual Carbide Counterbore, Virtual HSS Counterbore), each with 91 material codes x 2 diameters (6.3mm/76.2mm, paired with Depth Max 38.00mm/457.00mm). Hardness/Hardness System/Specific Cutting Force cross-validated against the established canonical material list (matched exactly). One minor note: material code 15.52 in the HSS series showed feed 0.18000 at both diameters vs 0.18600 in the Carbide series for the same code - kept as read rather than assumed to be a typo.",364,Counterbore,Virtual HSS Counterbore,30.21,75,Brinell,76.2,47.8,0.6,800,15,6.0,457.0,3
USA reference export,Lookup Table,Machining > Lookup Tables,tblCounterboring,lookupTables/Component/tblCounterboring.csv,"Transcribed from 6 screenshots. Two tool series (Virtual Carbide Counterbore, Virtual HSS Counterbore), each with 91 material codes x 2 diameters (6.3mm/76.2mm, paired with Depth Max 38.00mm/457.00mm). Hardness/Hardness System/Specific Cutting Force cross-validated against the established canonical material list (matched exactly). One minor note: material code 15.52 in the HSS series showed feed 0.18000 at both diameters vs 0.18600 in the Carbide series for the same code - kept as read rather than assumed to be a typo.",364,Counterbore,Virtual HSS Counterbore,30.22,90,Brinell,6.3,47.8,0.3,940,15,6.0,38.0,3
USA reference export,Lookup Table,Machining > Lookup Tables,tblCounterboring,lookupTables/Component/tblCounterboring.csv,"Transcribed from 6 screenshots. Two tool series (Virtual Carbide Counterbore, Virtual HSS Counterbore), each with 91 material codes x 2 diameters (6.3mm/76.2mm, paired with Depth Max 38.00mm/457.00mm). Hardness/Hardness System/Specific Cutting Force cross-validated against the established canonical material list (matched exactly). One minor note: material code 15.52 in the HSS series showed feed 0.18000 at both diameters vs 0.18600 in the Carbide series for the same code - kept as read rather than assumed to be a typo.",364,Counterbore,Virtual HSS Counterbore,30.22,90,Brinell,76.2,47.8,0.6,940,15,6.0,457.0,3
USA reference export,Lookup Table,Machining > Lookup Tables,tblCounterboring,lookupTables/Component/tblCounterboring.csv,"Transcribed from 6 screenshots. Two tool series (Virtual Carbide Counterbore, Virtual HSS Counterbore), each with 91 material codes x 2 diameters (6.3mm/76.2mm, paired with Depth Max 38.00mm/457.00mm). Hardness/Hardness System/Specific Cutting Force cross-validated against the established canonical material list (matched exactly). One minor note: material code 15.52 in the HSS series showed feed 0.18000 at both diameters vs 0.18600 in the Carbide series for the same code - kept as read rather than assumed to be a typo.",364,Counterbore,Virtual HSS Counterbore,30.3,30,Brinell,6.3,100.6,0.9375,460,15,6.0,38.0,3
USA reference export,Lookup Table,Machining > Lookup Tables,tblCounterboring,lookupTables/Component/tblCounterboring.csv,"Transcribed from 6 screenshots. Two tool series (Virtual Carbide Counterbore, Virtual HSS Counterbore), each with 91 material codes x 2 diameters (6.3mm/76.2mm, paired with Depth Max 38.00mm/457.00mm). Hardness/Hardness System/Specific Cutting Force cross-validated against the established canonical material list (matched exactly). One minor note: material code 15.52 in the HSS series showed feed 0.18000 at both diameters vs 0.18600 in the Carbide series for the same code - kept as read rather than assumed to be a typo.",364,Counterbore,Virtual HSS Counterbore,30.3,30,Brinell,76.2,100.6,1.875,460,15,6.0,457.0,3
USA reference export,Lookup Table,Machining > Lookup Tables,tblCounterboring,lookupTables/Component/tblCounterboring.csv,"Transcribed from 6 screenshots. Two tool series (Virtual Carbide Counterbore, Virtual HSS Counterbore), each with 91 material codes x 2 diameters (6.3mm/76.2mm, paired with Depth Max 38.00mm/457.00mm). Hardness/Hardness System/Specific Cutting Force cross-validated against the established canonical material list (matched exactly). One minor note: material code 15.52 in the HSS series showed feed 0.18000 at both diameters vs 0.18600 in the Carbide series for the same code - kept as read rather than assumed to be a typo.",364,Counterbore,Virtual HSS Counterbore,30.41,130,Brinell,6.3,40.4,0.75,940,15,6.0,38.0,3
USA reference export,Lookup Table,Machining > Lookup Tables,tblCounterboring,lookupTables/Component/tblCounterboring.csv,"Transcribed from 6 screenshots. Two tool series (Virtual Carbide Counterbore, Virtual HSS Counterbore), each with 91 material codes x 2 diameters (6.3mm/76.2mm, paired with Depth Max 38.00mm/457.00mm). Hardness/Hardness System/Specific Cutting Force cross-validated against the established canonical material list (matched exactly). One minor note: material code 15.52 in the HSS series showed feed 0.18000 at both diameters vs 0.18600 in the Carbide series for the same code - kept as read rather than assumed to be a typo.",364,Counterbore,Virtual HSS Counterbore,30.41,130,Brinell,76.2,40.4,1.5,940,15,6.0,457.0,3
USA reference export,Lookup Table,Machining > Lookup Tables,tblCounterboring,lookupTables/Component/tblCounterboring.csv,"Transcribed from 6 screenshots. Two tool series (Virtual Carbide Counterbore, Virtual HSS Counterbore), each with 91 material codes x 2 diameters (6.3mm/76.2mm, paired with Depth Max 38.00mm/457.00mm). Hardness/Hardness System/Specific Cutting Force cross-validated against the established canonical material list (matched exactly). One minor note: material code 15.52 in the HSS series showed feed 0.18000 at both diameters vs 0.18600 in the Carbide series for the same code - kept as read rather than assumed to be a typo.",364,Counterbore,Virtual HSS Counterbore,30.42,130,Brinell,6.3,30.1,0.75,940,15,6.0,38.0,3
USA reference export,Lookup Table,Machining > Lookup Tables,tblCounterboring,lookupTables/Component/tblCounterboring.csv,"Transcribed from 6 screenshots. Two tool series (Virtual Carbide Counterbore, Virtual HSS Counterbore), each with 91 material codes x 2 diameters (6.3mm/76.2mm, paired with Depth Max 38.00mm/457.00mm). Hardness/Hardness System/Specific Cutting Force cross-validated against the established canonical material list (matched exactly). One minor note: material code 15.52 in the HSS series showed feed 0.18000 at both diameters vs 0.18600 in the Carbide series for the same code - kept as read rather than assumed to be a typo.",364,Counterbore,Virtual HSS Counterbore,30.42,130,Brinell,76.2,30.1,1.5,940,15,6.0,457.0,3
USA reference export,Lookup Table,Machining > Lookup Tables,tblCounterboring,lookupTables/Component/tblCounterboring.csv,"Transcribed from 6 screenshots. Two tool series (Virtual Carbide Counterbore, Virtual HSS Counterbore), each with 91 material codes x 2 diameters (6.3mm/76.2mm, paired with Depth Max 38.00mm/457.00mm). Hardness/Hardness System/Specific Cutting Force cross-validated against the established canonical material list (matched exactly). One minor note: material code 15.52 in the HSS series showed feed 0.18000 at both diameters vs 0.18600 in the Carbide series for the same code - kept as read rather than assumed to be a typo.",364,Counterbore,Virtual HSS Counterbore,33.1,110,Brinell,6.3,47.8,0.3,740,15,6.0,38.0,3
USA reference export,Lookup Table,Machining > Lookup Tables,tblCounterboring,lookupTables/Component/tblCounterboring.csv,"Transcribed from 6 screenshots. Two tool series (Virtual Carbide Counterbore, Virtual HSS Counterbore), each with 91 material codes x 2 diameters (6.3mm/76.2mm, paired with Depth Max 38.00mm/457.00mm). Hardness/Hardness System/Specific Cutting Force cross-validated against the established canonical material list (matched exactly). One minor note: material code 15.52 in the HSS series showed feed 0.18000 at both diameters vs 0.18600 in the Carbide series for the same code - kept as read rather than assumed to be a typo.",364,Counterbore,Virtual HSS Counterbore,33.1,110,Brinell,76.2,47.8,0.6,740,15,6.0,457.0,3
USA reference export,Lookup Table,Machining > Lookup Tables,tblCounterboring,lookupTables/Component/tblCounterboring.csv,"Transcribed from 6 screenshots. Two tool series (Virtual Carbide Counterbore, Virtual HSS Counterbore), each with 91 material codes x 2 diameters (6.3mm/76.2mm, paired with Depth Max 38.00mm/457.00mm). Hardness/Hardness System/Specific Cutting Force cross-validated against the established canonical material list (matched exactly). One minor note: material code 15.52 in the HSS series showed feed 0.18000 at both diameters vs 0.18600 in the Carbide series for the same code - kept as read rather than assumed to be a typo.",364,Counterbore,Virtual HSS Counterbore,33.2,90,Brinell,6.3,36.6,0.3,740,15,6.0,38.0,3
USA reference export,Lookup Table,Machining > Lookup Tables,tblCounterboring,lookupTables/Component/tblCounterboring.csv,"Transcribed from 6 screenshots. Two tool series (Virtual Carbide Counterbore, Virtual HSS Counterbore), each with 91 material codes x 2 diameters (6.3mm/76.2mm, paired with Depth Max 38.00mm/457.00mm). Hardness/Hardness System/Specific Cutting Force cross-validated against the established canonical material list (matched exactly). One minor note: material code 15.52 in the HSS series showed feed 0.18000 at both diameters vs 0.18600 in the Carbide series for the same code - kept as read rather than assumed to be a typo.",364,Counterbore,Virtual HSS Counterbore,33.2,90,Brinell,76.2,36.6,0.6,740,15,6.0,457.0,3
USA reference export,Lookup Table,Machining > Lookup Tables,tblCounterboring,lookupTables/Component/tblCounterboring.csv,"Transcribed from 6 screenshots. Two tool series (Virtual Carbide Counterbore, Virtual HSS Counterbore), each with 91 material codes x 2 diameters (6.3mm/76.2mm, paired with Depth Max 38.00mm/457.00mm). Hardness/Hardness System/Specific Cutting Force cross-validated against the established canonical material list (matched exactly). One minor note: material code 15.52 in the HSS series showed feed 0.18000 at both diameters vs 0.18600 in the Carbide series for the same code - kept as read rather than assumed to be a typo.",364,Counterbore,Virtual HSS Counterbore,33.3,100,Brinell,6.3,34.8,0.3,1800,15,6.0,38.0,3
USA reference export,Lookup Table,Machining > Lookup Tables,tblCounterboring,lookupTables/Component/tblCounterboring.csv,"Transcribed from 6 screenshots. Two tool series (Virtual Carbide Counterbore, Virtual HSS Counterbore), each with 91 material codes x 2 diameters (6.3mm/76.2mm, paired with Depth Max 38.00mm/457.00mm). Hardness/Hardness System/Specific Cutting Force cross-validated against the established canonical material list (matched exactly). One minor note: material code 15.52 in the HSS series showed feed 0.18000 at both diameters vs 0.18600 in the Carbide series for the same code - kept as read rather than assumed to be a typo.",364,Counterbore,Virtual HSS Counterbore,33.3,100,Brinell,76.2,34.8,0.6,1800,15,6.0,457.0,3
USA reference export,Lookup Table,Machining > Lookup Tables,tblCounterboring,lookupTables/Component/tblCounterboring.csv,"Transcribed from 6 screenshots. Two tool series (Virtual Carbide Counterbore, Virtual HSS Counterbore), each with 91 material codes x 2 diameters (6.3mm/76.2mm, paired with Depth Max 38.00mm/457.00mm). Hardness/Hardness System/Specific Cutting Force cross-validated against the established canonical material list (matched exactly). One minor note: material code 15.52 in the HSS series showed feed 0.18000 at both diameters vs 0.18600 in the Carbide series for the same code - kept as read rather than assumed to be a typo.",364,Counterbore,Virtual HSS Counterbore,34.0,515,Brinell,6.3,79.6,0.288,700,15,6.0,38.0,3
USA reference export,Lookup Table,Machining > Lookup Tables,tblCounterboring,lookupTables/Component/tblCounterboring.csv,"Transcribed from 6 screenshots. Two tool series (Virtual Carbide Counterbore, Virtual HSS Counterbore), each with 91 material codes x 2 diameters (6.3mm/76.2mm, paired with Depth Max 38.00mm/457.00mm). Hardness/Hardness System/Specific Cutting Force cross-validated against the established canonical material list (matched exactly). One minor note: material code 15.52 in the HSS series showed feed 0.18000 at both diameters vs 0.18600 in the Carbide series for the same code - kept as read rather than assumed to be a typo.",364,Counterbore,Virtual HSS Counterbore,34.0,515,Brinell,76.2,79.6,0.576,700,15,6.0,457.0,3
USA reference export,Lookup Table,Machining > Lookup Tables,tblCounterboring,lookupTables/Component/tblCounterboring.csv,"Transcribed from 6 screenshots. Two tool series (Virtual Carbide Counterbore, Virtual HSS Counterbore), each with 91 material codes x 2 diameters (6.3mm/76.2mm, paired with Depth Max 38.00mm/457.00mm). Hardness/Hardness System/Specific Cutting Force cross-validated against the established canonical material list (matched exactly). One minor note: material code 15.52 in the HSS series showed feed 0.18000 at both diameters vs 0.18600 in the Carbide series for the same code - kept as read rather than assumed to be a typo.",364,Counterbore,Virtual HSS Counterbore,4.0,55,Rockwell C,6.3,17.9,0.282,4540,15,6.0,38.0,3
USA reference export,Lookup Table,Machining > Lookup Tables,tblCounterboring,lookupTables/Component/tblCounterboring.csv,"Transcribed from 6 screenshots. Two tool series (Virtual Carbide Counterbore, Virtual HSS Counterbore), each with 91 material codes x 2 diameters (6.3mm/76.2mm, paired with Depth Max 38.00mm/457.00mm). Hardness/Hardness System/Specific Cutting Force cross-validated against the established canonical material list (matched exactly). One minor note: material code 15.52 in the HSS series showed feed 0.18000 at both diameters vs 0.18600 in the Carbide series for the same code - kept as read rather than assumed to be a typo.",364,Counterbore,Virtual HSS Counterbore,4.0,55,Rockwell C,76.2,17.9,0.564,4540,15,6.0,457.0,3
USA reference export,Lookup Table,Machining > Lookup Tables,tblCounterboring,lookupTables/Component/tblCounterboring.csv,"Transcribed from 6 screenshots. Two tool series (Virtual Carbide Counterbore, Virtual HSS Counterbore), each with 91 material codes x 2 diameters (6.3mm/76.2mm, paired with Depth Max 38.00mm/457.00mm). Hardness/Hardness System/Specific Cutting Force cross-validated against the established canonical material list (matched exactly). One minor note: material code 15.52 in the HSS series showed feed 0.18000 at both diameters vs 0.18600 in the Carbide series for the same code - kept as read rather than assumed to be a typo.",364,Counterbore,Virtual HSS Counterbore,4.1,59,Rockwell C,6.3,10.1,0.282,5620,15,6.0,38.0,3
USA reference export,Lookup Table,Machining > Lookup Tables,tblCounterboring,lookupTables/Component/tblCounterboring.csv,"Transcribed from 6 screenshots. Two tool series (Virtual Carbide Counterbore, Virtual HSS Counterbore), each with 91 material codes x 2 diameters (6.3mm/76.2mm, paired with Depth Max 38.00mm/457.00mm). Hardness/Hardness System/Specific Cutting Force cross-validated against the established canonical material list (matched exactly). One minor note: material code 15.52 in the HSS series showed feed 0.18000 at both diameters vs 0.18600 in the Carbide series for the same code - kept as read rather than assumed to be a typo.",364,Counterbore,Virtual HSS Counterbore,4.1,59,Rockwell C,76.2,10.1,0.564,5620,15,6.0,457.0,3
USA reference export,Lookup Table,Machining > Lookup Tables,tblCounterboring,lookupTables/Component/tblCounterboring.csv,"Transcribed from 6 screenshots. Two tool series (Virtual Carbide Counterbore, Virtual HSS Counterbore), each with 91 material codes x 2 diameters (6.3mm/76.2mm, paired with Depth Max 38.00mm/457.00mm). Hardness/Hardness System/Specific Cutting Force cross-validated against the established canonical material list (matched exactly). One minor note: material code 15.52 in the HSS series showed feed 0.18000 at both diameters vs 0.18600 in the Carbide series for the same code - kept as read rather than assumed to be a typo.",364,Counterbore,Virtual HSS Counterbore,41.11,30,Brinell,6.3,51.6,0.231,460,15,6.0,38.0,3
USA reference export,Lookup Table,Machining > Lookup Tables,tblCounterboring,lookupTables/Component/tblCounterboring.csv,"Transcribed from 6 screenshots. Two tool series (Virtual Carbide Counterbore, Virtual HSS Counterbore), each with 91 material codes x 2 diameters (6.3mm/76.2mm, paired with Depth Max 38.00mm/457.00mm). Hardness/Hardness System/Specific Cutting Force cross-validated against the established canonical material list (matched exactly). One minor note: material code 15.52 in the HSS series showed feed 0.18000 at both diameters vs 0.18600 in the Carbide series for the same code - kept as read rather than assumed to be a typo.",364,Counterbore,Virtual HSS Counterbore,41.11,30,Brinell,76.2,51.6,0.462,460,15,6.0,457.0,3
USA reference export,Lookup Table,Machining > Lookup Tables,tblCounterboring,lookupTables/Component/tblCounterboring.csv,"Transcribed from 6 screenshots. Two tool series (Virtual Carbide Counterbore, Virtual HSS Counterbore), each with 91 material codes x 2 diameters (6.3mm/76.2mm, paired with Depth Max 38.00mm/457.00mm). Hardness/Hardness System/Specific Cutting Force cross-validated against the established canonical material list (matched exactly). One minor note: material code 15.52 in the HSS series showed feed 0.18000 at both diameters vs 0.18600 in the Carbide series for the same code - kept as read rather than assumed to be a typo.",364,Counterbore,Virtual HSS Counterbore,41.21,30,Brinell,6.3,58.0,0.231,460,15,6.0,38.0,3
USA reference export,Lookup Table,Machining > Lookup Tables,tblCounterboring,lookupTables/Component/tblCounterboring.csv,"Transcribed from 6 screenshots. Two tool series (Virtual Carbide Counterbore, Virtual HSS Counterbore), each with 91 material codes x 2 diameters (6.3mm/76.2mm, paired with Depth Max 38.00mm/457.00mm). Hardness/Hardness System/Specific Cutting Force cross-validated against the established canonical material list (matched exactly). One minor note: material code 15.52 in the HSS series showed feed 0.18000 at both diameters vs 0.18600 in the Carbide series for the same code - kept as read rather than assumed to be a typo.",364,Counterbore,Virtual HSS Counterbore,41.21,30,Brinell,76.2,58.0,0.462,460,15,6.0,457.0,3
USA reference export,Lookup Table,Machining > Lookup Tables,tblCounterboring,lookupTables/Component/tblCounterboring.csv,"Transcribed from 6 screenshots. Two tool series (Virtual Carbide Counterbore, Virtual HSS Counterbore), each with 91 material codes x 2 diameters (6.3mm/76.2mm, paired with Depth Max 38.00mm/457.00mm). Hardness/Hardness System/Specific Cutting Force cross-validated against the established canonical material list (matched exactly). One minor note: material code 15.52 in the HSS series showed feed 0.18000 at both diameters vs 0.18600 in the Carbide series for the same code - kept as read rather than assumed to be a typo.",364,Counterbore,Virtual HSS Counterbore,42.11,30,Brinell,6.3,45.2,0.3465,460,15,6.0,38.0,3
USA reference export,Lookup Table,Machining > Lookup Tables,tblCounterboring,lookupTables/Component/tblCounterboring.csv,"Transcribed from 6 screenshots. Two tool series (Virtual Carbide Counterbore, Virtual HSS Counterbore), each with 91 material codes x 2 diameters (6.3mm/76.2mm, paired with Depth Max 38.00mm/457.00mm). Hardness/Hardness System/Specific Cutting Force cross-validated against the established canonical material list (matched exactly). One minor note: material code 15.52 in the HSS series showed feed 0.18000 at both diameters vs 0.18600 in the Carbide series for the same code - kept as read rather than assumed to be a typo.",364,Counterbore,Virtual HSS Counterbore,42.11,30,Brinell,76.2,45.2,0.693,460,15,6.0,457.0,3
USA reference export,Lookup Table,Machining > Lookup Tables,tblCounterboring,lookupTables/Component/tblCounterboring.csv,"Transcribed from 6 screenshots. Two tool series (Virtual Carbide Counterbore, Virtual HSS Counterbore), each with 91 material codes x 2 diameters (6.3mm/76.2mm, paired with Depth Max 38.00mm/457.00mm). Hardness/Hardness System/Specific Cutting Force cross-validated against the established canonical material list (matched exactly). One minor note: material code 15.52 in the HSS series showed feed 0.18000 at both diameters vs 0.18600 in the Carbide series for the same code - kept as read rather than assumed to be a typo.",364,Counterbore,Virtual HSS Counterbore,42.12,30,Brinell,6.3,58.0,0.231,460,15,6.0,38.0,3
USA reference export,Lookup Table,Machining > Lookup Tables,tblCounterboring,lookupTables/Component/tblCounterboring.csv,"Transcribed from 6 screenshots. Two tool series (Virtual Carbide Counterbore, Virtual HSS Counterbore), each with 91 material codes x 2 diameters (6.3mm/76.2mm, paired with Depth Max 38.00mm/457.00mm). Hardness/Hardness System/Specific Cutting Force cross-validated against the established canonical material list (matched exactly). One minor note: material code 15.52 in the HSS series showed feed 0.18000 at both diameters vs 0.18600 in the Carbide series for the same code - kept as read rather than assumed to be a typo.",364,Counterbore,Virtual HSS Counterbore,42.12,30,Brinell,76.2,58.0,0.462,460,15,6.0,457.0,3
USA reference export,Lookup Table,Machining > Lookup Tables,tblCounterboring,lookupTables/Component/tblCounterboring.csv,"Transcribed from 6 screenshots. Two tool series (Virtual Carbide Counterbore, Virtual HSS Counterbore), each with 91 material codes x 2 diameters (6.3mm/76.2mm, paired with Depth Max 38.00mm/457.00mm). Hardness/Hardness System/Specific Cutting Force cross-validated against the established canonical material list (matched exactly). One minor note: material code 15.52 in the HSS series showed feed 0.18000 at both diameters vs 0.18600 in the Carbide series for the same code - kept as read rather than assumed to be a typo.",364,Counterbore,Virtual HSS Counterbore,42.13,30,Brinell,6.3,58.0,0.231,460,15,6.0,38.0,3
USA reference export,Lookup Table,Machining > Lookup Tables,tblCounterboring,lookupTables/Component/tblCounterboring.csv,"Transcribed from 6 screenshots. Two tool series (Virtual Carbide Counterbore, Virtual HSS Counterbore), each with 91 material codes x 2 diameters (6.3mm/76.2mm, paired with Depth Max 38.00mm/457.00mm). Hardness/Hardness System/Specific Cutting Force cross-validated against the established canonical material list (matched exactly). One minor note: material code 15.52 in the HSS series showed feed 0.18000 at both diameters vs 0.18600 in the Carbide series for the same code - kept as read rather than assumed to be a typo.",364,Counterbore,Virtual HSS Counterbore,42.13,30,Brinell,76.2,58.0,0.462,460,15,6.0,457.0,3
USA reference export,Lookup Table,Machining > Lookup Tables,tblCounterboring,lookupTables/Component/tblCounterboring.csv,"Transcribed from 6 screenshots. Two tool series (Virtual Carbide Counterbore, Virtual HSS Counterbore), each with 91 material codes x 2 diameters (6.3mm/76.2mm, paired with Depth Max 38.00mm/457.00mm). Hardness/Hardness System/Specific Cutting Force cross-validated against the established canonical material list (matched exactly). One minor note: material code 15.52 in the HSS series showed feed 0.18000 at both diameters vs 0.18600 in the Carbide series for the same code - kept as read rather than assumed to be a typo.",364,Counterbore,Virtual HSS Counterbore,5.1,200,Brinell,6.3,19.8,0.2625,2100,15,6.0,38.0,3
USA reference export,Lookup Table,Machining > Lookup Tables,tblCounterboring,lookupTables/Component/tblCounterboring.csv,"Transcribed from 6 screenshots. Two tool series (Virtual Carbide Counterbore, Virtual HSS Counterbore), each with 91 material codes x 2 diameters (6.3mm/76.2mm, paired with Depth Max 38.00mm/457.00mm). Hardness/Hardness System/Specific Cutting Force cross-validated against the established canonical material list (matched exactly). One minor note: material code 15.52 in the HSS series showed feed 0.18000 at both diameters vs 0.18600 in the Carbide series for the same code - kept as read rather than assumed to be a typo.",364,Counterbore,Virtual HSS Counterbore,5.1,200,Brinell,76.2,19.8,0.525,2100,15,6.0,457.0,3
USA reference export,Lookup Table,Machining > Lookup Tables,tblCounterboring,lookupTables/Component/tblCounterboring.csv,"Transcribed from 6 screenshots. Two tool series (Virtual Carbide Counterbore, Virtual HSS Counterbore), each with 91 material codes x 2 diameters (6.3mm/76.2mm, paired with Depth Max 38.00mm/457.00mm). Hardness/Hardness System/Specific Cutting Force cross-validated against the established canonical material list (matched exactly). One minor note: material code 15.52 in the HSS series showed feed 0.18000 at both diameters vs 0.18600 in the Carbide series for the same code - kept as read rather than assumed to be a typo.",364,Counterbore,Virtual HSS Counterbore,5.11,200,Brinell,6.3,23.7,0.2625,2180,15,6.0,38.0,3
USA reference export,Lookup Table,Machining > Lookup Tables,tblCounterboring,lookupTables/Component/tblCounterboring.csv,"Transcribed from 6 screenshots. Two tool series (Virtual Carbide Counterbore, Virtual HSS Counterbore), each with 91 material codes x 2 diameters (6.3mm/76.2mm, paired with Depth Max 38.00mm/457.00mm). Hardness/Hardness System/Specific Cutting Force cross-validated against the established canonical material list (matched exactly). One minor note: material code 15.52 in the HSS series showed feed 0.18000 at both diameters vs 0.18600 in the Carbide series for the same code - kept as read rather than assumed to be a typo.",364,Counterbore,Virtual HSS Counterbore,5.11,200,Brinell,76.2,23.7,0.525,2180,15,6.0,457.0,3
USA reference export,Lookup Table,Machining > Lookup Tables,tblCounterboring,lookupTables/Component/tblCounterboring.csv,"Transcribed from 6 screenshots. Two tool series (Virtual Carbide Counterbore, Virtual HSS Counterbore), each with 91 material codes x 2 diameters (6.3mm/76.2mm, paired with Depth Max 38.00mm/457.00mm). Hardness/Hardness System/Specific Cutting Force cross-validated against the established canonical material list (matched exactly). One minor note: material code 15.52 in the HSS series showed feed 0.18000 at both diameters vs 0.18600 in the Carbide series for the same code - kept as read rather than assumed to be a typo.",364,Counterbore,Virtual HSS Counterbore,5.12,330,Brinell,6.3,23.3,0.2625,3400,15,6.0,38.0,3
USA reference export,Lookup Table,Machining > Lookup Tables,tblCounterboring,lookupTables/Component/tblCounterboring.csv,"Transcribed from 6 screenshots. Two tool series (Virtual Carbide Counterbore, Virtual HSS Counterbore), each with 91 material codes x 2 diameters (6.3mm/76.2mm, paired with Depth Max 38.00mm/457.00mm). Hardness/Hardness System/Specific Cutting Force cross-validated against the established canonical material list (matched exactly). One minor note: material code 15.52 in the HSS series showed feed 0.18000 at both diameters vs 0.18600 in the Carbide series for the same code - kept as read rather than assumed to be a typo.",364,Counterbore,Virtual HSS Counterbore,5.12,330,Brinell,76.2,23.3,0.525,3400,15,6.0,457.0,3
USA reference export,Lookup Table,Machining > Lookup Tables,tblCounterboring,lookupTables/Component/tblCounterboring.csv,"Transcribed from 6 screenshots. Two tool series (Virtual Carbide Counterbore, Virtual HSS Counterbore), each with 91 material codes x 2 diameters (6.3mm/76.2mm, paired with Depth Max 38.00mm/457.00mm). Hardness/Hardness System/Specific Cutting Force cross-validated against the established canonical material list (matched exactly). One minor note: material code 15.52 in the HSS series showed feed 0.18000 at both diameters vs 0.18600 in the Carbide series for the same code - kept as read rather than assumed to be a typo.",364,Counterbore,Virtual HSS Counterbore,5.13,330,Brinell,6.3,24.9,0.2625,2800,15,6.0,38.0,3
USA reference export,Lookup Table,Machining > Lookup Tables,tblCounterboring,lookupTables/Component/tblCounterboring.csv,"Transcribed from 6 screenshots. Two tool series (Virtual Carbide Counterbore, Virtual HSS Counterbore), each with 91 material codes x 2 diameters (6.3mm/76.2mm, paired with Depth Max 38.00mm/457.00mm). Hardness/Hardness System/Specific Cutting Force cross-validated against the established canonical material list (matched exactly). One minor note: material code 15.52 in the HSS series showed feed 0.18000 at both diameters vs 0.18600 in the Carbide series for the same code - kept as read rather than assumed to be a typo.",364,Counterbore,Virtual HSS Counterbore,5.13,330,Brinell,76.2,24.9,0.525,2800,15,6.0,457.0,3
USA reference export,Lookup Table,Machining > Lookup Tables,tblCounterboring,lookupTables/Component/tblCounterboring.csv,"Transcribed from 6 screenshots. Two tool series (Virtual Carbide Counterbore, Virtual HSS Counterbore), each with 91 material codes x 2 diameters (6.3mm/76.2mm, paired with Depth Max 38.00mm/457.00mm). Hardness/Hardness System/Specific Cutting Force cross-validated against the established canonical material list (matched exactly). One minor note: material code 15.52 in the HSS series showed feed 0.18000 at both diameters vs 0.18600 in the Carbide series for the same code - kept as read rather than assumed to be a typo.",364,Counterbore,Virtual HSS Counterbore,5.2,175,Brinell,6.3,35.4,0.2625,2300,15,6.0,38.0,3
USA reference export,Lookup Table,Machining > Lookup Tables,tblCounterboring,lookupTables/Component/tblCounterboring.csv,"Transcribed from 6 screenshots. Two tool series (Virtual Carbide Counterbore, Virtual HSS Counterbore), each with 91 material codes x 2 diameters (6.3mm/76.2mm, paired with Depth Max 38.00mm/457.00mm). Hardness/Hardness System/Specific Cutting Force cross-validated against the established canonical material list (matched exactly). One minor note: material code 15.52 in the HSS series showed feed 0.18000 at both diameters vs 0.18600 in the Carbide series for the same code - kept as read rather than assumed to be a typo.",364,Counterbore,Virtual HSS Counterbore,5.2,175,Brinell,76.2,35.4,0.525,2300,15,6.0,457.0,3
USA reference export,Lookup Table,Machining > Lookup Tables,tblCounterboring,lookupTables/Component/tblCounterboring.csv,"Transcribed from 6 screenshots. Two tool series (Virtual Carbide Counterbore, Virtual HSS Counterbore), each with 91 material codes x 2 diameters (6.3mm/76.2mm, paired with Depth Max 38.00mm/457.00mm). Hardness/Hardness System/Specific Cutting Force cross-validated against the established canonical material list (matched exactly). One minor note: material code 15.52 in the HSS series showed feed 0.18000 at both diameters vs 0.18600 in the Carbide series for the same code - kept as read rather than assumed to be a typo.",364,Counterbore,Virtual HSS Counterbore,5.21,200,Brinell,6.3,23.9,0.225,2420,15,6.0,38.0,3
USA reference export,Lookup Table,Machining > Lookup Tables,tblCounterboring,lookupTables/Component/tblCounterboring.csv,"Transcribed from 6 screenshots. Two tool series (Virtual Carbide Counterbore, Virtual HSS Counterbore), each with 91 material codes x 2 diameters (6.3mm/76.2mm, paired with Depth Max 38.00mm/457.00mm). Hardness/Hardness System/Specific Cutting Force cross-validated against the established canonical material list (matched exactly). One minor note: material code 15.52 in the HSS series showed feed 0.18000 at both diameters vs 0.18600 in the Carbide series for the same code - kept as read rather than assumed to be a typo.",364,Counterbore,Virtual HSS Counterbore,5.21,200,Brinell,76.2,23.9,0.45,2420,15,6.0,457.0,3
USA reference export,Lookup Table,Machining > Lookup Tables,tblCounterboring,lookupTables/Component/tblCounterboring.csv,"Transcribed from 6 screenshots. Two tool series (Virtual Carbide Counterbore, Virtual HSS Counterbore), each with 91 material codes x 2 diameters (6.3mm/76.2mm, paired with Depth Max 38.00mm/457.00mm). Hardness/Hardness System/Specific Cutting Force cross-validated against the established canonical material list (matched exactly). One minor note: material code 15.52 in the HSS series showed feed 0.18000 at both diameters vs 0.18600 in the Carbide series for the same code - kept as read rather than assumed to be a typo.",364,Counterbore,Virtual HSS Counterbore,5.22,330,Brinell,6.3,20.6,0.225,3400,15,6.0,38.0,3
USA reference export,Lookup Table,Machining > Lookup Tables,tblCounterboring,lookupTables/Component/tblCounterboring.csv,"Transcribed from 6 screenshots. Two tool series (Virtual Carbide Counterbore, Virtual HSS Counterbore), each with 91 material codes x 2 diameters (6.3mm/76.2mm, paired with Depth Max 38.00mm/457.00mm). Hardness/Hardness System/Specific Cutting Force cross-validated against the established canonical material list (matched exactly). One minor note: material code 15.52 in the HSS series showed feed 0.18000 at both diameters vs 0.18600 in the Carbide series for the same code - kept as read rather than assumed to be a typo.",364,Counterbore,Virtual HSS Counterbore,5.22,330,Brinell,76.2,20.6,0.45,3400,15,6.0,457.0,3
USA reference export,Lookup Table,Machining > Lookup Tables,tblCounterboring,lookupTables/Component/tblCounterboring.csv,"Transcribed from 6 screenshots. Two tool series (Virtual Carbide Counterbore, Virtual HSS Counterbore), each with 91 material codes x 2 diameters (6.3mm/76.2mm, paired with Depth Max 38.00mm/457.00mm). Hardness/Hardness System/Specific Cutting Force cross-validated against the established canonical material list (matched exactly). One minor note: material code 15.52 in the HSS series showed feed 0.18000 at both diameters vs 0.18600 in the Carbide series for the same code - kept as read rather than assumed to be a typo.",364,Counterbore,Virtual HSS Counterbore,5.23,200,Brinell,6.3,17.2,0.225,2960,15,6.0,38.0,3
USA reference export,Lookup Table,Machining > Lookup Tables,tblCounterboring,lookupTables/Component/tblCounterboring.csv,"Transcribed from 6 screenshots. Two tool series (Virtual Carbide Counterbore, Virtual HSS Counterbore), each with 91 material codes x 2 diameters (6.3mm/76.2mm, paired with Depth Max 38.00mm/457.00mm). Hardness/Hardness System/Specific Cutting Force cross-validated against the established canonical material list (matched exactly). One minor note: material code 15.52 in the HSS series showed feed 0.18000 at both diameters vs 0.18600 in the Carbide series for the same code - kept as read rather than assumed to be a typo.",364,Counterbore,Virtual HSS Counterbore,5.23,200,Brinell,76.2,17.2,0.45,2960,15,6.0,457.0,3
USA reference export,Lookup Table,Machining > Lookup Tables,tblCounterboring,lookupTables/Component/tblCounterboring.csv,"Transcribed from 6 screenshots. Two tool series (Virtual Carbide Counterbore, Virtual HSS Counterbore), each with 91 material codes x 2 diameters (6.3mm/76.2mm, paired with Depth Max 38.00mm/457.00mm). Hardness/Hardness System/Specific Cutting Force cross-validated against the established canonical material list (matched exactly). One minor note: material code 15.52 in the HSS series showed feed 0.18000 at both diameters vs 0.18600 in the Carbide series for the same code - kept as read rather than assumed to be a typo.",364,Counterbore,Virtual HSS Counterbore,5.51,230,Brinell,6.3,17.5,0.225,2420,15,6.0,38.0,3
USA reference export,Lookup Table,Machining > Lookup Tables,tblCounterboring,lookupTables/Component/tblCounterboring.csv,"Transcribed from 6 screenshots. Two tool series (Virtual Carbide Counterbore, Virtual HSS Counterbore), each with 91 material codes x 2 diameters (6.3mm/76.2mm, paired with Depth Max 38.00mm/457.00mm). Hardness/Hardness System/Specific Cutting Force cross-validated against the established canonical material list (matched exactly). One minor note: material code 15.52 in the HSS series showed feed 0.18000 at both diameters vs 0.18600 in the Carbide series for the same code - kept as read rather than assumed to be a typo.",364,Counterbore,Virtual HSS Counterbore,5.51,230,Brinell,76.2,17.5,0.45,2420,15,6.0,457.0,3
USA reference export,Lookup Table,Machining > Lookup Tables,tblCounterboring,lookupTables/Component/tblCounterboring.csv,"Transcribed from 6 screenshots. Two tool series (Virtual Carbide Counterbore, Virtual HSS Counterbore), each with 91 material codes x 2 diameters (6.3mm/76.2mm, paired with Depth Max 38.00mm/457.00mm). Hardness/Hardness System/Specific Cutting Force cross-validated against the established canonical material list (matched exactly). One minor note: material code 15.52 in the HSS series showed feed 0.18000 at both diameters vs 0.18600 in the Carbide series for the same code - kept as read rather than assumed to be a typo.",364,Counterbore,Virtual HSS Counterbore,5.52,260,Brinell,6.3,17.5,0.225,2920,15,6.0,38.0,3
USA reference export,Lookup Table,Machining > Lookup Tables,tblCounterboring,lookupTables/Component/tblCounterboring.csv,"Transcribed from 6 screenshots. Two tool series (Virtual Carbide Counterbore, Virtual HSS Counterbore), each with 91 material codes x 2 diameters (6.3mm/76.2mm, paired with Depth Max 38.00mm/457.00mm). Hardness/Hardness System/Specific Cutting Force cross-validated against the established canonical material list (matched exactly). One minor note: material code 15.52 in the HSS series showed feed 0.18000 at both diameters vs 0.18600 in the Carbide series for the same code - kept as read rather than assumed to be a typo.",364,Counterbore,Virtual HSS Counterbore,5.52,260,Brinell,76.2,17.5,0.45,2920,15,6.0,457.0,3
USA reference export,Lookup Table,Machining > Lookup Tables,tblCounterboring,lookupTables/Component/tblCounterboring.csv,"Transcribed from 6 screenshots. Two tool series (Virtual Carbide Counterbore, Virtual HSS Counterbore), each with 91 material codes x 2 diameters (6.3mm/76.2mm, paired with Depth Max 38.00mm/457.00mm). Hardness/Hardness System/Specific Cutting Force cross-validated against the established canonical material list (matched exactly). One minor note: material code 15.52 in the HSS series showed feed 0.18000 at both diameters vs 0.18600 in the Carbide series for the same code - kept as read rather than assumed to be a typo.",364,Counterbore,Virtual HSS Counterbore,51.21,30,Brinell,6.3,105.4,0.3465,460,15,6.0,38.0,3
USA reference export,Lookup Table,Machining > Lookup Tables,tblCounterboring,lookupTables/Component/tblCounterboring.csv,"Transcribed from 6 screenshots. Two tool series (Virtual Carbide Counterbore, Virtual HSS Counterbore), each with 91 material codes x 2 diameters (6.3mm/76.2mm, paired with Depth Max 38.00mm/457.00mm). Hardness/Hardness System/Specific Cutting Force cross-validated against the established canonical material list (matched exactly). One minor note: material code 15.52 in the HSS series showed feed 0.18000 at both diameters vs 0.18600 in the Carbide series for the same code - kept as read rather than assumed to be a typo.",364,Counterbore,Virtual HSS Counterbore,51.21,30,Brinell,76.2,105.4,0.693,460,15,6.0,457.0,3
USA reference export,Lookup Table,Machining > Lookup Tables,tblCounterboring,lookupTables/Component/tblCounterboring.csv,"Transcribed from 6 screenshots. Two tool series (Virtual Carbide Counterbore, Virtual HSS Counterbore), each with 91 material codes x 2 diameters (6.3mm/76.2mm, paired with Depth Max 38.00mm/457.00mm). Hardness/Hardness System/Specific Cutting Force cross-validated against the established canonical material list (matched exactly). One minor note: material code 15.52 in the HSS series showed feed 0.18000 at both diameters vs 0.18600 in the Carbide series for the same code - kept as read rather than assumed to be a typo.",364,Counterbore,Virtual HSS Counterbore,51.22,30,Brinell,6.3,105.4,0.3465,460,15,6.0,38.0,3
USA reference export,Lookup Table,Machining > Lookup Tables,tblCounterboring,lookupTables/Component/tblCounterboring.csv,"Transcribed from 6 screenshots. Two tool series (Virtual Carbide Counterbore, Virtual HSS Counterbore), each with 91 material codes x 2 diameters (6.3mm/76.2mm, paired with Depth Max 38.00mm/457.00mm). Hardness/Hardness System/Specific Cutting Force cross-validated against the established canonical material list (matched exactly). One minor note: material code 15.52 in the HSS series showed feed 0.18000 at both diameters vs 0.18600 in the Carbide series for the same code - kept as read rather than assumed to be a typo.",364,Counterbore,Virtual HSS Counterbore,51.22,30,Brinell,76.2,105.4,0.693,460,15,6.0,457.0,3
USA reference export,Lookup Table,Machining > Lookup Tables,tblCounterboring,lookupTables/Component/tblCounterboring.csv,"Transcribed from 6 screenshots. Two tool series (Virtual Carbide Counterbore, Virtual HSS Counterbore), each with 91 material codes x 2 diameters (6.3mm/76.2mm, paired with Depth Max 38.00mm/457.00mm). Hardness/Hardness System/Specific Cutting Force cross-validated against the established canonical material list (matched exactly). One minor note: material code 15.52 in the HSS series showed feed 0.18000 at both diameters vs 0.18600 in the Carbide series for the same code - kept as read rather than assumed to be a typo.",364,Counterbore,Virtual HSS Counterbore,51.31,30,Brinell,6.3,131.2,0.3465,460,15,6.0,38.0,3
USA reference export,Lookup Table,Machining > Lookup Tables,tblCounterboring,lookupTables/Component/tblCounterboring.csv,"Transcribed from 6 screenshots. Two tool series (Virtual Carbide Counterbore, Virtual HSS Counterbore), each with 91 material codes x 2 diameters (6.3mm/76.2mm, paired with Depth Max 38.00mm/457.00mm). Hardness/Hardness System/Specific Cutting Force cross-validated against the established canonical material list (matched exactly). One minor note: material code 15.52 in the HSS series showed feed 0.18000 at both diameters vs 0.18600 in the Carbide series for the same code - kept as read rather than assumed to be a typo.",364,Counterbore,Virtual HSS Counterbore,51.31,30,Brinell,76.2,131.2,0.693,460,15,6.0,457.0,3
USA reference export,Lookup Table,Machining > Lookup Tables,tblCounterboring,lookupTables/Component/tblCounterboring.csv,"Transcribed from 6 screenshots. Two tool series (Virtual Carbide Counterbore, Virtual HSS Counterbore), each with 91 material codes x 2 diameters (6.3mm/76.2mm, paired with Depth Max 38.00mm/457.00mm). Hardness/Hardness System/Specific Cutting Force cross-validated against the established canonical material list (matched exactly). One minor note: material code 15.52 in the HSS series showed feed 0.18000 at both diameters vs 0.18600 in the Carbide series for the same code - kept as read rather than assumed to be a typo.",364,Counterbore,Virtual HSS Counterbore,51.32,30,Brinell,6.3,131.2,0.3465,460,15,6.0,38.0,3
USA reference export,Lookup Table,Machining > Lookup Tables,tblCounterboring,lookupTables/Component/tblCounterboring.csv,"Transcribed from 6 screenshots. Two tool series (Virtual Carbide Counterbore, Virtual HSS Counterbore), each with 91 material codes x 2 diameters (6.3mm/76.2mm, paired with Depth Max 38.00mm/457.00mm). Hardness/Hardness System/Specific Cutting Force cross-validated against the established canonical material list (matched exactly). One minor note: material code 15.52 in the HSS series showed feed 0.18000 at both diameters vs 0.18600 in the Carbide series for the same code - kept as read rather than assumed to be a typo.",364,Counterbore,Virtual HSS Counterbore,51.32,30,Brinell,76.2,131.2,0.693,460,15,6.0,457.0,3
USA reference export,Lookup Table,Machining > Lookup Tables,tblCounterboring,lookupTables/Component/tblCounterboring.csv,"Transcribed from 6 screenshots. Two tool series (Virtual Carbide Counterbore, Virtual HSS Counterbore), each with 91 material codes x 2 diameters (6.3mm/76.2mm, paired with Depth Max 38.00mm/457.00mm). Hardness/Hardness System/Specific Cutting Force cross-validated against the established canonical material list (matched exactly). One minor note: material code 15.52 in the HSS series showed feed 0.18000 at both diameters vs 0.18600 in the Carbide series for the same code - kept as read rather than assumed to be a typo.",364,Counterbore,Virtual HSS Counterbore,52.11,30,Brinell,6.3,58.0,0.3465,460,15,6.0,38.0,3
USA reference export,Lookup Table,Machining > Lookup Tables,tblCounterboring,lookupTables/Component/tblCounterboring.csv,"Transcribed from 6 screenshots. Two tool series (Virtual Carbide Counterbore, Virtual HSS Counterbore), each with 91 material codes x 2 diameters (6.3mm/76.2mm, paired with Depth Max 38.00mm/457.00mm). Hardness/Hardness System/Specific Cutting Force cross-validated against the established canonical material list (matched exactly). One minor note: material code 15.52 in the HSS series showed feed 0.18000 at both diameters vs 0.18600 in the Carbide series for the same code - kept as read rather than assumed to be a typo.",364,Counterbore,Virtual HSS Counterbore,52.11,30,Brinell,76.2,58.0,0.693,460,15,6.0,457.0,3
USA reference export,Lookup Table,Machining > Lookup Tables,tblCounterboring,lookupTables/Component/tblCounterboring.csv,"Transcribed from 6 screenshots. Two tool series (Virtual Carbide Counterbore, Virtual HSS Counterbore), each with 91 material codes x 2 diameters (6.3mm/76.2mm, paired with Depth Max 38.00mm/457.00mm). Hardness/Hardness System/Specific Cutting Force cross-validated against the established canonical material list (matched exactly). One minor note: material code 15.52 in the HSS series showed feed 0.18000 at both diameters vs 0.18600 in the Carbide series for the same code - kept as read rather than assumed to be a typo.",364,Counterbore,Virtual HSS Counterbore,52.12,30,Brinell,6.3,73.1,0.3465,460,15,6.0,38.0,3
USA reference export,Lookup Table,Machining > Lookup Tables,tblCounterboring,lookupTables/Component/tblCounterboring.csv,"Transcribed from 6 screenshots. Two tool series (Virtual Carbide Counterbore, Virtual HSS Counterbore), each with 91 material codes x 2 diameters (6.3mm/76.2mm, paired with Depth Max 38.00mm/457.00mm). Hardness/Hardness System/Specific Cutting Force cross-validated against the established canonical material list (matched exactly). One minor note: material code 15.52 in the HSS series showed feed 0.18000 at both diameters vs 0.18600 in the Carbide series for the same code - kept as read rather than assumed to be a typo.",364,Counterbore,Virtual HSS Counterbore,52.12,30,Brinell,76.2,73.1,0.693,460,15,6.0,457.0,3
USA reference export,Lookup Table,Machining > Lookup Tables,tblCounterboring,lookupTables/Component/tblCounterboring.csv,"Transcribed from 6 screenshots. Two tool series (Virtual Carbide Counterbore, Virtual HSS Counterbore), each with 91 material codes x 2 diameters (6.3mm/76.2mm, paired with Depth Max 38.00mm/457.00mm). Hardness/Hardness System/Specific Cutting Force cross-validated against the established canonical material list (matched exactly). One minor note: material code 15.52 in the HSS series showed feed 0.18000 at both diameters vs 0.18600 in the Carbide series for the same code - kept as read rather than assumed to be a typo.",364,Counterbore,Virtual HSS Counterbore,52.13,30,Brinell,6.3,73.1,0.3465,460,15,6.0,38.0,3
USA reference export,Lookup Table,Machining > Lookup Tables,tblCounterboring,lookupTables/Component/tblCounterboring.csv,"Transcribed from 6 screenshots. Two tool series (Virtual Carbide Counterbore, Virtual HSS Counterbore), each with 91 material codes x 2 diameters (6.3mm/76.2mm, paired with Depth Max 38.00mm/457.00mm). Hardness/Hardness System/Specific Cutting Force cross-validated against the established canonical material list (matched exactly). One minor note: material code 15.52 in the HSS series showed feed 0.18000 at both diameters vs 0.18600 in the Carbide series for the same code - kept as read rather than assumed to be a typo.",364,Counterbore,Virtual HSS Counterbore,52.13,30,Brinell,76.2,73.1,0.693,460,15,6.0,457.0,3
USA reference export,Lookup Table,Machining > Lookup Tables,tblCounterboring,lookupTables/Component/tblCounterboring.csv,"Transcribed from 6 screenshots. Two tool series (Virtual Carbide Counterbore, Virtual HSS Counterbore), each with 91 material codes x 2 diameters (6.3mm/76.2mm, paired with Depth Max 38.00mm/457.00mm). Hardness/Hardness System/Specific Cutting Force cross-validated against the established canonical material list (matched exactly). One minor note: material code 15.52 in the HSS series showed feed 0.18000 at both diameters vs 0.18600 in the Carbide series for the same code - kept as read rather than assumed to be a typo.",364,Counterbore,Virtual HSS Counterbore,52.14,30,Brinell,6.3,73.1,0.231,460,15,6.0,38.0,3
USA reference export,Lookup Table,Machining > Lookup Tables,tblCounterboring,lookupTables/Component/tblCounterboring.csv,"Transcribed from 6 screenshots. Two tool series (Virtual Carbide Counterbore, Virtual HSS Counterbore), each with 91 material codes x 2 diameters (6.3mm/76.2mm, paired with Depth Max 38.00mm/457.00mm). Hardness/Hardness System/Specific Cutting Force cross-validated against the established canonical material list (matched exactly). One minor note: material code 15.52 in the HSS series showed feed 0.18000 at both diameters vs 0.18600 in the Carbide series for the same code - kept as read rather than assumed to be a typo.",364,Counterbore,Virtual HSS Counterbore,52.14,30,Brinell,76.2,73.1,0.462,460,15,6.0,457.0,3
USA reference export,Lookup Table,Machining > Lookup Tables,tblCounterboring,lookupTables/Component/tblCounterboring.csv,"Transcribed from 6 screenshots. Two tool series (Virtual Carbide Counterbore, Virtual HSS Counterbore), each with 91 material codes x 2 diameters (6.3mm/76.2mm, paired with Depth Max 38.00mm/457.00mm). Hardness/Hardness System/Specific Cutting Force cross-validated against the established canonical material list (matched exactly). One minor note: material code 15.52 in the HSS series showed feed 0.18000 at both diameters vs 0.18600 in the Carbide series for the same code - kept as read rather than assumed to be a typo.",364,Counterbore,Virtual HSS Counterbore,52.15,30,Brinell,6.3,98.9,0.3465,460,15,6.0,38.0,3
USA reference export,Lookup Table,Machining > Lookup Tables,tblCounterboring,lookupTables/Component/tblCounterboring.csv,"Transcribed from 6 screenshots. Two tool series (Virtual Carbide Counterbore, Virtual HSS Counterbore), each with 91 material codes x 2 diameters (6.3mm/76.2mm, paired with Depth Max 38.00mm/457.00mm). Hardness/Hardness System/Specific Cutting Force cross-validated against the established canonical material list (matched exactly). One minor note: material code 15.52 in the HSS series showed feed 0.18000 at both diameters vs 0.18600 in the Carbide series for the same code - kept as read rather than assumed to be a typo.",364,Counterbore,Virtual HSS Counterbore,52.15,30,Brinell,76.2,98.9,0.693,460,15,6.0,457.0,3
USA reference export,Lookup Table,Machining > Lookup Tables,tblCounterboring,lookupTables/Component/tblCounterboring.csv,"Transcribed from 6 screenshots. Two tool series (Virtual Carbide Counterbore, Virtual HSS Counterbore), each with 91 material codes x 2 diameters (6.3mm/76.2mm, paired with Depth Max 38.00mm/457.00mm). Hardness/Hardness System/Specific Cutting Force cross-validated against the established canonical material list (matched exactly). One minor note: material code 15.52 in the HSS series showed feed 0.18000 at both diameters vs 0.18600 in the Carbide series for the same code - kept as read rather than assumed to be a typo.",364,Counterbore,Virtual HSS Counterbore,52.21,30,Brinell,6.3,98.9,0.3465,460,15,6.0,38.0,3
USA reference export,Lookup Table,Machining > Lookup Tables,tblCounterboring,lookupTables/Component/tblCounterboring.csv,"Transcribed from 6 screenshots. Two tool series (Virtual Carbide Counterbore, Virtual HSS Counterbore), each with 91 material codes x 2 diameters (6.3mm/76.2mm, paired with Depth Max 38.00mm/457.00mm). Hardness/Hardness System/Specific Cutting Force cross-validated against the established canonical material list (matched exactly). One minor note: material code 15.52 in the HSS series showed feed 0.18000 at both diameters vs 0.18600 in the Carbide series for the same code - kept as read rather than assumed to be a typo.",364,Counterbore,Virtual HSS Counterbore,52.21,30,Brinell,76.2,98.9,0.693,460,15,6.0,457.0,3
USA reference export,Lookup Table,Machining > Lookup Tables,tblCounterboring,lookupTables/Component/tblCounterboring.csv,"Transcribed from 6 screenshots. Two tool series (Virtual Carbide Counterbore, Virtual HSS Counterbore), each with 91 material codes x 2 diameters (6.3mm/76.2mm, paired with Depth Max 38.00mm/457.00mm). Hardness/Hardness System/Specific Cutting Force cross-validated against the established canonical material list (matched exactly). One minor note: material code 15.52 in the HSS series showed feed 0.18000 at both diameters vs 0.18600 in the Carbide series for the same code - kept as read rather than assumed to be a typo.",364,Counterbore,Virtual HSS Counterbore,52.31,30,Brinell,6.3,131.2,0.3465,460,15,6.0,38.0,3
USA reference export,Lookup Table,Machining > Lookup Tables,tblCounterboring,lookupTables/Component/tblCounterboring.csv,"Transcribed from 6 screenshots. Two tool series (Virtual Carbide Counterbore, Virtual HSS Counterbore), each with 91 material codes x 2 diameters (6.3mm/76.2mm, paired with Depth Max 38.00mm/457.00mm). Hardness/Hardness System/Specific Cutting Force cross-validated against the established canonical material list (matched exactly). One minor note: material code 15.52 in the HSS series showed feed 0.18000 at both diameters vs 0.18600 in the Carbide series for the same code - kept as read rather than assumed to be a typo.",364,Counterbore,Virtual HSS Counterbore,52.31,30,Brinell,76.2,131.2,0.693,460,15,6.0,457.0,3
USA reference export,Lookup Table,Machining > Lookup Tables,tblCounterboring,lookupTables/Component/tblCounterboring.csv,"Transcribed from 6 screenshots. Two tool series (Virtual Carbide Counterbore, Virtual HSS Counterbore), each with 91 material codes x 2 diameters (6.3mm/76.2mm, paired with Depth Max 38.00mm/457.00mm). Hardness/Hardness System/Specific Cutting Force cross-validated against the established canonical material list (matched exactly). One minor note: material code 15.52 in the HSS series showed feed 0.18000 at both diameters vs 0.18600 in the Carbide series for the same code - kept as read rather than assumed to be a typo.",364,Counterbore,Virtual HSS Counterbore,52.32,30,Brinell,6.3,131.2,0.3465,460,15,6.0,38.0,3
USA reference export,Lookup Table,Machining > Lookup Tables,tblCounterboring,lookupTables/Component/tblCounterboring.csv,"Transcribed from 6 screenshots. Two tool series (Virtual Carbide Counterbore, Virtual HSS Counterbore), each with 91 material codes x 2 diameters (6.3mm/76.2mm, paired with Depth Max 38.00mm/457.00mm). Hardness/Hardness System/Specific Cutting Force cross-validated against the established canonical material list (matched exactly). One minor note: material code 15.52 in the HSS series showed feed 0.18000 at both diameters vs 0.18600 in the Carbide series for the same code - kept as read rather than assumed to be a typo.",364,Counterbore,Virtual HSS Counterbore,52.32,30,Brinell,76.2,131.2,0.693,460,15,6.0,457.0,3
USA reference export,Lookup Table,Machining > Lookup Tables,tblCounterboring,lookupTables/Component/tblCounterboring.csv,"Transcribed from 6 screenshots. Two tool series (Virtual Carbide Counterbore, Virtual HSS Counterbore), each with 91 material codes x 2 diameters (6.3mm/76.2mm, paired with Depth Max 38.00mm/457.00mm). Hardness/Hardness System/Specific Cutting Force cross-validated against the established canonical material list (matched exactly). One minor note: material code 15.52 in the HSS series showed feed 0.18000 at both diameters vs 0.18600 in the Carbide series for the same code - kept as read rather than assumed to be a typo.",364,Counterbore,Virtual HSS Counterbore,6.1,150,Brinell,6.3,31.9,0.15,1860,15,6.0,38.0,3
USA reference export,Lookup Table,Machining > Lookup Tables,tblCounterboring,lookupTables/Component/tblCounterboring.csv,"Transcribed from 6 screenshots. Two tool series (Virtual Carbide Counterbore, Virtual HSS Counterbore), each with 91 material codes x 2 diameters (6.3mm/76.2mm, paired with Depth Max 38.00mm/457.00mm). Hardness/Hardness System/Specific Cutting Force cross-validated against the established canonical material list (matched exactly). One minor note: material code 15.52 in the HSS series showed feed 0.18000 at both diameters vs 0.18600 in the Carbide series for the same code - kept as read rather than assumed to be a typo.",364,Counterbore,Virtual HSS Counterbore,6.1,150,Brinell,76.2,31.9,0.3,1860,15,6.0,457.0,3
USA reference export,Lookup Table,Machining > Lookup Tables,tblCounterboring,lookupTables/Component/tblCounterboring.csv,"Transcribed from 6 screenshots. Two tool series (Virtual Carbide Counterbore, Virtual HSS Counterbore), each with 91 material codes x 2 diameters (6.3mm/76.2mm, paired with Depth Max 38.00mm/457.00mm). Hardness/Hardness System/Specific Cutting Force cross-validated against the established canonical material list (matched exactly). One minor note: material code 15.52 in the HSS series showed feed 0.18000 at both diameters vs 0.18600 in the Carbide series for the same code - kept as read rather than assumed to be a typo.",364,Counterbore,Virtual HSS Counterbore,6.2,200,Brinell,6.3,25.5,0.225,2140,15,6.0,38.0,3
USA reference export,Lookup Table,Machining > Lookup Tables,tblCounterboring,lookupTables/Component/tblCounterboring.csv,"Transcribed from 6 screenshots. Two tool series (Virtual Carbide Counterbore, Virtual HSS Counterbore), each with 91 material codes x 2 diameters (6.3mm/76.2mm, paired with Depth Max 38.00mm/457.00mm). Hardness/Hardness System/Specific Cutting Force cross-validated against the established canonical material list (matched exactly). One minor note: material code 15.52 in the HSS series showed feed 0.18000 at both diameters vs 0.18600 in the Carbide series for the same code - kept as read rather than assumed to be a typo.",364,Counterbore,Virtual HSS Counterbore,6.2,200,Brinell,76.2,25.5,0.45,2140,15,6.0,457.0,3
USA reference export,Lookup Table,Machining > Lookup Tables,tblCounterboring,lookupTables/Component/tblCounterboring.csv,"Transcribed from 6 screenshots. Two tool series (Virtual Carbide Counterbore, Virtual HSS Counterbore), each with 91 material codes x 2 diameters (6.3mm/76.2mm, paired with Depth Max 38.00mm/457.00mm). Hardness/Hardness System/Specific Cutting Force cross-validated against the established canonical material list (matched exactly). One minor note: material code 15.52 in the HSS series showed feed 0.18000 at both diameters vs 0.18600 in the Carbide series for the same code - kept as read rather than assumed to be a typo.",364,Counterbore,Virtual HSS Counterbore,6.3,200,Brinell,6.3,18.1,0.207,2600,15,6.0,38.0,3
USA reference export,Lookup Table,Machining > Lookup Tables,tblCounterboring,lookupTables/Component/tblCounterboring.csv,"Transcribed from 6 screenshots. Two tool series (Virtual Carbide Counterbore, Virtual HSS Counterbore), each with 91 material codes x 2 diameters (6.3mm/76.2mm, paired with Depth Max 38.00mm/457.00mm). Hardness/Hardness System/Specific Cutting Force cross-validated against the established canonical material list (matched exactly). One minor note: material code 15.52 in the HSS series showed feed 0.18000 at both diameters vs 0.18600 in the Carbide series for the same code - kept as read rather than assumed to be a typo.",364,Counterbore,Virtual HSS Counterbore,6.3,200,Brinell,76.2,18.1,0.414,2600,15,6.0,457.0,3
USA reference export,Lookup Table,Machining > Lookup Tables,tblCounterboring,lookupTables/Component/tblCounterboring.csv,"Transcribed from 6 screenshots. Two tool series (Virtual Carbide Counterbore, Virtual HSS Counterbore), each with 91 material codes x 2 diameters (6.3mm/76.2mm, paired with Depth Max 38.00mm/457.00mm). Hardness/Hardness System/Specific Cutting Force cross-validated against the established canonical material list (matched exactly). One minor note: material code 15.52 in the HSS series showed feed 0.18000 at both diameters vs 0.18600 in the Carbide series for the same code - kept as read rather than assumed to be a typo.",364,Counterbore,Virtual HSS Counterbore,6.32,200,Brinell,6.3,11.9,0.207,3060,15,6.0,38.0,3
USA reference export,Lookup Table,Machining > Lookup Tables,tblCounterboring,lookupTables/Component/tblCounterboring.csv,"Transcribed from 6 screenshots. Two tool series (Virtual Carbide Counterbore, Virtual HSS Counterbore), each with 91 material codes x 2 diameters (6.3mm/76.2mm, paired with Depth Max 38.00mm/457.00mm). Hardness/Hardness System/Specific Cutting Force cross-validated against the established canonical material list (matched exactly). One minor note: material code 15.52 in the HSS series showed feed 0.18000 at both diameters vs 0.18600 in the Carbide series for the same code - kept as read rather than assumed to be a typo.",364,Counterbore,Virtual HSS Counterbore,6.32,200,Brinell,76.2,11.9,0.414,3060,15,6.0,457.0,3
USA reference export,Lookup Table,Machining > Lookup Tables,tblCounterboring,lookupTables/Component/tblCounterboring.csv,"Transcribed from 6 screenshots. Two tool series (Virtual Carbide Counterbore, Virtual HSS Counterbore), each with 91 material codes x 2 diameters (6.3mm/76.2mm, paired with Depth Max 38.00mm/457.00mm). Hardness/Hardness System/Specific Cutting Force cross-validated against the established canonical material list (matched exactly). One minor note: material code 15.52 in the HSS series showed feed 0.18000 at both diameters vs 0.18600 in the Carbide series for the same code - kept as read rather than assumed to be a typo.",364,Counterbore,Virtual HSS Counterbore,6.33,250,Brinell,6.3,9.6,0.207,3860,15,6.0,38.0,3
USA reference export,Lookup Table,Machining > Lookup Tables,tblCounterboring,lookupTables/Component/tblCounterboring.csv,"Transcribed from 6 screenshots. Two tool series (Virtual Carbide Counterbore, Virtual HSS Counterbore), each with 91 material codes x 2 diameters (6.3mm/76.2mm, paired with Depth Max 38.00mm/457.00mm). Hardness/Hardness System/Specific Cutting Force cross-validated against the established canonical material list (matched exactly). One minor note: material code 15.52 in the HSS series showed feed 0.18000 at both diameters vs 0.18600 in the Carbide series for the same code - kept as read rather than assumed to be a typo.",364,Counterbore,Virtual HSS Counterbore,6.33,250,Brinell,76.2,9.6,0.414,3860,15,6.0,457.0,3
USA reference export,Lookup Table,Machining > Lookup Tables,tblCounterboring,lookupTables/Component/tblCounterboring.csv,"Transcribed from 6 screenshots. Two tool series (Virtual Carbide Counterbore, Virtual HSS Counterbore), each with 91 material codes x 2 diameters (6.3mm/76.2mm, paired with Depth Max 38.00mm/457.00mm). Hardness/Hardness System/Specific Cutting Force cross-validated against the established canonical material list (matched exactly). One minor note: material code 15.52 in the HSS series showed feed 0.18000 at both diameters vs 0.18600 in the Carbide series for the same code - kept as read rather than assumed to be a typo.",364,Counterbore,Virtual HSS Counterbore,7.1,130,Brinell,6.3,27.1,0.3375,1160,15,6.0,38.0,3
USA reference export,Lookup Table,Machining > Lookup Tables,tblCounterboring,lookupTables/Component/tblCounterboring.csv,"Transcribed from 6 screenshots. Two tool series (Virtual Carbide Counterbore, Virtual HSS Counterbore), each with 91 material codes x 2 diameters (6.3mm/76.2mm, paired with Depth Max 38.00mm/457.00mm). Hardness/Hardness System/Specific Cutting Force cross-validated against the established canonical material list (matched exactly). One minor note: material code 15.52 in the HSS series showed feed 0.18000 at both diameters vs 0.18600 in the Carbide series for the same code - kept as read rather than assumed to be a typo.",364,Counterbore,Virtual HSS Counterbore,7.1,130,Brinell,76.2,27.1,0.675,1160,15,6.0,457.0,3
USA reference export,Lookup Table,Machining > Lookup Tables,tblCounterboring,lookupTables/Component/tblCounterboring.csv,"Transcribed from 6 screenshots. Two tool series (Virtual Carbide Counterbore, Virtual HSS Counterbore), each with 91 material codes x 2 diameters (6.3mm/76.2mm, paired with Depth Max 38.00mm/457.00mm). Hardness/Hardness System/Specific Cutting Force cross-validated against the established canonical material list (matched exactly). One minor note: material code 15.52 in the HSS series showed feed 0.18000 at both diameters vs 0.18600 in the Carbide series for the same code - kept as read rather than assumed to be a typo.",364,Counterbore,Virtual HSS Counterbore,7.2,230,Brinell,6.3,22.3,0.2625,1300,15,6.0,38.0,3
USA reference export,Lookup Table,Machining > Lookup Tables,tblCounterboring,lookupTables/Component/tblCounterboring.csv,"Transcribed from 6 screenshots. Two tool series (Virtual Carbide Counterbore, Virtual HSS Counterbore), each with 91 material codes x 2 diameters (6.3mm/76.2mm, paired with Depth Max 38.00mm/457.00mm). Hardness/Hardness System/Specific Cutting Force cross-validated against the established canonical material list (matched exactly). One minor note: material code 15.52 in the HSS series showed feed 0.18000 at both diameters vs 0.18600 in the Carbide series for the same code - kept as read rather than assumed to be a typo.",364,Counterbore,Virtual HSS Counterbore,7.2,230,Brinell,76.2,22.3,0.525,1300,15,6.0,457.0,3
USA reference export,Lookup Table,Machining > Lookup Tables,tblCounterboring,lookupTables/Component/tblCounterboring.csv,"Transcribed from 6 screenshots. Two tool series (Virtual Carbide Counterbore, Virtual HSS Counterbore), each with 91 material codes x 2 diameters (6.3mm/76.2mm, paired with Depth Max 38.00mm/457.00mm). Hardness/Hardness System/Specific Cutting Force cross-validated against the established canonical material list (matched exactly). One minor note: material code 15.52 in the HSS series showed feed 0.18000 at both diameters vs 0.18600 in the Carbide series for the same code - kept as read rather than assumed to be a typo.",364,Counterbore,Virtual HSS Counterbore,7.3,250,Brinell,6.3,21.5,0.1875,1440,15,6.0,38.0,3
USA reference export,Lookup Table,Machining > Lookup Tables,tblCounterboring,lookupTables/Component/tblCounterboring.csv,"Transcribed from 6 screenshots. Two tool series (Virtual Carbide Counterbore, Virtual HSS Counterbore), each with 91 material codes x 2 diameters (6.3mm/76.2mm, paired with Depth Max 38.00mm/457.00mm). Hardness/Hardness System/Specific Cutting Force cross-validated against the established canonical material list (matched exactly). One minor note: material code 15.52 in the HSS series showed feed 0.18000 at both diameters vs 0.18600 in the Carbide series for the same code - kept as read rather than assumed to be a typo.",364,Counterbore,Virtual HSS Counterbore,7.3,250,Brinell,76.2,21.5,0.375,1440,15,6.0,457.0,3
USA reference export,Lookup Table,Machining > Lookup Tables,tblCounterboring,lookupTables/Component/tblCounterboring.csv,"Transcribed from 6 screenshots. Two tool series (Virtual Carbide Counterbore, Virtual HSS Counterbore), each with 91 material codes x 2 diameters (6.3mm/76.2mm, paired with Depth Max 38.00mm/457.00mm). Hardness/Hardness System/Specific Cutting Force cross-validated against the established canonical material list (matched exactly). One minor note: material code 15.52 in the HSS series showed feed 0.18000 at both diameters vs 0.18600 in the Carbide series for the same code - kept as read rather than assumed to be a typo.",364,Counterbore,Virtual HSS Counterbore,8.1,180,Brinell,6.3,39.8,0.3375,1300,15,6.0,38.0,3
USA reference export,Lookup Table,Machining > Lookup Tables,tblCounterboring,lookupTables/Component/tblCounterboring.csv,"Transcribed from 6 screenshots. Two tool series (Virtual Carbide Counterbore, Virtual HSS Counterbore), each with 91 material codes x 2 diameters (6.3mm/76.2mm, paired with Depth Max 38.00mm/457.00mm). Hardness/Hardness System/Specific Cutting Force cross-validated against the established canonical material list (matched exactly). One minor note: material code 15.52 in the HSS series showed feed 0.18000 at both diameters vs 0.18600 in the Carbide series for the same code - kept as read rather than assumed to be a typo.",364,Counterbore,Virtual HSS Counterbore,8.1,180,Brinell,76.2,39.8,0.675,1300,15,6.0,457.0,3
USA reference export,Lookup Table,Machining > Lookup Tables,tblCounterboring,lookupTables/Component/tblCounterboring.csv,"Transcribed from 6 screenshots. Two tool series (Virtual Carbide Counterbore, Virtual HSS Counterbore), each with 91 material codes x 2 diameters (6.3mm/76.2mm, paired with Depth Max 38.00mm/457.00mm). Hardness/Hardness System/Specific Cutting Force cross-validated against the established canonical material list (matched exactly). One minor note: material code 15.52 in the HSS series showed feed 0.18000 at both diameters vs 0.18600 in the Carbide series for the same code - kept as read rather than assumed to be a typo.",364,Counterbore,Virtual HSS Counterbore,8.2,220,Brinell,6.3,27.1,0.2625,1580,15,6.0,38.0,3
USA reference export,Lookup Table,Machining > Lookup Tables,tblCounterboring,lookupTables/Component/tblCounterboring.csv,"Transcribed from 6 screenshots. Two tool series (Virtual Carbide Counterbore, Virtual HSS Counterbore), each with 91 material codes x 2 diameters (6.3mm/76.2mm, paired with Depth Max 38.00mm/457.00mm). Hardness/Hardness System/Specific Cutting Force cross-validated against the established canonical material list (matched exactly). One minor note: material code 15.52 in the HSS series showed feed 0.18000 at both diameters vs 0.18600 in the Carbide series for the same code - kept as read rather than assumed to be a typo.",364,Counterbore,Virtual HSS Counterbore,8.2,220,Brinell,76.2,27.1,0.525,1580,15,6.0,457.0,3
USA reference export,Lookup Table,Machining > Lookup Tables,tblCounterboring,lookupTables/Component/tblCounterboring.csv,"Transcribed from 6 screenshots. Two tool series (Virtual Carbide Counterbore, Virtual HSS Counterbore), each with 91 material codes x 2 diameters (6.3mm/76.2mm, paired with Depth Max 38.00mm/457.00mm). Hardness/Hardness System/Specific Cutting Force cross-validated against the established canonical material list (matched exactly). One minor note: material code 15.52 in the HSS series showed feed 0.18000 at both diameters vs 0.18600 in the Carbide series for the same code - kept as read rather than assumed to be a typo.",364,Counterbore,Virtual HSS Counterbore,8.3,175,Brinell,6.3,31.1,0.1875,1860,15,6.0,38.0,3
USA reference export,Lookup Table,Machining > Lookup Tables,tblCounterboring,lookupTables/Component/tblCounterboring.csv,"Transcribed from 6 screenshots. Two tool series (Virtual Carbide Counterbore, Virtual HSS Counterbore), each with 91 material codes x 2 diameters (6.3mm/76.2mm, paired with Depth Max 38.00mm/457.00mm). Hardness/Hardness System/Specific Cutting Force cross-validated against the established canonical material list (matched exactly). One minor note: material code 15.52 in the HSS series showed feed 0.18000 at both diameters vs 0.18600 in the Carbide series for the same code - kept as read rather than assumed to be a typo.",364,Counterbore,Virtual HSS Counterbore,8.3,175,Brinell,76.2,31.1,0.375,1860,15,6.0,457.0,3
USA reference export,Lookup Table,Machining > Lookup Tables,tblCounterboring,lookupTables/Component/tblCounterboring.csv,"Transcribed from 6 screenshots. Two tool series (Virtual Carbide Counterbore, Virtual HSS Counterbore), each with 91 material codes x 2 diameters (6.3mm/76.2mm, paired with Depth Max 38.00mm/457.00mm). Hardness/Hardness System/Specific Cutting Force cross-validated against the established canonical material list (matched exactly). One minor note: material code 15.52 in the HSS series showed feed 0.18000 at both diameters vs 0.18600 in the Carbide series for the same code - kept as read rather than assumed to be a typo.",364,Counterbore,Virtual HSS Counterbore,9.1,160,Brinell,6.3,25.2,0.2625,1300,15,6.0,38.0,3
USA reference export,Lookup Table,Machining > Lookup Tables,tblCounterboring,lookupTables/Component/tblCounterboring.csv,"Transcribed from 6 screenshots. Two tool series (Virtual Carbide Counterbore, Virtual HSS Counterbore), each with 91 material codes x 2 diameters (6.3mm/76.2mm, paired with Depth Max 38.00mm/457.00mm). Hardness/Hardness System/Specific Cutting Force cross-validated against the established canonical material list (matched exactly). One minor note: material code 15.52 in the HSS series showed feed 0.18000 at both diameters vs 0.18600 in the Carbide series for the same code - kept as read rather than assumed to be a typo.",364,Counterbore,Virtual HSS Counterbore,9.1,160,Brinell,76.2,25.2,0.525,1300,15,6.0,457.0,3
USA reference export,Lookup Table,Machining > Lookup Tables,tblCounterboring,lookupTables/Component/tblCounterboring.csv,"Transcribed from 6 screenshots. Two tool series (Virtual Carbide Counterbore, Virtual HSS Counterbore), each with 91 material codes x 2 diameters (6.3mm/76.2mm, paired with Depth Max 38.00mm/457.00mm). Hardness/Hardness System/Specific Cutting Force cross-validated against the established canonical material list (matched exactly). One minor note: material code 15.52 in the HSS series showed feed 0.18000 at both diameters vs 0.18600 in the Carbide series for the same code - kept as read rather than assumed to be a typo.",364,Counterbore,Virtual HSS Counterbore,9.2,250,Brinell,6.3,23.9,0.2625,1940,15,6.0,38.0,3
USA reference export,Lookup Table,Machining > Lookup Tables,tblCounterboring,lookupTables/Component/tblCounterboring.csv,"Transcribed from 6 screenshots. Two tool series (Virtual Carbide Counterbore, Virtual HSS Counterbore), each with 91 material codes x 2 diameters (6.3mm/76.2mm, paired with Depth Max 38.00mm/457.00mm). Hardness/Hardness System/Specific Cutting Force cross-validated against the established canonical material list (matched exactly). One minor note: material code 15.52 in the HSS series showed feed 0.18000 at both diameters vs 0.18600 in the Carbide series for the same code - kept as read rather than assumed to be a typo.",364,Counterbore,Virtual HSS Counterbore,9.2,250,Brinell,76.2,23.9,0.525,1940,15,6.0,457.0,3
USA reference export,Lookup Table,Machining > Lookup Tables,tblCounterboring,lookupTables/Component/tblCounterboring.csv,"Transcribed from 6 screenshots. Two tool series (Virtual Carbide Counterbore, Virtual HSS Counterbore), each with 91 material codes x 2 diameters (6.3mm/76.2mm, paired with Depth Max 38.00mm/457.00mm). Hardness/Hardness System/Specific Cutting Force cross-validated against the established canonical material list (matched exactly). One minor note: material code 15.52 in the HSS series showed feed 0.18000 at both diameters vs 0.18600 in the Carbide series for the same code - kept as read rather than assumed to be a typo.",364,Counterbore,Virtual HSS Counterbore,9.3,330,Brinell,6.3,17.9,0.1875,2700,15,6.0,38.0,3
USA reference export,Lookup Table,Machining > Lookup Tables,tblCounterboring,lookupTables/Component/tblCounterboring.csv,"Transcribed from 6 screenshots. Two tool series (Virtual Carbide Counterbore, Virtual HSS Counterbore), each with 91 material codes x 2 diameters (6.3mm/76.2mm, paired with Depth Max 38.00mm/457.00mm). Hardness/Hardness System/Specific Cutting Force cross-validated against the established canonical material list (matched exactly). One minor note: material code 15.52 in the HSS series showed feed 0.18000 at both diameters vs 0.18600 in the Carbide series for the same code - kept as read rather than assumed to be a typo.",364,Counterbore,Virtual HSS Counterbore,9.3,330,Brinell,76.2,17.9,0.375,2700,15,6.0,457.0,3
