table_name,description,units.avg_k_factor,units.percent_engaged,row_count,avg_k_factor,material_cut_code,percent_engaged
tblEngagementLengthPower,"Power/torque adjustment curve for radial engagement. For each material, gives the Average K Factor at specific Percent Engaged breakpoints (e.g. 20%, 40%, 80%, 100% radial engagement), used to interpolate engagement-length power correction during a cut.",unitless,fraction (0-1),368,1.2,30.3,0.8
tblEngagementLengthPower,"Power/torque adjustment curve for radial engagement. For each material, gives the Average K Factor at specific Percent Engaged breakpoints (e.g. 20%, 40%, 80%, 100% radial engagement), used to interpolate engagement-length power correction during a cut.",unitless,fraction (0-1),368,1.2,30.3,1.0
tblEngagementLengthPower,"Power/torque adjustment curve for radial engagement. For each material, gives the Average K Factor at specific Percent Engaged breakpoints (e.g. 20%, 40%, 80%, 100% radial engagement), used to interpolate engagement-length power correction during a cut.",unitless,fraction (0-1),368,1.35,30.3,0.4
tblEngagementLengthPower,"Power/torque adjustment curve for radial engagement. For each material, gives the Average K Factor at specific Percent Engaged breakpoints (e.g. 20%, 40%, 80%, 100% radial engagement), used to interpolate engagement-length power correction during a cut.",unitless,fraction (0-1),368,1.4,30.11,0.8
tblEngagementLengthPower,"Power/torque adjustment curve for radial engagement. For each material, gives the Average K Factor at specific Percent Engaged breakpoints (e.g. 20%, 40%, 80%, 100% radial engagement), used to interpolate engagement-length power correction during a cut.",unitless,fraction (0-1),368,1.4,30.11,1.0
tblEngagementLengthPower,"Power/torque adjustment curve for radial engagement. For each material, gives the Average K Factor at specific Percent Engaged breakpoints (e.g. 20%, 40%, 80%, 100% radial engagement), used to interpolate engagement-length power correction during a cut.",unitless,fraction (0-1),368,1.4,41.11,0.8
tblEngagementLengthPower,"Power/torque adjustment curve for radial engagement. For each material, gives the Average K Factor at specific Percent Engaged breakpoints (e.g. 20%, 40%, 80%, 100% radial engagement), used to interpolate engagement-length power correction during a cut.",unitless,fraction (0-1),368,1.4,41.11,1.0
tblEngagementLengthPower,"Power/torque adjustment curve for radial engagement. For each material, gives the Average K Factor at specific Percent Engaged breakpoints (e.g. 20%, 40%, 80%, 100% radial engagement), used to interpolate engagement-length power correction during a cut.",unitless,fraction (0-1),368,1.4,42.11,0.8
tblEngagementLengthPower,"Power/torque adjustment curve for radial engagement. For each material, gives the Average K Factor at specific Percent Engaged breakpoints (e.g. 20%, 40%, 80%, 100% radial engagement), used to interpolate engagement-length power correction during a cut.",unitless,fraction (0-1),368,1.4,42.11,1.0
tblEngagementLengthPower,"Power/torque adjustment curve for radial engagement. For each material, gives the Average K Factor at specific Percent Engaged breakpoints (e.g. 20%, 40%, 80%, 100% radial engagement), used to interpolate engagement-length power correction during a cut.",unitless,fraction (0-1),368,1.4,42.12,0.8
tblEngagementLengthPower,"Power/torque adjustment curve for radial engagement. For each material, gives the Average K Factor at specific Percent Engaged breakpoints (e.g. 20%, 40%, 80%, 100% radial engagement), used to interpolate engagement-length power correction during a cut.",unitless,fraction (0-1),368,1.4,42.12,1.0
tblEngagementLengthPower,"Power/torque adjustment curve for radial engagement. For each material, gives the Average K Factor at specific Percent Engaged breakpoints (e.g. 20%, 40%, 80%, 100% radial engagement), used to interpolate engagement-length power correction during a cut.",unitless,fraction (0-1),368,1.4,42.13,0.8
tblEngagementLengthPower,"Power/torque adjustment curve for radial engagement. For each material, gives the Average K Factor at specific Percent Engaged breakpoints (e.g. 20%, 40%, 80%, 100% radial engagement), used to interpolate engagement-length power correction during a cut.",unitless,fraction (0-1),368,1.4,42.13,1.0
tblEngagementLengthPower,"Power/torque adjustment curve for radial engagement. For each material, gives the Average K Factor at specific Percent Engaged breakpoints (e.g. 20%, 40%, 80%, 100% radial engagement), used to interpolate engagement-length power correction during a cut.",unitless,fraction (0-1),368,1.4,52.11,0.8
tblEngagementLengthPower,"Power/torque adjustment curve for radial engagement. For each material, gives the Average K Factor at specific Percent Engaged breakpoints (e.g. 20%, 40%, 80%, 100% radial engagement), used to interpolate engagement-length power correction during a cut.",unitless,fraction (0-1),368,1.4,52.11,1.0
tblEngagementLengthPower,"Power/torque adjustment curve for radial engagement. For each material, gives the Average K Factor at specific Percent Engaged breakpoints (e.g. 20%, 40%, 80%, 100% radial engagement), used to interpolate engagement-length power correction during a cut.",unitless,fraction (0-1),368,1.4,52.12,0.8
tblEngagementLengthPower,"Power/torque adjustment curve for radial engagement. For each material, gives the Average K Factor at specific Percent Engaged breakpoints (e.g. 20%, 40%, 80%, 100% radial engagement), used to interpolate engagement-length power correction during a cut.",unitless,fraction (0-1),368,1.4,52.12,1.0
tblEngagementLengthPower,"Power/torque adjustment curve for radial engagement. For each material, gives the Average K Factor at specific Percent Engaged breakpoints (e.g. 20%, 40%, 80%, 100% radial engagement), used to interpolate engagement-length power correction during a cut.",unitless,fraction (0-1),368,1.4,52.13,0.8
tblEngagementLengthPower,"Power/torque adjustment curve for radial engagement. For each material, gives the Average K Factor at specific Percent Engaged breakpoints (e.g. 20%, 40%, 80%, 100% radial engagement), used to interpolate engagement-length power correction during a cut.",unitless,fraction (0-1),368,1.4,52.13,1.0
tblEngagementLengthPower,"Power/torque adjustment curve for radial engagement. For each material, gives the Average K Factor at specific Percent Engaged breakpoints (e.g. 20%, 40%, 80%, 100% radial engagement), used to interpolate engagement-length power correction during a cut.",unitless,fraction (0-1),368,1.4,52.14,0.8
tblEngagementLengthPower,"Power/torque adjustment curve for radial engagement. For each material, gives the Average K Factor at specific Percent Engaged breakpoints (e.g. 20%, 40%, 80%, 100% radial engagement), used to interpolate engagement-length power correction during a cut.",unitless,fraction (0-1),368,1.4,52.14,1.0
tblEngagementLengthPower,"Power/torque adjustment curve for radial engagement. For each material, gives the Average K Factor at specific Percent Engaged breakpoints (e.g. 20%, 40%, 80%, 100% radial engagement), used to interpolate engagement-length power correction during a cut.",unitless,fraction (0-1),368,1.4,52.15,0.8
tblEngagementLengthPower,"Power/torque adjustment curve for radial engagement. For each material, gives the Average K Factor at specific Percent Engaged breakpoints (e.g. 20%, 40%, 80%, 100% radial engagement), used to interpolate engagement-length power correction during a cut.",unitless,fraction (0-1),368,1.4,52.15,1.0
tblEngagementLengthPower,"Power/torque adjustment curve for radial engagement. For each material, gives the Average K Factor at specific Percent Engaged breakpoints (e.g. 20%, 40%, 80%, 100% radial engagement), used to interpolate engagement-length power correction during a cut.",unitless,fraction (0-1),368,1.45,30.3,0.2
tblEngagementLengthPower,"Power/torque adjustment curve for radial engagement. For each material, gives the Average K Factor at specific Percent Engaged breakpoints (e.g. 20%, 40%, 80%, 100% radial engagement), used to interpolate engagement-length power correction during a cut.",unitless,fraction (0-1),368,1.55,30.11,0.4
tblEngagementLengthPower,"Power/torque adjustment curve for radial engagement. For each material, gives the Average K Factor at specific Percent Engaged breakpoints (e.g. 20%, 40%, 80%, 100% radial engagement), used to interpolate engagement-length power correction during a cut.",unitless,fraction (0-1),368,1.55,41.11,0.4
tblEngagementLengthPower,"Power/torque adjustment curve for radial engagement. For each material, gives the Average K Factor at specific Percent Engaged breakpoints (e.g. 20%, 40%, 80%, 100% radial engagement), used to interpolate engagement-length power correction during a cut.",unitless,fraction (0-1),368,1.55,42.11,0.4
tblEngagementLengthPower,"Power/torque adjustment curve for radial engagement. For each material, gives the Average K Factor at specific Percent Engaged breakpoints (e.g. 20%, 40%, 80%, 100% radial engagement), used to interpolate engagement-length power correction during a cut.",unitless,fraction (0-1),368,1.55,42.12,0.4
tblEngagementLengthPower,"Power/torque adjustment curve for radial engagement. For each material, gives the Average K Factor at specific Percent Engaged breakpoints (e.g. 20%, 40%, 80%, 100% radial engagement), used to interpolate engagement-length power correction during a cut.",unitless,fraction (0-1),368,1.55,42.13,0.4
tblEngagementLengthPower,"Power/torque adjustment curve for radial engagement. For each material, gives the Average K Factor at specific Percent Engaged breakpoints (e.g. 20%, 40%, 80%, 100% radial engagement), used to interpolate engagement-length power correction during a cut.",unitless,fraction (0-1),368,1.55,52.11,0.4
tblEngagementLengthPower,"Power/torque adjustment curve for radial engagement. For each material, gives the Average K Factor at specific Percent Engaged breakpoints (e.g. 20%, 40%, 80%, 100% radial engagement), used to interpolate engagement-length power correction during a cut.",unitless,fraction (0-1),368,1.55,52.12,0.4
tblEngagementLengthPower,"Power/torque adjustment curve for radial engagement. For each material, gives the Average K Factor at specific Percent Engaged breakpoints (e.g. 20%, 40%, 80%, 100% radial engagement), used to interpolate engagement-length power correction during a cut.",unitless,fraction (0-1),368,1.55,52.13,0.4
tblEngagementLengthPower,"Power/torque adjustment curve for radial engagement. For each material, gives the Average K Factor at specific Percent Engaged breakpoints (e.g. 20%, 40%, 80%, 100% radial engagement), used to interpolate engagement-length power correction during a cut.",unitless,fraction (0-1),368,1.55,52.14,0.4
tblEngagementLengthPower,"Power/torque adjustment curve for radial engagement. For each material, gives the Average K Factor at specific Percent Engaged breakpoints (e.g. 20%, 40%, 80%, 100% radial engagement), used to interpolate engagement-length power correction during a cut.",unitless,fraction (0-1),368,1.55,52.15,0.4
tblEngagementLengthPower,"Power/torque adjustment curve for radial engagement. For each material, gives the Average K Factor at specific Percent Engaged breakpoints (e.g. 20%, 40%, 80%, 100% radial engagement), used to interpolate engagement-length power correction during a cut.",unitless,fraction (0-1),368,1.65,30.11,0.2
tblEngagementLengthPower,"Power/torque adjustment curve for radial engagement. For each material, gives the Average K Factor at specific Percent Engaged breakpoints (e.g. 20%, 40%, 80%, 100% radial engagement), used to interpolate engagement-length power correction during a cut.",unitless,fraction (0-1),368,1.65,41.11,0.2
tblEngagementLengthPower,"Power/torque adjustment curve for radial engagement. For each material, gives the Average K Factor at specific Percent Engaged breakpoints (e.g. 20%, 40%, 80%, 100% radial engagement), used to interpolate engagement-length power correction during a cut.",unitless,fraction (0-1),368,1.65,42.11,0.2
tblEngagementLengthPower,"Power/torque adjustment curve for radial engagement. For each material, gives the Average K Factor at specific Percent Engaged breakpoints (e.g. 20%, 40%, 80%, 100% radial engagement), used to interpolate engagement-length power correction during a cut.",unitless,fraction (0-1),368,1.65,42.12,0.2
tblEngagementLengthPower,"Power/torque adjustment curve for radial engagement. For each material, gives the Average K Factor at specific Percent Engaged breakpoints (e.g. 20%, 40%, 80%, 100% radial engagement), used to interpolate engagement-length power correction during a cut.",unitless,fraction (0-1),368,1.65,42.13,0.2
tblEngagementLengthPower,"Power/torque adjustment curve for radial engagement. For each material, gives the Average K Factor at specific Percent Engaged breakpoints (e.g. 20%, 40%, 80%, 100% radial engagement), used to interpolate engagement-length power correction during a cut.",unitless,fraction (0-1),368,1.65,52.11,0.2
tblEngagementLengthPower,"Power/torque adjustment curve for radial engagement. For each material, gives the Average K Factor at specific Percent Engaged breakpoints (e.g. 20%, 40%, 80%, 100% radial engagement), used to interpolate engagement-length power correction during a cut.",unitless,fraction (0-1),368,1.65,52.12,0.2
tblEngagementLengthPower,"Power/torque adjustment curve for radial engagement. For each material, gives the Average K Factor at specific Percent Engaged breakpoints (e.g. 20%, 40%, 80%, 100% radial engagement), used to interpolate engagement-length power correction during a cut.",unitless,fraction (0-1),368,1.65,52.13,0.2
tblEngagementLengthPower,"Power/torque adjustment curve for radial engagement. For each material, gives the Average K Factor at specific Percent Engaged breakpoints (e.g. 20%, 40%, 80%, 100% radial engagement), used to interpolate engagement-length power correction during a cut.",unitless,fraction (0-1),368,1.65,52.14,0.2
tblEngagementLengthPower,"Power/torque adjustment curve for radial engagement. For each material, gives the Average K Factor at specific Percent Engaged breakpoints (e.g. 20%, 40%, 80%, 100% radial engagement), used to interpolate engagement-length power correction during a cut.",unitless,fraction (0-1),368,1.65,52.15,0.2
tblEngagementLengthPower,"Power/torque adjustment curve for radial engagement. For each material, gives the Average K Factor at specific Percent Engaged breakpoints (e.g. 20%, 40%, 80%, 100% radial engagement), used to interpolate engagement-length power correction during a cut.",unitless,fraction (0-1),368,1.95,33.1,0.8
tblEngagementLengthPower,"Power/torque adjustment curve for radial engagement. For each material, gives the Average K Factor at specific Percent Engaged breakpoints (e.g. 20%, 40%, 80%, 100% radial engagement), used to interpolate engagement-length power correction during a cut.",unitless,fraction (0-1),368,1.95,33.1,1.0
tblEngagementLengthPower,"Power/torque adjustment curve for radial engagement. For each material, gives the Average K Factor at specific Percent Engaged breakpoints (e.g. 20%, 40%, 80%, 100% radial engagement), used to interpolate engagement-length power correction during a cut.",unitless,fraction (0-1),368,1.95,33.2,0.8
tblEngagementLengthPower,"Power/torque adjustment curve for radial engagement. For each material, gives the Average K Factor at specific Percent Engaged breakpoints (e.g. 20%, 40%, 80%, 100% radial engagement), used to interpolate engagement-length power correction during a cut.",unitless,fraction (0-1),368,1.95,33.2,1.0
tblEngagementLengthPower,"Power/torque adjustment curve for radial engagement. For each material, gives the Average K Factor at specific Percent Engaged breakpoints (e.g. 20%, 40%, 80%, 100% radial engagement), used to interpolate engagement-length power correction during a cut.",unitless,fraction (0-1),368,2.1,30.21,0.8
tblEngagementLengthPower,"Power/torque adjustment curve for radial engagement. For each material, gives the Average K Factor at specific Percent Engaged breakpoints (e.g. 20%, 40%, 80%, 100% radial engagement), used to interpolate engagement-length power correction during a cut.",unitless,fraction (0-1),368,2.1,30.21,1.0
tblEngagementLengthPower,"Power/torque adjustment curve for radial engagement. For each material, gives the Average K Factor at specific Percent Engaged breakpoints (e.g. 20%, 40%, 80%, 100% radial engagement), used to interpolate engagement-length power correction during a cut.",unitless,fraction (0-1),368,2.1,33.1,0.4
tblEngagementLengthPower,"Power/torque adjustment curve for radial engagement. For each material, gives the Average K Factor at specific Percent Engaged breakpoints (e.g. 20%, 40%, 80%, 100% radial engagement), used to interpolate engagement-length power correction during a cut.",unitless,fraction (0-1),368,2.1,33.2,0.4
tblEngagementLengthPower,"Power/torque adjustment curve for radial engagement. For each material, gives the Average K Factor at specific Percent Engaged breakpoints (e.g. 20%, 40%, 80%, 100% radial engagement), used to interpolate engagement-length power correction during a cut.",unitless,fraction (0-1),368,2.1,41.21,0.8
tblEngagementLengthPower,"Power/torque adjustment curve for radial engagement. For each material, gives the Average K Factor at specific Percent Engaged breakpoints (e.g. 20%, 40%, 80%, 100% radial engagement), used to interpolate engagement-length power correction during a cut.",unitless,fraction (0-1),368,2.1,41.21,1.0
tblEngagementLengthPower,"Power/torque adjustment curve for radial engagement. For each material, gives the Average K Factor at specific Percent Engaged breakpoints (e.g. 20%, 40%, 80%, 100% radial engagement), used to interpolate engagement-length power correction during a cut.",unitless,fraction (0-1),368,2.1,51.21,0.8
tblEngagementLengthPower,"Power/torque adjustment curve for radial engagement. For each material, gives the Average K Factor at specific Percent Engaged breakpoints (e.g. 20%, 40%, 80%, 100% radial engagement), used to interpolate engagement-length power correction during a cut.",unitless,fraction (0-1),368,2.1,51.21,1.0
tblEngagementLengthPower,"Power/torque adjustment curve for radial engagement. For each material, gives the Average K Factor at specific Percent Engaged breakpoints (e.g. 20%, 40%, 80%, 100% radial engagement), used to interpolate engagement-length power correction during a cut.",unitless,fraction (0-1),368,2.1,51.22,0.8
tblEngagementLengthPower,"Power/torque adjustment curve for radial engagement. For each material, gives the Average K Factor at specific Percent Engaged breakpoints (e.g. 20%, 40%, 80%, 100% radial engagement), used to interpolate engagement-length power correction during a cut.",unitless,fraction (0-1),368,2.1,51.22,1.0
tblEngagementLengthPower,"Power/torque adjustment curve for radial engagement. For each material, gives the Average K Factor at specific Percent Engaged breakpoints (e.g. 20%, 40%, 80%, 100% radial engagement), used to interpolate engagement-length power correction during a cut.",unitless,fraction (0-1),368,2.1,52.21,0.8
tblEngagementLengthPower,"Power/torque adjustment curve for radial engagement. For each material, gives the Average K Factor at specific Percent Engaged breakpoints (e.g. 20%, 40%, 80%, 100% radial engagement), used to interpolate engagement-length power correction during a cut.",unitless,fraction (0-1),368,2.1,52.21,1.0
tblEngagementLengthPower,"Power/torque adjustment curve for radial engagement. For each material, gives the Average K Factor at specific Percent Engaged breakpoints (e.g. 20%, 40%, 80%, 100% radial engagement), used to interpolate engagement-length power correction during a cut.",unitless,fraction (0-1),368,2.1,60.0,0.8
tblEngagementLengthPower,"Power/torque adjustment curve for radial engagement. For each material, gives the Average K Factor at specific Percent Engaged breakpoints (e.g. 20%, 40%, 80%, 100% radial engagement), used to interpolate engagement-length power correction during a cut.",unitless,fraction (0-1),368,2.1,60.0,1.0
tblEngagementLengthPower,"Power/torque adjustment curve for radial engagement. For each material, gives the Average K Factor at specific Percent Engaged breakpoints (e.g. 20%, 40%, 80%, 100% radial engagement), used to interpolate engagement-length power correction during a cut.",unitless,fraction (0-1),368,2.3,30.12,0.8
tblEngagementLengthPower,"Power/torque adjustment curve for radial engagement. For each material, gives the Average K Factor at specific Percent Engaged breakpoints (e.g. 20%, 40%, 80%, 100% radial engagement), used to interpolate engagement-length power correction during a cut.",unitless,fraction (0-1),368,2.3,30.12,1.0
tblEngagementLengthPower,"Power/torque adjustment curve for radial engagement. For each material, gives the Average K Factor at specific Percent Engaged breakpoints (e.g. 20%, 40%, 80%, 100% radial engagement), used to interpolate engagement-length power correction during a cut.",unitless,fraction (0-1),368,2.3,30.21,0.4
tblEngagementLengthPower,"Power/torque adjustment curve for radial engagement. For each material, gives the Average K Factor at specific Percent Engaged breakpoints (e.g. 20%, 40%, 80%, 100% radial engagement), used to interpolate engagement-length power correction during a cut.",unitless,fraction (0-1),368,2.3,33.1,0.2
tblEngagementLengthPower,"Power/torque adjustment curve for radial engagement. For each material, gives the Average K Factor at specific Percent Engaged breakpoints (e.g. 20%, 40%, 80%, 100% radial engagement), used to interpolate engagement-length power correction during a cut.",unitless,fraction (0-1),368,2.3,33.2,0.2
tblEngagementLengthPower,"Power/torque adjustment curve for radial engagement. For each material, gives the Average K Factor at specific Percent Engaged breakpoints (e.g. 20%, 40%, 80%, 100% radial engagement), used to interpolate engagement-length power correction during a cut.",unitless,fraction (0-1),368,2.3,41.21,0.4
tblEngagementLengthPower,"Power/torque adjustment curve for radial engagement. For each material, gives the Average K Factor at specific Percent Engaged breakpoints (e.g. 20%, 40%, 80%, 100% radial engagement), used to interpolate engagement-length power correction during a cut.",unitless,fraction (0-1),368,2.3,51.21,0.4
tblEngagementLengthPower,"Power/torque adjustment curve for radial engagement. For each material, gives the Average K Factor at specific Percent Engaged breakpoints (e.g. 20%, 40%, 80%, 100% radial engagement), used to interpolate engagement-length power correction during a cut.",unitless,fraction (0-1),368,2.3,51.22,0.4
tblEngagementLengthPower,"Power/torque adjustment curve for radial engagement. For each material, gives the Average K Factor at specific Percent Engaged breakpoints (e.g. 20%, 40%, 80%, 100% radial engagement), used to interpolate engagement-length power correction during a cut.",unitless,fraction (0-1),368,2.3,52.21,0.4
tblEngagementLengthPower,"Power/torque adjustment curve for radial engagement. For each material, gives the Average K Factor at specific Percent Engaged breakpoints (e.g. 20%, 40%, 80%, 100% radial engagement), used to interpolate engagement-length power correction during a cut.",unitless,fraction (0-1),368,2.3,60.0,0.4
tblEngagementLengthPower,"Power/torque adjustment curve for radial engagement. For each material, gives the Average K Factor at specific Percent Engaged breakpoints (e.g. 20%, 40%, 80%, 100% radial engagement), used to interpolate engagement-length power correction during a cut.",unitless,fraction (0-1),368,2.45,30.22,0.8
tblEngagementLengthPower,"Power/torque adjustment curve for radial engagement. For each material, gives the Average K Factor at specific Percent Engaged breakpoints (e.g. 20%, 40%, 80%, 100% radial engagement), used to interpolate engagement-length power correction during a cut.",unitless,fraction (0-1),368,2.45,30.22,1.0
tblEngagementLengthPower,"Power/torque adjustment curve for radial engagement. For each material, gives the Average K Factor at specific Percent Engaged breakpoints (e.g. 20%, 40%, 80%, 100% radial engagement), used to interpolate engagement-length power correction during a cut.",unitless,fraction (0-1),368,2.45,30.41,0.8
tblEngagementLengthPower,"Power/torque adjustment curve for radial engagement. For each material, gives the Average K Factor at specific Percent Engaged breakpoints (e.g. 20%, 40%, 80%, 100% radial engagement), used to interpolate engagement-length power correction during a cut.",unitless,fraction (0-1),368,2.45,30.41,1.0
tblEngagementLengthPower,"Power/torque adjustment curve for radial engagement. For each material, gives the Average K Factor at specific Percent Engaged breakpoints (e.g. 20%, 40%, 80%, 100% radial engagement), used to interpolate engagement-length power correction during a cut.",unitless,fraction (0-1),368,2.45,30.42,0.8
tblEngagementLengthPower,"Power/torque adjustment curve for radial engagement. For each material, gives the Average K Factor at specific Percent Engaged breakpoints (e.g. 20%, 40%, 80%, 100% radial engagement), used to interpolate engagement-length power correction during a cut.",unitless,fraction (0-1),368,2.45,30.42,1.0
tblEngagementLengthPower,"Power/torque adjustment curve for radial engagement. For each material, gives the Average K Factor at specific Percent Engaged breakpoints (e.g. 20%, 40%, 80%, 100% radial engagement), used to interpolate engagement-length power correction during a cut.",unitless,fraction (0-1),368,2.45,51.31,0.8
tblEngagementLengthPower,"Power/torque adjustment curve for radial engagement. For each material, gives the Average K Factor at specific Percent Engaged breakpoints (e.g. 20%, 40%, 80%, 100% radial engagement), used to interpolate engagement-length power correction during a cut.",unitless,fraction (0-1),368,2.45,51.31,1.0
tblEngagementLengthPower,"Power/torque adjustment curve for radial engagement. For each material, gives the Average K Factor at specific Percent Engaged breakpoints (e.g. 20%, 40%, 80%, 100% radial engagement), used to interpolate engagement-length power correction during a cut.",unitless,fraction (0-1),368,2.45,51.32,0.8
tblEngagementLengthPower,"Power/torque adjustment curve for radial engagement. For each material, gives the Average K Factor at specific Percent Engaged breakpoints (e.g. 20%, 40%, 80%, 100% radial engagement), used to interpolate engagement-length power correction during a cut.",unitless,fraction (0-1),368,2.45,51.32,1.0
tblEngagementLengthPower,"Power/torque adjustment curve for radial engagement. For each material, gives the Average K Factor at specific Percent Engaged breakpoints (e.g. 20%, 40%, 80%, 100% radial engagement), used to interpolate engagement-length power correction during a cut.",unitless,fraction (0-1),368,2.45,52.31,0.8
tblEngagementLengthPower,"Power/torque adjustment curve for radial engagement. For each material, gives the Average K Factor at specific Percent Engaged breakpoints (e.g. 20%, 40%, 80%, 100% radial engagement), used to interpolate engagement-length power correction during a cut.",unitless,fraction (0-1),368,2.45,52.31,1.0
tblEngagementLengthPower,"Power/torque adjustment curve for radial engagement. For each material, gives the Average K Factor at specific Percent Engaged breakpoints (e.g. 20%, 40%, 80%, 100% radial engagement), used to interpolate engagement-length power correction during a cut.",unitless,fraction (0-1),368,2.45,52.32,0.8
tblEngagementLengthPower,"Power/torque adjustment curve for radial engagement. For each material, gives the Average K Factor at specific Percent Engaged breakpoints (e.g. 20%, 40%, 80%, 100% radial engagement), used to interpolate engagement-length power correction during a cut.",unitless,fraction (0-1),368,2.45,52.32,1.0
tblEngagementLengthPower,"Power/torque adjustment curve for radial engagement. For each material, gives the Average K Factor at specific Percent Engaged breakpoints (e.g. 20%, 40%, 80%, 100% radial engagement), used to interpolate engagement-length power correction during a cut.",unitless,fraction (0-1),368,2.5,30.12,0.4
tblEngagementLengthPower,"Power/torque adjustment curve for radial engagement. For each material, gives the Average K Factor at specific Percent Engaged breakpoints (e.g. 20%, 40%, 80%, 100% radial engagement), used to interpolate engagement-length power correction during a cut.",unitless,fraction (0-1),368,2.5,30.21,0.2
tblEngagementLengthPower,"Power/torque adjustment curve for radial engagement. For each material, gives the Average K Factor at specific Percent Engaged breakpoints (e.g. 20%, 40%, 80%, 100% radial engagement), used to interpolate engagement-length power correction during a cut.",unitless,fraction (0-1),368,2.5,41.21,0.2
tblEngagementLengthPower,"Power/torque adjustment curve for radial engagement. For each material, gives the Average K Factor at specific Percent Engaged breakpoints (e.g. 20%, 40%, 80%, 100% radial engagement), used to interpolate engagement-length power correction during a cut.",unitless,fraction (0-1),368,2.5,51.21,0.2
tblEngagementLengthPower,"Power/torque adjustment curve for radial engagement. For each material, gives the Average K Factor at specific Percent Engaged breakpoints (e.g. 20%, 40%, 80%, 100% radial engagement), used to interpolate engagement-length power correction during a cut.",unitless,fraction (0-1),368,2.5,51.22,0.2
tblEngagementLengthPower,"Power/torque adjustment curve for radial engagement. For each material, gives the Average K Factor at specific Percent Engaged breakpoints (e.g. 20%, 40%, 80%, 100% radial engagement), used to interpolate engagement-length power correction during a cut.",unitless,fraction (0-1),368,2.5,52.21,0.2
tblEngagementLengthPower,"Power/torque adjustment curve for radial engagement. For each material, gives the Average K Factor at specific Percent Engaged breakpoints (e.g. 20%, 40%, 80%, 100% radial engagement), used to interpolate engagement-length power correction during a cut.",unitless,fraction (0-1),368,2.5,60.0,0.2
tblEngagementLengthPower,"Power/torque adjustment curve for radial engagement. For each material, gives the Average K Factor at specific Percent Engaged breakpoints (e.g. 20%, 40%, 80%, 100% radial engagement), used to interpolate engagement-length power correction during a cut.",unitless,fraction (0-1),368,2.65,30.22,0.4
tblEngagementLengthPower,"Power/torque adjustment curve for radial engagement. For each material, gives the Average K Factor at specific Percent Engaged breakpoints (e.g. 20%, 40%, 80%, 100% radial engagement), used to interpolate engagement-length power correction during a cut.",unitless,fraction (0-1),368,2.65,30.41,0.4
tblEngagementLengthPower,"Power/torque adjustment curve for radial engagement. For each material, gives the Average K Factor at specific Percent Engaged breakpoints (e.g. 20%, 40%, 80%, 100% radial engagement), used to interpolate engagement-length power correction during a cut.",unitless,fraction (0-1),368,2.65,30.42,0.4
tblEngagementLengthPower,"Power/torque adjustment curve for radial engagement. For each material, gives the Average K Factor at specific Percent Engaged breakpoints (e.g. 20%, 40%, 80%, 100% radial engagement), used to interpolate engagement-length power correction during a cut.",unitless,fraction (0-1),368,2.65,51.31,0.4
tblEngagementLengthPower,"Power/torque adjustment curve for radial engagement. For each material, gives the Average K Factor at specific Percent Engaged breakpoints (e.g. 20%, 40%, 80%, 100% radial engagement), used to interpolate engagement-length power correction during a cut.",unitless,fraction (0-1),368,2.65,51.32,0.4
tblEngagementLengthPower,"Power/torque adjustment curve for radial engagement. For each material, gives the Average K Factor at specific Percent Engaged breakpoints (e.g. 20%, 40%, 80%, 100% radial engagement), used to interpolate engagement-length power correction during a cut.",unitless,fraction (0-1),368,2.65,52.31,0.4
tblEngagementLengthPower,"Power/torque adjustment curve for radial engagement. For each material, gives the Average K Factor at specific Percent Engaged breakpoints (e.g. 20%, 40%, 80%, 100% radial engagement), used to interpolate engagement-length power correction during a cut.",unitless,fraction (0-1),368,2.65,52.32,0.4
tblEngagementLengthPower,"Power/torque adjustment curve for radial engagement. For each material, gives the Average K Factor at specific Percent Engaged breakpoints (e.g. 20%, 40%, 80%, 100% radial engagement), used to interpolate engagement-length power correction during a cut.",unitless,fraction (0-1),368,2.7,30.12,0.2
tblEngagementLengthPower,"Power/torque adjustment curve for radial engagement. For each material, gives the Average K Factor at specific Percent Engaged breakpoints (e.g. 20%, 40%, 80%, 100% radial engagement), used to interpolate engagement-length power correction during a cut.",unitless,fraction (0-1),368,2.75,7.1,0.8
tblEngagementLengthPower,"Power/torque adjustment curve for radial engagement. For each material, gives the Average K Factor at specific Percent Engaged breakpoints (e.g. 20%, 40%, 80%, 100% radial engagement), used to interpolate engagement-length power correction during a cut.",unitless,fraction (0-1),368,2.75,7.1,1.0
tblEngagementLengthPower,"Power/torque adjustment curve for radial engagement. For each material, gives the Average K Factor at specific Percent Engaged breakpoints (e.g. 20%, 40%, 80%, 100% radial engagement), used to interpolate engagement-length power correction during a cut.",unitless,fraction (0-1),368,2.95,30.22,0.2
tblEngagementLengthPower,"Power/torque adjustment curve for radial engagement. For each material, gives the Average K Factor at specific Percent Engaged breakpoints (e.g. 20%, 40%, 80%, 100% radial engagement), used to interpolate engagement-length power correction during a cut.",unitless,fraction (0-1),368,2.95,30.41,0.2
tblEngagementLengthPower,"Power/torque adjustment curve for radial engagement. For each material, gives the Average K Factor at specific Percent Engaged breakpoints (e.g. 20%, 40%, 80%, 100% radial engagement), used to interpolate engagement-length power correction during a cut.",unitless,fraction (0-1),368,2.95,30.42,0.2
tblEngagementLengthPower,"Power/torque adjustment curve for radial engagement. For each material, gives the Average K Factor at specific Percent Engaged breakpoints (e.g. 20%, 40%, 80%, 100% radial engagement), used to interpolate engagement-length power correction during a cut.",unitless,fraction (0-1),368,2.95,51.31,0.2
tblEngagementLengthPower,"Power/torque adjustment curve for radial engagement. For each material, gives the Average K Factor at specific Percent Engaged breakpoints (e.g. 20%, 40%, 80%, 100% radial engagement), used to interpolate engagement-length power correction during a cut.",unitless,fraction (0-1),368,2.95,51.32,0.2
tblEngagementLengthPower,"Power/torque adjustment curve for radial engagement. For each material, gives the Average K Factor at specific Percent Engaged breakpoints (e.g. 20%, 40%, 80%, 100% radial engagement), used to interpolate engagement-length power correction during a cut.",unitless,fraction (0-1),368,2.95,52.31,0.2
tblEngagementLengthPower,"Power/torque adjustment curve for radial engagement. For each material, gives the Average K Factor at specific Percent Engaged breakpoints (e.g. 20%, 40%, 80%, 100% radial engagement), used to interpolate engagement-length power correction during a cut.",unitless,fraction (0-1),368,2.95,52.32,0.2
tblEngagementLengthPower,"Power/torque adjustment curve for radial engagement. For each material, gives the Average K Factor at specific Percent Engaged breakpoints (e.g. 20%, 40%, 80%, 100% radial engagement), used to interpolate engagement-length power correction during a cut.",unitless,fraction (0-1),368,3.0,7.1,0.4
tblEngagementLengthPower,"Power/torque adjustment curve for radial engagement. For each material, gives the Average K Factor at specific Percent Engaged breakpoints (e.g. 20%, 40%, 80%, 100% radial engagement), used to interpolate engagement-length power correction during a cut.",unitless,fraction (0-1),368,3.1,7.2,0.8
tblEngagementLengthPower,"Power/torque adjustment curve for radial engagement. For each material, gives the Average K Factor at specific Percent Engaged breakpoints (e.g. 20%, 40%, 80%, 100% radial engagement), used to interpolate engagement-length power correction during a cut.",unitless,fraction (0-1),368,3.1,7.2,1.0
tblEngagementLengthPower,"Power/torque adjustment curve for radial engagement. For each material, gives the Average K Factor at specific Percent Engaged breakpoints (e.g. 20%, 40%, 80%, 100% radial engagement), used to interpolate engagement-length power correction during a cut.",unitless,fraction (0-1),368,3.1,8.1,0.8
tblEngagementLengthPower,"Power/torque adjustment curve for radial engagement. For each material, gives the Average K Factor at specific Percent Engaged breakpoints (e.g. 20%, 40%, 80%, 100% radial engagement), used to interpolate engagement-length power correction during a cut.",unitless,fraction (0-1),368,3.1,8.1,1.0
tblEngagementLengthPower,"Power/torque adjustment curve for radial engagement. For each material, gives the Average K Factor at specific Percent Engaged breakpoints (e.g. 20%, 40%, 80%, 100% radial engagement), used to interpolate engagement-length power correction during a cut.",unitless,fraction (0-1),368,3.1,9.1,0.8
tblEngagementLengthPower,"Power/torque adjustment curve for radial engagement. For each material, gives the Average K Factor at specific Percent Engaged breakpoints (e.g. 20%, 40%, 80%, 100% radial engagement), used to interpolate engagement-length power correction during a cut.",unitless,fraction (0-1),368,3.1,9.1,1.0
tblEngagementLengthPower,"Power/torque adjustment curve for radial engagement. For each material, gives the Average K Factor at specific Percent Engaged breakpoints (e.g. 20%, 40%, 80%, 100% radial engagement), used to interpolate engagement-length power correction during a cut.",unitless,fraction (0-1),368,3.35,7.1,0.2
tblEngagementLengthPower,"Power/torque adjustment curve for radial engagement. For each material, gives the Average K Factor at specific Percent Engaged breakpoints (e.g. 20%, 40%, 80%, 100% radial engagement), used to interpolate engagement-length power correction during a cut.",unitless,fraction (0-1),368,3.45,7.2,0.4
tblEngagementLengthPower,"Power/torque adjustment curve for radial engagement. For each material, gives the Average K Factor at specific Percent Engaged breakpoints (e.g. 20%, 40%, 80%, 100% radial engagement), used to interpolate engagement-length power correction during a cut.",unitless,fraction (0-1),368,3.45,8.1,0.4
tblEngagementLengthPower,"Power/torque adjustment curve for radial engagement. For each material, gives the Average K Factor at specific Percent Engaged breakpoints (e.g. 20%, 40%, 80%, 100% radial engagement), used to interpolate engagement-length power correction during a cut.",unitless,fraction (0-1),368,3.45,9.1,0.4
tblEngagementLengthPower,"Power/torque adjustment curve for radial engagement. For each material, gives the Average K Factor at specific Percent Engaged breakpoints (e.g. 20%, 40%, 80%, 100% radial engagement), used to interpolate engagement-length power correction during a cut.",unitless,fraction (0-1),368,3.49,7.3,0.8
tblEngagementLengthPower,"Power/torque adjustment curve for radial engagement. For each material, gives the Average K Factor at specific Percent Engaged breakpoints (e.g. 20%, 40%, 80%, 100% radial engagement), used to interpolate engagement-length power correction during a cut.",unitless,fraction (0-1),368,3.49,7.3,1.0
tblEngagementLengthPower,"Power/torque adjustment curve for radial engagement. For each material, gives the Average K Factor at specific Percent Engaged breakpoints (e.g. 20%, 40%, 80%, 100% radial engagement), used to interpolate engagement-length power correction during a cut.",unitless,fraction (0-1),368,3.7,8.2,0.4
tblEngagementLengthPower,"Power/torque adjustment curve for radial engagement. For each material, gives the Average K Factor at specific Percent Engaged breakpoints (e.g. 20%, 40%, 80%, 100% radial engagement), used to interpolate engagement-length power correction during a cut.",unitless,fraction (0-1),368,3.75,7.2,0.2
tblEngagementLengthPower,"Power/torque adjustment curve for radial engagement. For each material, gives the Average K Factor at specific Percent Engaged breakpoints (e.g. 20%, 40%, 80%, 100% radial engagement), used to interpolate engagement-length power correction during a cut.",unitless,fraction (0-1),368,3.75,8.1,0.2
tblEngagementLengthPower,"Power/torque adjustment curve for radial engagement. For each material, gives the Average K Factor at specific Percent Engaged breakpoints (e.g. 20%, 40%, 80%, 100% radial engagement), used to interpolate engagement-length power correction during a cut.",unitless,fraction (0-1),368,3.75,9.1,0.2
tblEngagementLengthPower,"Power/torque adjustment curve for radial engagement. For each material, gives the Average K Factor at specific Percent Engaged breakpoints (e.g. 20%, 40%, 80%, 100% radial engagement), used to interpolate engagement-length power correction during a cut.",unitless,fraction (0-1),368,3.8,8.2,0.8
tblEngagementLengthPower,"Power/torque adjustment curve for radial engagement. For each material, gives the Average K Factor at specific Percent Engaged breakpoints (e.g. 20%, 40%, 80%, 100% radial engagement), used to interpolate engagement-length power correction during a cut.",unitless,fraction (0-1),368,3.8,8.2,1.0
tblEngagementLengthPower,"Power/torque adjustment curve for radial engagement. For each material, gives the Average K Factor at specific Percent Engaged breakpoints (e.g. 20%, 40%, 80%, 100% radial engagement), used to interpolate engagement-length power correction during a cut.",unitless,fraction (0-1),368,3.82,7.3,0.4
tblEngagementLengthPower,"Power/torque adjustment curve for radial engagement. For each material, gives the Average K Factor at specific Percent Engaged breakpoints (e.g. 20%, 40%, 80%, 100% radial engagement), used to interpolate engagement-length power correction during a cut.",unitless,fraction (0-1),368,4.18,7.3,0.2
tblEngagementLengthPower,"Power/torque adjustment curve for radial engagement. For each material, gives the Average K Factor at specific Percent Engaged breakpoints (e.g. 20%, 40%, 80%, 100% radial engagement), used to interpolate engagement-length power correction during a cut.",unitless,fraction (0-1),368,4.35,23.1,0.8
tblEngagementLengthPower,"Power/torque adjustment curve for radial engagement. For each material, gives the Average K Factor at specific Percent Engaged breakpoints (e.g. 20%, 40%, 80%, 100% radial engagement), used to interpolate engagement-length power correction during a cut.",unitless,fraction (0-1),368,4.35,23.1,1.0
tblEngagementLengthPower,"Power/torque adjustment curve for radial engagement. For each material, gives the Average K Factor at specific Percent Engaged breakpoints (e.g. 20%, 40%, 80%, 100% radial engagement), used to interpolate engagement-length power correction during a cut.",unitless,fraction (0-1),368,4.51,8.3,0.8
tblEngagementLengthPower,"Power/torque adjustment curve for radial engagement. For each material, gives the Average K Factor at specific Percent Engaged breakpoints (e.g. 20%, 40%, 80%, 100% radial engagement), used to interpolate engagement-length power correction during a cut.",unitless,fraction (0-1),368,4.51,8.3,1.0
tblEngagementLengthPower,"Power/torque adjustment curve for radial engagement. For each material, gives the Average K Factor at specific Percent Engaged breakpoints (e.g. 20%, 40%, 80%, 100% radial engagement), used to interpolate engagement-length power correction during a cut.",unitless,fraction (0-1),368,4.55,6.1,0.8
tblEngagementLengthPower,"Power/torque adjustment curve for radial engagement. For each material, gives the Average K Factor at specific Percent Engaged breakpoints (e.g. 20%, 40%, 80%, 100% radial engagement), used to interpolate engagement-length power correction during a cut.",unitless,fraction (0-1),368,4.55,6.1,1.0
tblEngagementLengthPower,"Power/torque adjustment curve for radial engagement. For each material, gives the Average K Factor at specific Percent Engaged breakpoints (e.g. 20%, 40%, 80%, 100% radial engagement), used to interpolate engagement-length power correction during a cut.",unitless,fraction (0-1),368,4.6,8.2,0.2
tblEngagementLengthPower,"Power/torque adjustment curve for radial engagement. For each material, gives the Average K Factor at specific Percent Engaged breakpoints (e.g. 20%, 40%, 80%, 100% radial engagement), used to interpolate engagement-length power correction during a cut.",unitless,fraction (0-1),368,4.7,23.21,0.8
tblEngagementLengthPower,"Power/torque adjustment curve for radial engagement. For each material, gives the Average K Factor at specific Percent Engaged breakpoints (e.g. 20%, 40%, 80%, 100% radial engagement), used to interpolate engagement-length power correction during a cut.",unitless,fraction (0-1),368,4.7,23.21,1.0
tblEngagementLengthPower,"Power/torque adjustment curve for radial engagement. For each material, gives the Average K Factor at specific Percent Engaged breakpoints (e.g. 20%, 40%, 80%, 100% radial engagement), used to interpolate engagement-length power correction during a cut.",unitless,fraction (0-1),368,4.7,23.22,0.8
tblEngagementLengthPower,"Power/torque adjustment curve for radial engagement. For each material, gives the Average K Factor at specific Percent Engaged breakpoints (e.g. 20%, 40%, 80%, 100% radial engagement), used to interpolate engagement-length power correction during a cut.",unitless,fraction (0-1),368,4.7,23.22,1.0
tblEngagementLengthPower,"Power/torque adjustment curve for radial engagement. For each material, gives the Average K Factor at specific Percent Engaged breakpoints (e.g. 20%, 40%, 80%, 100% radial engagement), used to interpolate engagement-length power correction during a cut.",unitless,fraction (0-1),368,4.7,33.3,0.8
tblEngagementLengthPower,"Power/torque adjustment curve for radial engagement. For each material, gives the Average K Factor at specific Percent Engaged breakpoints (e.g. 20%, 40%, 80%, 100% radial engagement), used to interpolate engagement-length power correction during a cut.",unitless,fraction (0-1),368,4.7,33.3,1.0
tblEngagementLengthPower,"Power/torque adjustment curve for radial engagement. For each material, gives the Average K Factor at specific Percent Engaged breakpoints (e.g. 20%, 40%, 80%, 100% radial engagement), used to interpolate engagement-length power correction during a cut.",unitless,fraction (0-1),368,4.75,23.1,0.4
tblEngagementLengthPower,"Power/torque adjustment curve for radial engagement. For each material, gives the Average K Factor at specific Percent Engaged breakpoints (e.g. 20%, 40%, 80%, 100% radial engagement), used to interpolate engagement-length power correction during a cut.",unitless,fraction (0-1),368,4.85,1.0,0.8
tblEngagementLengthPower,"Power/torque adjustment curve for radial engagement. For each material, gives the Average K Factor at specific Percent Engaged breakpoints (e.g. 20%, 40%, 80%, 100% radial engagement), used to interpolate engagement-length power correction during a cut.",unitless,fraction (0-1),368,4.85,1.0,1.0
tblEngagementLengthPower,"Power/torque adjustment curve for radial engagement. For each material, gives the Average K Factor at specific Percent Engaged breakpoints (e.g. 20%, 40%, 80%, 100% radial engagement), used to interpolate engagement-length power correction during a cut.",unitless,fraction (0-1),368,4.85,1.1,0.8
tblEngagementLengthPower,"Power/torque adjustment curve for radial engagement. For each material, gives the Average K Factor at specific Percent Engaged breakpoints (e.g. 20%, 40%, 80%, 100% radial engagement), used to interpolate engagement-length power correction during a cut.",unitless,fraction (0-1),368,4.85,1.1,1.0
tblEngagementLengthPower,"Power/torque adjustment curve for radial engagement. For each material, gives the Average K Factor at specific Percent Engaged breakpoints (e.g. 20%, 40%, 80%, 100% radial engagement), used to interpolate engagement-length power correction during a cut.",unitless,fraction (0-1),368,4.93,8.3,0.4
tblEngagementLengthPower,"Power/torque adjustment curve for radial engagement. For each material, gives the Average K Factor at specific Percent Engaged breakpoints (e.g. 20%, 40%, 80%, 100% radial engagement), used to interpolate engagement-length power correction during a cut.",unitless,fraction (0-1),368,4.95,6.1,0.4
tblEngagementLengthPower,"Power/torque adjustment curve for radial engagement. For each material, gives the Average K Factor at specific Percent Engaged breakpoints (e.g. 20%, 40%, 80%, 100% radial engagement), used to interpolate engagement-length power correction during a cut.",unitless,fraction (0-1),368,5.05,9.2,0.8
tblEngagementLengthPower,"Power/torque adjustment curve for radial engagement. For each material, gives the Average K Factor at specific Percent Engaged breakpoints (e.g. 20%, 40%, 80%, 100% radial engagement), used to interpolate engagement-length power correction during a cut.",unitless,fraction (0-1),368,5.05,9.2,1.0
tblEngagementLengthPower,"Power/torque adjustment curve for radial engagement. For each material, gives the Average K Factor at specific Percent Engaged breakpoints (e.g. 20%, 40%, 80%, 100% radial engagement), used to interpolate engagement-length power correction during a cut.",unitless,fraction (0-1),368,5.09,5.1,0.8
tblEngagementLengthPower,"Power/torque adjustment curve for radial engagement. For each material, gives the Average K Factor at specific Percent Engaged breakpoints (e.g. 20%, 40%, 80%, 100% radial engagement), used to interpolate engagement-length power correction during a cut.",unitless,fraction (0-1),368,5.09,5.1,1.0
tblEngagementLengthPower,"Power/torque adjustment curve for radial engagement. For each material, gives the Average K Factor at specific Percent Engaged breakpoints (e.g. 20%, 40%, 80%, 100% radial engagement), used to interpolate engagement-length power correction during a cut.",unitless,fraction (0-1),368,5.1,23.1,0.2
tblEngagementLengthPower,"Power/torque adjustment curve for radial engagement. For each material, gives the Average K Factor at specific Percent Engaged breakpoints (e.g. 20%, 40%, 80%, 100% radial engagement), used to interpolate engagement-length power correction during a cut.",unitless,fraction (0-1),368,5.1,23.21,0.4
tblEngagementLengthPower,"Power/torque adjustment curve for radial engagement. For each material, gives the Average K Factor at specific Percent Engaged breakpoints (e.g. 20%, 40%, 80%, 100% radial engagement), used to interpolate engagement-length power correction during a cut.",unitless,fraction (0-1),368,5.1,23.22,0.4
tblEngagementLengthPower,"Power/torque adjustment curve for radial engagement. For each material, gives the Average K Factor at specific Percent Engaged breakpoints (e.g. 20%, 40%, 80%, 100% radial engagement), used to interpolate engagement-length power correction during a cut.",unitless,fraction (0-1),368,5.15,33.3,0.4
tblEngagementLengthPower,"Power/torque adjustment curve for radial engagement. For each material, gives the Average K Factor at specific Percent Engaged breakpoints (e.g. 20%, 40%, 80%, 100% radial engagement), used to interpolate engagement-length power correction during a cut.",unitless,fraction (0-1),368,5.2,1.2,0.8
tblEngagementLengthPower,"Power/torque adjustment curve for radial engagement. For each material, gives the Average K Factor at specific Percent Engaged breakpoints (e.g. 20%, 40%, 80%, 100% radial engagement), used to interpolate engagement-length power correction during a cut.",unitless,fraction (0-1),368,5.2,1.2,1.0
tblEngagementLengthPower,"Power/torque adjustment curve for radial engagement. For each material, gives the Average K Factor at specific Percent Engaged breakpoints (e.g. 20%, 40%, 80%, 100% radial engagement), used to interpolate engagement-length power correction during a cut.",unitless,fraction (0-1),368,5.2,6.2,0.8
tblEngagementLengthPower,"Power/torque adjustment curve for radial engagement. For each material, gives the Average K Factor at specific Percent Engaged breakpoints (e.g. 20%, 40%, 80%, 100% radial engagement), used to interpolate engagement-length power correction during a cut.",unitless,fraction (0-1),368,5.2,6.2,1.0
tblEngagementLengthPower,"Power/torque adjustment curve for radial engagement. For each material, gives the Average K Factor at specific Percent Engaged breakpoints (e.g. 20%, 40%, 80%, 100% radial engagement), used to interpolate engagement-length power correction during a cut.",unitless,fraction (0-1),368,5.3,1.0,0.4
tblEngagementLengthPower,"Power/torque adjustment curve for radial engagement. For each material, gives the Average K Factor at specific Percent Engaged breakpoints (e.g. 20%, 40%, 80%, 100% radial engagement), used to interpolate engagement-length power correction during a cut.",unitless,fraction (0-1),368,5.3,1.1,0.4
tblEngagementLengthPower,"Power/torque adjustment curve for radial engagement. For each material, gives the Average K Factor at specific Percent Engaged breakpoints (e.g. 20%, 40%, 80%, 100% radial engagement), used to interpolate engagement-length power correction during a cut.",unitless,fraction (0-1),368,5.39,8.3,0.2
tblEngagementLengthPower,"Power/torque adjustment curve for radial engagement. For each material, gives the Average K Factor at specific Percent Engaged breakpoints (e.g. 20%, 40%, 80%, 100% radial engagement), used to interpolate engagement-length power correction during a cut.",unitless,fraction (0-1),368,5.4,6.1,0.2
tblEngagementLengthPower,"Power/torque adjustment curve for radial engagement. For each material, gives the Average K Factor at specific Percent Engaged breakpoints (e.g. 20%, 40%, 80%, 100% radial engagement), used to interpolate engagement-length power correction during a cut.",unitless,fraction (0-1),368,5.45,5.11,0.8
tblEngagementLengthPower,"Power/torque adjustment curve for radial engagement. For each material, gives the Average K Factor at specific Percent Engaged breakpoints (e.g. 20%, 40%, 80%, 100% radial engagement), used to interpolate engagement-length power correction during a cut.",unitless,fraction (0-1),368,5.45,5.11,1.0
tblEngagementLengthPower,"Power/torque adjustment curve for radial engagement. For each material, gives the Average K Factor at specific Percent Engaged breakpoints (e.g. 20%, 40%, 80%, 100% radial engagement), used to interpolate engagement-length power correction during a cut.",unitless,fraction (0-1),368,5.55,1.3,0.8
tblEngagementLengthPower,"Power/torque adjustment curve for radial engagement. For each material, gives the Average K Factor at specific Percent Engaged breakpoints (e.g. 20%, 40%, 80%, 100% radial engagement), used to interpolate engagement-length power correction during a cut.",unitless,fraction (0-1),368,5.55,1.3,1.0
tblEngagementLengthPower,"Power/torque adjustment curve for radial engagement. For each material, gives the Average K Factor at specific Percent Engaged breakpoints (e.g. 20%, 40%, 80%, 100% radial engagement), used to interpolate engagement-length power correction during a cut.",unitless,fraction (0-1),368,5.55,15.11,0.8
tblEngagementLengthPower,"Power/torque adjustment curve for radial engagement. For each material, gives the Average K Factor at specific Percent Engaged breakpoints (e.g. 20%, 40%, 80%, 100% radial engagement), used to interpolate engagement-length power correction during a cut.",unitless,fraction (0-1),368,5.55,15.11,1.0
tblEngagementLengthPower,"Power/torque adjustment curve for radial engagement. For each material, gives the Average K Factor at specific Percent Engaged breakpoints (e.g. 20%, 40%, 80%, 100% radial engagement), used to interpolate engagement-length power correction during a cut.",unitless,fraction (0-1),368,5.55,2.1,0.8
tblEngagementLengthPower,"Power/torque adjustment curve for radial engagement. For each material, gives the Average K Factor at specific Percent Engaged breakpoints (e.g. 20%, 40%, 80%, 100% radial engagement), used to interpolate engagement-length power correction during a cut.",unitless,fraction (0-1),368,5.55,2.1,1.0
tblEngagementLengthPower,"Power/torque adjustment curve for radial engagement. For each material, gives the Average K Factor at specific Percent Engaged breakpoints (e.g. 20%, 40%, 80%, 100% radial engagement), used to interpolate engagement-length power correction during a cut.",unitless,fraction (0-1),368,5.55,23.21,0.2
tblEngagementLengthPower,"Power/torque adjustment curve for radial engagement. For each material, gives the Average K Factor at specific Percent Engaged breakpoints (e.g. 20%, 40%, 80%, 100% radial engagement), used to interpolate engagement-length power correction during a cut.",unitless,fraction (0-1),368,5.55,23.22,0.2
tblEngagementLengthPower,"Power/torque adjustment curve for radial engagement. For each material, gives the Average K Factor at specific Percent Engaged breakpoints (e.g. 20%, 40%, 80%, 100% radial engagement), used to interpolate engagement-length power correction during a cut.",unitless,fraction (0-1),368,5.55,9.2,0.4
tblEngagementLengthPower,"Power/torque adjustment curve for radial engagement. For each material, gives the Average K Factor at specific Percent Engaged breakpoints (e.g. 20%, 40%, 80%, 100% radial engagement), used to interpolate engagement-length power correction during a cut.",unitless,fraction (0-1),368,5.57,5.1,0.4
tblEngagementLengthPower,"Power/torque adjustment curve for radial engagement. For each material, gives the Average K Factor at specific Percent Engaged breakpoints (e.g. 20%, 40%, 80%, 100% radial engagement), used to interpolate engagement-length power correction during a cut.",unitless,fraction (0-1),368,5.58,2.12,0.8
tblEngagementLengthPower,"Power/torque adjustment curve for radial engagement. For each material, gives the Average K Factor at specific Percent Engaged breakpoints (e.g. 20%, 40%, 80%, 100% radial engagement), used to interpolate engagement-length power correction during a cut.",unitless,fraction (0-1),368,5.58,2.12,1.0
tblEngagementLengthPower,"Power/torque adjustment curve for radial engagement. For each material, gives the Average K Factor at specific Percent Engaged breakpoints (e.g. 20%, 40%, 80%, 100% radial engagement), used to interpolate engagement-length power correction during a cut.",unitless,fraction (0-1),368,5.6,33.3,0.2
tblEngagementLengthPower,"Power/torque adjustment curve for radial engagement. For each material, gives the Average K Factor at specific Percent Engaged breakpoints (e.g. 20%, 40%, 80%, 100% radial engagement), used to interpolate engagement-length power correction during a cut.",unitless,fraction (0-1),368,5.65,1.2,0.4
tblEngagementLengthPower,"Power/torque adjustment curve for radial engagement. For each material, gives the Average K Factor at specific Percent Engaged breakpoints (e.g. 20%, 40%, 80%, 100% radial engagement), used to interpolate engagement-length power correction during a cut.",unitless,fraction (0-1),368,5.65,6.2,0.4
tblEngagementLengthPower,"Power/torque adjustment curve for radial engagement. For each material, gives the Average K Factor at specific Percent Engaged breakpoints (e.g. 20%, 40%, 80%, 100% radial engagement), used to interpolate engagement-length power correction during a cut.",unitless,fraction (0-1),368,5.8,1.0,0.2
tblEngagementLengthPower,"Power/torque adjustment curve for radial engagement. For each material, gives the Average K Factor at specific Percent Engaged breakpoints (e.g. 20%, 40%, 80%, 100% radial engagement), used to interpolate engagement-length power correction during a cut.",unitless,fraction (0-1),368,5.8,1.1,0.2
tblEngagementLengthPower,"Power/torque adjustment curve for radial engagement. For each material, gives the Average K Factor at specific Percent Engaged breakpoints (e.g. 20%, 40%, 80%, 100% radial engagement), used to interpolate engagement-length power correction during a cut.",unitless,fraction (0-1),368,5.85,1.4,0.8
tblEngagementLengthPower,"Power/torque adjustment curve for radial engagement. For each material, gives the Average K Factor at specific Percent Engaged breakpoints (e.g. 20%, 40%, 80%, 100% radial engagement), used to interpolate engagement-length power correction during a cut.",unitless,fraction (0-1),368,5.85,1.4,1.0
tblEngagementLengthPower,"Power/torque adjustment curve for radial engagement. For each material, gives the Average K Factor at specific Percent Engaged breakpoints (e.g. 20%, 40%, 80%, 100% radial engagement), used to interpolate engagement-length power correction during a cut.",unitless,fraction (0-1),368,5.85,15.21,0.8
tblEngagementLengthPower,"Power/torque adjustment curve for radial engagement. For each material, gives the Average K Factor at specific Percent Engaged breakpoints (e.g. 20%, 40%, 80%, 100% radial engagement), used to interpolate engagement-length power correction during a cut.",unitless,fraction (0-1),368,5.85,15.21,1.0
tblEngagementLengthPower,"Power/torque adjustment curve for radial engagement. For each material, gives the Average K Factor at specific Percent Engaged breakpoints (e.g. 20%, 40%, 80%, 100% radial engagement), used to interpolate engagement-length power correction during a cut.",unitless,fraction (0-1),368,5.85,15.51,0.8
tblEngagementLengthPower,"Power/torque adjustment curve for radial engagement. For each material, gives the Average K Factor at specific Percent Engaged breakpoints (e.g. 20%, 40%, 80%, 100% radial engagement), used to interpolate engagement-length power correction during a cut.",unitless,fraction (0-1),368,5.85,15.51,1.0
tblEngagementLengthPower,"Power/torque adjustment curve for radial engagement. For each material, gives the Average K Factor at specific Percent Engaged breakpoints (e.g. 20%, 40%, 80%, 100% radial engagement), used to interpolate engagement-length power correction during a cut.",unitless,fraction (0-1),368,5.85,5.11,0.4
tblEngagementLengthPower,"Power/torque adjustment curve for radial engagement. For each material, gives the Average K Factor at specific Percent Engaged breakpoints (e.g. 20%, 40%, 80%, 100% radial engagement), used to interpolate engagement-length power correction during a cut.",unitless,fraction (0-1),368,6.05,1.3,0.4
tblEngagementLengthPower,"Power/torque adjustment curve for radial engagement. For each material, gives the Average K Factor at specific Percent Engaged breakpoints (e.g. 20%, 40%, 80%, 100% radial engagement), used to interpolate engagement-length power correction during a cut.",unitless,fraction (0-1),368,6.05,15.11,0.4
tblEngagementLengthPower,"Power/torque adjustment curve for radial engagement. For each material, gives the Average K Factor at specific Percent Engaged breakpoints (e.g. 20%, 40%, 80%, 100% radial engagement), used to interpolate engagement-length power correction during a cut.",unitless,fraction (0-1),368,6.05,2.1,0.4
tblEngagementLengthPower,"Power/torque adjustment curve for radial engagement. For each material, gives the Average K Factor at specific Percent Engaged breakpoints (e.g. 20%, 40%, 80%, 100% radial engagement), used to interpolate engagement-length power correction during a cut.",unitless,fraction (0-1),368,6.05,5.2,0.8
tblEngagementLengthPower,"Power/torque adjustment curve for radial engagement. For each material, gives the Average K Factor at specific Percent Engaged breakpoints (e.g. 20%, 40%, 80%, 100% radial engagement), used to interpolate engagement-length power correction during a cut.",unitless,fraction (0-1),368,6.05,5.2,1.0
tblEngagementLengthPower,"Power/torque adjustment curve for radial engagement. For each material, gives the Average K Factor at specific Percent Engaged breakpoints (e.g. 20%, 40%, 80%, 100% radial engagement), used to interpolate engagement-length power correction during a cut.",unitless,fraction (0-1),368,6.05,5.51,0.8
tblEngagementLengthPower,"Power/torque adjustment curve for radial engagement. For each material, gives the Average K Factor at specific Percent Engaged breakpoints (e.g. 20%, 40%, 80%, 100% radial engagement), used to interpolate engagement-length power correction during a cut.",unitless,fraction (0-1),368,6.05,5.51,1.0
tblEngagementLengthPower,"Power/torque adjustment curve for radial engagement. For each material, gives the Average K Factor at specific Percent Engaged breakpoints (e.g. 20%, 40%, 80%, 100% radial engagement), used to interpolate engagement-length power correction during a cut.",unitless,fraction (0-1),368,6.09,5.1,0.2
tblEngagementLengthPower,"Power/torque adjustment curve for radial engagement. For each material, gives the Average K Factor at specific Percent Engaged breakpoints (e.g. 20%, 40%, 80%, 100% radial engagement), used to interpolate engagement-length power correction during a cut.",unitless,fraction (0-1),368,6.1,2.12,0.4
tblEngagementLengthPower,"Power/torque adjustment curve for radial engagement. For each material, gives the Average K Factor at specific Percent Engaged breakpoints (e.g. 20%, 40%, 80%, 100% radial engagement), used to interpolate engagement-length power correction during a cut.",unitless,fraction (0-1),368,6.1,9.2,0.2
tblEngagementLengthPower,"Power/torque adjustment curve for radial engagement. For each material, gives the Average K Factor at specific Percent Engaged breakpoints (e.g. 20%, 40%, 80%, 100% radial engagement), used to interpolate engagement-length power correction during a cut.",unitless,fraction (0-1),368,6.15,1.2,0.2
tblEngagementLengthPower,"Power/torque adjustment curve for radial engagement. For each material, gives the Average K Factor at specific Percent Engaged breakpoints (e.g. 20%, 40%, 80%, 100% radial engagement), used to interpolate engagement-length power correction during a cut.",unitless,fraction (0-1),368,6.15,6.2,0.2
tblEngagementLengthPower,"Power/torque adjustment curve for radial engagement. For each material, gives the Average K Factor at specific Percent Engaged breakpoints (e.g. 20%, 40%, 80%, 100% radial engagement), used to interpolate engagement-length power correction during a cut.",unitless,fraction (0-1),368,6.3,5.11,0.2
tblEngagementLengthPower,"Power/torque adjustment curve for radial engagement. For each material, gives the Average K Factor at specific Percent Engaged breakpoints (e.g. 20%, 40%, 80%, 100% radial engagement), used to interpolate engagement-length power correction during a cut.",unitless,fraction (0-1),368,6.35,3.11,0.8
tblEngagementLengthPower,"Power/torque adjustment curve for radial engagement. For each material, gives the Average K Factor at specific Percent Engaged breakpoints (e.g. 20%, 40%, 80%, 100% radial engagement), used to interpolate engagement-length power correction during a cut.",unitless,fraction (0-1),368,6.35,3.11,1.0
tblEngagementLengthPower,"Power/torque adjustment curve for radial engagement. For each material, gives the Average K Factor at specific Percent Engaged breakpoints (e.g. 20%, 40%, 80%, 100% radial engagement), used to interpolate engagement-length power correction during a cut.",unitless,fraction (0-1),368,6.35,6.3,0.8
tblEngagementLengthPower,"Power/torque adjustment curve for radial engagement. For each material, gives the Average K Factor at specific Percent Engaged breakpoints (e.g. 20%, 40%, 80%, 100% radial engagement), used to interpolate engagement-length power correction during a cut.",unitless,fraction (0-1),368,6.35,6.3,1.0
tblEngagementLengthPower,"Power/torque adjustment curve for radial engagement. For each material, gives the Average K Factor at specific Percent Engaged breakpoints (e.g. 20%, 40%, 80%, 100% radial engagement), used to interpolate engagement-length power correction during a cut.",unitless,fraction (0-1),368,6.4,1.4,0.4
tblEngagementLengthPower,"Power/torque adjustment curve for radial engagement. For each material, gives the Average K Factor at specific Percent Engaged breakpoints (e.g. 20%, 40%, 80%, 100% radial engagement), used to interpolate engagement-length power correction during a cut.",unitless,fraction (0-1),368,6.4,15.21,0.4
tblEngagementLengthPower,"Power/torque adjustment curve for radial engagement. For each material, gives the Average K Factor at specific Percent Engaged breakpoints (e.g. 20%, 40%, 80%, 100% radial engagement), used to interpolate engagement-length power correction during a cut.",unitless,fraction (0-1),368,6.4,15.51,0.4
tblEngagementLengthPower,"Power/torque adjustment curve for radial engagement. For each material, gives the Average K Factor at specific Percent Engaged breakpoints (e.g. 20%, 40%, 80%, 100% radial engagement), used to interpolate engagement-length power correction during a cut.",unitless,fraction (0-1),368,6.5,1.5,0.8
tblEngagementLengthPower,"Power/torque adjustment curve for radial engagement. For each material, gives the Average K Factor at specific Percent Engaged breakpoints (e.g. 20%, 40%, 80%, 100% radial engagement), used to interpolate engagement-length power correction during a cut.",unitless,fraction (0-1),368,6.5,1.5,1.0
tblEngagementLengthPower,"Power/torque adjustment curve for radial engagement. For each material, gives the Average K Factor at specific Percent Engaged breakpoints (e.g. 20%, 40%, 80%, 100% radial engagement), used to interpolate engagement-length power correction during a cut.",unitless,fraction (0-1),368,6.5,2.2,0.8
tblEngagementLengthPower,"Power/torque adjustment curve for radial engagement. For each material, gives the Average K Factor at specific Percent Engaged breakpoints (e.g. 20%, 40%, 80%, 100% radial engagement), used to interpolate engagement-length power correction during a cut.",unitless,fraction (0-1),368,6.5,2.2,1.0
tblEngagementLengthPower,"Power/torque adjustment curve for radial engagement. For each material, gives the Average K Factor at specific Percent Engaged breakpoints (e.g. 20%, 40%, 80%, 100% radial engagement), used to interpolate engagement-length power correction during a cut.",unitless,fraction (0-1),368,6.5,5.2,0.4
tblEngagementLengthPower,"Power/torque adjustment curve for radial engagement. For each material, gives the Average K Factor at specific Percent Engaged breakpoints (e.g. 20%, 40%, 80%, 100% radial engagement), used to interpolate engagement-length power correction during a cut.",unitless,fraction (0-1),368,6.5,5.51,0.4
tblEngagementLengthPower,"Power/torque adjustment curve for radial engagement. For each material, gives the Average K Factor at specific Percent Engaged breakpoints (e.g. 20%, 40%, 80%, 100% radial engagement), used to interpolate engagement-length power correction during a cut.",unitless,fraction (0-1),368,6.55,1.3,0.2
tblEngagementLengthPower,"Power/torque adjustment curve for radial engagement. For each material, gives the Average K Factor at specific Percent Engaged breakpoints (e.g. 20%, 40%, 80%, 100% radial engagement), used to interpolate engagement-length power correction during a cut.",unitless,fraction (0-1),368,6.55,15.11,0.2
tblEngagementLengthPower,"Power/torque adjustment curve for radial engagement. For each material, gives the Average K Factor at specific Percent Engaged breakpoints (e.g. 20%, 40%, 80%, 100% radial engagement), used to interpolate engagement-length power correction during a cut.",unitless,fraction (0-1),368,6.55,15.23,0.8
tblEngagementLengthPower,"Power/torque adjustment curve for radial engagement. For each material, gives the Average K Factor at specific Percent Engaged breakpoints (e.g. 20%, 40%, 80%, 100% radial engagement), used to interpolate engagement-length power correction during a cut.",unitless,fraction (0-1),368,6.55,15.23,1.0
tblEngagementLengthPower,"Power/torque adjustment curve for radial engagement. For each material, gives the Average K Factor at specific Percent Engaged breakpoints (e.g. 20%, 40%, 80%, 100% radial engagement), used to interpolate engagement-length power correction during a cut.",unitless,fraction (0-1),368,6.55,2.1,0.2
tblEngagementLengthPower,"Power/torque adjustment curve for radial engagement. For each material, gives the Average K Factor at specific Percent Engaged breakpoints (e.g. 20%, 40%, 80%, 100% radial engagement), used to interpolate engagement-length power correction during a cut.",unitless,fraction (0-1),368,6.55,9.3,0.8
tblEngagementLengthPower,"Power/torque adjustment curve for radial engagement. For each material, gives the Average K Factor at specific Percent Engaged breakpoints (e.g. 20%, 40%, 80%, 100% radial engagement), used to interpolate engagement-length power correction during a cut.",unitless,fraction (0-1),368,6.55,9.3,1.0
tblEngagementLengthPower,"Power/torque adjustment curve for radial engagement. For each material, gives the Average K Factor at specific Percent Engaged breakpoints (e.g. 20%, 40%, 80%, 100% radial engagement), used to interpolate engagement-length power correction during a cut.",unitless,fraction (0-1),368,6.64,10.0,0.8
tblEngagementLengthPower,"Power/torque adjustment curve for radial engagement. For each material, gives the Average K Factor at specific Percent Engaged breakpoints (e.g. 20%, 40%, 80%, 100% radial engagement), used to interpolate engagement-length power correction during a cut.",unitless,fraction (0-1),368,6.64,10.0,1.0
tblEngagementLengthPower,"Power/torque adjustment curve for radial engagement. For each material, gives the Average K Factor at specific Percent Engaged breakpoints (e.g. 20%, 40%, 80%, 100% radial engagement), used to interpolate engagement-length power correction during a cut.",unitless,fraction (0-1),368,6.64,3.1,0.8
tblEngagementLengthPower,"Power/torque adjustment curve for radial engagement. For each material, gives the Average K Factor at specific Percent Engaged breakpoints (e.g. 20%, 40%, 80%, 100% radial engagement), used to interpolate engagement-length power correction during a cut.",unitless,fraction (0-1),368,6.64,3.1,1.0
tblEngagementLengthPower,"Power/torque adjustment curve for radial engagement. For each material, gives the Average K Factor at specific Percent Engaged breakpoints (e.g. 20%, 40%, 80%, 100% radial engagement), used to interpolate engagement-length power correction during a cut.",unitless,fraction (0-1),368,6.67,2.12,0.2
tblEngagementLengthPower,"Power/torque adjustment curve for radial engagement. For each material, gives the Average K Factor at specific Percent Engaged breakpoints (e.g. 20%, 40%, 80%, 100% radial engagement), used to interpolate engagement-length power correction during a cut.",unitless,fraction (0-1),368,6.85,15.13,0.8
tblEngagementLengthPower,"Power/torque adjustment curve for radial engagement. For each material, gives the Average K Factor at specific Percent Engaged breakpoints (e.g. 20%, 40%, 80%, 100% radial engagement), used to interpolate engagement-length power correction during a cut.",unitless,fraction (0-1),368,6.85,15.13,1.0
tblEngagementLengthPower,"Power/torque adjustment curve for radial engagement. For each material, gives the Average K Factor at specific Percent Engaged breakpoints (e.g. 20%, 40%, 80%, 100% radial engagement), used to interpolate engagement-length power correction during a cut.",unitless,fraction (0-1),368,6.9,3.11,0.4
tblEngagementLengthPower,"Power/torque adjustment curve for radial engagement. For each material, gives the Average K Factor at specific Percent Engaged breakpoints (e.g. 20%, 40%, 80%, 100% radial engagement), used to interpolate engagement-length power correction during a cut.",unitless,fraction (0-1),368,6.9,6.3,0.4
tblEngagementLengthPower,"Power/torque adjustment curve for radial engagement. For each material, gives the Average K Factor at specific Percent Engaged breakpoints (e.g. 20%, 40%, 80%, 100% radial engagement), used to interpolate engagement-length power correction during a cut.",unitless,fraction (0-1),368,6.95,34.0,0.8
tblEngagementLengthPower,"Power/torque adjustment curve for radial engagement. For each material, gives the Average K Factor at specific Percent Engaged breakpoints (e.g. 20%, 40%, 80%, 100% radial engagement), used to interpolate engagement-length power correction during a cut.",unitless,fraction (0-1),368,6.95,34.0,1.0
tblEngagementLengthPower,"Power/torque adjustment curve for radial engagement. For each material, gives the Average K Factor at specific Percent Engaged breakpoints (e.g. 20%, 40%, 80%, 100% radial engagement), used to interpolate engagement-length power correction during a cut.",unitless,fraction (0-1),368,6.95,5.13,0.8
tblEngagementLengthPower,"Power/torque adjustment curve for radial engagement. For each material, gives the Average K Factor at specific Percent Engaged breakpoints (e.g. 20%, 40%, 80%, 100% radial engagement), used to interpolate engagement-length power correction during a cut.",unitless,fraction (0-1),368,6.95,5.13,1.0
tblEngagementLengthPower,"Power/torque adjustment curve for radial engagement. For each material, gives the Average K Factor at specific Percent Engaged breakpoints (e.g. 20%, 40%, 80%, 100% radial engagement), used to interpolate engagement-length power correction during a cut.",unitless,fraction (0-1),368,7.0,1.4,0.2
tblEngagementLengthPower,"Power/torque adjustment curve for radial engagement. For each material, gives the Average K Factor at specific Percent Engaged breakpoints (e.g. 20%, 40%, 80%, 100% radial engagement), used to interpolate engagement-length power correction during a cut.",unitless,fraction (0-1),368,7.0,15.21,0.2
tblEngagementLengthPower,"Power/torque adjustment curve for radial engagement. For each material, gives the Average K Factor at specific Percent Engaged breakpoints (e.g. 20%, 40%, 80%, 100% radial engagement), used to interpolate engagement-length power correction during a cut.",unitless,fraction (0-1),368,7.0,15.51,0.2
tblEngagementLengthPower,"Power/torque adjustment curve for radial engagement. For each material, gives the Average K Factor at specific Percent Engaged breakpoints (e.g. 20%, 40%, 80%, 100% radial engagement), used to interpolate engagement-length power correction during a cut.",unitless,fraction (0-1),368,7.0,3.13,0.8
tblEngagementLengthPower,"Power/torque adjustment curve for radial engagement. For each material, gives the Average K Factor at specific Percent Engaged breakpoints (e.g. 20%, 40%, 80%, 100% radial engagement), used to interpolate engagement-length power correction during a cut.",unitless,fraction (0-1),368,7.0,3.13,1.0
tblEngagementLengthPower,"Power/torque adjustment curve for radial engagement. For each material, gives the Average K Factor at specific Percent Engaged breakpoints (e.g. 20%, 40%, 80%, 100% radial engagement), used to interpolate engagement-length power correction during a cut.",unitless,fraction (0-1),368,7.0,5.2,0.2
tblEngagementLengthPower,"Power/torque adjustment curve for radial engagement. For each material, gives the Average K Factor at specific Percent Engaged breakpoints (e.g. 20%, 40%, 80%, 100% radial engagement), used to interpolate engagement-length power correction during a cut.",unitless,fraction (0-1),368,7.0,5.51,0.2
tblEngagementLengthPower,"Power/torque adjustment curve for radial engagement. For each material, gives the Average K Factor at specific Percent Engaged breakpoints (e.g. 20%, 40%, 80%, 100% radial engagement), used to interpolate engagement-length power correction during a cut.",unitless,fraction (0-1),368,7.1,1.5,0.4
tblEngagementLengthPower,"Power/torque adjustment curve for radial engagement. For each material, gives the Average K Factor at specific Percent Engaged breakpoints (e.g. 20%, 40%, 80%, 100% radial engagement), used to interpolate engagement-length power correction during a cut.",unitless,fraction (0-1),368,7.1,2.2,0.4
tblEngagementLengthPower,"Power/torque adjustment curve for radial engagement. For each material, gives the Average K Factor at specific Percent Engaged breakpoints (e.g. 20%, 40%, 80%, 100% radial engagement), used to interpolate engagement-length power correction during a cut.",unitless,fraction (0-1),368,7.16,15.23,0.4
tblEngagementLengthPower,"Power/torque adjustment curve for radial engagement. For each material, gives the Average K Factor at specific Percent Engaged breakpoints (e.g. 20%, 40%, 80%, 100% radial engagement), used to interpolate engagement-length power correction during a cut.",unitless,fraction (0-1),368,7.16,9.3,0.4
tblEngagementLengthPower,"Power/torque adjustment curve for radial engagement. For each material, gives the Average K Factor at specific Percent Engaged breakpoints (e.g. 20%, 40%, 80%, 100% radial engagement), used to interpolate engagement-length power correction during a cut.",unitless,fraction (0-1),368,7.18,5.23,0.8
tblEngagementLengthPower,"Power/torque adjustment curve for radial engagement. For each material, gives the Average K Factor at specific Percent Engaged breakpoints (e.g. 20%, 40%, 80%, 100% radial engagement), used to interpolate engagement-length power correction during a cut.",unitless,fraction (0-1),368,7.18,5.23,1.0
tblEngagementLengthPower,"Power/torque adjustment curve for radial engagement. For each material, gives the Average K Factor at specific Percent Engaged breakpoints (e.g. 20%, 40%, 80%, 100% radial engagement), used to interpolate engagement-length power correction during a cut.",unitless,fraction (0-1),368,7.25,5.52,0.8
tblEngagementLengthPower,"Power/torque adjustment curve for radial engagement. For each material, gives the Average K Factor at specific Percent Engaged breakpoints (e.g. 20%, 40%, 80%, 100% radial engagement), used to interpolate engagement-length power correction during a cut.",unitless,fraction (0-1),368,7.25,5.52,1.0
tblEngagementLengthPower,"Power/torque adjustment curve for radial engagement. For each material, gives the Average K Factor at specific Percent Engaged breakpoints (e.g. 20%, 40%, 80%, 100% radial engagement), used to interpolate engagement-length power correction during a cut.",unitless,fraction (0-1),368,7.26,10.0,0.4
tblEngagementLengthPower,"Power/torque adjustment curve for radial engagement. For each material, gives the Average K Factor at specific Percent Engaged breakpoints (e.g. 20%, 40%, 80%, 100% radial engagement), used to interpolate engagement-length power correction during a cut.",unitless,fraction (0-1),368,7.26,3.1,0.4
tblEngagementLengthPower,"Power/torque adjustment curve for radial engagement. For each material, gives the Average K Factor at specific Percent Engaged breakpoints (e.g. 20%, 40%, 80%, 100% radial engagement), used to interpolate engagement-length power correction during a cut.",unitless,fraction (0-1),368,7.42,6.32,0.8
tblEngagementLengthPower,"Power/torque adjustment curve for radial engagement. For each material, gives the Average K Factor at specific Percent Engaged breakpoints (e.g. 20%, 40%, 80%, 100% radial engagement), used to interpolate engagement-length power correction during a cut.",unitless,fraction (0-1),368,7.42,6.32,1.0
tblEngagementLengthPower,"Power/torque adjustment curve for radial engagement. For each material, gives the Average K Factor at specific Percent Engaged breakpoints (e.g. 20%, 40%, 80%, 100% radial engagement), used to interpolate engagement-length power correction during a cut.",unitless,fraction (0-1),368,7.45,15.13,0.4
tblEngagementLengthPower,"Power/torque adjustment curve for radial engagement. For each material, gives the Average K Factor at specific Percent Engaged breakpoints (e.g. 20%, 40%, 80%, 100% radial engagement), used to interpolate engagement-length power correction during a cut.",unitless,fraction (0-1),368,7.5,3.11,0.2
tblEngagementLengthPower,"Power/torque adjustment curve for radial engagement. For each material, gives the Average K Factor at specific Percent Engaged breakpoints (e.g. 20%, 40%, 80%, 100% radial engagement), used to interpolate engagement-length power correction during a cut.",unitless,fraction (0-1),368,7.5,34.0,0.4
tblEngagementLengthPower,"Power/torque adjustment curve for radial engagement. For each material, gives the Average K Factor at specific Percent Engaged breakpoints (e.g. 20%, 40%, 80%, 100% radial engagement), used to interpolate engagement-length power correction during a cut.",unitless,fraction (0-1),368,7.5,5.13,0.4
tblEngagementLengthPower,"Power/torque adjustment curve for radial engagement. For each material, gives the Average K Factor at specific Percent Engaged breakpoints (e.g. 20%, 40%, 80%, 100% radial engagement), used to interpolate engagement-length power correction during a cut.",unitless,fraction (0-1),368,7.5,6.3,0.2
tblEngagementLengthPower,"Power/torque adjustment curve for radial engagement. For each material, gives the Average K Factor at specific Percent Engaged breakpoints (e.g. 20%, 40%, 80%, 100% radial engagement), used to interpolate engagement-length power correction during a cut.",unitless,fraction (0-1),368,7.6,3.13,0.4
tblEngagementLengthPower,"Power/torque adjustment curve for radial engagement. For each material, gives the Average K Factor at specific Percent Engaged breakpoints (e.g. 20%, 40%, 80%, 100% radial engagement), used to interpolate engagement-length power correction during a cut.",unitless,fraction (0-1),368,7.7,15.52,0.8
tblEngagementLengthPower,"Power/torque adjustment curve for radial engagement. For each material, gives the Average K Factor at specific Percent Engaged breakpoints (e.g. 20%, 40%, 80%, 100% radial engagement), used to interpolate engagement-length power correction during a cut.",unitless,fraction (0-1),368,7.7,15.52,1.0
tblEngagementLengthPower,"Power/torque adjustment curve for radial engagement. For each material, gives the Average K Factor at specific Percent Engaged breakpoints (e.g. 20%, 40%, 80%, 100% radial engagement), used to interpolate engagement-length power correction during a cut.",unitless,fraction (0-1),368,7.75,1.5,0.2
tblEngagementLengthPower,"Power/torque adjustment curve for radial engagement. For each material, gives the Average K Factor at specific Percent Engaged breakpoints (e.g. 20%, 40%, 80%, 100% radial engagement), used to interpolate engagement-length power correction during a cut.",unitless,fraction (0-1),368,7.75,2.2,0.2
tblEngagementLengthPower,"Power/torque adjustment curve for radial engagement. For each material, gives the Average K Factor at specific Percent Engaged breakpoints (e.g. 20%, 40%, 80%, 100% radial engagement), used to interpolate engagement-length power correction during a cut.",unitless,fraction (0-1),368,7.8,5.52,0.4
tblEngagementLengthPower,"Power/torque adjustment curve for radial engagement. For each material, gives the Average K Factor at specific Percent Engaged breakpoints (e.g. 20%, 40%, 80%, 100% radial engagement), used to interpolate engagement-length power correction during a cut.",unitless,fraction (0-1),368,7.83,15.23,0.2
tblEngagementLengthPower,"Power/torque adjustment curve for radial engagement. For each material, gives the Average K Factor at specific Percent Engaged breakpoints (e.g. 20%, 40%, 80%, 100% radial engagement), used to interpolate engagement-length power correction during a cut.",unitless,fraction (0-1),368,7.83,9.3,0.2
tblEngagementLengthPower,"Power/torque adjustment curve for radial engagement. For each material, gives the Average K Factor at specific Percent Engaged breakpoints (e.g. 20%, 40%, 80%, 100% radial engagement), used to interpolate engagement-length power correction during a cut.",unitless,fraction (0-1),368,7.84,5.23,0.4
tblEngagementLengthPower,"Power/torque adjustment curve for radial engagement. For each material, gives the Average K Factor at specific Percent Engaged breakpoints (e.g. 20%, 40%, 80%, 100% radial engagement), used to interpolate engagement-length power correction during a cut.",unitless,fraction (0-1),368,7.95,10.0,0.2
tblEngagementLengthPower,"Power/torque adjustment curve for radial engagement. For each material, gives the Average K Factor at specific Percent Engaged breakpoints (e.g. 20%, 40%, 80%, 100% radial engagement), used to interpolate engagement-length power correction during a cut.",unitless,fraction (0-1),368,7.95,3.1,0.2
tblEngagementLengthPower,"Power/torque adjustment curve for radial engagement. For each material, gives the Average K Factor at specific Percent Engaged breakpoints (e.g. 20%, 40%, 80%, 100% radial engagement), used to interpolate engagement-length power correction during a cut.",unitless,fraction (0-1),368,8.05,34.0,0.2
tblEngagementLengthPower,"Power/torque adjustment curve for radial engagement. For each material, gives the Average K Factor at specific Percent Engaged breakpoints (e.g. 20%, 40%, 80%, 100% radial engagement), used to interpolate engagement-length power correction during a cut.",unitless,fraction (0-1),368,8.05,5.13,0.2
tblEngagementLengthPower,"Power/torque adjustment curve for radial engagement. For each material, gives the Average K Factor at specific Percent Engaged breakpoints (e.g. 20%, 40%, 80%, 100% radial engagement), used to interpolate engagement-length power correction during a cut.",unitless,fraction (0-1),368,8.1,15.12,0.8
tblEngagementLengthPower,"Power/torque adjustment curve for radial engagement. For each material, gives the Average K Factor at specific Percent Engaged breakpoints (e.g. 20%, 40%, 80%, 100% radial engagement), used to interpolate engagement-length power correction during a cut.",unitless,fraction (0-1),368,8.1,15.12,1.0
tblEngagementLengthPower,"Power/torque adjustment curve for radial engagement. For each material, gives the Average K Factor at specific Percent Engaged breakpoints (e.g. 20%, 40%, 80%, 100% radial engagement), used to interpolate engagement-length power correction during a cut.",unitless,fraction (0-1),368,8.1,15.13,0.2
tblEngagementLengthPower,"Power/torque adjustment curve for radial engagement. For each material, gives the Average K Factor at specific Percent Engaged breakpoints (e.g. 20%, 40%, 80%, 100% radial engagement), used to interpolate engagement-length power correction during a cut.",unitless,fraction (0-1),368,8.1,15.22,0.8
tblEngagementLengthPower,"Power/torque adjustment curve for radial engagement. For each material, gives the Average K Factor at specific Percent Engaged breakpoints (e.g. 20%, 40%, 80%, 100% radial engagement), used to interpolate engagement-length power correction during a cut.",unitless,fraction (0-1),368,8.1,15.22,1.0
tblEngagementLengthPower,"Power/torque adjustment curve for radial engagement. For each material, gives the Average K Factor at specific Percent Engaged breakpoints (e.g. 20%, 40%, 80%, 100% radial engagement), used to interpolate engagement-length power correction during a cut.",unitless,fraction (0-1),368,8.1,20.23,0.8
tblEngagementLengthPower,"Power/torque adjustment curve for radial engagement. For each material, gives the Average K Factor at specific Percent Engaged breakpoints (e.g. 20%, 40%, 80%, 100% radial engagement), used to interpolate engagement-length power correction during a cut.",unitless,fraction (0-1),368,8.1,20.23,1.0
tblEngagementLengthPower,"Power/torque adjustment curve for radial engagement. For each material, gives the Average K Factor at specific Percent Engaged breakpoints (e.g. 20%, 40%, 80%, 100% radial engagement), used to interpolate engagement-length power correction during a cut.",unitless,fraction (0-1),368,8.11,6.32,0.4
tblEngagementLengthPower,"Power/torque adjustment curve for radial engagement. For each material, gives the Average K Factor at specific Percent Engaged breakpoints (e.g. 20%, 40%, 80%, 100% radial engagement), used to interpolate engagement-length power correction during a cut.",unitless,fraction (0-1),368,8.2,10.1,0.8
tblEngagementLengthPower,"Power/torque adjustment curve for radial engagement. For each material, gives the Average K Factor at specific Percent Engaged breakpoints (e.g. 20%, 40%, 80%, 100% radial engagement), used to interpolate engagement-length power correction during a cut.",unitless,fraction (0-1),368,8.2,10.1,1.0
tblEngagementLengthPower,"Power/torque adjustment curve for radial engagement. For each material, gives the Average K Factor at specific Percent Engaged breakpoints (e.g. 20%, 40%, 80%, 100% radial engagement), used to interpolate engagement-length power correction during a cut.",unitless,fraction (0-1),368,8.3,3.13,0.2
tblEngagementLengthPower,"Power/torque adjustment curve for radial engagement. For each material, gives the Average K Factor at specific Percent Engaged breakpoints (e.g. 20%, 40%, 80%, 100% radial engagement), used to interpolate engagement-length power correction during a cut.",unitless,fraction (0-1),368,8.4,15.52,0.4
tblEngagementLengthPower,"Power/torque adjustment curve for radial engagement. For each material, gives the Average K Factor at specific Percent Engaged breakpoints (e.g. 20%, 40%, 80%, 100% radial engagement), used to interpolate engagement-length power correction during a cut.",unitless,fraction (0-1),368,8.4,20.11,0.8
tblEngagementLengthPower,"Power/torque adjustment curve for radial engagement. For each material, gives the Average K Factor at specific Percent Engaged breakpoints (e.g. 20%, 40%, 80%, 100% radial engagement), used to interpolate engagement-length power correction during a cut.",unitless,fraction (0-1),368,8.4,20.11,1.0
tblEngagementLengthPower,"Power/torque adjustment curve for radial engagement. For each material, gives the Average K Factor at specific Percent Engaged breakpoints (e.g. 20%, 40%, 80%, 100% radial engagement), used to interpolate engagement-length power correction during a cut.",unitless,fraction (0-1),368,8.4,5.52,0.2
tblEngagementLengthPower,"Power/torque adjustment curve for radial engagement. For each material, gives the Average K Factor at specific Percent Engaged breakpoints (e.g. 20%, 40%, 80%, 100% radial engagement), used to interpolate engagement-length power correction during a cut.",unitless,fraction (0-1),368,8.45,5.12,0.8
tblEngagementLengthPower,"Power/torque adjustment curve for radial engagement. For each material, gives the Average K Factor at specific Percent Engaged breakpoints (e.g. 20%, 40%, 80%, 100% radial engagement), used to interpolate engagement-length power correction during a cut.",unitless,fraction (0-1),368,8.45,5.12,1.0
tblEngagementLengthPower,"Power/torque adjustment curve for radial engagement. For each material, gives the Average K Factor at specific Percent Engaged breakpoints (e.g. 20%, 40%, 80%, 100% radial engagement), used to interpolate engagement-length power correction during a cut.",unitless,fraction (0-1),368,8.45,5.21,0.8
tblEngagementLengthPower,"Power/torque adjustment curve for radial engagement. For each material, gives the Average K Factor at specific Percent Engaged breakpoints (e.g. 20%, 40%, 80%, 100% radial engagement), used to interpolate engagement-length power correction during a cut.",unitless,fraction (0-1),368,8.45,5.21,1.0
tblEngagementLengthPower,"Power/torque adjustment curve for radial engagement. For each material, gives the Average K Factor at specific Percent Engaged breakpoints (e.g. 20%, 40%, 80%, 100% radial engagement), used to interpolate engagement-length power correction during a cut.",unitless,fraction (0-1),368,8.45,5.22,0.8
tblEngagementLengthPower,"Power/torque adjustment curve for radial engagement. For each material, gives the Average K Factor at specific Percent Engaged breakpoints (e.g. 20%, 40%, 80%, 100% radial engagement), used to interpolate engagement-length power correction during a cut.",unitless,fraction (0-1),368,8.45,5.22,1.0
tblEngagementLengthPower,"Power/torque adjustment curve for radial engagement. For each material, gives the Average K Factor at specific Percent Engaged breakpoints (e.g. 20%, 40%, 80%, 100% radial engagement), used to interpolate engagement-length power correction during a cut.",unitless,fraction (0-1),368,8.58,5.23,0.2
tblEngagementLengthPower,"Power/torque adjustment curve for radial engagement. For each material, gives the Average K Factor at specific Percent Engaged breakpoints (e.g. 20%, 40%, 80%, 100% radial engagement), used to interpolate engagement-length power correction during a cut.",unitless,fraction (0-1),368,8.75,20.12,0.8
tblEngagementLengthPower,"Power/torque adjustment curve for radial engagement. For each material, gives the Average K Factor at specific Percent Engaged breakpoints (e.g. 20%, 40%, 80%, 100% radial engagement), used to interpolate engagement-length power correction during a cut.",unitless,fraction (0-1),368,8.75,20.12,1.0
tblEngagementLengthPower,"Power/torque adjustment curve for radial engagement. For each material, gives the Average K Factor at specific Percent Engaged breakpoints (e.g. 20%, 40%, 80%, 100% radial engagement), used to interpolate engagement-length power correction during a cut.",unitless,fraction (0-1),368,8.85,15.12,0.4
tblEngagementLengthPower,"Power/torque adjustment curve for radial engagement. For each material, gives the Average K Factor at specific Percent Engaged breakpoints (e.g. 20%, 40%, 80%, 100% radial engagement), used to interpolate engagement-length power correction during a cut.",unitless,fraction (0-1),368,8.85,15.22,0.4
tblEngagementLengthPower,"Power/torque adjustment curve for radial engagement. For each material, gives the Average K Factor at specific Percent Engaged breakpoints (e.g. 20%, 40%, 80%, 100% radial engagement), used to interpolate engagement-length power correction during a cut.",unitless,fraction (0-1),368,8.85,20.23,0.4
tblEngagementLengthPower,"Power/torque adjustment curve for radial engagement. For each material, gives the Average K Factor at specific Percent Engaged breakpoints (e.g. 20%, 40%, 80%, 100% radial engagement), used to interpolate engagement-length power correction during a cut.",unitless,fraction (0-1),368,8.87,6.32,0.2
tblEngagementLengthPower,"Power/torque adjustment curve for radial engagement. For each material, gives the Average K Factor at specific Percent Engaged breakpoints (e.g. 20%, 40%, 80%, 100% radial engagement), used to interpolate engagement-length power correction during a cut.",unitless,fraction (0-1),368,9.05,10.1,0.4
tblEngagementLengthPower,"Power/torque adjustment curve for radial engagement. For each material, gives the Average K Factor at specific Percent Engaged breakpoints (e.g. 20%, 40%, 80%, 100% radial engagement), used to interpolate engagement-length power correction during a cut.",unitless,fraction (0-1),368,9.1,5.12,0.4
tblEngagementLengthPower,"Power/torque adjustment curve for radial engagement. For each material, gives the Average K Factor at specific Percent Engaged breakpoints (e.g. 20%, 40%, 80%, 100% radial engagement), used to interpolate engagement-length power correction during a cut.",unitless,fraction (0-1),368,9.1,5.21,0.4
tblEngagementLengthPower,"Power/torque adjustment curve for radial engagement. For each material, gives the Average K Factor at specific Percent Engaged breakpoints (e.g. 20%, 40%, 80%, 100% radial engagement), used to interpolate engagement-length power correction during a cut.",unitless,fraction (0-1),368,9.1,5.22,0.4
tblEngagementLengthPower,"Power/torque adjustment curve for radial engagement. For each material, gives the Average K Factor at specific Percent Engaged breakpoints (e.g. 20%, 40%, 80%, 100% radial engagement), used to interpolate engagement-length power correction during a cut.",unitless,fraction (0-1),368,9.2,15.52,0.2
tblEngagementLengthPower,"Power/torque adjustment curve for radial engagement. For each material, gives the Average K Factor at specific Percent Engaged breakpoints (e.g. 20%, 40%, 80%, 100% radial engagement), used to interpolate engagement-length power correction during a cut.",unitless,fraction (0-1),368,9.2,20.11,0.4
tblEngagementLengthPower,"Power/torque adjustment curve for radial engagement. For each material, gives the Average K Factor at specific Percent Engaged breakpoints (e.g. 20%, 40%, 80%, 100% radial engagement), used to interpolate engagement-length power correction during a cut.",unitless,fraction (0-1),368,9.3,20.21,0.8
tblEngagementLengthPower,"Power/torque adjustment curve for radial engagement. For each material, gives the Average K Factor at specific Percent Engaged breakpoints (e.g. 20%, 40%, 80%, 100% radial engagement), used to interpolate engagement-length power correction during a cut.",unitless,fraction (0-1),368,9.3,20.21,1.0
tblEngagementLengthPower,"Power/torque adjustment curve for radial engagement. For each material, gives the Average K Factor at specific Percent Engaged breakpoints (e.g. 20%, 40%, 80%, 100% radial engagement), used to interpolate engagement-length power correction during a cut.",unitless,fraction (0-1),368,9.36,6.33,0.8
tblEngagementLengthPower,"Power/torque adjustment curve for radial engagement. For each material, gives the Average K Factor at specific Percent Engaged breakpoints (e.g. 20%, 40%, 80%, 100% radial engagement), used to interpolate engagement-length power correction during a cut.",unitless,fraction (0-1),368,9.36,6.33,1.0
tblEngagementLengthPower,"Power/torque adjustment curve for radial engagement. For each material, gives the Average K Factor at specific Percent Engaged breakpoints (e.g. 20%, 40%, 80%, 100% radial engagement), used to interpolate engagement-length power correction during a cut.",unitless,fraction (0-1),368,9.4,3.21,0.8
tblEngagementLengthPower,"Power/torque adjustment curve for radial engagement. For each material, gives the Average K Factor at specific Percent Engaged breakpoints (e.g. 20%, 40%, 80%, 100% radial engagement), used to interpolate engagement-length power correction during a cut.",unitless,fraction (0-1),368,9.4,3.21,1.0
tblEngagementLengthPower,"Power/torque adjustment curve for radial engagement. For each material, gives the Average K Factor at specific Percent Engaged breakpoints (e.g. 20%, 40%, 80%, 100% radial engagement), used to interpolate engagement-length power correction during a cut.",unitless,fraction (0-1),368,9.45,20.31,0.8
tblEngagementLengthPower,"Power/torque adjustment curve for radial engagement. For each material, gives the Average K Factor at specific Percent Engaged breakpoints (e.g. 20%, 40%, 80%, 100% radial engagement), used to interpolate engagement-length power correction during a cut.",unitless,fraction (0-1),368,9.45,20.31,1.0
tblEngagementLengthPower,"Power/torque adjustment curve for radial engagement. For each material, gives the Average K Factor at specific Percent Engaged breakpoints (e.g. 20%, 40%, 80%, 100% radial engagement), used to interpolate engagement-length power correction during a cut.",unitless,fraction (0-1),368,9.55,20.12,0.4
tblEngagementLengthPower,"Power/torque adjustment curve for radial engagement. For each material, gives the Average K Factor at specific Percent Engaged breakpoints (e.g. 20%, 40%, 80%, 100% radial engagement), used to interpolate engagement-length power correction during a cut.",unitless,fraction (0-1),368,9.65,15.12,0.2
tblEngagementLengthPower,"Power/torque adjustment curve for radial engagement. For each material, gives the Average K Factor at specific Percent Engaged breakpoints (e.g. 20%, 40%, 80%, 100% radial engagement), used to interpolate engagement-length power correction during a cut.",unitless,fraction (0-1),368,9.65,15.22,0.2
tblEngagementLengthPower,"Power/torque adjustment curve for radial engagement. For each material, gives the Average K Factor at specific Percent Engaged breakpoints (e.g. 20%, 40%, 80%, 100% radial engagement), used to interpolate engagement-length power correction during a cut.",unitless,fraction (0-1),368,9.69,20.23,0.2
tblEngagementLengthPower,"Power/torque adjustment curve for radial engagement. For each material, gives the Average K Factor at specific Percent Engaged breakpoints (e.g. 20%, 40%, 80%, 100% radial engagement), used to interpolate engagement-length power correction during a cut.",unitless,fraction (0-1),368,9.8,5.12,0.2
tblEngagementLengthPower,"Power/torque adjustment curve for radial engagement. For each material, gives the Average K Factor at specific Percent Engaged breakpoints (e.g. 20%, 40%, 80%, 100% radial engagement), used to interpolate engagement-length power correction during a cut.",unitless,fraction (0-1),368,9.8,5.21,0.2
tblEngagementLengthPower,"Power/torque adjustment curve for radial engagement. For each material, gives the Average K Factor at specific Percent Engaged breakpoints (e.g. 20%, 40%, 80%, 100% radial engagement), used to interpolate engagement-length power correction during a cut.",unitless,fraction (0-1),368,9.8,5.22,0.2
tblEngagementLengthPower,"Power/torque adjustment curve for radial engagement. For each material, gives the Average K Factor at specific Percent Engaged breakpoints (e.g. 20%, 40%, 80%, 100% radial engagement), used to interpolate engagement-length power correction during a cut.",unitless,fraction (0-1),368,9.94,3.2,0.8
tblEngagementLengthPower,"Power/torque adjustment curve for radial engagement. For each material, gives the Average K Factor at specific Percent Engaged breakpoints (e.g. 20%, 40%, 80%, 100% radial engagement), used to interpolate engagement-length power correction during a cut.",unitless,fraction (0-1),368,9.94,3.2,1.0
tblEngagementLengthPower,"Power/torque adjustment curve for radial engagement. For each material, gives the Average K Factor at specific Percent Engaged breakpoints (e.g. 20%, 40%, 80%, 100% radial engagement), used to interpolate engagement-length power correction during a cut.",unitless,fraction (0-1),368,9.95,10.1,0.2
tblEngagementLengthPower,"Power/torque adjustment curve for radial engagement. For each material, gives the Average K Factor at specific Percent Engaged breakpoints (e.g. 20%, 40%, 80%, 100% radial engagement), used to interpolate engagement-length power correction during a cut.",unitless,fraction (0-1),368,10.0,20.11,0.2
tblEngagementLengthPower,"Power/torque adjustment curve for radial engagement. For each material, gives the Average K Factor at specific Percent Engaged breakpoints (e.g. 20%, 40%, 80%, 100% radial engagement), used to interpolate engagement-length power correction during a cut.",unitless,fraction (0-1),368,10.1,3.22,0.8
tblEngagementLengthPower,"Power/torque adjustment curve for radial engagement. For each material, gives the Average K Factor at specific Percent Engaged breakpoints (e.g. 20%, 40%, 80%, 100% radial engagement), used to interpolate engagement-length power correction during a cut.",unitless,fraction (0-1),368,10.1,3.22,1.0
tblEngagementLengthPower,"Power/torque adjustment curve for radial engagement. For each material, gives the Average K Factor at specific Percent Engaged breakpoints (e.g. 20%, 40%, 80%, 100% radial engagement), used to interpolate engagement-length power correction during a cut.",unitless,fraction (0-1),368,10.15,20.21,0.4
tblEngagementLengthPower,"Power/torque adjustment curve for radial engagement. For each material, gives the Average K Factor at specific Percent Engaged breakpoints (e.g. 20%, 40%, 80%, 100% radial engagement), used to interpolate engagement-length power correction during a cut.",unitless,fraction (0-1),368,10.15,20.22,0.8
tblEngagementLengthPower,"Power/torque adjustment curve for radial engagement. For each material, gives the Average K Factor at specific Percent Engaged breakpoints (e.g. 20%, 40%, 80%, 100% radial engagement), used to interpolate engagement-length power correction during a cut.",unitless,fraction (0-1),368,10.15,20.22,1.0
tblEngagementLengthPower,"Power/torque adjustment curve for radial engagement. For each material, gives the Average K Factor at specific Percent Engaged breakpoints (e.g. 20%, 40%, 80%, 100% radial engagement), used to interpolate engagement-length power correction during a cut.",unitless,fraction (0-1),368,10.23,6.33,0.4
tblEngagementLengthPower,"Power/torque adjustment curve for radial engagement. For each material, gives the Average K Factor at specific Percent Engaged breakpoints (e.g. 20%, 40%, 80%, 100% radial engagement), used to interpolate engagement-length power correction during a cut.",unitless,fraction (0-1),368,10.25,3.21,0.4
tblEngagementLengthPower,"Power/torque adjustment curve for radial engagement. For each material, gives the Average K Factor at specific Percent Engaged breakpoints (e.g. 20%, 40%, 80%, 100% radial engagement), used to interpolate engagement-length power correction during a cut.",unitless,fraction (0-1),368,10.3,20.31,0.4
tblEngagementLengthPower,"Power/torque adjustment curve for radial engagement. For each material, gives the Average K Factor at specific Percent Engaged breakpoints (e.g. 20%, 40%, 80%, 100% radial engagement), used to interpolate engagement-length power correction during a cut.",unitless,fraction (0-1),368,10.4,20.12,0.2
tblEngagementLengthPower,"Power/torque adjustment curve for radial engagement. For each material, gives the Average K Factor at specific Percent Engaged breakpoints (e.g. 20%, 40%, 80%, 100% radial engagement), used to interpolate engagement-length power correction during a cut.",unitless,fraction (0-1),368,10.5,20.24,0.8
tblEngagementLengthPower,"Power/torque adjustment curve for radial engagement. For each material, gives the Average K Factor at specific Percent Engaged breakpoints (e.g. 20%, 40%, 80%, 100% radial engagement), used to interpolate engagement-length power correction during a cut.",unitless,fraction (0-1),368,10.5,20.24,1.0
tblEngagementLengthPower,"Power/torque adjustment curve for radial engagement. For each material, gives the Average K Factor at specific Percent Engaged breakpoints (e.g. 20%, 40%, 80%, 100% radial engagement), used to interpolate engagement-length power correction during a cut.",unitless,fraction (0-1),368,10.5,20.32,0.8
tblEngagementLengthPower,"Power/torque adjustment curve for radial engagement. For each material, gives the Average K Factor at specific Percent Engaged breakpoints (e.g. 20%, 40%, 80%, 100% radial engagement), used to interpolate engagement-length power correction during a cut.",unitless,fraction (0-1),368,10.5,20.32,1.0
tblEngagementLengthPower,"Power/torque adjustment curve for radial engagement. For each material, gives the Average K Factor at specific Percent Engaged breakpoints (e.g. 20%, 40%, 80%, 100% radial engagement), used to interpolate engagement-length power correction during a cut.",unitless,fraction (0-1),368,10.85,20.33,0.8
tblEngagementLengthPower,"Power/torque adjustment curve for radial engagement. For each material, gives the Average K Factor at specific Percent Engaged breakpoints (e.g. 20%, 40%, 80%, 100% radial engagement), used to interpolate engagement-length power correction during a cut.",unitless,fraction (0-1),368,10.85,20.33,1.0
tblEngagementLengthPower,"Power/torque adjustment curve for radial engagement. For each material, gives the Average K Factor at specific Percent Engaged breakpoints (e.g. 20%, 40%, 80%, 100% radial engagement), used to interpolate engagement-length power correction during a cut.",unitless,fraction (0-1),368,10.87,3.2,0.4
tblEngagementLengthPower,"Power/torque adjustment curve for radial engagement. For each material, gives the Average K Factor at specific Percent Engaged breakpoints (e.g. 20%, 40%, 80%, 100% radial engagement), used to interpolate engagement-length power correction during a cut.",unitless,fraction (0-1),368,11.0,3.22,0.4
tblEngagementLengthPower,"Power/torque adjustment curve for radial engagement. For each material, gives the Average K Factor at specific Percent Engaged breakpoints (e.g. 20%, 40%, 80%, 100% radial engagement), used to interpolate engagement-length power correction during a cut.",unitless,fraction (0-1),368,11.01,4.0,0.8
tblEngagementLengthPower,"Power/torque adjustment curve for radial engagement. For each material, gives the Average K Factor at specific Percent Engaged breakpoints (e.g. 20%, 40%, 80%, 100% radial engagement), used to interpolate engagement-length power correction during a cut.",unitless,fraction (0-1),368,11.01,4.0,1.0
tblEngagementLengthPower,"Power/torque adjustment curve for radial engagement. For each material, gives the Average K Factor at specific Percent Engaged breakpoints (e.g. 20%, 40%, 80%, 100% radial engagement), used to interpolate engagement-length power correction during a cut.",unitless,fraction (0-1),368,11.05,20.21,0.2
tblEngagementLengthPower,"Power/torque adjustment curve for radial engagement. For each material, gives the Average K Factor at specific Percent Engaged breakpoints (e.g. 20%, 40%, 80%, 100% radial engagement), used to interpolate engagement-length power correction during a cut.",unitless,fraction (0-1),368,11.05,20.22,0.4
tblEngagementLengthPower,"Power/torque adjustment curve for radial engagement. For each material, gives the Average K Factor at specific Percent Engaged breakpoints (e.g. 20%, 40%, 80%, 100% radial engagement), used to interpolate engagement-length power correction during a cut.",unitless,fraction (0-1),368,11.19,6.33,0.2
tblEngagementLengthPower,"Power/torque adjustment curve for radial engagement. For each material, gives the Average K Factor at specific Percent Engaged breakpoints (e.g. 20%, 40%, 80%, 100% radial engagement), used to interpolate engagement-length power correction during a cut.",unitless,fraction (0-1),368,11.2,3.21,0.2
tblEngagementLengthPower,"Power/torque adjustment curve for radial engagement. For each material, gives the Average K Factor at specific Percent Engaged breakpoints (e.g. 20%, 40%, 80%, 100% radial engagement), used to interpolate engagement-length power correction during a cut.",unitless,fraction (0-1),368,11.25,20.31,0.2
tblEngagementLengthPower,"Power/torque adjustment curve for radial engagement. For each material, gives the Average K Factor at specific Percent Engaged breakpoints (e.g. 20%, 40%, 80%, 100% radial engagement), used to interpolate engagement-length power correction during a cut.",unitless,fraction (0-1),368,11.5,20.24,0.4
tblEngagementLengthPower,"Power/torque adjustment curve for radial engagement. For each material, gives the Average K Factor at specific Percent Engaged breakpoints (e.g. 20%, 40%, 80%, 100% radial engagement), used to interpolate engagement-length power correction during a cut.",unitless,fraction (0-1),368,11.5,20.32,0.4
tblEngagementLengthPower,"Power/torque adjustment curve for radial engagement. For each material, gives the Average K Factor at specific Percent Engaged breakpoints (e.g. 20%, 40%, 80%, 100% radial engagement), used to interpolate engagement-length power correction during a cut.",unitless,fraction (0-1),368,11.85,20.33,0.4
tblEngagementLengthPower,"Power/torque adjustment curve for radial engagement. For each material, gives the Average K Factor at specific Percent Engaged breakpoints (e.g. 20%, 40%, 80%, 100% radial engagement), used to interpolate engagement-length power correction during a cut.",unitless,fraction (0-1),368,11.89,3.2,0.2
tblEngagementLengthPower,"Power/torque adjustment curve for radial engagement. For each material, gives the Average K Factor at specific Percent Engaged breakpoints (e.g. 20%, 40%, 80%, 100% radial engagement), used to interpolate engagement-length power correction during a cut.",unitless,fraction (0-1),368,11.95,3.22,0.2
tblEngagementLengthPower,"Power/torque adjustment curve for radial engagement. For each material, gives the Average K Factor at specific Percent Engaged breakpoints (e.g. 20%, 40%, 80%, 100% radial engagement), used to interpolate engagement-length power correction during a cut.",unitless,fraction (0-1),368,12.03,4.0,0.4
tblEngagementLengthPower,"Power/torque adjustment curve for radial engagement. For each material, gives the Average K Factor at specific Percent Engaged breakpoints (e.g. 20%, 40%, 80%, 100% radial engagement), used to interpolate engagement-length power correction during a cut.",unitless,fraction (0-1),368,12.05,20.22,0.2
tblEngagementLengthPower,"Power/torque adjustment curve for radial engagement. For each material, gives the Average K Factor at specific Percent Engaged breakpoints (e.g. 20%, 40%, 80%, 100% radial engagement), used to interpolate engagement-length power correction during a cut.",unitless,fraction (0-1),368,12.5,20.24,0.2
tblEngagementLengthPower,"Power/torque adjustment curve for radial engagement. For each material, gives the Average K Factor at specific Percent Engaged breakpoints (e.g. 20%, 40%, 80%, 100% radial engagement), used to interpolate engagement-length power correction during a cut.",unitless,fraction (0-1),368,12.5,20.32,0.2
tblEngagementLengthPower,"Power/torque adjustment curve for radial engagement. For each material, gives the Average K Factor at specific Percent Engaged breakpoints (e.g. 20%, 40%, 80%, 100% radial engagement), used to interpolate engagement-length power correction during a cut.",unitless,fraction (0-1),368,12.9,20.33,0.2
tblEngagementLengthPower,"Power/torque adjustment curve for radial engagement. For each material, gives the Average K Factor at specific Percent Engaged breakpoints (e.g. 20%, 40%, 80%, 100% radial engagement), used to interpolate engagement-length power correction during a cut.",unitless,fraction (0-1),368,13.17,4.0,0.2
tblEngagementLengthPower,"Power/torque adjustment curve for radial engagement. For each material, gives the Average K Factor at specific Percent Engaged breakpoints (e.g. 20%, 40%, 80%, 100% radial engagement), used to interpolate engagement-length power correction during a cut.",unitless,fraction (0-1),368,14.75,4.1,0.8
tblEngagementLengthPower,"Power/torque adjustment curve for radial engagement. For each material, gives the Average K Factor at specific Percent Engaged breakpoints (e.g. 20%, 40%, 80%, 100% radial engagement), used to interpolate engagement-length power correction during a cut.",unitless,fraction (0-1),368,14.75,4.1,1.0
tblEngagementLengthPower,"Power/torque adjustment curve for radial engagement. For each material, gives the Average K Factor at specific Percent Engaged breakpoints (e.g. 20%, 40%, 80%, 100% radial engagement), used to interpolate engagement-length power correction during a cut.",unitless,fraction (0-1),368,16.05,4.1,0.4
tblEngagementLengthPower,"Power/torque adjustment curve for radial engagement. For each material, gives the Average K Factor at specific Percent Engaged breakpoints (e.g. 20%, 40%, 80%, 100% radial engagement), used to interpolate engagement-length power correction during a cut.",unitless,fraction (0-1),368,17.5,4.1,0.2
