source,variableCount,variableName,stringValue,unitTypeName,notes,notesTruncatedInSource
USA reference export (aP2025R1_SP03_F01_(2026-03)) - Digital Factory USA reference export - Sheet Metal > Variables,512,DeepDrawFormToolMultiplier,2,,Multiplier used to account for additional tooling cost if a deep drawing process is required. Used to ca...,True
USA reference export (aP2025R1_SP03_F01_(2026-03)) - Digital Factory USA reference export - Sheet Metal > Variables,512,absMerginSuperformDistanceMultiplier,25.4,,Multiplier used in SuperForm Merge analysis to calculate firstDistanceLimit.,False
USA reference export (aP2025R1_SP03_F01_(2026-03)) - Digital Factory USA reference export - Sheet Metal > Variables,512,actionCompMaterialCost,6.61,Currency,$/kg,False
USA reference export (aP2025R1_SP03_F01_(2026-03)) - Digital Factory USA reference export - Sheet Metal > Variables,512,addIdleAfterCamBendEnabled,Yes,,Default condition for adding Idle Stations after Cam Bending in Prog Die. Acceptable values are 'Yes' a...,True
USA reference export (aP2025R1_SP03_F01_(2026-03)) - Digital Factory USA reference export - Sheet Metal > Variables,512,addIdleAfterCamFormEnabled,Yes,,Default condition for adding Idle Stations after Cam Forming in Prog Die. Acceptable values are 'Yes' ...,True
USA reference export (aP2025R1_SP03_F01_(2026-03)) - Digital Factory USA reference export - Sheet Metal > Variables,512,addIdleAfterCamPierceEnabled,Yes,,Default condition for adding Idle Stations after Cam Piercing in Prog Die. Acceptable values are 'Yes' a...,True
USA reference export (aP2025R1_SP03_F01_(2026-03)) - Digital Factory USA reference export - Sheet Metal > Variables,512,addIdleAfterCamTrimEnabled,Yes,,Default condition for adding Idle Stations after Cam Trimming in Prog Die. Acceptable values are 'Yes'...,True
USA reference export (aP2025R1_SP03_F01_(2026-03)) - Digital Factory USA reference export - Sheet Metal > Variables,512,addIdleAfterTrimmingEnabled,Yes,,Default condition for adding Idle Stations after Trimming in Prog Die. Acceptable values are 'Yes' and...,True
USA reference export (aP2025R1_SP03_F01_(2026-03)) - Digital Factory USA reference export - Sheet Metal > Variables,512,addIdleBeforeAfterTappingEnabled,Before and After,,Default condition for adding Idle Stations before and after Tapping in Prog Die. Acceptable values are ...,True
USA reference export (aP2025R1_SP03_F01_(2026-03)) - Digital Factory USA reference export - Sheet Metal > Variables,512,addIdleBeforeCutoffEnabled,Yes,,Toggle that enables the automatic insertion of an IDLE station before the Cutoff station in Progressive...,True
USA reference export (aP2025R1_SP03_F01_(2026-03)) - Digital Factory USA reference export - Sheet Metal > Variables,512,addendumRoundingThreshold,10,Angle,Angular threshold (in degrees) any blank addendum that is generated will have rounded corners if t...,True
USA reference export (aP2025R1_SP03_F01_(2026-03)) - Digital Factory USA reference export - Sheet Metal > Variables,512,anotherPointDepthMultiplier,10,,Multiplier used in Depth and Distance in Compatability Analysis.,False
USA reference export (aP2025R1_SP03_F01_(2026-03)) - Digital Factory USA reference export - Sheet Metal > Variables,512,anotherPointDistanceMultiplier,100,,Multiplier used in Depth and Distance in Compatability Analysis.,False
USA reference export (aP2025R1_SP03_F01_(2026-03)) - Digital Factory USA reference export - Sheet Metal > Variables,512,assyHrsCompProgDie,1.1,,Dial for modifying the tooling assembly hours in Prog Die.,False
USA reference export (aP2025R1_SP03_F01_(2026-03)) - Digital Factory USA reference export - Sheet Metal > Variables,512,averageRobotTransferTime,3,Time,Average transfer time between presses,False
USA reference export (aP2025R1_SP03_F01_(2026-03)) - Digital Factory USA reference export - Sheet Metal > Variables,512,bendFlapSizeRestrikeThreshold,75,Length,Straight Bends or Forms of sub-type = CURVED_BEND with a flap size greater than or equal to this val...,True
USA reference export (aP2025R1_SP03_F01_(2026-03)) - Digital Factory USA reference export - Sheet Metal > Variables,512,bendFlapSizeThreshold,127,,Used to determine the bend flap condition.,False
USA reference export (aP2025R1_SP03_F01_(2026-03)) - Digital Factory USA reference export - Sheet Metal > Variables,512,bendHoldingForceFactor,.1,,Multiplier for calculating the required bend holding force from the required bending force.,False
USA reference export (aP2025R1_SP03_F01_(2026-03)) - Digital Factory USA reference export - Sheet Metal > Variables,512,bigEnoughArtifactPerimeter,127,,Used in Distance in Precedence Analysis to determine isArtifactBigEnough(op).,False
USA reference export (aP2025R1_SP03_F01_(2026-03)) - Digital Factory USA reference export - Sheet Metal > Variables,512,bigHoleDistanceMultiplier,12.7,,Used in Depth and Distance in Compatibility Analysis to determine bigHolesTooCloseToBeCompatible.,False
USA reference export (aP2025R1_SP03_F01_(2026-03)) - Digital Factory USA reference export - Sheet Metal > Variables,512,bigHoleSizeThreshold,127,,Used in Depth and Distance in Compatibility Analysis to determine isBigHole(op).,False
USA reference export (aP2025R1_SP03_F01_(2026-03)) - Digital Factory USA reference export - Sheet Metal > Variables,512,bottomParallelSpacing,254,Length,Distance between bottom parallels.,False
USA reference export (aP2025R1_SP03_F01_(2026-03)) - Digital Factory USA reference export - Sheet Metal > Variables,512,bottomPlateHeight,12.7,,Thickness of the bottom plate in progressive die.,False
USA reference export (aP2025R1_SP03_F01_(2026-03)) - Digital Factory USA reference export - Sheet Metal > Variables,512,bottomPlateWidthAllowance,304.8,Length,amount added to each side of the die width to determine the bottom plate width.,False
USA reference export (aP2025R1_SP03_F01_(2026-03)) - Digital Factory USA reference export - Sheet Metal > Variables,512,bottomWideParallelsQty,3,,total number of wide bottom parallels.,False
USA reference export (aP2025R1_SP03_F01_(2026-03)) - Digital Factory USA reference export - Sheet Metal > Variables,512,bpCbores,0,,Quantity of counterbores per bottom parallel.,False
USA reference export (aP2025R1_SP03_F01_(2026-03)) - Digital Factory USA reference export - Sheet Metal > Variables,512,bpCncHrs,0,,Constant for total time required for programmed machining for bottom parallels. Used to calculate th...,True
USA reference export (aP2025R1_SP03_F01_(2026-03)) - Digital Factory USA reference export - Sheet Metal > Variables,512,bpDowels,4,,Quantity of dowels per bottom parallel.,False
USA reference export (aP2025R1_SP03_F01_(2026-03)) - Digital Factory USA reference export - Sheet Metal > Variables,512,bpGrindingHrs,0,hr,Total time required for grinding operator labor per bottom parallel. Used to calculate the labor time of...,True
USA reference export (aP2025R1_SP03_F01_(2026-03)) - Digital Factory USA reference export - Sheet Metal > Variables,512,bpHoleDepth,50.8,Length,"Depth of holes in bottom parallels that are drilled, tapped, reamed.",False
USA reference export (aP2025R1_SP03_F01_(2026-03)) - Digital Factory USA reference export - Sheet Metal > Variables,512,bpMillingHrsPerBp,.75,hr,Total time required for milling operator labor allocated to each bottom parallel.,False
USA reference export (aP2025R1_SP03_F01_(2026-03)) - Digital Factory USA reference export - Sheet Metal > Variables,512,bpMillingHrsPerBpProgDie,.33,hr,Total time required for milling operator labor to mill (2) bolt-down slots in a wide bottom parallel.,False
USA reference export (aP2025R1_SP03_F01_(2026-03)) - Digital Factory USA reference export - Sheet Metal > Variables,512,bpNTappedPerBp,5,,The quantity of tapped holes per narrow bottom parallel.,False
USA reference export (aP2025R1_SP03_F01_(2026-03)) - Digital Factory USA reference export - Sheet Metal > Variables,512,bpTappedPerBp,2,,Quantity of tapped holes per bottom parallel.,False
USA reference export (aP2025R1_SP03_F01_(2026-03)) - Digital Factory USA reference export - Sheet Metal > Variables,512,bpTappedPerBumper,2,,Quantity of tapped holes per bumper.,False
USA reference export (aP2025R1_SP03_F01_(2026-03)) - Digital Factory USA reference export - Sheet Metal > Variables,512,bpWTappedPerBp,7,,The quantity of tapped holes per wide bottom parallel in progressive die.,False
USA reference export (aP2025R1_SP03_F01_(2026-03)) - Digital Factory USA reference export - Sheet Metal > Variables,512,bpWidth,127,,Width of bottom parallel.,False
USA reference export (aP2025R1_SP03_F01_(2026-03)) - Digital Factory USA reference export - Sheet Metal > Variables,512,bplCboresPerBottomParallel,3,,The number of counterbored holes in the bottom plate for each bottom parallel.,False
USA reference export (aP2025R1_SP03_F01_(2026-03)) - Digital Factory USA reference export - Sheet Metal > Variables,512,bplDowelsPerWideBp,2,,The quantity of bottom plate dowel holes per wide bottom parallel.,False
USA reference export (aP2025R1_SP03_F01_(2026-03)) - Digital Factory USA reference export - Sheet Metal > Variables,512,bplPressLocatorHoles,2,,The number of press locator holes in the bottom plate for progressive die.,False
USA reference export (aP2025R1_SP03_F01_(2026-03)) - Digital Factory USA reference export - Sheet Metal > Variables,512,bridgeRestrikingMultiplier,2,,Multiplier used to calculate the minimum bridge depth.,False
USA reference export (aP2025R1_SP03_F01_(2026-03)) - Digital Factory USA reference export - Sheet Metal > Variables,512,bumpBumpersPerStage,4,,Constant for quantity of bumpers per stage. Used to calculate the quantity of bumpers.,False
USA reference export (aP2025R1_SP03_F01_(2026-03)) - Digital Factory USA reference export - Sheet Metal > Variables,512,camApproachAngleThreshold,45,,Threshold for determining if a CAM unit is considered parallel or perpendicular to the part strip flow di...,True
USA reference export (aP2025R1_SP03_F01_(2026-03)) - Digital Factory USA reference export - Sheet Metal > Variables,512,cavityCoreMaterialCost,6.61,Currency,$/kg,False
USA reference export (aP2025R1_SP03_F01_(2026-03)) - Digital Factory USA reference export - Sheet Metal > Variables,512,centerCarrierStripWidth,20,Length,Width of a center carrier strip in Prog Die.,False
USA reference export (aP2025R1_SP03_F01_(2026-03)) - Digital Factory USA reference export - Sheet Metal > Variables,512,closeForPrecedenceMultiplier,3,,Used in Distance in Precedence Analysis to determine artifactTooClose.,False
USA reference export (aP2025R1_SP03_F01_(2026-03)) - Digital Factory USA reference export - Sheet Metal > Variables,512,cncProgHrsPerMilIngHr,0.25,,Quantity of CNC programming hours per milling hour. Used to determine the Quantity of programmi...,True
USA reference export (aP2025R1_SP03_F01_(2026-03)) - Digital Factory USA reference export - Sheet Metal > Variables,512,compCoatingCost,5,,Dial for calibrating tooling Coating Cost in Progressive Die.,False
USA reference export (aP2025R1_SP03_F01_(2026-03)) - Digital Factory USA reference export - Sheet Metal > Variables,512,compDieToB,1,,Dial for calibrating dieToB value.,False
USA reference export (aP2025R1_SP03_F01_(2026-03)) - Digital Factory USA reference export - Sheet Metal > Variables,512,compHeatTreatCost,2,,Dial for calibrating tooling Heat Treat Cost in Progressive Die.,False
USA reference export (aP2025R1_SP03_F01_(2026-03)) - Digital Factory USA reference export - Sheet Metal > Variables,512,concurrentParts,1,,Quantity of concurrent parts in concurrent part stamping. Used to determine the virtual stock siz...,True
USA reference export (aP2025R1_SP03_F01_(2026-03)) - Digital Factory USA reference export - Sheet Metal > Variables,512,conversionRPMConstant,318.334,,Constant for converting RPM and tool diameter to cutting speed.,False
USA reference export (aP2025R1_SP03_F01_(2026-03)) - Digital Factory USA reference export - Sheet Metal > Variables,512,cuMmPerCuM,1000000000,,Unit conversion.,False
USA reference export (aP2025R1_SP03_F01_(2026-03)) - Digital Factory USA reference export - Sheet Metal > Variables,512,customCutMultiplier,1,,Multiplier used to compute material cost in generic press processes.,False
USA reference export (aP2025R1_SP03_F01_(2026-03)) - Digital Factory USA reference export - Sheet Metal > Variables,512,cutRateLookupOnHighestMachinePower,false,,Variable which control whether to do cut rate lookup on machine power or the next lower power avail...,True
USA reference export (aP2025R1_SP03_F01_(2026-03)) - Digital Factory USA reference export - Sheet Metal > Variables,512,cuttingPowerReductionFactor,0.8,,"Factor which is applied to cutting machine specified power for cutting and piercing operations, used t...",True
USA reference export (aP2025R1_SP03_F01_(2026-03)) - Digital Factory USA reference export - Sheet Metal > Variables,512,cycleTimeAdjustmentFactor,1,,Factor used to globally increase or decrease cycle time evaluations per process.,False
USA reference export (aP2025R1_SP03_F01_(2026-03)) - Digital Factory USA reference export - Sheet Metal > Variables,512,dbCboresPerDieBlock,8,,Quantity of counterbores per die block used to calculate the CNC labor hours per die block.,False
USA reference export (aP2025R1_SP03_F01_(2026-03)) - Digital Factory USA reference export - Sheet Metal > Variables,512,dbCncHrsPerPocket,0.5,,Number of CNC hours per milled pocket for a die block.,False
USA reference export (aP2025R1_SP03_F01_(2026-03)) - Digital Factory USA reference export - Sheet Metal > Variables,512,dbCncSetupHrs,0.75,,Number of CNC setup hours for a die block.,False
USA reference export (aP2025R1_SP03_F01_(2026-03)) - Digital Factory USA reference export - Sheet Metal > Variables,512,dbDowelsPerDieBlock,3,,Quantity of dowels per die block.,False
USA reference export (aP2025R1_SP03_F01_(2026-03)) - Digital Factory USA reference export - Sheet Metal > Variables,512,dbDrillingHrsPerDieBlock,0,,Total time required for drilling operator labor per die block. Used to calculate the labor time of all die ...,True
USA reference export (aP2025R1_SP03_F01_(2026-03)) - Digital Factory USA reference export - Sheet Metal > Variables,512,dbGrindingHrsPerDieBlock,3,,Total time required for grinding operator labor per die block. Used to calculate the labor time of all di...,True
USA reference export (aP2025R1_SP03_F01_(2026-03)) - Digital Factory USA reference export - Sheet Metal > Variables,512,dbMilledPocketsPerDieBlock,5,,Quantity of milled pockets per die block.,False
USA reference export (aP2025R1_SP03_F01_(2026-03)) - Digital Factory USA reference export - Sheet Metal > Variables,512,dbMillingHrs,1.5,,Total time required for milling operator labor for each die block. Used to calculate the labor time of all...,True
USA reference export (aP2025R1_SP03_F01_(2026-03)) - Digital Factory USA reference export - Sheet Metal > Variables,512,dbTappedPerDieBlock,2,,Quantity of tapped holes per die block.,False
USA reference export (aP2025R1_SP03_F01_(2026-03)) - Digital Factory USA reference export - Sheet Metal > Variables,512,dbWireEdmSetupHrs,1,,Number of setup hours required for a wire EDM process. Used to calculate the labor time of all die co...,True
USA reference export (aP2025R1_SP03_F01_(2026-03)) - Digital Factory USA reference export - Sheet Metal > Variables,512,deNestingOperStep,0.1,,The starting and incremental value of number of operators used to step through in the optimization o...,True
USA reference export (aP2025R1_SP03_F01_(2026-03)) - Digital Factory USA reference export - Sheet Metal > Variables,512,deepDimpleMultiplier,4,,Used in Dimple Analysis to determine the maximum dimple depth.,False
USA reference export (aP2025R1_SP03_F01_(2026-03)) - Digital Factory USA reference export - Sheet Metal > Variables,512,deepDrawRatioThreshold,1,,Threshold used to determine if the form is deep drawn.,False
USA reference export (aP2025R1_SP03_F01_(2026-03)) - Digital Factory USA reference export - Sheet Metal > Variables,512,default2AxisRouterFlutes,4,,Default number of flutes for the 2 Axis Router tool.,False
USA reference export (aP2025R1_SP03_F01_(2026-03)) - Digital Factory USA reference export - Sheet Metal > Variables,512,defaultBlankPitchThreshold,80,Length,Default value for Blank Pitch threshold after which an IDLE station will be inserted following the last TR...,True
USA reference export (aP2025R1_SP03_F01_(2026-03)) - Digital Factory USA reference export - Sheet Metal > Variables,512,defaultBundleIntersectingForms,Yes,,Default condition for bundling up/down forms that intersect. Acceptable values are 'Yes' and 'No'.,False
USA reference export (aP2025R1_SP03_F01_(2026-03)) - Digital Factory USA reference export - Sheet Metal > Variables,512,defaultCoilDiameter,300,Length,Default diameter of coiled sheet.,False
USA reference export (aP2025R1_SP03_F01_(2026-03)) - Digital Factory USA reference export - Sheet Metal > Variables,512,defaultDieSpacing,101.6,Length,Default distance from main surface to inside of upper die shoe.,False
USA reference export (aP2025R1_SP03_F01_(2026-03)) - Digital Factory USA reference export - Sheet Metal > Variables,512,defaultEdgeMarginMultiplier,1.5,,Default setting of a multiplier used for calculating the edge margin applied in the stock width calculati...,True
USA reference export (aP2025R1_SP03_F01_(2026-03)) - Digital Factory USA reference export - Sheet Metal > Variables,512,defaultEnableInDieTapping,No,,"Default value of process setup option ""setup.enableInDieTapping"" in Progressive Die.",False
USA reference export (aP2025R1_SP03_F01_(2026-03)) - Digital Factory USA reference export - Sheet Metal > Variables,512,defaultFiberLaserBevelCuttingStatus,false,,Default value of PSO used to manually enable Fiber Laser Bevel Cutting. Valid values are true and false...,True
USA reference export (aP2025R1_SP03_F01_(2026-03)) - Digital Factory USA reference export - Sheet Metal > Variables,512,defaultFrenchStopSize,3,Length,,False
USA reference export (aP2025R1_SP03_F01_(2026-03)) - Digital Factory USA reference export - Sheet Metal > Variables,512,defaultGrindTimePerStack,10,Time,The default time taken to grind back a column of tabs on a single part stack.,False
USA reference export (aP2025R1_SP03_F01_(2026-03)) - Digital Factory USA reference export - Sheet Metal > Variables,512,defaultGussetStrategy,During Bend,,"Define the default gusset forming strategy for PSO gussetFormStrategy. Options are ""During Bend"", ""A...",True
USA reference export (aP2025R1_SP03_F01_(2026-03)) - Digital Factory USA reference export - Sheet Metal > Variables,512,defaultIncludeTabGrindTime,true,,Sets the default behavior to account for part tab grind time. Used to calculate part de-nesting time. Se...,True
USA reference export (aP2025R1_SP03_F01_(2026-03)) - Digital Factory USA reference export - Sheet Metal > Variables,512,defaultIncrementAmount,5,Angle,Default increment amount used for determining the optimum true-part nesting in Progressive Die. Va...,True
USA reference export (aP2025R1_SP03_F01_(2026-03)) - Digital Factory USA reference export - Sheet Metal > Variables,512,defaultLaserBevelCuttingStatus,false,,Default value of PSO used to manually enable Laser Bevel Cutting. Valid values are true and false. If val...,True
USA reference export (aP2025R1_SP03_F01_(2026-03)) - Digital Factory USA reference export - Sheet Metal > Variables,512,defaultManufacturingOperationForFormStampGCDs,Let the system Decide,,"Default manufacturing operation for STAMP Forms. Valid values are 'Punching', 'Machining' and 'Let ...",True
USA reference export (aP2025R1_SP03_F01_(2026-03)) - Digital Factory USA reference export - Sheet Metal > Variables,512,defaultNumIdentHolesPerforating,20,,Default number of identical holes required to determine perforating pattern for turret press perforatin...,True
USA reference export (aP2025R1_SP03_F01_(2026-03)) - Digital Factory USA reference export - Sheet Metal > Variables,512,defaultNumNearbyIdentHolesPerforating,2,,Default number of nearby identical holes required to determine perforating pattern for turret press per...,True
USA reference export (aP2025R1_SP03_F01_(2026-03)) - Digital Factory USA reference export - Sheet Metal > Variables,512,defaultNumTabs,2,,The default number of tabs left on a part during cutting if the part requires tabs.,False
USA reference export (aP2025R1_SP03_F01_(2026-03)) - Digital Factory USA reference export - Sheet Metal > Variables,512,defaultOxyFuelBevelCuttingStatus,false,,Default value of PSO used to manually enable OxyFuel Bevel Cutting. Valid values are true and false.,False
USA reference export (aP2025R1_SP03_F01_(2026-03)) - Digital Factory USA reference export - Sheet Metal > Variables,512,defaultPartBorderWidth,76.2,Length,Default amount around the part for maskant overspray and part holding of Chemical Milled parts.,False
USA reference export (aP2025R1_SP03_F01_(2026-03)) - Digital Factory USA reference export - Sheet Metal > Variables,512,defaultPartSpacing,25.4,Length,Default distance from the part's lowest extremity from the main surface to the inside of the lower die s...,True
USA reference export (aP2025R1_SP03_F01_(2026-03)) - Digital Factory USA reference export - Sheet Metal > Variables,512,defaultPartSpacingMultiplier,1.5,Length,Default setting of a multiplier used for calculating the spacing between adjacent nested parts.,False
USA reference export (aP2025R1_SP03_F01_(2026-03)) - Digital Factory USA reference export - Sheet Metal > Variables,512,defaultPlasmaBevelCuttingStatus,false,,"Default value of PSO used to manually enable Plasma Bevel Cutting. Valid values are ""true"" and ""false...",True
USA reference export (aP2025R1_SP03_F01_(2026-03)) - Digital Factory USA reference export - Sheet Metal > Variables,512,defaultStampAssemblyQty,3,,Default quantity of stamp-anvil assemblies per die set.,False
USA reference export (aP2025R1_SP03_F01_(2026-03)) - Digital Factory USA reference export - Sheet Metal > Variables,512,defaultTandemTransferMethod,'Robotic',,Transfer of parts between tandem presses - default can be Robotic or Manual,False
USA reference export (aP2025R1_SP03_F01_(2026-03)) - Digital Factory USA reference export - Sheet Metal > Variables,512,defaultToolLife,3000000,,The default number of parts per tool which is used to determine tool life. This is the median value of t...,True
USA reference export (aP2025R1_SP03_F01_(2026-03)) - Digital Factory USA reference export - Sheet Metal > Variables,512,defaultToolUnitSystem,metric,,Default standard unit system for virtual tool selection - 'metric' or 'US'.,False
USA reference export (aP2025R1_SP03_F01_(2026-03)) - Digital Factory USA reference export - Sheet Metal > Variables,512,defaultToolingCoatingType,Nitride,,Default type of coating applied to coated tooling components.,False
USA reference export (aP2025R1_SP03_F01_(2026-03)) - Digital Factory USA reference export - Sheet Metal > Variables,512,defaultToolingCoatingTypeUpdated,Nitrided Steel,,Updated Default type of coating applied to coated tooling components for 19.2. Alternative coatings c...,True
USA reference export (aP2025R1_SP03_F01_(2026-03)) - Digital Factory USA reference export - Sheet Metal > Variables,512,defaultTurretPressToolSelection,Virtual Tools,,'Virtual Tools' is the only valid option today. 'Tool Library' is for future expansion or custom configurat...,True
USA reference export (aP2025R1_SP03_F01_(2026-03)) - Digital Factory USA reference export - Sheet Metal > Variables,512,defaultUtilizationMethod,TRUE_PART,,"Eligible values: ""COMPUTED"" (rectangular), ""TRUE_PART"" & ""MACHINE_DEFAULT""",False
USA reference export (aP2025R1_SP03_F01_(2026-03)) - Digital Factory USA reference export - Sheet Metal > Variables,512,defaultUtilizationStepAngle,90,Angle,"Default value for the process setup option ""setup.ComputedUtilizationStepAngle"" in all soft tooled pro...",True
USA reference export (aP2025R1_SP03_F01_(2026-03)) - Digital Factory USA reference export - Sheet Metal > Variables,512,defaultWaterjetBevelCuttingStatus,false,,Default value of PSO used to manually enable Waterjet Bevel Cutting. Valid values are true and false. If ...,True
USA reference export (aP2025R1_SP03_F01_(2026-03)) - Digital Factory USA reference export - Sheet Metal > Variables,512,deformationThreshold,70,,Used for the assignment of Side Action Forming operations. If the sum of a part's Form gcd's compris...,True
USA reference export (aP2025R1_SP03_F01_(2026-03)) - Digital Factory USA reference export - Sheet Metal > Variables,512,dialAllLabor,0.907518,,,False
USA reference export (aP2025R1_SP03_F01_(2026-03)) - Digital Factory USA reference export - Sheet Metal > Variables,512,dialAllMaterial,.907518,,Constant used to determine the material cost for generic press processes.,False
USA reference export (aP2025R1_SP03_F01_(2026-03)) - Digital Factory USA reference export - Sheet Metal > Variables,512,dialAllMaterialProgDie,1,,Constant used to determine the material cost for Progressive Die processes.,False
USA reference export (aP2025R1_SP03_F01_(2026-03)) - Digital Factory USA reference export - Sheet Metal > Variables,512,dialAssemblyLabor,1,,,False
USA reference export (aP2025R1_SP03_F01_(2026-03)) - Digital Factory USA reference export - Sheet Metal > Variables,512,dialCncLabor,1,,,False
USA reference export (aP2025R1_SP03_F01_(2026-03)) - Digital Factory USA reference export - Sheet Metal > Variables,512,dialCncProgLabor,1,,,False
USA reference export (aP2025R1_SP03_F01_(2026-03)) - Digital Factory USA reference export - Sheet Metal > Variables,512,dialCompFactor,1,,Intensity of compression.,False
USA reference export (aP2025R1_SP03_F01_(2026-03)) - Digital Factory USA reference export - Sheet Metal > Variables,512,dialCompThreshold,10,,Quantity of components below which compression is turned off.,False
USA reference export (aP2025R1_SP03_F01_(2026-03)) - Digital Factory USA reference export - Sheet Metal > Variables,512,dialDebugLabor,1,,,False
USA reference export (aP2025R1_SP03_F01_(2026-03)) - Digital Factory USA reference export - Sheet Metal > Variables,512,dialDesignLabor,1,,,False
USA reference export (aP2025R1_SP03_F01_(2026-03)) - Digital Factory USA reference export - Sheet Metal > Variables,512,dialDrillingLabor,1,,,False
USA reference export (aP2025R1_SP03_F01_(2026-03)) - Digital Factory USA reference export - Sheet Metal > Variables,512,dialFormingPunches,1.5,,,False
USA reference export (aP2025R1_SP03_F01_(2026-03)) - Digital Factory USA reference export - Sheet Metal > Variables,512,dialGrindingLabor,1,,,False
USA reference export (aP2025R1_SP03_F01_(2026-03)) - Digital Factory USA reference export - Sheet Metal > Variables,512,dialLatheLabor,1,,,False
USA reference export (aP2025R1_SP03_F01_(2026-03)) - Digital Factory USA reference export - Sheet Metal > Variables,512,dialMillingLabor,1,,,False
USA reference export (aP2025R1_SP03_F01_(2026-03)) - Digital Factory USA reference export - Sheet Metal > Variables,512,dialReworkLabor,1,,,False
USA reference export (aP2025R1_SP03_F01_(2026-03)) - Digital Factory USA reference export - Sheet Metal > Variables,512,dialSawingLabor,1,,,False
USA reference export (aP2025R1_SP03_F01_(2026-03)) - Digital Factory USA reference export - Sheet Metal > Variables,512,dialStockLifters,1,,,False
USA reference export (aP2025R1_SP03_F01_(2026-03)) - Digital Factory USA reference export - Sheet Metal > Variables,512,dialWireEdmLabor,1,,,False
USA reference export (aP2025R1_SP03_F01_(2026-03)) - Digital Factory USA reference export - Sheet Metal > Variables,512,dieBlockLengthAllowance,127,Length,Reverted to progressive die margin.,False
USA reference export (aP2025R1_SP03_F01_(2026-03)) - Digital Factory USA reference export - Sheet Metal > Variables,512,dieBlockThickness,25.4,Length,"Default die thickness for a die block. Determines the thickness of die blocks, punch pads, strippers, for...",True
USA reference export (aP2025R1_SP03_F01_(2026-03)) - Digital Factory USA reference export - Sheet Metal > Variables,512,dieBlockWidthAllowance,101.6,Length,Reverted to progressive die margin.,False
USA reference export (aP2025R1_SP03_F01_(2026-03)) - Digital Factory USA reference export - Sheet Metal > Variables,512,dieSetCbores,128,,,False
USA reference export (aP2025R1_SP03_F01_(2026-03)) - Digital Factory USA reference export - Sheet Metal > Variables,512,dieSetDowels,37,,,False
USA reference export (aP2025R1_SP03_F01_(2026-03)) - Digital Factory USA reference export - Sheet Metal > Variables,512,dieSetSprings,63,,,False
USA reference export (aP2025R1_SP03_F01_(2026-03)) - Digital Factory USA reference export - Sheet Metal > Variables,512,dieSetTapped,139,,,False
USA reference export (aP2025R1_SP03_F01_(2026-03)) - Digital Factory USA reference export - Sheet Metal > Variables,512,dieShoeThickness,59.944,Length,Default die holder thickness for a die set.,False
USA reference export (aP2025R1_SP03_F01_(2026-03)) - Digital Factory USA reference export - Sheet Metal > Variables,512,dieShoeThicknessThresholdHigh,146,Length,Upper threshold for blank size used for determining die shoe thickness in Progressive Die.,False
USA reference export (aP2025R1_SP03_F01_(2026-03)) - Digital Factory USA reference export - Sheet Metal > Variables,512,dieShoeThicknessThresholdLow,108,Length,Lower threshold for blank size used for determining die shoe thickness in Progressive Die.,False
USA reference export (aP2025R1_SP03_F01_(2026-03)) - Digital Factory USA reference export - Sheet Metal > Variables,512,dimpleDepthMultiplierThreshold,0.5,,Used to determine the maximum dimple depth for stage tooling.,False
USA reference export (aP2025R1_SP03_F01_(2026-03)) - Digital Factory USA reference export - Sheet Metal > Variables,512,dimplePerimeterMultiplierThreshold,5,,Used to determine the maximum dimple perimeter for stage tooling.,False
USA reference export (aP2025R1_SP03_F01_(2026-03)) - Digital Factory USA reference export - Sheet Metal > Variables,512,disableInvestmentAmortization,false,,"User override to disable amortization of all fixed costs to the individual part or assembly. By default, fix...",True
USA reference export (aP2025R1_SP03_F01_(2026-03)) - Digital Factory USA reference export - Sheet Metal > Variables,512,doubleEdgeCarrierStripWidth,16,Length,Width of each edge carrier strip when there are 2 edge carrier strips in Prog Die.,False
USA reference export (aP2025R1_SP03_F01_(2026-03)) - Digital Factory USA reference export - Sheet Metal > Variables,512,drawDepthThreshold,10,Length,Prog Die Forms with a vertical displacement greater than this value are feasible for a Draw operation.,False
USA reference export (aP2025R1_SP03_F01_(2026-03)) - Digital Factory USA reference export - Sheet Metal > Variables,512,drawHoldingForceFactor,.3,,Multiplier for calculating the required draw holding force from the required drawing force.,False
USA reference export (aP2025R1_SP03_F01_(2026-03)) - Digital Factory USA reference export - Sheet Metal > Variables,512,drawRate,50,Velocity,Rate at which a deep draw is drawn. Used to calculate the computed draw time.,False
USA reference export (aP2025R1_SP03_F01_(2026-03)) - Digital Factory USA reference export - Sheet Metal > Variables,512,drawRatioThreshold,.3,,Prog Die Forms with a form area to part box area ratio greater than this value are feasible for a Draw op...,True
USA reference export (aP2025R1_SP03_F01_(2026-03)) - Digital Factory USA reference export - Sheet Metal > Variables,512,dsCboresPerBumper,2,,Quantity of counterbores per bumper for a die set.,False
USA reference export (aP2025R1_SP03_F01_(2026-03)) - Digital Factory USA reference export - Sheet Metal > Variables,512,dsCboresPerInsert,3,,Quantity of counterbores per insert for a die set.,False
USA reference export (aP2025R1_SP03_F01_(2026-03)) - Digital Factory USA reference export - Sheet Metal > Variables,512,dsCboresPerParallel,2,,Quantity of counterbores per parallel for a die set.,False
USA reference export (aP2025R1_SP03_F01_(2026-03)) - Digital Factory USA reference export - Sheet Metal > Variables,512,dsCncHrsPerPocket,0.5,,Number of CNC hours per milled pocket for a die set.,False
USA reference export (aP2025R1_SP03_F01_(2026-03)) - Digital Factory USA reference export - Sheet Metal > Variables,512,dsCncSetupPerDs,1,,Number of CNC setup hours for a die set.,False
USA reference export (aP2025R1_SP03_F01_(2026-03)) - Digital Factory USA reference export - Sheet Metal > Variables,512,dsDowels,7,,Quantity of dowels per die set.,False
USA reference export (aP2025R1_SP03_F01_(2026-03)) - Digital Factory USA reference export - Sheet Metal > Variables,512,dsMilledPockets,5,,Quantity of milled pockets per die set.,False
USA reference export (aP2025R1_SP03_F01_(2026-03)) - Digital Factory USA reference export - Sheet Metal > Variables,512,dsSpringsPerInsert,3,,Quantity of springs per insert in a die set.,False
USA reference export (aP2025R1_SP03_F01_(2026-03)) - Digital Factory USA reference export - Sheet Metal > Variables,512,dsSpringsPerPad,6,,Quantity of springs per pad in a die set.,False
USA reference export (aP2025R1_SP03_F01_(2026-03)) - Digital Factory USA reference export - Sheet Metal > Variables,512,dsTappedPerDieBlock,8,,Quantity of tapped holes per die block.,False
USA reference export (aP2025R1_SP03_F01_(2026-03)) - Digital Factory USA reference export - Sheet Metal > Variables,512,dsetLengthAllowance,50.8,,Reverted to progressive die margin,False
USA reference export (aP2025R1_SP03_F01_(2026-03)) - Digital Factory USA reference export - Sheet Metal > Variables,512,dsetWidthAllowance,254,,Reverted to progressive die margin,False
USA reference export (aP2025R1_SP03_F01_(2026-03)) - Digital Factory USA reference export - Sheet Metal > Variables,512,dutyRate,0,Currency,Rate for calculating duty on tooling.,False
USA reference export (aP2025R1_SP03_F01_(2026-03)) - Digital Factory USA reference export - Sheet Metal > Variables,512,enableCoiningFlangedHoles,Yes,,Default setting for performing the coining operation on flanged holes that are tapped in Prog Die routi...,True
USA reference export (aP2025R1_SP03_F01_(2026-03)) - Digital Factory USA reference export - Sheet Metal > Variables,512,enableRestrikingStraightCurvedBends,No,,Default setting for performing the restriking operation on Straight Bends and Curved Bends in the Pro...,True
USA reference export (aP2025R1_SP03_F01_(2026-03)) - Digital Factory USA reference export - Sheet Metal > Variables,512,enableScrapMaterialCredit,false,,Set to 'true' to enable Material Cost reduction due to sale of scrap mass of part.,False
USA reference export (aP2025R1_SP03_F01_(2026-03)) - Digital Factory USA reference export - Sheet Metal > Variables,512,enableScrapPartCredit,false,,Set to 'true' to enable Material Cost reduction due to sale of scrapped parts as a result of Good Part Yie...,True
USA reference export (aP2025R1_SP03_F01_(2026-03)) - Digital Factory USA reference export - Sheet Metal > Variables,512,enableShavingFlangedHoles,Yes,,Default setting for performing the shaving operation on flanged holes that are tapped in Prog Die r...,True
USA reference export (aP2025R1_SP03_F01_(2026-03)) - Digital Factory USA reference export - Sheet Metal > Variables,512,enableStandalonePiloting,No,,Default setting for combining Piloting with Edge Trimming and Full Blanking on a die station in Prog ...,True
USA reference export (aP2025R1_SP03_F01_(2026-03)) - Digital Factory USA reference export - Sheet Metal > Variables,512,failNotSupportedGcds,true,,Controls failure behavior of Not Supported GCDs,False
USA reference export (aP2025R1_SP03_F01_(2026-03)) - Digital Factory USA reference export - Sheet Metal > Variables,512,feedRatePierceRouter,2.17,Velocity,Default feed rate for the pierce feed mode of a 2 Axis Router.,False
USA reference export (aP2025R1_SP03_F01_(2026-03)) - Digital Factory USA reference export - Sheet Metal > Variables,512,fiberLaserGasNozzleLife,400,hr,The expected operating life of a fiber laser assist gas cutting nozzle.,False
USA reference export (aP2025R1_SP03_F01_(2026-03)) - Digital Factory USA reference export - Sheet Metal > Variables,512,fiberLaserKerfMultiplier,0.05,,Multiplier for fiber laser cutting kerf width calculations.,False
USA reference export (aP2025R1_SP03_F01_(2026-03)) - Digital Factory USA reference export - Sheet Metal > Variables,512,fiberLaserLensCoverLife,600,hr,The expected operating life of a fiber laser focal lens protective cover.,False
USA reference export (aP2025R1_SP03_F01_(2026-03)) - Digital Factory USA reference export - Sheet Metal > Variables,512,finishMaterialAllowance,0.25,Length,The depth of cut that is applied to features when finishing operations are included. Used to calculate v...,True
USA reference export (aP2025R1_SP03_F01_(2026-03)) - Digital Factory USA reference export - Sheet Metal > Variables,512,flameHeatTreatCostPerKgProgDie,.06,CostPerMass,Typical cost per mass for torch based heat treating (hardening) of tooling components.,False
USA reference export (aP2025R1_SP03_F01_(2026-03)) - Digital Factory USA reference export - Sheet Metal > Variables,512,flatteningAreaThreshold,10.0,,The percentage difference of the area of the side sent to the algorithm and the calculated blank area ...,True
USA reference export (aP2025R1_SP03_F01_(2026-03)) - Digital Factory USA reference export - Sheet Metal > Variables,512,formAreaThreshold,15,,Used for the assignment of Side Action Forming operations. If the ratio of a given EMBOSS gcd's area...,True
USA reference export (aP2025R1_SP03_F01_(2026-03)) - Digital Factory USA reference export - Sheet Metal > Variables,512,formBasedScoringMultiplierThreshold,5,,,False
USA reference export (aP2025R1_SP03_F01_(2026-03)) - Digital Factory USA reference export - Sheet Metal > Variables,512,formBundlingAreaThreshold,0.2,,Maximum percentage of total part area that a form can account for to be considered small enough to ...,True
USA reference export (aP2025R1_SP03_F01_(2026-03)) - Digital Factory USA reference export - Sheet Metal > Variables,512,gearQualityDefaultAgmaNewStd,A8,,"A2, A3, A4, ... A11, A12",False
USA reference export (aP2025R1_SP03_F01_(2026-03)) - Digital Factory USA reference export - Sheet Metal > Variables,512,gearQualityDefaultAgmaOldStd,Q8,,"Q15, Q14, Q13, ... Q6, Q5",False
USA reference export (aP2025R1_SP03_F01_(2026-03)) - Digital Factory USA reference export - Sheet Metal > Variables,512,gearQualityDefaultDinStd,9,,"2, 3, 4, ... 11, 12",False
USA reference export (aP2025R1_SP03_F01_(2026-03)) - Digital Factory USA reference export - Sheet Metal > Variables,512,generateDieStationDebugMap,false,,Set to true for die station decision maps to be generated in cost model workbench.,False
USA reference export (aP2025R1_SP03_F01_(2026-03)) - Digital Factory USA reference export - Sheet Metal > Variables,512,genericValidation,true,,'true' if the generic validation view should be used for parts costed in this process group in the Digital ...,True
USA reference export (aP2025R1_SP03_F01_(2026-03)) - Digital Factory USA reference export - Sheet Metal > Variables,512,grindingRate,45720,mm^2/hr,Rate at which a surface can be ground. (mm^2/hour),False
USA reference export (aP2025R1_SP03_F01_(2026-03)) - Digital Factory USA reference export - Sheet Metal > Variables,512,gussetBendComp1,1.5,,Compensation dial for adjusting up the cost of a gusset punch over a bend punch.,False
USA reference export (aP2025R1_SP03_F01_(2026-03)) - Digital Factory USA reference export - Sheet Metal > Variables,512,gussetBendComp2,.5,,Compensation dial for adjusting down the quantity of a gusset punch vs. a bend punch. Used in calc...,True
USA reference export (aP2025R1_SP03_F01_(2026-03)) - Digital Factory USA reference export - Sheet Metal > Variables,512,hardwareFactor,0.3,,Hardware cost as a fraction of die set material cost.,False
USA reference export (aP2025R1_SP03_F01_(2026-03)) - Digital Factory USA reference export - Sheet Metal > Variables,512,hemLengthThreshold,203,,Threshold used in Scoring Analysis to determine longHemCondition(op).,False
USA reference export (aP2025R1_SP03_F01_(2026-03)) - Digital Factory USA reference export - Sheet Metal > Variables,512,highCncProgramHours,1,,This time in hours required to write a CNC program of large size and complexity.,False
USA reference export (aP2025R1_SP03_F01_(2026-03)) - Digital Factory USA reference export - Sheet Metal > Variables,512,highResolutionNestingFactor,0.25,,Percentage used by the 3rd party nesting software to specify the threshold between medium and large...,True
USA reference export (aP2025R1_SP03_F01_(2026-03)) - Digital Factory USA reference export - Sheet Metal > Variables,512,highStrengthMatlThreshold,344.74,MPa,Default setting for use in determining if NestLib rectangular nesting algorithm should be tried in additi...,True
USA reference export (aP2025R1_SP03_F01_(2026-03)) - Digital Factory USA reference export - Sheet Metal > Variables,512,highStrengthMatlToolingCoatingType,DuplexVariantic,,Default type of coating applied to coated tooling components for high strength piece part material.,False
USA reference export (aP2025R1_SP03_F01_(2026-03)) - Digital Factory USA reference export - Sheet Metal > Variables,512,holeAxisThreshold,15,,,False
USA reference export (aP2025R1_SP03_F01_(2026-03)) - Digital Factory USA reference export - Sheet Metal > Variables,512,holeBasedScoringMultiplierThreshold,3,,All holes have a setupAxis that is codirectional with all other holes on the same cam unit in Progressiv...,True
USA reference export (aP2025R1_SP03_F01_(2026-03)) - Digital Factory USA reference export - Sheet Metal > Variables,512,holesAfterFormsProgDie,false,,Threshold used in Scoring Analysis to determine scoreHoleTooClose,False
USA reference export (aP2025R1_SP03_F01_(2026-03)) - Digital Factory USA reference export - Sheet Metal > Variables,512,holesAfterFormsTandemPress,false,,Default setting for determining whether holes are pierced before or after forming in Progressive Die. V...,True
USA reference export (aP2025R1_SP03_F01_(2026-03)) - Digital Factory USA reference export - Sheet Metal > Variables,512,holesAfterFormsTransferPress,false,,,False
USA reference export (aP2025R1_SP03_F01_(2026-03)) - Digital Factory USA reference export - Sheet Metal > Variables,512,insCboresPerInsert,3,,,False
USA reference export (aP2025R1_SP03_F01_(2026-03)) - Digital Factory USA reference export - Sheet Metal > Variables,512,insCncHrsPerPocket,0.5,,,False
USA reference export (aP2025R1_SP03_F01_(2026-03)) - Digital Factory USA reference export - Sheet Metal > Variables,512,insCncSetup,0.5,,,False
USA reference export (aP2025R1_SP03_F01_(2026-03)) - Digital Factory USA reference export - Sheet Metal > Variables,512,insDowelsPerInsert,0,,,False
USA reference export (aP2025R1_SP03_F01_(2026-03)) - Digital Factory USA reference export - Sheet Metal > Variables,512,insDrillingHrs,0,,,False
USA reference export (aP2025R1_SP03_F01_(2026-03)) - Digital Factory USA reference export - Sheet Metal > Variables,512,insGrindingHrs,1.5,,,False
USA reference export (aP2025R1_SP03_F01_(2026-03)) - Digital Factory USA reference export - Sheet Metal > Variables,512,insGuidePins,0,,,False
USA reference export (aP2025R1_SP03_F01_(2026-03)) - Digital Factory USA reference export - Sheet Metal > Variables,512,insMilledPocketsPerInsert,0,,,False
USA reference export (aP2025R1_SP03_F01_(2026-03)) - Digital Factory USA reference export - Sheet Metal > Variables,512,insMillingHrs,0.5,,,False
USA reference export (aP2025R1_SP03_F01_(2026-03)) - Digital Factory USA reference export - Sheet Metal > Variables,512,insPerfs,0,,,False
USA reference export (aP2025R1_SP03_F01_(2026-03)) - Digital Factory USA reference export - Sheet Metal > Variables,512,insPilots,0,,,False
USA reference export (aP2025R1_SP03_F01_(2026-03)) - Digital Factory USA reference export - Sheet Metal > Variables,512,insSpringPinsPerInsert,3,,,False
USA reference export (aP2025R1_SP03_F01_(2026-03)) - Digital Factory USA reference export - Sheet Metal > Variables,512,insTappedPerInsert,2,,,False
USA reference export (aP2025R1_SP03_F01_(2026-03)) - Digital Factory USA reference export - Sheet Metal > Variables,512,insWireEdmHrsPerDowel,1,,,False
USA reference export (aP2025R1_SP03_F01_(2026-03)) - Digital Factory USA reference export - Sheet Metal > Variables,512,insfCbores,3,,Quantity of counterbores per forming insert to calculate the CNC labor hours per forming insert.,False
USA reference export (aP2025R1_SP03_F01_(2026-03)) - Digital Factory USA reference export - Sheet Metal > Variables,512,insfCncHrsPerInsert,0.5,,Number of CNC hours per forming insert.,False
USA reference export (aP2025R1_SP03_F01_(2026-03)) - Digital Factory USA reference export - Sheet Metal > Variables,512,insfDowels,0,,Quantity of dowels per forming insert.,False
USA reference export (aP2025R1_SP03_F01_(2026-03)) - Digital Factory USA reference export - Sheet Metal > Variables,512,insfDrillingHrs,0,,Total time required for drilling operator labor for forming insert. Used to calculate the labor time of all ...,True
USA reference export (aP2025R1_SP03_F01_(2026-03)) - Digital Factory USA reference export - Sheet Metal > Variables,512,insfGrindingHrs,3,,Total time required for grinding operator labor per forming insert. Used to calculate the labor time of ...,True
USA reference export (aP2025R1_SP03_F01_(2026-03)) - Digital Factory USA reference export - Sheet Metal > Variables,512,insfMillingHrs,1,,Total time required for milling operator labor per forming insert. Used to calculate the labor time of all...,True
USA reference export (aP2025R1_SP03_F01_(2026-03)) - Digital Factory USA reference export - Sheet Metal > Variables,512,insfTapped,0,,,False
USA reference export (aP2025R1_SP03_F01_(2026-03)) - Digital Factory USA reference export - Sheet Metal > Variables,512,insfWireEdmSetup,0.5,,Number of setup hours required for a wire EDM process. Used to calculate the labor time of all die co...,True
USA reference export (aP2025R1_SP03_F01_(2026-03)) - Digital Factory USA reference export - Sheet Metal > Variables,512,inssCbores,3,,Quantity of counterbores per stripper insert.,False
USA reference export (aP2025R1_SP03_F01_(2026-03)) - Digital Factory USA reference export - Sheet Metal > Variables,512,inssCncSetup,0.5,,Constant for total time required for programmed machining for stripper inserts. Used to calculate the l...,True
USA reference export (aP2025R1_SP03_F01_(2026-03)) - Digital Factory USA reference export - Sheet Metal > Variables,512,inssDrillingHrs,0,,Total time required for drilling operator labor for stripper insert. Used to calculate the labor time of all...,True
USA reference export (aP2025R1_SP03_F01_(2026-03)) - Digital Factory USA reference export - Sheet Metal > Variables,512,inssGrindingHrs,1.5,,Total time required for grinding operator labor per stripper insert. Used to calculate the labor time of a...,True
USA reference export (aP2025R1_SP03_F01_(2026-03)) - Digital Factory USA reference export - Sheet Metal > Variables,512,inssMillingHrs,0.75,,Total time required for milling operator labor per stripper insert. Used to calculate the labor time of all...,True
USA reference export (aP2025R1_SP03_F01_(2026-03)) - Digital Factory USA reference export - Sheet Metal > Variables,512,inssSpringPins,2,,Quantity of spring pins required for stripper insert.,False
USA reference export (aP2025R1_SP03_F01_(2026-03)) - Digital Factory USA reference export - Sheet Metal > Variables,512,inssTapped,0,,Quantity of tapped holes per stripper insert.,False
USA reference export (aP2025R1_SP03_F01_(2026-03)) - Digital Factory USA reference export - Sheet Metal > Variables,512,kerfWidthMaxLaser,20,Length,Threshold for Kerf Width that is used to calculate the kerf width for laser cutting,False
USA reference export (aP2025R1_SP03_F01_(2026-03)) - Digital Factory USA reference export - Sheet Metal > Variables,512,kerfWidthMaxOxyFuel,44.45,Length,Threshold for kerf that is used to calculate the kerf width for plasma cutting,False
USA reference export (aP2025R1_SP03_F01_(2026-03)) - Digital Factory USA reference export - Sheet Metal > Variables,512,kerfWidthMaxPlasma,30,Length,Threshold for kerf that is used to calculate the kerf width for plasma cutting,False
USA reference export (aP2025R1_SP03_F01_(2026-03)) - Digital Factory USA reference export - Sheet Metal > Variables,512,laborRateAdjustmentFactor,1,,Factor used to globally increase or decrease labor rate evaluations per process.,False
USA reference export (aP2025R1_SP03_F01_(2026-03)) - Digital Factory USA reference export - Sheet Metal > Variables,512,largePartNestingFactor,4,,Percentage used by the 3rd party nesting software to specify the threshold between medium and large...,True
USA reference export (aP2025R1_SP03_F01_(2026-03)) - Digital Factory USA reference export - Sheet Metal > Variables,512,laserCutRateAdjustmentFactor,1.5,,Adjustment ratio of machine cutting rate for laser punch combination machine,False
USA reference export (aP2025R1_SP03_F01_(2026-03)) - Digital Factory USA reference export - Sheet Metal > Variables,512,laserKerfMultiplier,0.5,,Multiplier for laser kerf width calculations.,False
USA reference export (aP2025R1_SP03_F01_(2026-03)) - Digital Factory USA reference export - Sheet Metal > Variables,512,latheHrsPerSpring,0.25,,Total time required for turning operator labor for a spring. Used to calculate the number of lathe hours ...,True
USA reference export (aP2025R1_SP03_F01_(2026-03)) - Digital Factory USA reference export - Sheet Metal > Variables,512,lengthMargin,12.5,,Length margin used to calculate stock width for incomplete interfaces.,False
USA reference export (aP2025R1_SP03_F01_(2026-03)) - Digital Factory USA reference export - Sheet Metal > Variables,512,lengthMarginTandemPress,12.5,Length,Length margin used for tandem press.,False
USA reference export (aP2025R1_SP03_F01_(2026-03)) - Digital Factory USA reference export - Sheet Metal > Variables,512,lengthMarginTransferPress,12,Length,Length margin for a transfer press.,False
USA reference export (aP2025R1_SP03_F01_(2026-03)) - Digital Factory USA reference export - Sheet Metal > Variables,512,lowCncProgramHours,.25,,This time in hours required to write a CNC program of small size and complexity.,False
USA reference export (aP2025R1_SP03_F01_(2026-03)) - Digital Factory USA reference export - Sheet Metal > Variables,512,max2AxisRouterFlutes,6,,Maximum number of flutes on the tool for the 2 Axis Router process.,False
USA reference export (aP2025R1_SP03_F01_(2026-03)) - Digital Factory USA reference export - Sheet Metal > Variables,512,maxDies,20,,Holds arrays for this many dies.,False
USA reference export (aP2025R1_SP03_F01_(2026-03)) - Digital Factory USA reference export - Sheet Metal > Variables,512,maxFiberLaserBevelCuttingAngle,50,Angle,"The maximum edge angle, from the vertical, feasible for a fiber laser bevel cutting operation.",False
USA reference export (aP2025R1_SP03_F01_(2026-03)) - Digital Factory USA reference export - Sheet Metal > Variables,512,maxLaserBevelCuttingAngle,50,Angle,"The maximum edge angle, from the vertical, feasible for a laser bevel cutting operation.",False
USA reference export (aP2025R1_SP03_F01_(2026-03)) - Digital Factory USA reference export - Sheet Metal > Variables,512,maxNumOperators,4,,The maximum number of laborers available to be assigned to a machine cell. Used for optimization of...,True
USA reference export (aP2025R1_SP03_F01_(2026-03)) - Digital Factory USA reference export - Sheet Metal > Variables,512,maxNumPartsPerGrindStack,5,,"The maximum number of parts that can be stacked together for tab grinding operations, regardless of...",True
USA reference export (aP2025R1_SP03_F01_(2026-03)) - Digital Factory USA reference export - Sheet Metal > Variables,512,maxNumberDeepDraws,3,,Maximum number of deep draws per deep form,False
USA reference export (aP2025R1_SP03_F01_(2026-03)) - Digital Factory USA reference export - Sheet Metal > Variables,512,maxNumberDraws,3,,Maximum number of draws per form,False
USA reference export (aP2025R1_SP03_F01_(2026-03)) - Digital Factory USA reference export - Sheet Metal > Variables,512,maxOxyFuelBevelCuttingAngle,60,Angle,"The maximum edge angle, from the vertical, feasible for an oxyfuel bevel cutting operation.",False
USA reference export (aP2025R1_SP03_F01_(2026-03)) - Digital Factory USA reference export - Sheet Metal > Variables,512,maxPartStackThickness,40,Length,The maximum thickness of parts stacked on top of each other that can be held at one time for tab gri...,True
USA reference export (aP2025R1_SP03_F01_(2026-03)) - Digital Factory USA reference export - Sheet Metal > Variables,512,maxPlasmaBevelCuttingAngle,50,Angle,"The maximum edge angle, from the vertical, feasible for a plasma bevel cutting operation.",False
USA reference export (aP2025R1_SP03_F01_(2026-03)) - Digital Factory USA reference export - Sheet Metal > Variables,512,maxStampingDepthThreshold,0.3,Length,Maximum depth of stamped form achievable by punch operations.,False
USA reference export (aP2025R1_SP03_F01_(2026-03)) - Digital Factory USA reference export - Sheet Metal > Variables,512,maxTappedHolesPerUnit,4,,Maximum number of holes that can be tapped with a single in-die tapping unit.,False
USA reference export (aP2025R1_SP03_F01_(2026-03)) - Digital Factory USA reference export - Sheet Metal > Variables,512,maxThicknessProgressiveDie,6,,Maximum material thickness for use in a progressive die.,False
USA reference export (aP2025R1_SP03_F01_(2026-03)) - Digital Factory USA reference export - Sheet Metal > Variables,512,maxThicknessStageTooling,6,,Maximum material thickness for use in stage tooling.,False
USA reference export (aP2025R1_SP03_F01_(2026-03)) - Digital Factory USA reference export - Sheet Metal > Variables,512,maxThicknessTandemDie,6,,Maximum material thickness for use in Tandem Dies.,False
USA reference export (aP2025R1_SP03_F01_(2026-03)) - Digital Factory USA reference export - Sheet Metal > Variables,512,maxTrimDimensions,200,Length,Maximum trim dimensions. Used to calculate the trim piece area where the size of the outer blank or t...,True
USA reference export (aP2025R1_SP03_F01_(2026-03)) - Digital Factory USA reference export - Sheet Metal > Variables,512,maxTrimStagesProgDie,4,,Determines the number of trimming operations where the size of the blank or trim is managed for con...,True
USA reference export (aP2025R1_SP03_F01_(2026-03)) - Digital Factory USA reference export - Sheet Metal > Variables,512,maxTrimStagesTransferPress,4,,Determines the number of trimming operations where the size of the blank or trim is managed for con...,True
USA reference export (aP2025R1_SP03_F01_(2026-03)) - Digital Factory USA reference export - Sheet Metal > Variables,512,maxWaterjetBevelCuttingAngle,60,Angle,"The maximum edge angle, from the vertical, feasible for a waterjet bevel cutting operation.",False
USA reference export (aP2025R1_SP03_F01_(2026-03)) - Digital Factory USA reference export - Sheet Metal > Variables,512,maxWaterjetBundleThickness,12.7,Length,Maximum effective stack thickness for Waterjet Cutting to maintain a reasonable edge finish for the e...,True
USA reference export (aP2025R1_SP03_F01_(2026-03)) - Digital Factory USA reference export - Sheet Metal > Variables,512,maximumStripWidth,1828.8,Length,Maximum width of coil stock used for strip nesting.,False
USA reference export (aP2025R1_SP03_F01_(2026-03)) - Digital Factory USA reference export - Sheet Metal > Variables,512,mediumCncProgramHours,.5,,This time in hours required to write a CNC program of medium size and complexity.,False
USA reference export (aP2025R1_SP03_F01_(2026-03)) - Digital Factory USA reference export - Sheet Metal > Variables,512,mergeInMultbendAngle,45,Angle,Angle used to determine whether two bends can be merged into a double bend.,False
USA reference export (aP2025R1_SP03_F01_(2026-03)) - Digital Factory USA reference export - Sheet Metal > Variables,512,mergeInMultbendBendAngle1,91,Angle,Bend angle used to determine whether a bend can be merged into a double bend when bends are in t...,True
USA reference export (aP2025R1_SP03_F01_(2026-03)) - Digital Factory USA reference export - Sheet Metal > Variables,512,mergeInMultbendBendAngle2,136,Angle,Bend angle used to determine whether a bend can be merged into a double bend when bends are in o...,True
USA reference export (aP2025R1_SP03_F01_(2026-03)) - Digital Factory USA reference export - Sheet Metal > Variables,512,mergeInMultibendDistance,4,Length,Distance used to determine whether two bends can be merged into a double bend.,False
USA reference export (aP2025R1_SP03_F01_(2026-03)) - Digital Factory USA reference export - Sheet Metal > Variables,512,mergeInMultibendMinRatio,0.4,,Factor used to determine whether two bends can be merged into a double bend.,False
USA reference export (aP2025R1_SP03_F01_(2026-03)) - Digital Factory USA reference export - Sheet Metal > Variables,512,millingPerInsert,0.5,,Total time required for milling operator labor per insert. Used to calculate the labor time of all com...,True
USA reference export (aP2025R1_SP03_F01_(2026-03)) - Digital Factory USA reference export - Sheet Metal > Variables,512,millingTimePerDieBlock,1.5,,Total time required for milling operator labor per die block. Used to calculate the labor time of all die c...,True
USA reference export (aP2025R1_SP03_F01_(2026-03)) - Digital Factory USA reference export - Sheet Metal > Variables,512,min2AxisRouterFlutes,1,,Minimum number of flutes on the tool for the 2 Axis Router process.,False
USA reference export (aP2025R1_SP03_F01_(2026-03)) - Digital Factory USA reference export - Sheet Metal > Variables,512,min2RollBendingDiameterRatio,1.15,,Ratio which determines smallest achievable roll diameter as a function of the top roll diameter of mac...,True
USA reference export (aP2025R1_SP03_F01_(2026-03)) - Digital Factory USA reference export - Sheet Metal > Variables,512,minBurnoutHoleDiameter,50.8,Length,"The minimum diameter hole that can be flame cut (burnout) in a Prog Die shoe, etc.",False
USA reference export (aP2025R1_SP03_F01_(2026-03)) - Digital Factory USA reference export - Sheet Metal > Variables,512,minHoleSpacingMultiplier,2,,Multiplier for determining whether 2 adjacent pierced holes can be pierced simultaneously in Prog Die...,True
USA reference export (aP2025R1_SP03_F01_(2026-03)) - Digital Factory USA reference export - Sheet Metal > Variables,512,minNumQualityLoops,2,,The default minimum number of Quality Loops used during Prog Die tryout in the event that the blan...,True
USA reference export (aP2025R1_SP03_F01_(2026-03)) - Digital Factory USA reference export - Sheet Metal > Variables,512,minOxyFuelSheetThickness,25,Length,Minimum blank thickness used to determine if the part can be cut with an oxyfuel,False
USA reference export (aP2025R1_SP03_F01_(2026-03)) - Digital Factory USA reference export - Sheet Metal > Variables,512,minPunchingThicknessFactor,.8,,Minimum hole diameter as a ratio of material thickness for punching,False
USA reference export (aP2025R1_SP03_F01_(2026-03)) - Digital Factory USA reference export - Sheet Metal > Variables,512,minSimpleHoleDiameterThreshold,5,,Constant used in Scoring Analysis to determine the minimum complex hole perimeter threshold.,False
USA reference export (aP2025R1_SP03_F01_(2026-03)) - Digital Factory USA reference export - Sheet Metal > Variables,512,minimumStripWidth,0,Length,Minimum width of coil stock used for strip nesting.,False
USA reference export (aP2025R1_SP03_F01_(2026-03)) - Digital Factory USA reference export - Sheet Metal > Variables,512,minimumTapSpacingDistance,30.48,Length,Minimum spacing between tapped holes for them to be tapped on the same die station.,False
USA reference export (aP2025R1_SP03_F01_(2026-03)) - Digital Factory USA reference export - Sheet Metal > Variables,512,multipleTrimsProgDie,true,,Controls whether the blank is cut out in one Full Blanking operation or multiple Trimming operations. ...,True
USA reference export (aP2025R1_SP03_F01_(2026-03)) - Digital Factory USA reference export - Sheet Metal > Variables,512,multipleTrimsTransferPress,false,,Factor used to determine the number of operations for a multi-trim analysis.,False
USA reference export (aP2025R1_SP03_F01_(2026-03)) - Digital Factory USA reference export - Sheet Metal > Variables,512,narrowParallelsWidth,38.1,Length,Unit width of the bottom parallels placed between the end parallels.,False
USA reference export (aP2025R1_SP03_F01_(2026-03)) - Digital Factory USA reference export - Sheet Metal > Variables,512,nibbleRateDial,1,,Adjustment ratio of machine nibbling rate,False
USA reference export (aP2025R1_SP03_F01_(2026-03)) - Digital Factory USA reference export - Sheet Metal > Variables,512,nonEmbossDistanceMultiplier,6,,Constant used to determine the multiplied standard thickness of stage tooling.,False
USA reference export (aP2025R1_SP03_F01_(2026-03)) - Digital Factory USA reference export - Sheet Metal > Variables,512,numEdgeTrimsPerPart,1,,The typical number of edge trim cuts per part. All remaining trim cuts are non-edge.,False
USA reference export (aP2025R1_SP03_F01_(2026-03)) - Digital Factory USA reference export - Sheet Metal > Variables,512,numShearPlanes,1,,Sets the default number of shear planes used. Affects the total shear force required. Set to greater than...,True
USA reference export (aP2025R1_SP03_F01_(2026-03)) - Digital Factory USA reference export - Sheet Metal > Variables,512,numSideMillingPasses,2,,Typical number of milling passes used for side milling in Progressive Die.,False
USA reference export (aP2025R1_SP03_F01_(2026-03)) - Digital Factory USA reference export - Sheet Metal > Variables,512,numberFifty,50,,Supports a constant in Prog Die.,False
USA reference export (aP2025R1_SP03_F01_(2026-03)) - Digital Factory USA reference export - Sheet Metal > Variables,512,numberFive,5,,Supports a constant in Prog Die.,False
USA reference export (aP2025R1_SP03_F01_(2026-03)) - Digital Factory USA reference export - Sheet Metal > Variables,512,numberFour,4,,Supports a constant in Prog Die.,False
USA reference export (aP2025R1_SP03_F01_(2026-03)) - Digital Factory USA reference export - Sheet Metal > Variables,512,numberFourty,40,,Supports a constant in Prog Die.,False
USA reference export (aP2025R1_SP03_F01_(2026-03)) - Digital Factory USA reference export - Sheet Metal > Variables,512,numberOne,1,,Supports a constant in Prog Die.,False
USA reference export (aP2025R1_SP03_F01_(2026-03)) - Digital Factory USA reference export - Sheet Metal > Variables,512,numberOnePntFive,1.5,,Supports a constant in Prog Die.,False
USA reference export (aP2025R1_SP03_F01_(2026-03)) - Digital Factory USA reference export - Sheet Metal > Variables,512,numberOnePntThreeEight,1.38,,Supports a constant in Prog Die.,False
USA reference export (aP2025R1_SP03_F01_(2026-03)) - Digital Factory USA reference export - Sheet Metal > Variables,512,numberOnePntTwoFive,1.25,,Supports a constant in Prog Die.,False
USA reference export (aP2025R1_SP03_F01_(2026-03)) - Digital Factory USA reference export - Sheet Metal > Variables,512,numberPntFive,.5,,Supports a constant in Prog Die.,False
USA reference export (aP2025R1_SP03_F01_(2026-03)) - Digital Factory USA reference export - Sheet Metal > Variables,512,numberPntFiveFive,.55,,Supports a constant in Prog Die.,False
USA reference export (aP2025R1_SP03_F01_(2026-03)) - Digital Factory USA reference export - Sheet Metal > Variables,512,numberPntThreeThree,.33,,Supports a constant in Prog Die.,False
USA reference export (aP2025R1_SP03_F01_(2026-03)) - Digital Factory USA reference export - Sheet Metal > Variables,512,numberPntTwoFive,.25,,Supports a constant in Prog Die.,False
USA reference export (aP2025R1_SP03_F01_(2026-03)) - Digital Factory USA reference export - Sheet Metal > Variables,512,numberPntZeroNine,.09,,Supports a constant in Prog Die.,False
USA reference export (aP2025R1_SP03_F01_(2026-03)) - Digital Factory USA reference export - Sheet Metal > Variables,512,numberSixty,60,,Supports a constant in Prog Die.,False
USA reference export (aP2025R1_SP03_F01_(2026-03)) - Digital Factory USA reference export - Sheet Metal > Variables,512,numberTen,10,,Supports a constant in Prog Die.,False
USA reference export (aP2025R1_SP03_F01_(2026-03)) - Digital Factory USA reference export - Sheet Metal > Variables,512,numberThirty,30,,Supports a constant in Prog Die.,False
USA reference export (aP2025R1_SP03_F01_(2026-03)) - Digital Factory USA reference export - Sheet Metal > Variables,512,numberThirtyFive,35,,Supports a constant in Prog Die.,False
USA reference export (aP2025R1_SP03_F01_(2026-03)) - Digital Factory USA reference export - Sheet Metal > Variables,512,numberThree,3,,Supports a constant in Prog Die.,False
USA reference export (aP2025R1_SP03_F01_(2026-03)) - Digital Factory USA reference export - Sheet Metal > Variables,512,numberTwelve,12,,Supports a constant in Prog Die.,False
USA reference export (aP2025R1_SP03_F01_(2026-03)) - Digital Factory USA reference export - Sheet Metal > Variables,512,numberTwenty,20,,Supports a constant in Prog Die.,False
USA reference export (aP2025R1_SP03_F01_(2026-03)) - Digital Factory USA reference export - Sheet Metal > Variables,512,numberTwentyFive,25,,Supports a constant in Prog Die.,False
USA reference export (aP2025R1_SP03_F01_(2026-03)) - Digital Factory USA reference export - Sheet Metal > Variables,512,numberTwentyFivePntTwoFive,25.25,,Supports a constant in Prog Die.,False
USA reference export (aP2025R1_SP03_F01_(2026-03)) - Digital Factory USA reference export - Sheet Metal > Variables,512,numberTwo,2,,Supports a constant in Prog Die.,False
USA reference export (aP2025R1_SP03_F01_(2026-03)) - Digital Factory USA reference export - Sheet Metal > Variables,512,numberTwoPntSevenFive,2.75,,Supports a constant in Prog Die.,False
USA reference export (aP2025R1_SP03_F01_(2026-03)) - Digital Factory USA reference export - Sheet Metal > Variables,512,numberTwoPntTwo,2.2,,Supports a constant in Prog Die.,False
USA reference export (aP2025R1_SP03_F01_(2026-03)) - Digital Factory USA reference export - Sheet Metal > Variables,512,numberTwoPntTwoFive,2.25,,Supports a constant in Prog Die.,False
USA reference export (aP2025R1_SP03_F01_(2026-03)) - Digital Factory USA reference export - Sheet Metal > Variables,512,orAdjustment,0,,Estimator to manually adjust the final price of stage tooling.,False
USA reference export (aP2025R1_SP03_F01_(2026-03)) - Digital Factory USA reference export - Sheet Metal > Variables,512,orAssemblyPercent,35.6,,Factor used to calculate the tooling assembly hours for stage tooling.,False
USA reference export (aP2025R1_SP03_F01_(2026-03)) - Digital Factory USA reference export - Sheet Metal > Variables,512,orDebugPercent,4.1,,Factor used to calculate the tooling debug hours.,False
USA reference export (aP2025R1_SP03_F01_(2026-03)) - Digital Factory USA reference export - Sheet Metal > Variables,512,orDesignPercent,32.8,,Factor used to calculate the tooling design hours.,False
USA reference export (aP2025R1_SP03_F01_(2026-03)) - Digital Factory USA reference export - Sheet Metal > Variables,512,orMarkupPercent,10,,Factor used to calculate the tooling markup as a percentage profit of total tooling cost.,False
USA reference export (aP2025R1_SP03_F01_(2026-03)) - Digital Factory USA reference export - Sheet Metal > Variables,512,orReworkPercent,2,,Factor used to calculate the tooling rework hours.,False
USA reference export (aP2025R1_SP03_F01_(2026-03)) - Digital Factory USA reference export - Sheet Metal > Variables,512,otherMajorCompMaterialCost,6.61,Currency,$/kg,False
USA reference export (aP2025R1_SP03_F01_(2026-03)) - Digital Factory USA reference export - Sheet Metal > Variables,512,overheadRateAdjustmentFactor,1,,Factor used to globally increase or decrease overhead rate evaluations per process.,False
USA reference export (aP2025R1_SP03_F01_(2026-03)) - Digital Factory USA reference export - Sheet Metal > Variables,512,oxyfuelKerfMultiplier,1,,Multiplier for oxyfuel kerf width calculations.,False
USA reference export (aP2025R1_SP03_F01_(2026-03)) - Digital Factory USA reference export - Sheet Metal > Variables,512,parallelCboresPerTopParallel,4,,Default quantity of parallel counterbores per top parallel.,False
USA reference export (aP2025R1_SP03_F01_(2026-03)) - Digital Factory USA reference export - Sheet Metal > Variables,512,parallelCboresPerTransplate,4,,Default quantity of parallel counterbores per transplate.,False
USA reference export (aP2025R1_SP03_F01_(2026-03)) - Digital Factory USA reference export - Sheet Metal > Variables,512,parallelHolesPerHour,7,,Quantity of holes per hour drilled into parallels.,False
USA reference export (aP2025R1_SP03_F01_(2026-03)) - Digital Factory USA reference export - Sheet Metal > Variables,512,parallelLength,152.4,,Length of standard parallel.,False
USA reference export (aP2025R1_SP03_F01_(2026-03)) - Digital Factory USA reference export - Sheet Metal > Variables,512,parallelTapsPerTopParallel,2,,Default quantity of parallel taps per top parallel.,False
USA reference export (aP2025R1_SP03_F01_(2026-03)) - Digital Factory USA reference export - Sheet Metal > Variables,512,parallelTapsPerTransplate,4,,Default quantity of parallel taps per transplate.,False
USA reference export (aP2025R1_SP03_F01_(2026-03)) - Digital Factory USA reference export - Sheet Metal > Variables,512,parallelThickness,38.1,,Thickness of standard parallel.,False
USA reference export (aP2025R1_SP03_F01_(2026-03)) - Digital Factory USA reference export - Sheet Metal > Variables,512,partSpacingFactor,1.5,,Factor for spacing between parts for 2 Axis Router process. Factor is multiplied by the tool diameter to ...,True
USA reference export (aP2025R1_SP03_F01_(2026-03)) - Digital Factory USA reference export - Sheet Metal > Variables,512,partialSheetUsageUtilization,Assume Full Sheet Utilization,,Determines default utilization behavior when batch size results in partial sheet usage. Available option...,True
USA reference export (aP2025R1_SP03_F01_(2026-03)) - Digital Factory USA reference export - Sheet Metal > Variables,512,percentConversion,100,,Value used for converting percentages from integer to decimal.,False
USA reference export (aP2025R1_SP03_F01_(2026-03)) - Digital Factory USA reference export - Sheet Metal > Variables,512,percentProfit,.1,,Multiplier used to calculate percent profit on tooling.,False
USA reference export (aP2025R1_SP03_F01_(2026-03)) - Digital Factory USA reference export - Sheet Metal > Variables,512,percentSGandA,.1,,Multiplier used to calculate percent SG&A on tooling.,False
USA reference export (aP2025R1_SP03_F01_(2026-03)) - Digital Factory USA reference export - Sheet Metal > Variables,512,percentTuning,.03,,Multiplier used to calculate percent profit on Prog Die tooling.,False
USA reference export (aP2025R1_SP03_F01_(2026-03)) - Digital Factory USA reference export - Sheet Metal > Variables,512,perfBushingWall,3,,Thickness of bushing wall.,False
USA reference export (aP2025R1_SP03_F01_(2026-03)) - Digital Factory USA reference export - Sheet Metal > Variables,512,perfEjectorLength,57.15,,"Perforator ejector length. Used to calculate the length of round perforators with ejectors, round perfor...",True
USA reference export (aP2025R1_SP03_F01_(2026-03)) - Digital Factory USA reference export - Sheet Metal > Variables,512,phCboresPerPunch,3,,Quantity of counterbores per punch. Used to calculate the Quantity of counterbores per punch holder.,False
USA reference export (aP2025R1_SP03_F01_(2026-03)) - Digital Factory USA reference export - Sheet Metal > Variables,512,phCboresPerPunchPad,6,,Quantity of counterbores per punch pad. Used to calculate the Quantity of counterbores per punch h...,True
USA reference export (aP2025R1_SP03_F01_(2026-03)) - Digital Factory USA reference export - Sheet Metal > Variables,512,phCboresPerStripper,5,,Quantity of counterbores per stripper. Used to calculate the Quantity of counterbores per punch holder.,False
USA reference export (aP2025R1_SP03_F01_(2026-03)) - Digital Factory USA reference export - Sheet Metal > Variables,512,phCncSetup,1,,Number of CNC setup hours per punch holder. Used to calculate the number of CNC labor hours for ...,True
USA reference export (aP2025R1_SP03_F01_(2026-03)) - Digital Factory USA reference export - Sheet Metal > Variables,512,phDowelsPerPunch,2,,Quantity of dowels required per punch. Used to calculate the Quantity of dowels required for a punch ...,True
USA reference export (aP2025R1_SP03_F01_(2026-03)) - Digital Factory USA reference export - Sheet Metal > Variables,512,phDowelsPerPunchPad,3,,Quantity of dowels required per punch pad. Used to calculate the Quantity of dowels required for a pu...,True
USA reference export (aP2025R1_SP03_F01_(2026-03)) - Digital Factory USA reference export - Sheet Metal > Variables,512,phMilledPocketsPerPunchHolder,5,,Quantity of milled pockets per punch holder.,False
USA reference export (aP2025R1_SP03_F01_(2026-03)) - Digital Factory USA reference export - Sheet Metal > Variables,512,phPocketMillHrs,0.5,,Number of hours required to mill a pocket.,False
USA reference export (aP2025R1_SP03_F01_(2026-03)) - Digital Factory USA reference export - Sheet Metal > Variables,512,phPushPinsPerTransPlate,8,,Quantity of push pins required per trans plate. Used to calculate the Quantity of push pins required pe...,True
USA reference export (aP2025R1_SP03_F01_(2026-03)) - Digital Factory USA reference export - Sheet Metal > Variables,512,phSetScrews,0,,Quantity of set screws required per punch holder.,False
USA reference export (aP2025R1_SP03_F01_(2026-03)) - Digital Factory USA reference export - Sheet Metal > Variables,512,phSpringsPerInsert,3,,Quantity of springs per insert for a punch holder.,False
USA reference export (aP2025R1_SP03_F01_(2026-03)) - Digital Factory USA reference export - Sheet Metal > Variables,512,phSpringsPerPilot,2,,Quantity of springs per pilot for a punch holder.,False
USA reference export (aP2025R1_SP03_F01_(2026-03)) - Digital Factory USA reference export - Sheet Metal > Variables,512,phTapsPerFormingPunch,3,,Quantity of taps per forming punch for a punch holder.,False
USA reference export (aP2025R1_SP03_F01_(2026-03)) - Digital Factory USA reference export - Sheet Metal > Variables,512,phTapsPerTopParallel,4,,Quantity of taps per parallel for a punch holder.,False
USA reference export (aP2025R1_SP03_F01_(2026-03)) - Digital Factory USA reference export - Sheet Metal > Variables,512,phTapsPerTransPlate,4,,Quantity of taps per trans plate for a punch holder.,False
USA reference export (aP2025R1_SP03_F01_(2026-03)) - Digital Factory USA reference export - Sheet Metal > Variables,512,pi,3.1415,,"Constant for the mathematical quantity, pi.",False
USA reference export (aP2025R1_SP03_F01_(2026-03)) - Digital Factory USA reference export - Sheet Metal > Variables,512,piercePunchRetainerCustomLengthThreshold,152.4,Length,Threshold value below which a fixed minimum number of screws will be used in a Custom Punch Ret...,True
USA reference export (aP2025R1_SP03_F01_(2026-03)) - Digital Factory USA reference export - Sheet Metal > Variables,512,pilotPinSizingThreshold,4,Length,"Threshold to determine pilot pin diameter (mm). If material thickness is greater than this value, a larg...",True
USA reference export (aP2025R1_SP03_F01_(2026-03)) - Digital Factory USA reference export - Sheet Metal > Variables,512,pilotsPilotsPerDie,2,,Quantity of pilots per die component.,False
USA reference export (aP2025R1_SP03_F01_(2026-03)) - Digital Factory USA reference export - Sheet Metal > Variables,512,plasmaCutRateAdjustmentFactor,0.7,,Adjustment ratio of machine cutting rate for plasma punch combination machine,False
USA reference export (aP2025R1_SP03_F01_(2026-03)) - Digital Factory USA reference export - Sheet Metal > Variables,512,plasmaKerfMultiplier,1.5,,Multiplier for plasma kerf width calculations.,False
USA reference export (aP2025R1_SP03_F01_(2026-03)) - Digital Factory USA reference export - Sheet Metal > Variables,512,plungeRateFactor,0.5,,Plunge Rate is calculated by multiplying the calculated feed rate by the plunge rate factor for 2 Axis Ro...,True
USA reference export (aP2025R1_SP03_F01_(2026-03)) - Digital Factory USA reference export - Sheet Metal > Variables,512,ppCncSetupHrs,0.75,,Number of CNC setup hours required for a punch pad. Used to calculate the number of CNC labor ho...,True
USA reference export (aP2025R1_SP03_F01_(2026-03)) - Digital Factory USA reference export - Sheet Metal > Variables,512,ppDowels,3,,Quantity of dowels required per punch pad.,False
USA reference export (aP2025R1_SP03_F01_(2026-03)) - Digital Factory USA reference export - Sheet Metal > Variables,512,ppDrillingHrs,0,,Total time required for drilling operator labor per punch pad. Used to calculate the labor time of all die...,True
USA reference export (aP2025R1_SP03_F01_(2026-03)) - Digital Factory USA reference export - Sheet Metal > Variables,512,ppGrindingHrs,0,,Total time required for grinding operator labor per punch pad. Used to calculate the labor time of all d...,True
USA reference export (aP2025R1_SP03_F01_(2026-03)) - Digital Factory USA reference export - Sheet Metal > Variables,512,ppMillingHrs,0,,Total time required for milling operator labor per punch pad. Used to calculate the labor time of all die...,True
USA reference export (aP2025R1_SP03_F01_(2026-03)) - Digital Factory USA reference export - Sheet Metal > Variables,512,ppPushPinsPerTransPlate,8,,Quantity of push pins required per trans plate. Used to calculate the Quantity of push pins required pe...,True
USA reference export (aP2025R1_SP03_F01_(2026-03)) - Digital Factory USA reference export - Sheet Metal > Variables,512,ppShieldScrPerStripper,5,,Constant used to calculate the number of CNC labor hours required for punch pad.,False
USA reference export (aP2025R1_SP03_F01_(2026-03)) - Digital Factory USA reference export - Sheet Metal > Variables,512,ppSpringPinsPerInsert,3,,Quantity of spring pins required per insert. Used to calculte the Quantity of spring pins required per ...,True
USA reference export (aP2025R1_SP03_F01_(2026-03)) - Digital Factory USA reference export - Sheet Metal > Variables,512,ppSpringPinsPerPilot,2,,Quantity of spring pins required per pilot. Used to calculte the Quantity of spring pins required per p...,True
USA reference export (aP2025R1_SP03_F01_(2026-03)) - Digital Factory USA reference export - Sheet Metal > Variables,512,ppTapped,6,,,False
USA reference export (aP2025R1_SP03_F01_(2026-03)) - Digital Factory USA reference export - Sheet Metal > Variables,512,ppWireEdmSetup,1,,Number of setup hours required for a wire EDM process. Used to calculate the labor time of all die co...,True
USA reference export (aP2025R1_SP03_F01_(2026-03)) - Digital Factory USA reference export - Sheet Metal > Variables,512,pprCncSetupHrs,0.75,,Number of CNC setup hours required for a piercing punch. Used to calculate the number of CNC labo...,True
USA reference export (aP2025R1_SP03_F01_(2026-03)) - Digital Factory USA reference export - Sheet Metal > Variables,512,pprDowels,2,,Quantity of dowels required per piercing punch.,False
USA reference export (aP2025R1_SP03_F01_(2026-03)) - Digital Factory USA reference export - Sheet Metal > Variables,512,pprDrillingHrs,0,,Total time required for drilling operator labor for piercing punch. Used to calculate the labor time of al...,True
USA reference export (aP2025R1_SP03_F01_(2026-03)) - Digital Factory USA reference export - Sheet Metal > Variables,512,pprGrindingHrs,3,,Total time required for grinding operator labor per piercing punch. Used to calculate the labor time of ...,True
USA reference export (aP2025R1_SP03_F01_(2026-03)) - Digital Factory USA reference export - Sheet Metal > Variables,512,pprMillingHrs,1.5,,Total time required for milling operator labor per piercing punch. Used to calculate the labor time of a...,True
USA reference export (aP2025R1_SP03_F01_(2026-03)) - Digital Factory USA reference export - Sheet Metal > Variables,512,pprOilPins,2,,Quantity of oil pins required per piercing punch.,False
USA reference export (aP2025R1_SP03_F01_(2026-03)) - Digital Factory USA reference export - Sheet Metal > Variables,512,pprTapped,3,,Quantity of tapped holes per piercing punch.,False
USA reference export (aP2025R1_SP03_F01_(2026-03)) - Digital Factory USA reference export - Sheet Metal > Variables,512,preferDTCOverMachineSelection,false,,"If true, the system will pass machine selection rules that are linked to DTC messages in order to identify GC...",True
USA reference export (aP2025R1_SP03_F01_(2026-03)) - Digital Factory USA reference export - Sheet Metal > Variables,512,pressTableLengthMargin,25.4,Length,length margin ensuring that press table length is greater than die length,False
USA reference export (aP2025R1_SP03_F01_(2026-03)) - Digital Factory USA reference export - Sheet Metal > Variables,512,pressTableWidthMargin,25.4,Length,width margin ensuring that press table width is greater than die width,False
USA reference export (aP2025R1_SP03_F01_(2026-03)) - Digital Factory USA reference export - Sheet Metal > Variables,512,progDieAnnualVolumeLimit,15000,,"Annual volume limit for a progressive die operation. Below this value, a progressive die operation is no...",True
USA reference export (aP2025R1_SP03_F01_(2026-03)) - Digital Factory USA reference export - Sheet Metal > Variables,512,progDiePartClearance,25.4,Length,"Clearance added above and below the part to allow for part transfer (1"")",False
USA reference export (aP2025R1_SP03_F01_(2026-03)) - Digital Factory USA reference export - Sheet Metal > Variables,512,progDieToolingComponentStdCostMult,1,,Dial for modifying all tooling component standard costs in Prog Die.,False
USA reference export (aP2025R1_SP03_F01_(2026-03)) - Digital Factory USA reference export - Sheet Metal > Variables,512,punchAllowance,6.35,,Allowance on punch thickness.,False
USA reference export (aP2025R1_SP03_F01_(2026-03)) - Digital Factory USA reference export - Sheet Metal > Variables,512,punchFormingPunchFactor,1.5,,Factor to scale up the area of a forming punch.,False
USA reference export (aP2025R1_SP03_F01_(2026-03)) - Digital Factory USA reference export - Sheet Metal > Variables,512,punchHolderThickness,59.944,,Default punch holder thickness for a die set.,False
USA reference export (aP2025R1_SP03_F01_(2026-03)) - Digital Factory USA reference export - Sheet Metal > Variables,512,punchHoleThreshold,25.4,,Minimum hole diameter for piercing.,False
USA reference export (aP2025R1_SP03_F01_(2026-03)) - Digital Factory USA reference export - Sheet Metal > Variables,512,punchLengthStep,76.2,Length,Step increment for adding incremental screws to a Custom Punch Retainer in Prog Die. (add another ...,True
USA reference export (aP2025R1_SP03_F01_(2026-03)) - Digital Factory USA reference export - Sheet Metal > Variables,512,punchRateDial,0.5,,Adjustment ratio of machine punching rate,False
USA reference export (aP2025R1_SP03_F01_(2026-03)) - Digital Factory USA reference export - Sheet Metal > Variables,512,punchThickness,57.15,,Thickness of a punch. Applicable for the thickness of piercing and forming punches.,False
USA reference export (aP2025R1_SP03_F01_(2026-03)) - Digital Factory USA reference export - Sheet Metal > Variables,512,punchWiperWidth,76.2,,Width of wiper die.,False
USA reference export (aP2025R1_SP03_F01_(2026-03)) - Digital Factory USA reference export - Sheet Metal > Variables,512,rateBoring,1524,mm/hr,Rate at which a hole can be bored.,False
USA reference export (aP2025R1_SP03_F01_(2026-03)) - Digital Factory USA reference export - Sheet Metal > Variables,512,rateCnc,762,,Rate at which items can be CNC'ed.,False
USA reference export (aP2025R1_SP03_F01_(2026-03)) - Digital Factory USA reference export - Sheet Metal > Variables,512,rateDrilling,1270,mm/hr,Rate at which a hole can be drilled.,False
USA reference export (aP2025R1_SP03_F01_(2026-03)) - Digital Factory USA reference export - Sheet Metal > Variables,512,rateDrillingProgDie,9144,mm/hr,Rate at which a hole can be drilled.,False
USA reference export (aP2025R1_SP03_F01_(2026-03)) - Digital Factory USA reference export - Sheet Metal > Variables,512,rateFacing,18288,mm^2/hr,Rate at which a face can be turned on a lathe. (mm^2/hour),False
USA reference export (aP2025R1_SP03_F01_(2026-03)) - Digital Factory USA reference export - Sheet Metal > Variables,512,rateMillingSide,114300,mm/hr,Rate at which a surface can be side milled.,False
USA reference export (aP2025R1_SP03_F01_(2026-03)) - Digital Factory USA reference export - Sheet Metal > Variables,512,ratePrecisionMachining,152.4,mm/hr,Rate at which items can precision machined.,False
USA reference export (aP2025R1_SP03_F01_(2026-03)) - Digital Factory USA reference export - Sheet Metal > Variables,512,rateReaming,3048,mm/hr,Rate at which a hole can be reamed.,False
USA reference export (aP2025R1_SP03_F01_(2026-03)) - Digital Factory USA reference export - Sheet Metal > Variables,512,rateTapping,2286,mm/hr,Rate at which a hole can be tapped.,False
USA reference export (aP2025R1_SP03_F01_(2026-03)) - Digital Factory USA reference export - Sheet Metal > Variables,512,rateWireEdm,3870.96,mm/hr,Rate at which items can be wire EDM'ed.,False
USA reference export (aP2025R1_SP03_F01_(2026-03)) - Digital Factory USA reference export - Sheet Metal > Variables,512,rateWireEdmProgDie,533,mm/hr,Rate at which items can be wire EDM'ed in Progressive Die.,False
USA reference export (aP2025R1_SP03_F01_(2026-03)) - Digital Factory USA reference export - Sheet Metal > Variables,512,relMergeInSuperformDistanceMultiplier,0.2,,Used in SuperForm Merge analysis to determine anotherDistanceLimit.,False
USA reference export (aP2025R1_SP03_F01_(2026-03)) - Digital Factory USA reference export - Sheet Metal > Variables,512,rollThicknessRatio,0.9,,Ratio of part thickness as a function of machine capacity at which an additional pass should be added...,True
USA reference export (aP2025R1_SP03_F01_(2026-03)) - Digital Factory USA reference export - Sheet Metal > Variables,512,rollingSpeedAdjustmentFactor,0.5,,Adjustment ratio of speed when yield stress approaches 90% of the ultimate tensile stress,False
USA reference export (aP2025R1_SP03_F01_(2026-03)) - Digital Factory USA reference export - Sheet Metal > Variables,512,roundRisersPerDie,4,,Quantity of round risers required per die.,False
USA reference export (aP2025R1_SP03_F01_(2026-03)) - Digital Factory USA reference export - Sheet Metal > Variables,512,routerMaxThickness,6.35,Length,Max thickness of material 2 Axis Router can process.,False
USA reference export (aP2025R1_SP03_F01_(2026-03)) - Digital Factory USA reference export - Sheet Metal > Variables,512,routerToolDiameter,3.175,Length,Default diameter for tool used by the 2 Axis Router process. Keep in sync with the same plant variabl...,True
USA reference export (aP2025R1_SP03_F01_(2026-03)) - Digital Factory USA reference export - Sheet Metal > Variables,512,routerTrimStrip,10,Length,Material not utilised for parts along the width and length of the sheet.,False
USA reference export (aP2025R1_SP03_F01_(2026-03)) - Digital Factory USA reference export - Sheet Metal > Variables,512,rowBlank,3,,Location of the external contour artifact.,False
USA reference export (aP2025R1_SP03_F01_(2026-03)) - Digital Factory USA reference export - Sheet Metal > Variables,512,rowFirstComponent,2,,Location of first component.,False
USA reference export (aP2025R1_SP03_F01_(2026-03)) - Digital Factory USA reference export - Sheet Metal > Variables,512,rowPart,2,,Assuming that Part is always at the top of the artifact list.,False
USA reference export (aP2025R1_SP03_F01_(2026-03)) - Digital Factory USA reference export - Sheet Metal > Variables,512,rpmAdjustmentFactor,0.75,,RPM adjustment factor to reduce the RPM for the selected 2 Axis Router machine.,False
USA reference export (aP2025R1_SP03_F01_(2026-03)) - Digital Factory USA reference export - Sheet Metal > Variables,512,rubberLength,127,,Constant for rubber length.,False
USA reference export (aP2025R1_SP03_F01_(2026-03)) - Digital Factory USA reference export - Sheet Metal > Variables,512,rubberThickness,101.6,,Constant for rubber thickness.,False
USA reference export (aP2025R1_SP03_F01_(2026-03)) - Digital Factory USA reference export - Sheet Metal > Variables,512,rubberWidth,127,,Constant for rubber width.,False
USA reference export (aP2025R1_SP03_F01_(2026-03)) - Digital Factory USA reference export - Sheet Metal > Variables,512,sawingHrsPerBumper,0.25,,Total time required for sawing operator labor per bumper. Used to calculate the labor time of all die c...,True
USA reference export (aP2025R1_SP03_F01_(2026-03)) - Digital Factory USA reference export - Sheet Metal > Variables,512,sawingHrsPerInsert,0.25,,Total time required for sawing operator labor per insert. Used to calculate the labor time of all die com...,True
USA reference export (aP2025R1_SP03_F01_(2026-03)) - Digital Factory USA reference export - Sheet Metal > Variables,512,scoreBendsProgDie,No,,Default setting for scoring bends in Prog Die routing. Acceptable values are 'Yes' and 'No'.,False
USA reference export (aP2025R1_SP03_F01_(2026-03)) - Digital Factory USA reference export - Sheet Metal > Variables,512,scoreBendsTransferPress,true,,Used to determine if a bend in a transfer press is scored.,False
USA reference export (aP2025R1_SP03_F01_(2026-03)) - Digital Factory USA reference export - Sheet Metal > Variables,512,shallowEmbossDepthMultiplier,1,,Multiplier used in Depth and Distance in Compatibility Analsis to determine whether an item is deep ...,True
USA reference export (aP2025R1_SP03_F01_(2026-03)) - Digital Factory USA reference export - Sheet Metal > Variables,512,shallowEmbossDistanceMultiplier,25.4,,Multiplier used in Depth and Distance in Compatibility Analsis to determine whether an item is too cl...,True
USA reference export (aP2025R1_SP03_F01_(2026-03)) - Digital Factory USA reference export - Sheet Metal > Variables,512,shearHoldingForceFactor,.05,,Multiplier for calculating the shear holding force from the required shear force.,False
USA reference export (aP2025R1_SP03_F01_(2026-03)) - Digital Factory USA reference export - Sheet Metal > Variables,512,shortBendMultiplierThreshold,3,,Threshold used in Scoring Analysis to determine shortBendCondition(op).,False
USA reference export (aP2025R1_SP03_F01_(2026-03)) - Digital Factory USA reference export - Sheet Metal > Variables,512,shuttleTimeToSheetRemovalTimeMultiplier,0.5,,The machine shuttle time to material sheet skeleton removal time multiplier. Used for calculation of p...,True
USA reference export (aP2025R1_SP03_F01_(2026-03)) - Digital Factory USA reference export - Sheet Metal > Variables,512,sideActionAxisTolerance,15,,A tolerance on the setupAxis of FORM gcd's when being compared to the MAIN SURFACE normal dire...,True
USA reference export (aP2025R1_SP03_F01_(2026-03)) - Digital Factory USA reference export - Sheet Metal > Variables,512,singleEdgeCarrierStripWidth,20,Length,Width of a single edge carrier strip in Prog Die.,False
USA reference export (aP2025R1_SP03_F01_(2026-03)) - Digital Factory USA reference export - Sheet Metal > Variables,512,slCboresPerSl,2,,,False
USA reference export (aP2025R1_SP03_F01_(2026-03)) - Digital Factory USA reference export - Sheet Metal > Variables,512,slCncHrs,0,,Constant for total time required for programmed machining for stock lifters. Used to calculate the lab...,True
USA reference export (aP2025R1_SP03_F01_(2026-03)) - Digital Factory USA reference export - Sheet Metal > Variables,512,slGrindingHrs,0,,Total time required for grinding operator labor required per stock lifter. Used to calculate the total lab...,True
USA reference export (aP2025R1_SP03_F01_(2026-03)) - Digital Factory USA reference export - Sheet Metal > Variables,512,slMillingHrs,0,,Total time required for milling operator labor per stock lifter. Used to calculate the total labor time of a...,True
USA reference export (aP2025R1_SP03_F01_(2026-03)) - Digital Factory USA reference export - Sheet Metal > Variables,512,smallHoleThreshold,2.54,,Diameter at which ejector-based perforators are needed.,False
USA reference export (aP2025R1_SP03_F01_(2026-03)) - Digital Factory USA reference export - Sheet Metal > Variables,512,smallHoleThreshold2,3.18,,Diameter at which ejector-based perforators are needed.,False
USA reference export (aP2025R1_SP03_F01_(2026-03)) - Digital Factory USA reference export - Sheet Metal > Variables,512,springDiameter,25.4,,Standard diameter of a spring.,False
USA reference export (aP2025R1_SP03_F01_(2026-03)) - Digital Factory USA reference export - Sheet Metal > Variables,512,springLength,88.9,,Standard length of a spring.,False
USA reference export (aP2025R1_SP03_F01_(2026-03)) - Digital Factory USA reference export - Sheet Metal > Variables,512,springPinsPerForm,3,,Quantity of spring pins required per form.,False
USA reference export (aP2025R1_SP03_F01_(2026-03)) - Digital Factory USA reference export - Sheet Metal > Variables,512,springQty,10,,Quantity of springs required. Used to calculate the quantity of all die components.,False
USA reference export (aP2025R1_SP03_F01_(2026-03)) - Digital Factory USA reference export - Sheet Metal > Variables,512,sqmmPerSqin,645.16,,Number of square millimeters in one square inch. Unit conversion.,False
USA reference export (aP2025R1_SP03_F01_(2026-03)) - Digital Factory USA reference export - Sheet Metal > Variables,512,stageLengthMargin,12.5,,Allowance added for trim strip.,False
USA reference export (aP2025R1_SP03_F01_(2026-03)) - Digital Factory USA reference export - Sheet Metal > Variables,512,stageToolingAnnualVolumeLimit,10000,,"Annual volume limit for a stage tooling operation. Below this value, a stage tooling operation is not ec...",True
USA reference export (aP2025R1_SP03_F01_(2026-03)) - Digital Factory USA reference export - Sheet Metal > Variables,512,stageWidthMargin,7.3,,Allowance added for trim strip.,False
USA reference export (aP2025R1_SP03_F01_(2026-03)) - Digital Factory USA reference export - Sheet Metal > Variables,512,stampingHeightThreshold,101.6,Length,used to determine the post-blanking adapter height.,False
USA reference export (aP2025R1_SP03_F01_(2026-03)) - Digital Factory USA reference export - Sheet Metal > Variables,512,standardDownLimit,3.17,,Used in Depth and Distance in Compatibility Analysis to determine if items are too close to be ...,True
USA reference export (aP2025R1_SP03_F01_(2026-03)) - Digital Factory USA reference export - Sheet Metal > Variables,512,standardLaserCutLeadInAmount,10,Length,Standard lead-in & lead-out amount for Laser Cutting.,False
USA reference export (aP2025R1_SP03_F01_(2026-03)) - Digital Factory USA reference export - Sheet Metal > Variables,512,standardPlasmaCutLeadInAmount,3.175,Length,Standard lead-in & lead-out amount for Plasma Cutting.,False
USA reference export (aP2025R1_SP03_F01_(2026-03)) - Digital Factory USA reference export - Sheet Metal > Variables,512,standardSheetLength,2438.4,,Default standard sheet length if no stock is available for computed utilization.,False
USA reference export (aP2025R1_SP03_F01_(2026-03)) - Digital Factory USA reference export - Sheet Metal > Variables,512,standardSheetWidth,1219.2,,Default standard sheet width if no stock is available for computed utilization.,False
USA reference export (aP2025R1_SP03_F01_(2026-03)) - Digital Factory USA reference export - Sheet Metal > Variables,512,standardTappingUnitLimit,76.2,Length,"Standard travel for an in-die tapping unit (3""). For die travel above this value, extra cost is associated with ad...",True
USA reference export (aP2025R1_SP03_F01_(2026-03)) - Digital Factory USA reference export - Sheet Metal > Variables,512,standardUpLimit,9.53,,Used in Depth and Distance in Compatibility Analysis to determine if items are too close to be ...,True
USA reference export (aP2025R1_SP03_F01_(2026-03)) - Digital Factory USA reference export - Sheet Metal > Variables,512,standardWaterjetCutLeadInAmount,5,Length,Standard lead-in & lead-out amount for Waterjet Cutting.,False
USA reference export (aP2025R1_SP03_F01_(2026-03)) - Digital Factory USA reference export - Sheet Metal > Variables,512,stdHeatTreatCostPerKgProgDie,.23,CostPerMass,Typical cost per mass for oven based heat treating (hardening) of tooling components.,False
USA reference export (aP2025R1_SP03_F01_(2026-03)) - Digital Factory USA reference export - Sheet Metal > Variables,512,steelDensity,7861.092938,,Density of steel.,False
USA reference export (aP2025R1_SP03_F01_(2026-03)) - Digital Factory USA reference export - Sheet Metal > Variables,512,stockLifterCoilWidthIncrementalLength,304.8,Length,For every add'l increment of this value beyond stockLifterCoilWidthThreshold include another additi...,True
USA reference export (aP2025R1_SP03_F01_(2026-03)) - Digital Factory USA reference export - Sheet Metal > Variables,512,stockLifterCoilWidthThreshold,381,Length,Threshold coil width beyond which additional stock lifter bars are needed.,False
USA reference export (aP2025R1_SP03_F01_(2026-03)) - Digital Factory USA reference export - Sheet Metal > Variables,512,stockLifterThickness,25.4,,Thickness of stock lifters. Used to determine the volume of the stock lifter.,False
USA reference export (aP2025R1_SP03_F01_(2026-03)) - Digital Factory USA reference export - Sheet Metal > Variables,512,stockLifterWidth,25.4,,Width of stock lifters. Used to determine the volume of the stock lifter.,False
USA reference export (aP2025R1_SP03_F01_(2026-03)) - Digital Factory USA reference export - Sheet Metal > Variables,512,strBaseCncHrsPerStripper,0.75,,Number of base CNC hours required per stripper. Used to calculate the labor time for strippers.,False
USA reference export (aP2025R1_SP03_F01_(2026-03)) - Digital Factory USA reference export - Sheet Metal > Variables,512,strClrPockets,2,,,False
USA reference export (aP2025R1_SP03_F01_(2026-03)) - Digital Factory USA reference export - Sheet Metal > Variables,512,strCncHrsPerPocket,0.5,,Number of CNC hours required per pocket for a stripper.,False
USA reference export (aP2025R1_SP03_F01_(2026-03)) - Digital Factory USA reference export - Sheet Metal > Variables,512,strDrillingHrs,0,,Total time required for drilling operator hours required per stripper. Used to calculate the labor time of...,True
USA reference export (aP2025R1_SP03_F01_(2026-03)) - Digital Factory USA reference export - Sheet Metal > Variables,512,strGrindingHrs,0,,Total time required for grinding operator labor per stripper. Used to calculate the labor time of all die c...,True
USA reference export (aP2025R1_SP03_F01_(2026-03)) - Digital Factory USA reference export - Sheet Metal > Variables,512,strMillingHrs,0,,Total time required for milling operator labor per stripper. Used to calculate the labor time of all die co...,True
USA reference export (aP2025R1_SP03_F01_(2026-03)) - Digital Factory USA reference export - Sheet Metal > Variables,512,strSpringPinsPerInsert,3,,Quantity of spring pins required per insert. Used to calculate the Quantity of spring pins required per s...,True
USA reference export (aP2025R1_SP03_F01_(2026-03)) - Digital Factory USA reference export - Sheet Metal > Variables,512,strSpringPinsPerPilot,2,,Quantity of spring pins required per pilot. Used to calculate the Quantity of spring pins required per str...,True
USA reference export (aP2025R1_SP03_F01_(2026-03)) - Digital Factory USA reference export - Sheet Metal > Variables,512,strTappedPerInsert,3,,Quantity of tapped holes required per insert. Used to calculate the Quantity of tapped holes required p...,True
USA reference export (aP2025R1_SP03_F01_(2026-03)) - Digital Factory USA reference export - Sheet Metal > Variables,512,strTappedPerStripper,5,,Quantity of tapped holes required per stripper.,False
USA reference export (aP2025R1_SP03_F01_(2026-03)) - Digital Factory USA reference export - Sheet Metal > Variables,512,stub,0,,,False
USA reference export (aP2025R1_SP03_F01_(2026-03)) - Digital Factory USA reference export - Sheet Metal > Variables,512,supportsDTC,true,,'true' or 'false' - only set to 'true' if this Digital Factory's cost model has been upgraded or configured t...,True
USA reference export (aP2025R1_SP03_F01_(2026-03)) - Digital Factory USA reference export - Sheet Metal > Variables,512,tabSizeThreshold,254,Length,The part size threshold criteria for tabbed parts. Parts with length or width below this threshold will be...,True
USA reference export (aP2025R1_SP03_F01_(2026-03)) - Digital Factory USA reference export - Sheet Metal > Variables,512,tandemLineNumOperators,1,,number of Operators overseeing the line,False
USA reference export (aP2025R1_SP03_F01_(2026-03)) - Digital Factory USA reference export - Sheet Metal > Variables,512,tapRateReduction,6,,Punching rate reduction factor for turret press tapping.,False
USA reference export (aP2025R1_SP03_F01_(2026-03)) - Digital Factory USA reference export - Sheet Metal > Variables,512,tappedHolesPerForm,2,,Quantity of tapped holes per form.,False
USA reference export (aP2025R1_SP03_F01_(2026-03)) - Digital Factory USA reference export - Sheet Metal > Variables,512,thickBlankThreshold,0.508,,Used to compute the factor that drives wire EDM times.,False
USA reference export (aP2025R1_SP03_F01_(2026-03)) - Digital Factory USA reference export - Sheet Metal > Variables,512,thinBlankThreshold,0.254,,Used to compute the factor that drives wire EDM times.,False
USA reference export (aP2025R1_SP03_F01_(2026-03)) - Digital Factory USA reference export - Sheet Metal > Variables,512,thresholdForGuidepins,0.4,,Thickness threshold above which guide pins must be used.,False
USA reference export (aP2025R1_SP03_F01_(2026-03)) - Digital Factory USA reference export - Sheet Metal > Variables,512,toolAxialEngagementFactor,0.5,,Factor applied to the tool diameter to determine the axial depth of the cut.,False
USA reference export (aP2025R1_SP03_F01_(2026-03)) - Digital Factory USA reference export - Sheet Metal > Variables,512,toolLife,100000,,,False
USA reference export (aP2025R1_SP03_F01_(2026-03)) - Digital Factory USA reference export - Sheet Metal > Variables,512,toolingComponentSizeThreshold,152.4,Length,Used as a size threshold to determine the number of holes in various Prog Die tooling components.,False
USA reference export (aP2025R1_SP03_F01_(2026-03)) - Digital Factory USA reference export - Sheet Metal > Variables,512,topParallelWidth,111.252,,Width of top parallel.,False
USA reference export (aP2025R1_SP03_F01_(2026-03)) - Digital Factory USA reference export - Sheet Metal > Variables,512,topPlateThickness,19.05,,Thickness of top plate.,False
USA reference export (aP2025R1_SP03_F01_(2026-03)) - Digital Factory USA reference export - Sheet Metal > Variables,512,topWideParallelsQty,3,,Quantity of top wide parallels.,False
USA reference export (aP2025R1_SP03_F01_(2026-03)) - Digital Factory USA reference export - Sheet Metal > Variables,512,tpCbores,0,,Quantity of counterbores per top parallel.,False
USA reference export (aP2025R1_SP03_F01_(2026-03)) - Digital Factory USA reference export - Sheet Metal > Variables,512,tpCboresPerTp,4,,Quantity of counterbores required per top plate.,False
USA reference export (aP2025R1_SP03_F01_(2026-03)) - Digital Factory USA reference export - Sheet Metal > Variables,512,tpCboresPerTransPlate,4,,Quantity of counterbores required per trans plate.,False
USA reference export (aP2025R1_SP03_F01_(2026-03)) - Digital Factory USA reference export - Sheet Metal > Variables,512,tpCncHrs,0,,Number of CNC hours required per top parallel.,False
USA reference export (aP2025R1_SP03_F01_(2026-03)) - Digital Factory USA reference export - Sheet Metal > Variables,512,tpDowels,0,,Quantity of dowels required per top parallel.,False
USA reference export (aP2025R1_SP03_F01_(2026-03)) - Digital Factory USA reference export - Sheet Metal > Variables,512,tpGrindingHrs,0,hr,Total time required for grinding operator labor per top parallel. Used to calculate the labor time of all ...,True
USA reference export (aP2025R1_SP03_F01_(2026-03)) - Digital Factory USA reference export - Sheet Metal > Variables,512,tpMillingHrs,0,,Total time required for milling operator labor per top parallel. Used to calculate the labor time of all di...,True
USA reference export (aP2025R1_SP03_F01_(2026-03)) - Digital Factory USA reference export - Sheet Metal > Variables,512,tpNTappedPerTp,0,,The quantity of tapped holes per narrow top parallel.,False
USA reference export (aP2025R1_SP03_F01_(2026-03)) - Digital Factory USA reference export - Sheet Metal > Variables,512,tpTappedPerTp,2,,Quantity of tapped holes per top parallel.,False
USA reference export (aP2025R1_SP03_F01_(2026-03)) - Digital Factory USA reference export - Sheet Metal > Variables,512,tpTappedPerTransPlate,4,,Quantity of tapped holes per trans plate.,False
USA reference export (aP2025R1_SP03_F01_(2026-03)) - Digital Factory USA reference export - Sheet Metal > Variables,512,tpWTappedPerTp,0,,The quantity of tapped holes per wide top parallel in progressive die.,False
USA reference export (aP2025R1_SP03_F01_(2026-03)) - Digital Factory USA reference export - Sheet Metal > Variables,512,transPlateAllowance,101.6,,Dimensional allowance used to calculate the length of trans plates.,False
USA reference export (aP2025R1_SP03_F01_(2026-03)) - Digital Factory USA reference export - Sheet Metal > Variables,512,transPlateThickness,19.05,,Thickness of a trans plate. Used to calculate the volume of a trans plate.,False
USA reference export (aP2025R1_SP03_F01_(2026-03)) - Digital Factory USA reference export - Sheet Metal > Variables,512,transPlateWidth,152.4,,Width of a trans plate. Used to calculate the volume of a trans plate.,False
USA reference export (aP2025R1_SP03_F01_(2026-03)) - Digital Factory USA reference export - Sheet Metal > Variables,512,trimStrip,6,,Trim distance or strip required around the smallest enclosing rectangle of the part,False
USA reference export (aP2025R1_SP03_F01_(2026-03)) - Digital Factory USA reference export - Sheet Metal > Variables,512,truePartNestMode,moderate,,Used by the 3rd party nesting software to determine the number of trials performed during nesting. ...,True
USA reference export (aP2025R1_SP03_F01_(2026-03)) - Digital Factory USA reference export - Sheet Metal > Variables,512,turretMaxPercentNibbledPeriemter,0.05,,Maximum percentage (0-1) of the blank perimeter that can typically be nibbled on a turret press,False
USA reference export (aP2025R1_SP03_F01_(2026-03)) - Digital Factory USA reference export - Sheet Metal > Variables,512,typicalThickness,1,,"Standard thickness used in Dimple Analysis, Scoring Analysis, and Depth and Distance in Compatibilit...",True
USA reference export (aP2025R1_SP03_F01_(2026-03)) - Digital Factory USA reference export - Sheet Metal > Variables,512,usePreferredMachines,true,,"If true the model will first try to select a preferred machine. If false, the system chooses either the defa...",True
USA reference export (aP2025R1_SP03_F01_(2026-03)) - Digital Factory USA reference export - Sheet Metal > Variables,512,waterjetAbrasiveCost,.7275,CostPerMass,Cost of garnet abrasives for use in Waterjet Cutting. Used to calculate expendable tooling cost.,False
USA reference export (aP2025R1_SP03_F01_(2026-03)) - Digital Factory USA reference export - Sheet Metal > Variables,512,waterjetCornerAjustmentFactor,.09,Time,Additional cycle time applied to account for the extra time required to stop the feed rate at each corne...,True
USA reference export (aP2025R1_SP03_F01_(2026-03)) - Digital Factory USA reference export - Sheet Metal > Variables,512,waterjetCutTimeAdjustmentFactor,1.4,,Adjustment applied to Waterjet cut time to account for the extra time required for acceleration or dec...,True
USA reference export (aP2025R1_SP03_F01_(2026-03)) - Digital Factory USA reference export - Sheet Metal > Variables,512,waterjetInsertCost,155,Currency,Cost of inserts for use in Waterjet Cutting. Used to calculate expendable tooling cost.,False
USA reference export (aP2025R1_SP03_F01_(2026-03)) - Digital Factory USA reference export - Sheet Metal > Variables,512,waterjetInsertLife,400,hr,Life in hours of inserts for use in Waterjet Cutting. Used to calculate expendable tooling cost.,False
USA reference export (aP2025R1_SP03_F01_(2026-03)) - Digital Factory USA reference export - Sheet Metal > Variables,512,waterjetKerf,0.625,Length,Kerf width for a Waterjet Cut part.,False
USA reference export (aP2025R1_SP03_F01_(2026-03)) - Digital Factory USA reference export - Sheet Metal > Variables,512,waterjetMaxMixingTubeDiameter,1.524,Length,Maximum possible diameter of the waterjet mixing tube.,False
USA reference export (aP2025R1_SP03_F01_(2026-03)) - Digital Factory USA reference export - Sheet Metal > Variables,512,waterjetMaxOrificeDiameter,0.4,Length,Maximum possible diameter of the waterjet jeweled orifice.,False
USA reference export (aP2025R1_SP03_F01_(2026-03)) - Digital Factory USA reference export - Sheet Metal > Variables,512,waterjetMaxPartThickness,254,Length,Maximum part thickness for Waterjet Cutting.,False
USA reference export (aP2025R1_SP03_F01_(2026-03)) - Digital Factory USA reference export - Sheet Metal > Variables,512,waterjetMaxPressureComposites,295,Pressure,Maximum Waterjet cutting pressure allowable for composites before delamination can occur.,False
USA reference export (aP2025R1_SP03_F01_(2026-03)) - Digital Factory USA reference export - Sheet Metal > Variables,512,waterjetMaxPressureCompositesHoleCutting,200,Pressure,Maximum Waterjet cutting pressure allowable for composites before delamination can occur for hole ...,True
USA reference export (aP2025R1_SP03_F01_(2026-03)) - Digital Factory USA reference export - Sheet Metal > Variables,512,waterjetMinPartThickness,.03,Length,Minimum part thickness for Waterjet Cutting.,False
USA reference export (aP2025R1_SP03_F01_(2026-03)) - Digital Factory USA reference export - Sheet Metal > Variables,512,waterjetSmallEdgeThreshold,.005,,Ratio of individual edge segment length to total perimeter length below which an edge is considered s...,True
USA reference export (aP2025R1_SP03_F01_(2026-03)) - Digital Factory USA reference export - Sheet Metal > Variables,512,waterjetWallThicknessToDepthRatio,.003,,Minimum allowable ratio of wall thickness to part thickness for a Waterjet Cut part.,False
USA reference export (aP2025R1_SP03_F01_(2026-03)) - Digital Factory USA reference export - Sheet Metal > Variables,512,wideParallelsWidth,76.2,Length,unit width of the bottom parallels placed at each end of the die set.,False
USA reference export (aP2025R1_SP03_F01_(2026-03)) - Digital Factory USA reference export - Sheet Metal > Variables,512,widthMargin,7.3,Length,,False
USA reference export (aP2025R1_SP03_F01_(2026-03)) - Digital Factory USA reference export - Sheet Metal > Variables,512,widthMarginTandemPress,7.3,Length,Width margin for tandem press used to calculate virtual stock width.,False
USA reference export (aP2025R1_SP03_F01_(2026-03)) - Digital Factory USA reference export - Sheet Metal > Variables,512,widthMarginTransferPress,12,Length,Width margin for a transfer press used to calculate virtual stock width.,False
USA reference export (aP2025R1_SP03_F01_(2026-03)) - Digital Factory USA reference export - Sheet Metal > Variables,512,worstPeninsularRatio2Threshold,0.04,,Threshold used to determine the peninsular condition.,False
USA reference export (aP2025R1_SP03_F01_(2026-03)) - Digital Factory USA reference export - Sheet Metal > Variables,512,worstPeninsularRatioThreshold,0.5,,Threshold used to determine the peninsular condition.,False
