digital_factory,sector,machine_category,name,description,labor_rate_usd_hr,direct_overhead_rate_usd_hr,indirect_overhead_rate_usd_hr,overhead_multiplier,number_of_operators,labor_time_standard,wage_grade_name,work_center_labor_rate_factor,setup_time_hr,shuttle_time_s,number_of_heads,bed_length_mm,bed_width_mm,bed_height_mm,is_preferred,scrap_cuts_per_sheet,rapid_traverse_rate_mm_min,max_rpm_rev_min,avg_utilization,good_part_yield,machine_length_mm,machine_life_yr,machine_power_kw,machine_price_usd,machine_uptime_pct,machine_width_mm,supplies_cost_usd_yr,salvage_value_factor_pct,annual_maintenance_factor_pct,footprint_allowance_factor,installation_factor_pct,machine_manufacturer_location,data_source,rolling_speed_mm_s,roll_working_length_mm,steel_thickness_mm,top_roll_diameter_mm,reference_yield_strength_mpa,prebend_time_s,weight_kg,min_multi_pass_diameter_mm,max_multi_pass_thickness_mm,min_single_pass_diameter_mm,max_single_pass_thickness_mm,note,power_watts,small_feature_feed_radius_mm,bend_cycle_time_s,max_bend_length_mm,max_radius_to_thickness_ratio,max_sheet_width_mm,max_thickness_aluminum_mm,max_thickness_brass_mm,max_thickness_copper_mm,max_thickness_stainless_steel_mm,max_thickness_steel_mm,press_force_kn,trim_strip_width_mm,small_feature_thickness_ratio,sheet_length_mm,sheet_width_mm,de_nesting_method,nominal_sheet_size_length_mm,nominal_sheet_size_width_mm,max_thickness_1_mm,max_thickness_2_mm,max_thickness_3_mm,max_thickness_4_mm,max_thickness_5_mm,const_coeff_cycle_time,const_coeff_handling_time,mass_coeff_cycle_time,mass_coeff_handling_time_s_kg,cut_speed_s,roll_width_mm,perimeter_allowance_s_per_mm,special_tool_setup_hr,tool_change_time_s,punch_rate_cycles_min,nibble_rate_cycles_min,max_sheet_length_mm,max_punch_size_mm,paired_form_threshold_mm,perforation_proximity_threshold_mm,max_form_depth_mm,max_tool_overlap_mm,nibble_tool_overlap_mm,nibble_tool_diameter_mm,number_of_tool_stations,csink_tool_avg_cost_usd,form_tool_avg_cost_usd,perf_tool_avg_cost_usd,special_hole_tool_avg_cost_usd,straight_length_1_mm,straight_length_2_mm,straight_length_3_mm,straight_length_4_mm,straight_length_5_mm,sheet_length_trim_strip_mm,sheet_width_trim_strip_mm,optimization_factor,nozzle_delay_s,pressure_n_mm2,number_of_nozzles,orifice_diameter_mm,mixing_tube_diameter_mm,abrasive_flow_rate_kg_min,strokes_per_min,press_table_length_mm,press_table_width_mm,shut_height_mm,pitch_margin_mm,side_margin_mm,press_cycle_time_s,max_part_length_mm,max_part_width_mm,nozzle_cost_usd,nozzle_life_cycles,shear_speed,shear_length_mm,supplies_cost_usd_per_hr,data_status
USA reference export,World Average,2-Axis Router,"2 Axis Router - 18,000 RPM",2-Axis Router Machine,36.3,6.35,14.6,0,1,1.63,Skilled,1,0.5,18,1,2438.4,1219.2,127,True,3,15000,18000,0.5,1,3020,10,22,50000,0.8,2970,0,0,0.05,1,0.2,Virtual,the system Baseline,,,,,,,,,,,,,,,,,,,,,,,,,,,,,,,,,,,,,,,,,,,,,,,,,,,,,,,,,,,,,,,,,,,,,,,,,,,,,,,,,,,,,,,,,
USA reference export,World Average,2-Axis Router,"2 Axis Router - 20,000 RPM",2-Axis Router Machine,36.3,6.66,14.65,0,1,1.63,Skilled,1,0.5,18,1,3073,2032,177,True,3,48260,20000,0.5,1,4508,10,14,75445,0.8,2108,0,0,0.05,1,0.2,Virtual,the system Baseline,,,,,,,,,,,,,,,,,,,,,,,,,,,,,,,,,,,,,,,,,,,,,,,,,,,,,,,,,,,,,,,,,,,,,,,,,,,,,,,,,,,,,,,,,
USA reference export,World Average,2-Axis Router,"2 Axis Router - 24,000 RPM",2-Axis Router Machine,36.3,15.23,16.99,0,1,1.63,Skilled,1,0.5,18,1,7700,1600,350,True,3,141000,24000,0.5,1,9840,10,13.5,217886,0.8,3750,0,0,0.05,1,0.2,Virtual,the system Baseline,,,,,,,,,,,,,,,,,,,,,,,,,,,,,,,,,,,,,,,,,,,,,,,,,,,,,,,,,,,,,,,,,,,,,,,,,,,,,,,,,,,,,,,,,
USA reference export,World Average,2-Axis Router,Multicam 103,2-Axis Router Machine,36.3,5.42,14.51,0,1,1.63,Skilled,1,0.5,18,1,2438.4,1219.2,127,False,3,48250,20000,0.5,1,3835,10,9.9,64776,0.8,2057,0,0,0.05,1,0.2,USA,the system Baseline,,,,,,,,,,,,,,,,,,,,,,,,,,,,,,,,,,,,,,,,,,,,,,,,,,,,,,,,,,,,,,,,,,,,,,,,,,,,,,,,,,,,,,,,,
USA reference export,World Average,2-Axis Router,Multicam 204,2-Axis Router Machine,36.3,5.93,14.74,0,1,1.63,Skilled,1,0.5,18,1,3048,1524,127,False,3,48250,20000,0.5,1,4508,10,11.18,69995,0.8,2362,0,0,0.05,1,0.2,USA,the system Baseline,,,,,,,,,,,,,,,,,,,,,,,,,,,,,,,,,,,,,,,,,,,,,,,,,,,,,,,,,,,,,,,,,,,,,,,,,,,,,,,,,,,,,,,,,
USA reference export,World Average,2-Axis Router,Multicam 304,2-Axis Router Machine,36.3,6.66,14.65,0,1,1.63,Skilled,1,0.5,18,1,3073,2032,127,False,3,48250,20000,0.5,1,4508,10,14,75445,0.8,2108,0,0,0.05,1,0.2,USA,the system Baseline,,,,,,,,,,,,,,,,,,,,,,,,,,,,,,,,,,,,,,,,,,,,,,,,,,,,,,,,,,,,,,,,,,,,,,,,,,,,,,,,,,,,,,,,,
USA reference export,World Average,2-Axis Router,Stratos Pro,2-Axis Router Machine,36.3,11.42,15.96,0,1,1.63,Skilled,1,0.5,18,1,3700,1600,350,False,3,141000,24000,0.5,1,7000,10,13.5,155000,0.8,3550,0,0,0.05,1,0.2,USA,the system Baseline,,,,,,,,,,,,,,,,,,,,,,,,,,,,,,,,,,,,,,,,,,,,,,,,,,,,,,,,,,,,,,,,,,,,,,,,,,,,,,,,,,,,,,,,,
USA reference export,World Average,2-Axis Router,Stratos Pro 24,2-Axis Router Machine,36.3,15.23,16.99,0,1,1.63,Skilled,1,0.5,18,1,7700,1600,350,False,3,141000,24000,0.5,1,9840,10,13.5,217886,0.8,3750,0,0,0.05,1,0.2,USA,the system Baseline,,,,,,,,,,,,,,,,,,,,,,,,,,,,,,,,,,,,,,,,,,,,,,,,,,,,,,,,,,,,,,,,,,,,,,,,,,,,,,,,,,,,,,,,,
USA reference export,World Average,2-Axis Router,Stratos Pro XL,2-Axis Router Machine,36.3,13.9,16.38,0,1,1.63,Skilled,1,0.5,18,1,3700,2100,350,False,3,141000,24000,0.5,1,7000,10,13.5,195978,0.8,4250,0,0,0.05,1,0.2,USA,the system Baseline,,,,,,,,,,,,,,,,,,,,,,,,,,,,,,,,,,,,,,,,,,,,,,,,,,,,,,,,,,,,,,,,,,,,,,,,,,,,,,,,,,,,,,,,,
USA reference export,World Average,3 Roll Bender,Faccin HCU 2050 X 5,,43.21,6.32,15.83,0,1,1,Skilled,,0.5,,,,,,False,,,,1,1,3075.43,10,14.91,67256,80,1520.95,0,0,5,5,20,Italy,the system Baseline,101.6,2050,5,380,296,,,,,,,,,,,,,,,,,,,,,,,,,,,,,,,,,,,,,,,,,,,,,,,,,,,,,,,,,,,,,,,,,,,,,,,,,,,,,,,,,,,,
USA reference export,World Average,3 Roll Bender,Faccin HCU 300 X 1,,43.21,1.86,13.99,0,1,1,Skilled,,0.5,,,,,,False,,,,1,1,451.1,10,2.98,23300,80,798.58,0,0,5,5,20,Italy,the system Baseline,101.6,300,1.5,200,296,,,,,,,,,,,,,,,,,,,,,,,,,,,,,,,,,,,,,,,,,,,,,,,,,,,,,,,,,,,,,,,,,,,,,,,,,,,,,,,,,,,,
USA reference export,World Average,3 Roll Bender,Faccin HCU 550 X 5,,43.21,4.47,13.99,0,1,1,Skilled,,0.5,,,,,,False,,,,1,1,826.01,10,5.59,59000,80,438.91,0,0,5,5,20,Italy,the system Baseline,116.84,550,5,110,296,,,,,,,,,,,,,,,,,,,,,,,,,,,,,,,,,,,,,,,,,,,,,,,,,,,,,,,,,,,,,,,,,,,,,,,,,,,,,,,,,,,,
USA reference export,World Average,3 Roll Bender,3 Roll Bender - 12200mm Roll Length x 84mm Roll Diameter,,43.21,116.64,28.82,0,1,1,Skilled,,0.5,,,,,,True,,,,1,1,14600,10,171,1500000,80,2400,0,0,5,5,20,Virtual,the system Baseline,70,12200,,84,310,90,7000,185.3,20,107.5,15,,,,,,,,,,,,,,,,,,,,,,,,,,,,,,,,,,,,,,,,,,,,,,,,,,,,,,,,,,,,,,,,,,,,,,,,,,,,,,
USA reference export,World Average,3 Roll Bender,3 Roll Bender - 2000mm Roll Length x 150mm Roll Diameter,,43.21,3.63,15.14,0,1,1,Skilled,,0.5,,,,,,True,,,,1,1,3400,10,6,45000,80,900,0,0,5,5,20,Virtual,the system Baseline,80,2000,,150,310,90,1500,596.9,4,180,3,,,,,,,,,,,,,,,,,,,,,,,,,,,,,,,,,,,,,,,,,,,,,,,,,,,,,,,,,,,,,,,,,,,,,,,,,,,,,,
USA reference export,World Average,3 Roll Bender,3 Roll Bender - 2500mm Roll Length x 225mm Roll Diameter,,43.21,6.35,15.29,0,1,1,Skilled,,0.5,,,,,,True,,,,1,1,4750,10,8,85000,80,1350,0,0,5,5,20,Virtual,the system Baseline,80,2500,,225,310,90,2500,596.9,8,280,6,,,,,,,,,,,,,,,,,,,,,,,,,,,,,,,,,,,,,,,,,,,,,,,,,,,,,,,,,,,,,,,,,,,,,,,,,,,,,,
USA reference export,World Average,3 Roll Bender,3 Roll Bender - 3200mm Roll Length x 400mm Roll Diameter,,43.21,17.4,19.42,0,1,1,Skilled,,0.5,,,,,,True,,,,1,1,5440,10,25,225000,80,2400,0,0,5,5,20,Virtual,the system Baseline,70,3200,,400,310,90,5000,596.9,20,425,15,,,,,,,,,,,,,,,,,,,,,,,,,,,,,,,,,,,,,,,,,,,,,,,,,,,,,,,,,,,,,,,,,,,,,,,,,,,,,,
USA reference export,World Average,3 Roll Bender,3 Roll Bender - 6100mm Roll Length x 65mm Roll Diameter,,43.21,50.08,22.56,0,1,1,Skilled,,0.5,,,,,,True,,,,1,1,8500,10,71,650000,80,2400,0,0,5,5,20,Virtual,the system Baseline,70,6100,,65,310,90,5000,143.4,20,83.2,15,,,,,,,,,,,,,,,,,,,,,,,,,,,,,,,,,,,,,,,,,,,,,,,,,,,,,,,,,,,,,,,,,,,,,,,,,,,,,,
USA reference export,World Average,3 Roll Bender,3 Roll Bender - 9000mm Roll Length x 84mm Roll Diameter,,43.21,84.57,25.53,0,1,1,Skilled,,0.5,,,,,,True,,,,1,1,11400,10,119,1100000,80,2400,0,0,5,5,20,Virtual,the system Baseline,70,9000,,84,310,90,6000,185.3,20,107.5,15,,,,,,,,,,,,,,,,,,,,,,,,,,,,,,,,,,,,,,,,,,,,,,,,,,,,,,,,,,,,,,,,,,,,,,,,,,,,,,
USA reference export,World Average,3 Roll Bender,Bertsch 25-10,,43.21,5.67,18.91,0,1,1,Skilled,,0.5,,,,,,False,,,,1,1,5842,10,7.45,75000,80,2032,0,0,5,5,20,USA,the system Baseline,71.72,3048,,229,310,90,2700,444.5,6.76,279.4,5.16,,,,,,,,,,,,,,,,,,,,,,,,,,,,,,,,,,,,,,,,,,,,,,,,,,,,,,,,,,,,,,,,,,,,,,,,,,,,,,
USA reference export,World Average,3 Roll Bender,Bertsch 37-10,,43.21,9.47,18.91,0,1,1,Skilled,,0.5,,,,,,False,,,,1,1,5842,10,18.63,110000,80,2032,0,0,5,5,20,USA,the system Baseline,71.72,3048,,267,310,90,3500,482.6,9.53,315,7.54,,,,,,,,,,,,,,,,,,,,,,,,,,,,,,,,,,,,,,,,,,,,,,,,,,,,,,,,,,,,,,,,,,,,,,,,,,,,,,
USA reference export,World Average,3 Roll Bender,Bertsch 50-08,,43.21,9.22,18.29,0,1,1,Skilled,,0.5,,,,,,False,,,,1,1,5425.44,10,8.94,130000,80,1920.24,0,0,5,5,20,USA,the system Baseline,71.12,3048,,356,310,90,3375,520.7,12.7,353.1,9.53,,,,,,,,,,,,,,,,,,,,,,,,,,,,,,,,,,,,,,,,,,,,,,,,,,,,,,,,,,,,,,,,,,,,,,,,,,,,,,
USA reference export,World Average,3 Roll Bender,Bertsch 75-10,,43.21,17.26,19.27,0,1,1,Skilled,,0.5,,,,,,False,,,,1,1,5735.32,10,26.08,220000,80,2217.42,0,0,5,5,20,USA,the system Baseline,71.12,3048,,381,310,90,4800,596.9,19.05,429.5,14.3,,,,,,,,,,,,,,,,,,,,,,,,,,,,,,,,,,,,,,,,,,,,,,,,,,,,,,,,,,,,,,,,,,,,,,,,,,,,,,
USA reference export,World Average,3 Roll Bender,Faccin ASI/M 1513,,43.21,3.89,17.28,0,1,1,Skilled,,0.5,,,,,,False,,,,1,1,4942,10,11,36806.89,80,1630,0,0,5,5,20,Italy,the system Baseline,81.28,1500,,130,296,90,1075,333.2,5,169,4,,,,,,,,,,,,,,,,,,,,,,,,,,,,,,,,,,,,,,,,,,,,,,,,,,,,,,,,,,,,,,,,,,,,,,,,,,,,,,
USA reference export,World Average,3 Roll Bender,Faccin ASI/M 1515,,43.21,5.06,16.37,0,1,1,Skilled,,0.5,,,,,,False,,,,1,1,4942,10,4,73613.78,80,1200,0,0,5,5,20,Italy,the system Baseline,81.28,1500,,150,296,90,1400,353.2,6,195,5,,,,,,,,,,,,,,,,,,,,,,,,,,,,,,,,,,,,,,,,,,,,,,,,,,,,,,,,,,,,,,,,,,,,,,,,,,,,,,
USA reference export,World Average,3 Roll Bender,Faccin ASI/M 1517,,43.21,4.85,14.45,0,1,1,Skilled,,0.5,,,,,,False,,,,1,1,2399.39,10,3.73,70866.14,80,599.85,0,0,5,5,20,Italy,the system Baseline,81.28,1500,,170,296,90,1630,373.2,8,221,6,,,,,,,,,,,,,,,,,,,,,,,,,,,,,,,,,,,,,,,,,,,,,,,,,,,,,,,,,,,,,,,,,,,,,,,,,,,,,,
USA reference export,World Average,3 Roll Bender,Faccin ASI/M 2013,,43.21,5.79,14.43,0,1,1,Skilled,,0.5,,,,,,False,,,,1,1,1999.49,10,5.21,82677.17,80,699.82,0,0,5,5,20,Italy,the system Baseline,81.28,2000,,130,296,90,1200,333.2,3,169,2.5,,,,,,,,,,,,,,,,,,,,,,,,,,,,,,,,,,,,,,,,,,,,,,,,,,,,,,,,,,,,,,,,,,,,,,,,,,,,,,
USA reference export,World Average,3 Roll Bender,Faccin ASI/M 2015,,43.21,7.45,14.79,0,1,1,Skilled,,0.5,,,,,,False,,,,1,1,2499.36,10,6.71,106299.21,80,899.77,0,0,5,5,20,Italy,the system Baseline,81.28,2000,,150,296,90,1630,353.2,4,195,3,,,,,,,,,,,,,,,,,,,,,,,,,,,,,,,,,,,,,,,,,,,,,,,,,,,,,,,,,,,,,,,,,,,,,,,,,,,,,,
USA reference export,World Average,3 Roll Bender,Faccin ASI/M 2017,,43.21,3.42,14.58,0,1,1,Skilled,,0.5,,,,,,False,,,,1,1,2899.26,10,3.73,47244.09,80,599.85,0,0,5,5,20,Italy,the system Baseline,81.28,2000,,170,296,90,1970,373.2,6,221,5,,,,,,,,,,,,,,,,,,,,,,,,,,,,,,,,,,,,,,,,,,,,,,,,,,,,,,,,,,,,,,,,,,,,,,,,,,,,,,
USA reference export,World Average,3 Roll Bender,Faccin ASI/M 2513,,43.21,4.36,14.58,0,1,1,Skilled,,0.5,,,,,,False,,,,1,1,2499.36,10,5.21,59055.12,80,699.82,0,0,5,5,20,Italy,the system Baseline,81.28,2500,,130,296,90,1375,333.2,2,169,1.5,,,,,,,,,,,,,,,,,,,,,,,,,,,,,,,,,,,,,,,,,,,,,,,,,,,,,,,,,,,,,,,,,,,,,,,,,,,,,,
USA reference export,World Average,3 Roll Bender,Faccin ASI/M 2515,,43.21,6.02,14.99,0,1,1,Skilled,,0.5,,,,,,False,,,,1,1,2999.23,10,6.71,82677.17,80,899.77,0,0,5,5,20,Italy,the system Baseline,81.28,2500,,150,296,90,1860,353.2,3,195,2,,,,,,,,,,,,,,,,,,,,,,,,,,,,,,,,,,,,,,,,,,,,,,,,,,,,,,,,,,,,,,,,,,,,,,,,,,,,,,
USA reference export,World Average,3 Roll Bender,Faccin ASI/M 2517,,43.21,2.71,14.7,0,1,1,Skilled,,0.5,,,,,,False,,,,1,1,3399.13,10,3.73,35433.07,80,599.85,0,0,5,5,20,Italy,the system Baseline,81.28,2500,,170,296,90,2220,373.2,4,221,3,,,,,,,,,,,,,,,,,,,,,,,,,,,,,,,,,,,,,,,,,,,,,,,,,,,,,,,,,,,,,,,,,,,,,,,,,,,,,,
USA reference export,World Average,3 Roll Bender,Knuth KRB 2513,,43.21,3.65,14.73,0,1,1,Skilled,,0.5,,,,,,False,,,,1,1,2999.23,10,5.21,47244.09,80,699.82,0,0,5,5,20,Germany,the system Baseline,81.28,2600,,300,296,90,7650,1103.2,16,900,15,,,,,,,,,,,,,,,,,,,,,,,,,,,,,,,,,,,,,,,,,,,,,,,,,,,,,,,,,,,,,,,,,,,,,,,,,,,,,,
USA reference export,World Average,3 Roll Bender,Knuth KRM-5 30/4,,43.21,5.3,15.38,0,1,1,Skilled,,0.5,,,,,,False,,,,1,1,3499.13,10,6.77,70866.14,80,899.77,0,0,5,5,20,Germany,the system Baseline,81.28,3100,,190,296,90,4600,488.2,5,285,4,possible duplicate entry with near-identical values seen twice in source data,,,,,,,,,,,,,,,,,,,,,,,,,,,,,,,,,,,,,,,,,,,,,,,,,,,,,,,,,,,,,,,,,,,,,,,,,,,,,
USA reference export,World Average,3 Roll Bender,Knuth KRM-5 30/4 (duplicate entry),,43.21,5.3,15.18,0,1,1,Skilled,,0.5,,,,,,False,,,,1,1,3499.13,10,6.71,70866.14,80,899.77,0,0,5,5,20,Germany,the system Baseline,81.28,3100,,190,296,90,4600,488.2,5,285,4,,,,,,,,,,,,,,,,,,,,,,,,,,,,,,,,,,,,,,,,,,,,,,,,,,,,,,,,,,,,,,,,,,,,,,,,,,,,,,
USA reference export,World Average,3D Laser Cutting Machine,3D Laser - 3300 Watts,,36.3,18.87,21.81,0,1,1,Skilled,,0.08,0,1,4300,2800,600,True,0,40000,,0.73,1,6375.4,10,4.71,300000,80,9753.6,0,0,5,1.5,20,Virtual,,,,,,,,,,,,,,3300,5,,,,,,,,,,,,,,,,,,,,,,,,,,,,,,,,,,,,,,,,,,,,,,,,,,,,,,,,,,,,,,,,,,,,,,,,,,,
USA reference export,World Average,3D Laser Cutting Machine,3D Laser - 5000 Watts,,36.3,19.24,21.81,0,1,1,Skilled,,0.08,0,1,4300,2800,800,True,0,20000,,0.73,1,6375.4,10,7.14,300000,80,9753.6,0,0,5,1.5,20,Virtual,,,,,,,,,,,,,,5000,5,,,,,,,,,,,,,,,,,,,,,,,,,,,,,,,,,,,,,,,,,,,,,,,,,,,,,,,,,,,,,,,,,,,,,,,,,,,
USA reference export,World Average,3D Laser Cutting Machine,Default 3D Laser,,36.3,18.59,21.81,0,1,1,Skilled,,0.08,0,1,4300,2800,850,False,0,60000,,0.73,1,6375.4,10,2.86,300000,80,9753.6,0,0,5,2.5,20,USA,,,,,,,,,,,,,,2000,5,,,,,,,,,,,,,,,,,,,,,,,,,,,,,,,,,,,,,,,,,,,,,,,,,,,,,,,,,,,,,,,,,,,,,,,,,,,
USA reference export,World Average,3D Laser Cutting Machine,ML1515VZ10-20XF,,36.3,45.97,16.35,0,1,1,Skilled,,0.08,0,1,1520,1520,850,False,0,40000,,0.73,1,4489,10,51.85,630000,80,2650,0,0,5,2.47,20,Japan,,,,,,,,,,,,,,2000,5,,,,,,,,,,,,,,,,,,,,,,,,,,,,,,,,,,,,,,,,,,,,,,,,,,,,,,,,,,,,,,,,,,,,,,,,,,,
USA reference export,World Average,3D Laser Cutting Machine,ML1515VZ10-30CF-R,,36.3,52.42,16.35,0,1,1,Skilled,,0.08,0,1,1520,1520,600,False,0,40000,,0.73,1,4489,10,76.5,675000,80,2650,0,0,5,2.47,20,Japan,,,,,,,,,,,,,,3000,5,,,,,,,,,,,,,,,,,,,,,,,,,,,,,,,,,,,,,,,,,,,,,,,,,,,,,,,,,,,,,,,,,,,,,,,,,,,
USA reference export,World Average,3D Laser Cutting Machine,ML3122VZ10-20XF,,36.3,51.55,17.75,0,1,1,Skilled,,0.08,0,1,3100,2200,850,False,0,35000,,0.73,1,7730,10,52.7,720000,80,3330,0,0,5,1.78,20,Japan,,,,,,,,,,,,,,2000,5,,,,,,,,,,,,,,,,,,,,,,,,,,,,,,,,,,,,,,,,,,,,,,,,,,,,,,,,,,,,,,,,,,,,,,,,,,,
USA reference export,World Average,3D Laser Cutting Machine,ML3122VZ10-30CF-R,,36.3,58,17.75,0,1,1,Skilled,,0.08,0,1,3100,2200,850,False,0,35000,,0.73,1,7730,10,77.35,765000,80,3330,0,0,5,1.78,20,Japan,,,,,,,,,,,,,,3000,5,,,,,,,,,,,,,,,,,,,,,,,,,,,,,,,,,,,,,,,,,,,,,,,,,,,,,,,,,,,,,,,,,,,,,,,,,,,
USA reference export,World Average,3D Laser Cutting Machine,ML4322VZ10-20XF,,36.3,73.34,18.69,0,1,1,Skilled,,0.08,0,1,4300,2200,850,False,0,35000,,0.73,1,10620,10,52.7,1080000,80,5350,0,0,5,1,20,Japan,,,,,,,,,,,,,,2000,5,,,,,,,,,,,,,,,,,,,,,,,,,,,,,,,,,,,,,,,,,,,,,,,,,,,,,,,,,,,,,,,,,,,,,,,,,,,
USA reference export,World Average,3D Laser Cutting Machine,ML4322VZ10-30CF-R,,36.3,79.79,18.69,0,1,1,Skilled,,0.08,0,1,4300,2200,850,False,0,35000,,0.73,1,10620,10,77.35,1125000,80,5350,0,0,5,1,20,Japan,,,,,,,,,,,,,,3000,5,,,,,,,,,,,,,,,,,,,,,,,,,,,,,,,,,,,,,,,,,,,,,,,,,,,,,,,,,,,,,,,,,,,,,,,,,,,
USA reference export,World Average,3D Laser Cutting Machine,NTC TLM-404 3300,,36.3,18.87,17.62,0,1,1,Skilled,,0.08,0,1,1300,1300,600,False,0,40000,,0.73,1,3657,10,4.71,300000,80,6045.2,0,0,5,2,20,USA,,,,,,,,,,,,,,3300,5,,,,,,,,,,,,,,,,,,,,,,,,,,,,,,,,,,,,,,,,,,,,,,,,,,,,,,,,,,,,,,,,,,,,,,,,,,,
USA reference export,World Average,3D Laser Cutting Machine,NTC TLM-404 5000,,36.3,19.24,18.36,0,1,1,Skilled,,0.08,0,1,1300,1300,600,False,0,40000,,0.73,1,3657,10,7.14,300000,80,7239.6,0,0,5,2,20,USA,,,,,,,,,,,,,,5000,5,,,,,,,,,,,,,,,,,,,,,,,,,,,,,,,,,,,,,,,,,,,,,,,,,,,,,,,,,,,,,,,,,,,,,,,,,,,
USA reference export,World Average,3D Laser Cutting Machine,NTC TLM-608 3300,,36.3,18.87,18.36,0,1,1,Skilled,,0.08,0,1,2500,1900,600,False,0,40000,,0.73,1,3657,10,4.71,300000,80,7239.6,0,0,5,2,20,USA,,,,,,,,,,,,,,3300,5,,,,,,,,,,,,,,,,,,,,,,,,,,,,,,,,,,,,,,,,,,,,,,,,,,,,,,,,,,,,,,,,,,,,,,,,,,,
USA reference export,World Average,3D Laser Cutting Machine,NTC TLM-608 5000,,36.3,19.24,21.81,0,1,1,Skilled,,0.08,0,1,2500,1900,800,False,0,20000,,0.73,1,6375.4,10,4.71,300000,80,9753.6,0,0,5,1.5,20,USA,,,,,,,,,,,,,,5000,5,,,,,,,,,,,,,,,,,,,,,,,,,,,,,,,,,,,,,,,,,,,,,,,,,,,,,,,,,,,,,,,,,,,,,,,,,,,
USA reference export,World Average,3D Laser Cutting Machine,NTC TLM-914 3300,,36.3,18.87,21.81,0,1,1,Skilled,,0.08,0,1,4300,2800,600,False,0,40000,,0.73,1,6375.4,10,4.71,300000,80,9753.6,0,0,5,1.5,20,USA,,,,,,,,,,,,,,3300,5,,,,,,,,,,,,,,,,,,,,,,,,,,,,,,,,,,,,,,,,,,,,,,,,,,,,,,,,,,,,,,,,,,,,,,,,,,,
USA reference export,World Average,3D Laser Cutting Machine,NTC TLM-914 5000,,36.3,19.24,21.81,0,1,1,Skilled,,0.08,0,1,4300,2800,800,False,0,20000,,0.73,1,6375.4,10,7.14,300000,80,9753.6,0,0,5,1.5,20,USA,,,,,,,,,,,,,,5000,5,,,,,,,,,,,,,,,,,,,,,,,,,,,,,,,,,,,,,,,,,,,,,,,,,,,,,,,,,,,,,,,,,,,,,,,,,,,
USA reference export,World Average,4 Roll Bender,4 Roll Bender - 12200mm Roll Length x 84mm Roll Diameter,,43.21,253.29,36.31,0,1,1,Skilled,,0.5,,,,,,True,,,,1,1,14600,10,875,2000000,80,3600,0,0,5,5,20,Virtual,,75,12200,,84,296,90,65000,153.9,75,125.6,60,,,,,,,,,,,,,,,,,,,,,,,,,,,,,,,,,,,,,,,,,,,,,,,,,,,,,,,,,,,,,,,,,,,,,,,,,,,,,,
USA reference export,World Average,4 Roll Bender,4 Roll Bender - 2500mm Roll Length x 200mm Roll Diameter,,43.21,5.75,16.75,0,1,1,Skilled,,0.5,,,,,,True,,,,1,1,5250,10,10,70000,80,1300,0,0,5,5,20,Virtual,,80,2500,,200,296,90,5000,450,8,300,5,,,,,,,,,,,,,,,,,,,,,,,,,,,,,,,,,,,,,,,,,,,,,,,,,,,,,,,,,,,,,,,,,,,,,,,,,,,,,,
USA reference export,World Average,4 Roll Bender,4 Roll Bender - 3000mm Roll Length x 400mm Roll Diameter,,43.21,19.67,20.84,0,1,1,Skilled,,0.5,,,,,,True,,,,1,1,6300,10,30,250000,80,2600,0,0,5,5,20,Virtual,,80,3000,,400,296,90,20000,600,20,550,15,,,,,,,,,,,,,,,,,,,,,,,,,,,,,,,,,,,,,,,,,,,,,,,,,,,,,,,,,,,,,,,,,,,,,,,,,,,,,,
USA reference export,World Average,4 Roll Bender,4 Roll Bender - 3500mm Roll Length x 700mm Roll Diameter,,43.21,75.65,26.92,0,1,1,Skilled,,0.5,,,,,,True,,,,1,1,8500,10,100,1000000,80,3600,0,0,5,5,20,Virtual,,75,3500,,700,296,90,65000,1200,75,800,60,,,,,,,,,,,,,,,,,,,,,,,,,,,,,,,,,,,,,,,,,,,,,,,,,,,,,,,,,,,,,,,,,,,,,,,,,,,,,,
USA reference export,World Average,4 Roll Bender,4 Roll Bender - 6100mm Roll Length x 65mm Roll Diameter,,43.21,140.06,30.92,0,1,1,Skilled,,0.5,,,,,,True,,,,1,1,11100,10,326,1500000,80,3600,0,0,5,5,20,Virtual,,75,6100,,65,296,90,65000,119.1,75,97.2,60,,,,,,,,,,,,,,,,,,,,,,,,,,,,,,,,,,,,,,,,,,,,,,,,,,,,,,,,,,,,,,,,,,,,,,,,,,,,,,
USA reference export,World Average,4 Roll Bender,4 Roll Bender - 9000mm Roll Length x 84mm Roll Diameter,,43.21,194.64,31.38,0,1,1,Skilled,,0.5,,,,,,True,,,,1,1,11400,10,587,1750000,80,3600,0,0,5,5,20,Virtual,,75,9000,,84,296,90,65000,153.9,75,125.6,60,,,,,,,,,,,,,,,,,,,,,,,,,,,,,,,,,,,,,,,,,,,,,,,,,,,,,,,,,,,,,,,,,,,,,,,,,,,,,,
USA reference export,World Average,4 Roll Bender,Bertsch 100-10,,43.21,22.69,20.43,0,1,1,Skilled,,0.5,,,,,,False,,,,1,1,6096,10,30,300000,80,2529.84,0,0,5,5,20,USA,,71.12,3048,,432,310,90,5300,480,25.4,647,19.1,,,,,,,,,,,,,,,,,,,,,,,,,,,,,,,,,,,,,,,,,,,,,,,,,,,,,,,,,,,,,,,,,,,,,,,,,,,,,,
USA reference export,World Average,4 Roll Bender,Faccin 4HEL 201,,43.21,5.08,15.94,0,1,1,Skilled,,0.5,,,,,,False,,,,1,1,4098.95,10,5.21,70866.14,80,1199.69,0,0,5,5,20,Italy,,81.28,2000,,160,296,90,2500,363.2,5,224,4,,,,,,,,,,,,,,,,,,,,,,,,,,,,,,,,,,,,,,,,,,,,,,,,,,,,,,,,,,,,,,,,,,,,,,,,,,,,,,
USA reference export,World Average,4 Roll Bender,Faccin 4HEL 202,,43.21,8.56,16.39,0,1,1,Skilled,,0.5,,,,,,False,,,,1,1,4598.82,10,9.31,118110.24,80,1299.67,0,0,5,5,20,Italy,,81.28,2000,,210,296,90,4500,413.2,8,294,6,,,,,,,,,,,,,,,,,,,,,,,,,,,,,,,,,,,,,,,,,,,,,,,,,,,,,,,,,,,,,,,,,,,,,,,,,,,,,,
USA reference export,World Average,4 Roll Bender,Faccin 4HEL 251,,43.21,4.36,16.19,0,1,1,Skilled,,0.5,,,,,,False,,,,1,1,4598.82,10,5.21,59055.12,80,1199.69,0,0,5,5,20,Italy,,81.28,2500,,180,296,90,2900,383.2,4,252,3,,,,,,,,,,,,,,,,,,,,,,,,,,,,,,,,,,,,,,,,,,,,,,,,,,,,,,,,,,,,,,,,,,,,,,,,,,,,,,
USA reference export,World Average,4 Roll Bender,Faccin 4HEL 254,,43.21,17.11,17.83,0,1,1,Skilled,,0.5,,,,,,False,,,,1,1,5498.59,10,18.63,236220.47,80,1699.56,0,0,5,5,20,Italy,,81.28,2500,,320,296,90,10000,523.2,14,448,12,,,,,,,,,,,,,,,,,,,,,,,,,,,,,,,,,,,,,,,,,,,,,,,,,,,,,,,,,,,,,,,,,,,,,,,,,,,,,,
USA reference export,World Average,4 Roll Bender,Faccin 4HEL 301,,43.21,6.41,16.89,0,1,1,Skilled,,0.5,,,,,,False,,,,1,1,5498.59,10,9.31,82677.17,80,1299.67,0,0,5,5,20,Italy,,81.28,3000,,210,296,90,5000,413.2,5,294,5,,,,,,,,,,,,,,,,,,,,,,,,,,,,,,,,,,,,,,,,,,,,,,,,,,,,,,,,,,,,,,,,,,,,,,,,,,,,,,
USA reference export,World Average,4 Roll Bender,Faccin 4HEL 305,,43.21,25.95,20.09,0,1,1,Skilled,,0.5,,,,,,False,,,,1,1,6098.44,10,29.8,354330.71,80,2399.33,0,0,5,5,20,Italy,,81.28,3000,,400,296,90,21000,603.2,25,560,20,,,,,,,,,,,,,,,,,,,,,,,,,,,,,,,,,,,,,,,,,,,,,,,,,,,,,,,,,,,,,,,,,,,,,,,,,,,,,,
USA reference export,World Average,4 Roll Bender,Faccin 4HEL 310,,43.21,71.43,27.07,0,1,1,Skilled,,0.5,,,,,,False,,,,1,1,8597.8,10,111.75,1003937.01,80,3598,0,0,5,5,20,Italy,,81.28,3000,,730,296,90,68000,1328.6,75,1022,65,,,,,,,,,,,,,,,,,,,,,,,,,,,,,,,,,,,,,,,,,,,,,,,,,,,,,,,,,,,,,,,,,,,,,,,,,,,,,,
USA reference export,World Average,4 Roll Bender,Faccin 4HEL 401,,43.21,6.69,17.9,0,1,1,Skilled,,0.5,,,,,,False,,,,1,1,6798.26,10,11.18,82677.17,80,1399.64,0,0,5,5,20,Italy,,81.28,4000,,270,296,90,9500,473.2,5,378,3,,,,,,,,,,,,,,,,,,,,,,,,,,,,,,,,,,,,,,,,,,,,,,,,,,,,,,,,,,,,,,,,,,,,,,,,,,,,,,
USA reference export,World Average,4 Roll Bender,Faccin 4HEL 403,,43.21,14.1,20.03,0,1,1,Skilled,,0.5,,,,,,False,,,,1,1,6898.23,10,22.35,177165.35,80,2099.46,0,0,5,5,20,Italy,,81.28,4000,,370,296,90,18000,573.2,12,518,10,,,,,,,,,,,,,,,,,,,,,,,,,,,,,,,,,,,,,,,,,,,,,,,,,,,,,,,,,,,,,,,,,,,,,,,,,,,,,,
USA reference export,World Average,4 Roll Bender,Faccin 4HEL 406,,43.21,25.34,22.95,0,1,1,Skilled,,0.5,,,,,,False,,,,1,1,8197.9,10,44.7,307086.61,80,2599.33,0,0,5,5,20,Italy,,81.28,4000,,460,296,90,36000,663.2,22,644,18,,,,,,,,,,,,,,,,,,,,,,,,,,,,,,,,,,,,,,,,,,,,,,,,,,,,,,,,,,,,,,,,,,,,,,,,,,,,,,
USA reference export,World Average,4 Roll Bender,Knuth RBM 20/04 CNC,,43.21,3.18,15.86,0,1,1,Skilled,,0.5,,,,,,False,,,,1,1,4139.14,10,2.23,46900,80,1142.71,0,0,5,5,20,Germany,,81.28,2108,,152.4,296,90,2315,624,4.1,480,3,,,,,,,,,,,,,,,,,,,,,,,,,,,,,,,,,,,,,,,,,,,,,,,,,,,,,,,,,,,,,,,,,,,,,,,,,,,,,,
USA reference export,World Average,4 Roll Bender,Knuth RBM 40/13 CNC,,43.21,12.75,20.36,0,1,1,Skilled,,0.5,,,,,,False,,,,1,1,7237.15,10,18.63,164150,80,2107.66,0,0,5,5,20,Germany,,81.28,4089,,381,296,90,20729,1614,13,1242,9.7,,,,,,,,,,,,,,,,,,,,,,,,,,,,,,,,,,,,,,,,,,,,,,,,,,,,,,,,,,,,,,,,,,,,,,,,,,,,,,
USA reference export,World Average,Bend Press Brake,11010 (Heller-hydraulic),,36.3,4.25,15.58,0,1,1.3,Skilled,1,0.75,,,,,,False,,,,1,1,3149.6,10,7.99,50290,80,1295.4,0,0,5,5,20,USA,,,,,,,,,,,,,,,,3.5,3048,6,2540,27.8,25.3,27.8,14.5,15.9,1096,0,,,,,,,,,,,,,,,,,,,,,,,,,,,,,,,,,,,,,,,,,,,,,,,,,,,,,,,,,,,,,,,,
USA reference export,World Average,Bend Press Brake,15010 (Heller-hydraulic),,36.3,5,15.71,0,1,1.3,Skilled,1,0.75,,,,,,False,,,,1,1,3149.6,10,10.66,55930,80,1397,0,0,5,5,20,USA,,,,,,,,,,,,,,,,3.5,3048,6,2540,33.5,30.5,33.9,17.3,19,1494.6,0,,,,,,,,,,,,,,,,,,,,,,,,,,,,,,,,,,,,,,,,,,,,,,,,,,,,,,,,,,,,,,,,
USA reference export,World Average,Bend Press Brake,18510 (Heller-hydraulic),,36.3,5.93,15.92,0,1,1.3,Skilled,1,0.75,,,,,,False,,,,1,1,3149.6,10,15.99,57998,80,1549.4,0,0,5,5,20,USA,,,,,,,,,,,,,,,,3.5,3048,4,2540,38.9,35.4,38.9,20.2,22.2,1843.4,0,,,,,,,,,,,,,,,,,,,,,,,,,,,,,,,,,,,,,,,,,,,,,,,,,,,,,,,,,,,,,,,,
USA reference export,World Average,Bend Press Brake,Autobrake 2000 Model: AB1016 (Roper Whitney),,36.3,4.99,17.19,0,1,1.3,Skilled,1,0.75,,,,,,False,,,,1,1,4013.2,10,7,65000,80,1955.8,0,0,5,4,20,USA,,,,,,,,,,,,,,,,3.5,3098.8,6,1963.5,2.7,2.5,2.7,1.5,1.6,398.6,0,,,,,,,,,,,,,,,,,,,,,,,,,,,,,,,,,,,,,,,,,,,,,,,,,,,,,,,,,,,,,,,,
USA reference export,World Average,Bend Press Brake,Bend Brake - 1500kN Press Force,,36.3,7.56,15.58,0,1,1.3,Skilled,1,0.75,,,,,,True,,,,1,1,3200,10,10,100000,80,1600,0,0,5,4,20,Virtual,,,,,,,,,,,,,,,,3.5,3000,6,2500,30,25,30,15,15,1500,0,,,,,,,,,,,,,,,,,,,,,,,,,,,,,,,,,,,,,,,,,,,,,,,,,,,,,,,,,,,,,,,,
USA reference export,World Average,Bend Press Brake,Bend Brake - 2500kN Press Force,,36.3,9.08,16.57,0,1,1.3,Skilled,1,0.75,,,,,,True,,,,1,1,4000,10,12,120000,80,2000,0,0,5,4,20,Virtual,,,,,,,,,,,,,,,,3.5,3500,6,2500,35,30,35,20,22,2500,0,,,,,,,,,,,,,,,,,,,,,,,,,,,,,,,,,,,,,,,,,,,,,,,,,,,,,,,,,,,,,,,,
USA reference export,World Average,Bend Press Brake,Bend Brake - 800kN Press Force,,36.3,5.75,14.82,0,1,1.3,Skilled,1,0.75,,,,,,True,,,,1,1,2300,10,6,80000,80,1250,0,0,5,4,20,Virtual,,,,,,,,,,,,,,,,3.5,1500,6,1000,12,10,12,9,10,800,0,,,,,,,,,,,,,,,,,,,,,,,,,,,,,,,,,,,,,,,,,,,,,,,,,,,,,,,,,,,,,,,,
USA reference export,World Average,Bend Press Brake,Default Bend Brake,,36.3,6.44,15.57,0,1,1.3,Skilled,1,0.75,,,,,,False,,,,1,1,3911.6,10,7,88843.6,80,1727.2,0,0,5,3,20,USA,,,,,,,,,,,,,,,,3.5,1524,6,1016,29,26.4,29,9,10,75,0,,,,,,,,,,,,,,,,,,,,,,,,,,,,,,,,,,,,,,,,,,,,,,,,,,,,,,,,,,,,,,,,
USA reference export,World Average,Bend Press Brake,FBD1253-NT (Amada- Upacting),,36.3,6.44,15.28,0,1,1.3,Skilled,1,0.75,,,,,,False,,,,1,1,3632.2,10,7,88843.6,80,1549.6,0,0,5,3,20,USA,,,,,,,,,,,,,,,,3.5,2997.2,6,2692.2,29.8,27.1,29.8,15.5,17,1365,0,,,,,,,,,,,,,,,,,,,,,,,,,,,,,,,,,,,,,,,,,,,,,,,,,,,,,,,,,,,,,,,,
USA reference export,World Average,Bend Press Brake,HFE2204 (Amada- DownActing),,36.3,14.07,18.92,0,1,1.3,Skilled,1,0.75,,,,,,False,,,,1,1,6096,10,7,215000,80,2438.4,0,0,5,4,20,Japan,,,,,,,,,,,,,,,,3.5,4267.2,6,3810,35,31.8,35,20,22,2373,0,,,,,,,,,,,,,,,,,,,,,,,,,,,,,,,,,,,,,,,,,,,,,,,,,,,,,,,,,,,,,,,,
USA reference export,World Average,Bend Press Brake,HG-1303 (Amada),,36.3,16.32,16.59,0,1,1.3,Skilled,1,0.75,,,,,,False,,,,1,1,4100,10,17.85,225000,80,1962,0,0,5,4,20,Japan,,,,,,,,,,,,,,,,3.5,3110,6,2700,26.3,24.4,26.8,14,15.3,1300,0,,,,,,,,,,,,,,,,,,,,,,,,,,,,,,,,,,,,,,,,,,,,,,,,,,,,,,,,,,,,,,,,
USA reference export,World Average,Bend Press Brake,HG-2204 (Amada),,36.3,23.69,17.45,0,1,1.3,Skilled,1,0.75,,,,,,False,,,,1,1,5240,10,30.6,315000,80,2020,0,0,5,4,20,Japan,,,,,,,,,,,,,,,,3.5,4300,6,3760,40.3,36.7,40.3,20.9,23,2200,0,,,,,,,,,,,,,,,,,,,,,,,,,,,,,,,,,,,,,,,,,,,,,,,,,,,,,,,,,,,,,,,,
USA reference export,World Average,Bend Press Brake,HG-5020 (Amada),,36.3,9.71,15.79,0,1,1.3,Skilled,1,0.75,,,,,,False,,,,1,1,3080,10,10.2,135000,80,1860,0,0,5,4,20,Japan,,,,,,,,,,,,,,,,3.5,2150,6,1700,14.8,13.5,14.8,7.7,8.5,500,0,,,,,,,,,,,,,,,,,,,,,,,,,,,,,,,,,,,,,,,,,,,,,,,,,,,,,,,,,,,,,,,,
USA reference export,World Average,Bend Press Brake,HG-8025 (Amada),,36.3,12.95,16.12,0,1,1.3,Skilled,1,0.75,,,,,,False,,,,1,1,3590,10,13.6,180000,80,1860,0,0,5,4,20,Japan,,,,,,,,,,,,,,,,3.5,2600,6,2210,19.3,17.6,19.3,10.1,11.1,800,0,,,,,,,,,,,,,,,,,,,,,,,,,,,,,,,,,,,,,,,,,,,,,,,,,,,,,,,,,,,,,,,,
USA reference export,World Average,Bend Press Brake,SPH-30C (Amada),,36.3,5.86,14.04,0,1,1.3,Skilled,1,0.75,,,,,,False,,,,1,1,1449.98,10,7.99,88843.6,80,549.99,0,0,5,3,20,USA,,,,,,,,,,,,,,,,3.5,415,6,510,11.1,10.1,11.1,5.8,6.4,323.6,0,,,,,,,,,,,,,,,,,,,,,,,,,,,,,,,,,,,,,,,,,,,,,,,,,,,,,,,,,,,,,,,,
USA reference export,World Average,Bend Press Brake,SPH-60C (Amada),,36.3,6.59,14.38,0,1,1.3,Skilled,1,0.75,,,,,,False,,,,1,1,1679.98,10,7.99,88843.6,80,1259.98,0,0,5,3,20,USA,,,,,,,,,,,,,,,,3.5,835,6,510,22.2,20.2,22.2,11.5,12.7,588.4,0,,,,,,,,,,,,,,,,,,,,,,,,,,,,,,,,,,,,,,,,,,,,,,,,,,,,,,,,,,,,,,,,
USA reference export,World Average,Laser Cutting Machine,Cincinnati CL 850,,36.3,37.4,23.68,0,1,1.63,Skilled,,0.08,18,1,3048,1524,,False,3,154000,,0.73,1,12444.98,10,7.14,600000,80,4623.82,0,0,5,2,20,USA,,,,,,,,,,,,,,5000,5,,,,,,,,,,,,0,10,10,,,,,,,,,,,,,,,,,,,,,,,,,,,,,,,,,,,,,,,,,,,,,,,,,,,,,,,,,,,,,
USA reference export,World Average,Laser Cutting Machine,Default Laser,,36.3,18.99,21.78,0,1,1.63,Skilled,,0.08,18,1,6096,3048,,False,3,60000,,0.73,1,7620,10,5.51,300000,80,6096,0,0,5,2,20,USA,,,,,,,,,,,,,,2000,5,,,,,,,,,,,,0,10,10,,,,,,,,,,,,,,,,,,,,,,,,,,,,,,,,,,,,,,,,,,,,,,,,,,,,,,,,,,,,,
USA reference export,World Average,Laser Cutting Machine,ESAB - 3000XT,,36.3,18.87,21.78,0,1,1.63,Skilled,,0.08,18,1,2048,1524,,False,3,90000,,0.73,1,7620,10,4.29,300000,80,6096,0,0,5,2,20,South Korea,,,,,,,,,,,,,,3000,5,,,,,,,,,,,,0,10,10,,,,,,,,,,,,,,,,,,,,,,,,,,,,,,,,,,,,,,,,,,,,,,,,,,,,,,,,,,,,,
USA reference export,World Average,Laser Cutting Machine,Echo 3300,,36.3,18.81,21.78,0,1,1.63,Skilled,,0.08,18,1,4876,2438,,False,3,60000,,0.73,1,7620,10,5.51,300000,80,6096,0,0,5,2,20,USA,,,,,,,,,,,,,USA 300k price group had more name-rows than distinct source rows; length/width/power reused from closest match,3300,5,,,,,,,,,,,,0,10,10,,,,,,,,,,,,,,,,,,,,,,,,,,,,,,,,,,,,,,,,,,,,,,,,,,,,,,,,,,,,,
USA reference export,World Average,Laser Cutting Machine,FO-MII 2412 NT,,36.3,24.39,16.42,0,1,1.63,Skilled,,0.08,18,1,2520,1550,,False,3,113000,,0.73,1,5884,10,38,308000,80,2573,0,0,5,2,20,Japan,,,,,,,,,,,,,,2000,5,,,,,,,,,,,,0,10,10,,,,,,,,,,,,,,,,,,,,,,,,,,,,,,,,,,,,,,,,,,,,,,,,,,,,,,,,,,,,,
USA reference export,World Average,Laser Cutting Machine,FO-MII 3015 NT,,36.3,36.4,18.54,0,1,1.63,Skilled,,0.08,18,1,3070,1550,,False,3,113000,,0.73,1,9903,10,53,469000,80,2778,0,0,5,2,20,Japan,,,,,,,,,,,,,,4000,5,,,,,,,,,,,,0,10,10,,,,,,,,,,,,,,,,,,,,,,,,,,,,,,,,,,,,,,,,,,,,,,,,,,,,,,,,,,,,,
USA reference export,World Average,Laser Cutting Machine,FO-MII RI 3015,,36.3,36.34,20.36,0,1,1.63,Skilled,,0.08,18,1,3070,1270,,False,3,113000,,0.73,1,11555,10,53,468000,80,3302,0,0,5,2,20,Japan,,,,,,,,,,,,,,4000,5,,,,,,,,,,,,0,10,10,,,,,,,,,,,,,,,,,,,,,,,,,,,,,,,,,,,,,,,,,,,,,,,,,,,,,,,,,,,,,
USA reference export,World Average,Laser Cutting Machine,LC-2412 F1 NT,,36.3,18.76,21.02,0,1,1.63,Skilled,,0.08,18,1,2520,1150,,False,3,90000,,0.73,1,9478,10,29.63,308000,80,2912,0,0,5,2,20,Japan,,,,,,,,,,,,,,2000,5,,,,,,,,,,,,0,10,10,,,,,,,,,,,,,,,,,,,,,,,,,,,,,,,,,,,,,,,,,,,,,,,,,,,,,,,,,,,,,
USA reference export,World Average,Laser Cutting Machine,LC-3015 F1 NT,,36.3,18.92,21.63,0,1,1.63,Skilled,,0.08,18,1,3070,2050,,False,3,100000,,0.73,1,9845,10,133,323000,80,2910,0,0,5,2,20,Japan,,,,,,,,,,,,,,6000,5,,,,,,,,,,,,0,10,10,,,,,,,,,,,,,,,,,,,,,,,,,,,,,,,,,,,,,,,,,,,,,,,,,,,,,,,,,,,,,
USA reference export,World Average,Laser Cutting Machine,LC-4020 F1 NT,,36.3,37.38,25.81,0,1,1.63,Skilled,,0.08,18,1,4070,1550,,False,3,130000,,0.73,1,11580,10,133,853000,80,3410,0,0,5,2,20,Japan,,,,,,,,,,,,,,6000,5,,,,,,,,,,,,0,10,10,,,,,,,,,,,,,,,,,,,,,,,,,,,,,,,,,,,,,,,,,,,,,,,,,,,,,,,,,,,,,
USA reference export,World Average,Laser Cutting Machine,LCG-3015,,36.3,46.61,25.81,0,1,1.63,Skilled,,0.08,18,1,3070,2000,,False,3,120000,,0.73,1,4834.13,10,8.57,468000,80,11186.16,0,0,5,2,20,Japan,,,,,,,,,,,,,,3300,5,,,,,,,,,,,,0,10,10,,,,,,,,,,,,,,,,,,,,,,,,,,,,,,,,,,,,,,,,,,,,,,,,,,,,,,,,,,,,,
USA reference export,World Average,Laser Cutting Machine,Laser Cutter - 10000 Watts,,36.3,23.12,18.55,0,1,1.63,Skilled,,0.08,18,1,3000,1500,,True,3,170000,,0.73,1,9950,10,81,950000,80,4600,0,0,5,2,20,Virtual,,,,,,,,,,,,,,10000,5,,,,,,,,,,,,0,10,10,,,,,,,,,,,,,,,,,,,,,,,,,,,,,,,,,,,,,,,,,,,,,,,,,,,,,,,,,,,,,
USA reference export,World Average,Laser Cutting Machine,Laser Cutter - 2000 Watts,,36.3,39.65,18.73,0,1,1.63,Skilled,,0.08,18,1,3500,1800,,True,3,170000,,0.73,1,7000,10,4,300000,80,6000,0,0,5,2,20,Virtual,,,,,,,,,,,,,,2000,5,,,,,,,,,,,,0,10,10,,,,,,,,,,,,,,,,,,,,,,,,,,,,,,,,,,,,,,,,,,,,,,,,,,,,,,,,,,,,,
USA reference export,World Average,Laser Cutting Machine,Laser Cutter - 3000 Watts,,36.3,71.73,20.59,0,1,1.63,Skilled,,0.08,18,1,6000,3000,,True,3,170000,,0.73,1,7600,10,5,300000,80,7000,0,0,5,2,20,Virtual,,,,,,,,,,,,,,3000,5,,,,,,,,,,,,0,10,10,,,,,,,,,,,,,,,,,,,,,,,,,,,,,,,,,,,,,,,,,,,,,,,,,,,,,,,,,,,,,
USA reference export,World Average,Laser Cutting Machine,Laser Cutter - 4000 Watts,,36.3,37.85,18.69,0,1,1.63,Skilled,,0.08,18,1,4000,2000,,True,3,125000,,0.73,1,10000,10,7,600000,80,7000,0,0,5,2,20,Virtual,,,,,,,,,,,,,,4000,5,,,,,,,,,,,,0,10,10,,,,,,,,,,,,,,,,,,,,,,,,,,,,,,,,,,,,,,,,,,,,,,,,,,,,,,,,,,,,,
USA reference export,World Average,Laser Cutting Machine,Laser Cutter - 6000 Watts,,36.3,46.7,23.08,0,1,1.63,Skilled,,0.08,18,1,4000,2000,,True,3,42000,,0.73,1,10000,10,8,750000,80,7000,0,0,5,2,20,Virtual,,,,,,,,,,,,,,6000,5,,,,,,,,,,,,0,10,10,,,,,,,,,,,,,,,,,,,,,,,,,,,,,,,,,,,,,,,,,,,,,,,,,,,,,,,,,,,,,
USA reference export,World Average,Laser Cutting Machine,Laser Cutter - 8000 Watts,,36.3,15.13,15,0,1,1.63,Skilled,,0.08,18,1,3000,1500,,True,3,85000,,0.73,1,9950,10,60.5,850000,80,4600,0,0,5,2,20,Virtual,,,,,,,,,,,,,,8000,5,,,,,,,,,,,,0,10,10,,,,,,,,,,,,,,,,,,,,,,,,,,,,,,,,,,,,,,,,,,,,,,,,,,,,,,,,,,,,,
USA reference export,World Average,Laser Cutting Machine,Mitsubishi NX 6000,,36.3,37.82,24.15,0,1,1.63,Skilled,,0.08,18,1,4000,1250,,False,3,,,0.73,1,,10,,750000,80,,0,0,5,2,20,Japan,,,,,,,,,,,,,Machine Length/Width/Power(kW) and Rapid Traverse Rate were not visible in the provided screenshots (row appears to have been cut off from the Bottom-Up-Overhead and Time/Rates tables). Bed length/width and all other fields confirmed from source.,6000,5,,,,,,,,,,,,0,10,10,,,,,,,,,,,,,,,,,,,,,,,,,,,,,,,,,,,,,,,,,,,,,,,,,,,,,,,,,,,,,
USA reference export,World Average,Laser Cutting Machine,Quattro,,36.3,24.13,21,0,1,1.63,Skilled,,0.08,18,1,1250,1250,,False,3,60000,,0.73,1,2905,10,28,180000,80,2358,0,0,5,2,20,Japan,,,,,,,,,,,,,,2000,5,,,,,,,,,,,,0,10,10,,,,,,,,,,,,,,,,,,,,,,,,,,,,,,,,,,,,,,,,,,,,,,,,,,,,,,,,,,,,,
USA reference export,World Average,Laser Cutting Machine,Trumatic L 4030 - 4000,,36.3,24.43,21.54,0,1,1.63,Skilled,,0.08,18,1,4000,2000,,False,3,85000,,0.73,1,7098.79,10,39.5,500000,80,5903.93,0,0,5,2,20,USA,,,,,,,,,,,,,,4000,5,,,,,,,,,,,,0,10,10,,,,,,,,,,,,,,,,,,,,,,,,,,,,,,,,,,,,,,,,,,,,,,,,,,,,,,,,,,,,,
USA reference export,World Average,Laser Cutting Machine,Trumatic TLF 2700,,36.3,69.75,21.66,0,1,1.63,Skilled,,0.08,18,1,6096,3048,,False,3,300000,,0.73,1,11600.69,10,50,300000,80,5199.89,0,0,5,2,20,USA,,,,,,,,,,,,,,2700,5,,,,,,,,,,,,0,10,10,,,,,,,,,,,,,,,,,,,,,,,,,,,,,,,,,,,,,,,,,,,,,,,,,,,,,,,,,,,,,
USA reference export,World Average,Laser Cutting Machine,Trumatic TTLF 3200,,36.3,60.6,21.66,0,1,1.63,Skilled,,0.08,18,1,4000,2000,,False,3,300000,,0.73,1,9799.32,10,41.5,300000,80,4599.43,0,0,5,2,20,USA,,,,,,,,,,,,,,3200,5,,,,,,,,,,,,0,10,10,,,,,,,,,,,,,,,,,,,,,,,,,,,,,,,,,,,,,,,,,,,,,,,,,,,,,,,,,,,,,
USA reference export,World Average,Laser Cutting Machine,Trumpf True Laser 5030 - Truflow 10kW,,36.3,76.4,21.66,0,1,1.63,Skilled,,0.08,18,1,3000,1500,,False,3,300000,,0.73,1,9950,10,125,950000,80,4600,0,0,5,2,20,Germany,,,,,,,,,,,,,,10000,5,,,,,,,,,,,,0,10,10,,,,,,,,,,,,,,,,,,,,,,,,,,,,,,,,,,,,,,,,,,,,,,,,,,,,,,,,,,,,,
USA reference export,World Average,Laser Cutting Machine,Trumpf True Laser 5030 - Truflow 8kW,,36.3,65.81,21.66,0,1,1.63,Skilled,,0.08,18,1,3000,1500,,False,3,300000,,0.73,1,9950,10,95,850000,80,4600,0,0,5,2,20,Germany,,,,,,,,,,,,,,8000,5,,,,,,,,,,,,0,10,10,,,,,,,,,,,,,,,,,,,,,,,,,,,,,,,,,,,,,,,,,,,,,,,,,,,,,,,,,,,,,
USA reference export,World Average,Fiber Laser Cutting Machine,Amada ENSIS-3015 AJ 6kW Fiber,,36.3,53.26,16.3,0,1,1,Skilled,1,0.08,30,1,3070,1550,,False,3,,,0.73,1,10136,10,40,780000,80,2840,0,0,5,1,20,Japan,,,,,,,,,,,,,,6000,5,,,,,,,,,,,,0,,,Shuttle table,3048,1524,25,25,25,12,15,,,,,,,,,,,,,,,,,,,,,,,,,,,,,,,,,,,,,,,,,,,,,,,,,,,,,
USA reference export,World Average,Fiber Laser Cutting Machine,Amada ENSIS-4020 AJ 6kW Fiber,,36.3,60.53,17.31,0,1,1,Skilled,1,0.08,30,1,4070,2050,,False,3,,,0.73,1,12111,10,40,900000,80,3360,0,0,5,1,20,Japan,,,,,,,,,,,,,,6000,5,,,,,,,,,,,,0,,,Shuttle table,4048,2024,25,25,15,15,15,,,,,,,,,,,,,,,,,,,,,,,,,,,,,,,,,,,,,,,,,,,,,,,,,,,,,
USA reference export,World Average,Fiber Laser Cutting Machine,Amada FOL-3015 AJ 4kW Fiber,,36.3,37.89,16.19,0,1,1,Skilled,1,0.08,30,1,3070,1550,,False,3,,,0.73,1,9205,10,56.04,486000,80,2990,0,0,5,1,20,Japan,,,,,,,,,,,,,,4000,5,,,,,,,,,,,,0,,,Shuttle table,3048,1524,22,18,16,8,8,,,,,,,,,,,,,,,,,,,,,,,,,,,,,,,,,,,,,,,,,,,,,,,,,,,,,
USA reference export,World Average,Fiber Laser Cutting Machine,Amada LCG-3015 AJ 6kW Fiber,,36.3,52.78,16.3,0,1,1,Skilled,1,0.08,30,1,3070,1550,,False,3,,,0.73,1,10136,10,114.5,586000,80,2840,0,0,5,1,20,Japan,,,,,,,,,,,,,,6000,5,,,,,,,,,,,,0,,,Shuttle table,3048,1524,25,25,25,12,15,,,,,,,,,,,,,,,,,,,,,,,,,,,,,,,,,,,,,,,,,,,,,,,,,,,,,
USA reference export,World Average,Fiber Laser Cutting Machine,Bystronic BySprint 4020 3kW Fiber,,36.3,33.7,21.65,0,1,1,Skilled,1,0.08,40,1,4064,2024,,False,3,,,0.8,1,13700,10,22.7,500000,80,6670,0,0,5,1,20,Switzerland,,,,,,,,,,,,,,3000,5,,,,,,,,,,,,0,,,Shuttle table,4000,2000,20,12,12,6,6,,,,,,,,,,,,,,,,,,,,,,,,,,,,,,,,,,,,,,,,,,,,,,,,,,,,,
USA reference export,World Average,Fiber Laser Cutting Machine,Bystronic BySprint 4020 6kW Fiber,,36.3,44.09,21.65,0,1,1,Skilled,1,0.08,40,1,4064,2024,,False,3,,,0.8,1,13700,10,31.4,650000,80,6670,0,0,5,1,20,Switzerland,,,,,,,,,,,,,,6000,5,,,,,,,,,,,,0,,,Shuttle table,4000,2000,25,30,30,12,15,,,,,,,,,,,,,,,,,,,,,,,,,,,,,,,,,,,,,,,,,,,,,,,,,,,,,
USA reference export,World Average,Fiber Laser Cutting Machine,Bystronic BySprint 6520 6kW Fiber,,36.3,50.15,24.9,0,1,1,Skilled,1,0.08,40,1,6614,2024,,False,3,,,0.8,1,19400,10,31.4,750000,80,6670,0,0,5,1,20,Switzerland,,,,,,,,,,,,,,6000,5,,,,,,,,,,,,0,,,Shuttle table,6500,2000,25,30,30,12,15,,,,,,,,,,,,,,,,,,,,,,,,,,,,,,,,,,,,,,,,,,,,,,,,,,,,,
USA reference export,World Average,Fiber Laser Cutting Machine,Bystronic Bystar 3015 10kW Fiber,,36.3,60.69,19.63,0,1,1,Skilled,1,0.08,40,1,3100,1580,,False,3,,,0.8,1,11900,10,46.7,886000,80,5700,0,0,5,1,20,Switzerland,,,,,,,,,,,,,,10000,5,,,,,,,,,,,,0,,,Shuttle table,3000,1500,25,30,30,12,15,,,,,,,,,,,,,,,,,,,,,,,,,,,,,,,,,,,,,,,,,,,,,,,,,,,,,
USA reference export,World Average,Fiber Laser Cutting Machine,Durma HD-F 3015 10kW Fiber,,36.3,44.28,19.54,0,1,1,Skilled,1,0.08,27,1,3060,1530,,False,3,,,0.8,1,10750,10,46.7,614980,80,6210,0,0,5,1,20,Turkey,,,,,,,,,,,,,,10000,5,,,,,,,,,,,,0,,,Shuttle table,3048,1524,30,20,25,15,20,,,,,,,,,,,,,,,,,,,,,,,,,,,,,,,,,,,,,,,,,,,,,,,,,,,,,
USA reference export,World Average,Fiber Laser Cutting Machine,Durma HD-F 3015 4kW Fiber,,36.3,27.15,19.54,0,1,1,Skilled,1,0.08,27,1,3060,1530,,False,3,,,0.8,1,10750,10,33,366180,80,6210,0,0,5,1,20,Turkey,,,,,,,,,,,,,,4000,5,,,,,,,,,,,,0,,,Shuttle table,3048,1524,20,10,12,6,10,,,,,,,,,,,,,,,,,,,,,,,,,,,,,,,,,,,,,,,,,,,,,,,,,,,,,
USA reference export,World Average,Fiber Laser Cutting Machine,Durma HD-F 3015 6kW Fiber,,36.3,31.49,19.54,0,1,1,Skilled,1,0.08,27,1,3060,1530,,False,3,,,0.8,1,10750,10,40,420275,80,6210,0,0,5,1,20,Turkey,,,,,,,,,,,,,,6000,5,,,,,,,,,,,,0,,,Shuttle table,3048,1524,20,10,10,6,10,,,,,,,,,,,,,,,,,,,,,,,,,,,,,,,,,,,,,,,,,,,,,,,,,,,,,
USA reference export,World Average,Fiber Laser Cutting Machine,Durma HD-F 3015 8kW Fiber,,36.3,39.41,19.54,0,1,1,Skilled,1,0.08,27,1,3060,1530,,False,3,,,0.8,1,10750,10,41.2,548110,80,6210,0,0,5,1,20,Turkey,,,,,,,,,,,,,,8000,5,,,,,,,,,,,,0,,,Shuttle table,3048,1524,25,15,20,12,14,,,,,,,,,,,,,,,,,,,,,,,,,,,,,,,,,,,,,,,,,,,,,,,,,,,,,
USA reference export,World Average,Fiber Laser Cutting Machine,Laser Cutter - 10kW Fiber,,36.3,61.54,19.57,0,1,1,Skilled,1,0.08,40,1,3060,1530,,True,3,,,0.8,1,10980,10,46.7,900000,80,6110,0,0,5,1,20,Virtual,,,,,,,,,,,,,,10000,5,,,,,,,,,,,,0,,,Shuttle table,3048,1524,30,40,35,12,16,,,,,,,,,,,,,,,,,,,,,,,,,,,,,,,,,,,,,,,,,,,,,,,,,,,,,
USA reference export,World Average,Fiber Laser Cutting Machine,Laser Cutter - 3kW Fiber,,36.3,27.64,19.57,0,1,1,Skilled,1,0.08,40,1,3060,1530,,True,3,,,0.8,1,10980,10,22.7,400000,80,6110,0,0,5,1,20,Virtual,,,,,,,,,,,,,,3000,5,,,,,,,,,,,,0,,,Shuttle table,3048,1524,22,12,12,4,8,,,,,,,,,,,,,,,,,,,,,,,,,,,,,,,,,,,,,,,,,,,,,,,,,,,,,
USA reference export,World Average,Fiber Laser Cutting Machine,Laser Cutter - 4kW Fiber,,36.3,35.25,19.57,0,1,1,Skilled,1,0.08,40,1,3060,1530,,True,3,,,0.8,1,10980,10,33,500000,80,6110,0,0,5,1,20,Virtual,,,,,,,,,,,,,,4000,5,,,,,,,,,,,,0,,,Shuttle table,3048,1524,25,14,16,6,10,,,,,,,,,,,,,,,,,,,,,,,,,,,,,,,,,,,,,,,,,,,,,,,,,,,,,
USA reference export,World Average,Fiber Laser Cutting Machine,Laser Cutter - 6kW Fiber,,36.3,41.72,19.57,0,1,1,Skilled,1,0.08,40,1,3060,1530,,True,3,,,0.8,1,10980,10,35.7,600000,80,6110,0,0,5,1,20,Virtual,,,,,,,,,,,,,,6000,5,,,,,,,,,,,,0,,,Shuttle table,3048,1524,25,20,20,8,12,,,,,,,,,,,,,,,,,,,,,,,,,,,,,,,,,,,,,,,,,,,,,,,,,,,,,
USA reference export,World Average,Fiber Laser Cutting Machine,Laser Cutter - 8kW Fiber,,36.3,48.6,19.57,0,1,1,Skilled,1,0.08,40,1,3060,1530,,True,3,,,0.8,1,10980,10,41.2,700000,80,6110,0,0,5,1,20,Virtual,,,,,,,,,,,,,,8000,5,,,,,,,,,,,,0,,,Shuttle table,3048,1524,25,30,25,10,16,,,,,,,,,,,,,,,,,,,,,,,,,,,,,,,,,,,,,,,,,,,,,,,,,,,,,
USA reference export,World Average,Fiber Laser Cutting Machine,Mitsubishi 800 Series 3015 eX-F10 10kW Fiber,,36.3,52.91,16.45,0,1,1,Skilled,1,0.08,40,1,3050,1525,,False,3,,,0.8,1,10375.9,10,46.7,757490,80,2951.48,0,0,5,1,20,Japan,,,,,,,,,,,,,,10000,5,,,,,,,,,,,,0,,,Shuttle table,3000,1500,25,25,25,10,15,,,,,,,,,,,,,,,,,,,,,,,,,,,,,,,,,,,,,,,,,,,,,,,,,,,,,
USA reference export,World Average,Fiber Laser Cutting Machine,Mitsubishi 800 Series 3015 eX-F8 8kW Fiber,,36.3,47.7,16.45,0,1,1,Skilled,1,0.08,40,1,3050,1525,,False,3,,,0.8,1,10375.9,10,41.2,685180,80,2951.48,0,0,5,1,20,Japan,,,,,,,,,,,,,,8000,5,,,,,,,,,,,,0,,,Shuttle table,3000,1500,25,25,25,8,12,,,,,,,,,,,,,,,,,,,,,,,,,,,,,,,,,,,,,,,,,,,,,,,,,,,,,
USA reference export,World Average,Fiber Laser Cutting Machine,Mitsubishi 800 Series 3015 eXZ-F60 6kW Fiber,,36.3,38.74,16.45,0,1,1,Skilled,1,0.08,40,1,3050,1525,,False,3,,,0.8,1,10375.9,10,35.7,550900,80,2951.48,0,0,5,1,20,Japan,,,,,,,,,,,,,,6000,5,,,,,,,,,,,,0,,,Shuttle table,3000,1500,20,12,12,8,12,,,,,,,,,,,,,,,,,,,,,,,,,,,,,,,,,,,,,,,,,,,,,,,,,,,,,
USA reference export,World Average,Fiber Laser Cutting Machine,Mitsubishi ML 3015 sR-F30 3kW Fiber,,36.3,29.23,16.59,0,1,1,Skilled,1,0.08,40,1,4064,1524,,False,3,,,0.8,1,10312.4,10,22.7,426260,80,3129.28,0,0,5,1,20,Japan,,,,,,,,,,,,,,3000,5,,,,,,,,,,,,0,,,Shuttle table,4000,2000,20,12,10,8,5,,,,,,,,,,,,,,,,,,,,,,,,,,,,,,,,,,,,,,,,,,,,,,,,,,,,,
USA reference export,World Average,Fiber Laser Cutting Machine,Salvagnini L3-30 2kW Fiber,,36.3,20.88,17.81,0,1,1,Skilled,1,0.08,40,1,3050,1525,,False,3,,,0.8,1,7620,10,18,300000,80,6096,0,0,5,1,20,Italy,,,,,,,,,,,,,,2000,5,,,,,,,,,,,,0,,,Shuttle table,3000,1500,15,10,8,5,5,,,,,,,,,,,,,,,,,,,,,,,,,,,,,,,,,,,,,,,,,,,,,,,,,,,,,
USA reference export,World Average,Fiber Laser Cutting Machine,Salvagnini L3-40 3kW Fiber,,36.3,30.56,17.81,0,1,1,Skilled,1,0.08,40,1,3048,1524,,False,3,,,0.8,1,7620,10,18,450000,80,6096,0,0,5,1,20,Italy,,,,,,,,,,,,,,4000,5,,,,,,,,,,,,0,,,Shuttle table,3000,1500,20,12,10,8,5,,,,,,,,,,,,,,,,,,,,,,,,,,,,,,,,,,,,,,,,,,,,,,,,,,,,,
USA reference export,World Average,Fiber Laser Cutting Machine,Trumpf TruLaser 1030 TruDisk 3001 3kW Fiber,,36.3,29.95,15.7,0,1,1,Skilled,1,0.08,40,1,4064,1524,,False,3,,,0.8,1,7800,10,22.7,438100,80,2800,0,0,5,1,20,Germany,,,,,,,,,,,,,,3000,5,,,,,,,,,,,,0,,,Shuttle table,4000,2000,20,16,10,4,4,,,,,,,,,,,,,,,,,,,,,,,,,,,,,,,,,,,,,,,,,,,,,,,,,,,,,
USA reference export,World Average,Fiber Laser Cutting Machine,Trumpf TruLaser 3030 6kW Fiber,,36.3,50.19,17.45,0,1,1,Skilled,1,0.08,40,1,3050,1525,,False,3,,,0.8,1,8813.8,10,35.7,740000,80,4800.6,0,0,5,1,20,Germany,,,,,,,,,,,,,,6000,5,,,,,,,,,,,,0,,,Shuttle table,3000,1500,25,16,10,4,4,,,,,,,,,,,,,,,,,,,,,,,,,,,,,,,,,,,,,,,,,,,,,,,,,,,,,
USA reference export,World Average,Fiber Laser Cutting Machine,Trumpf TruLaser 5030 10kW Fiber,,36.3,81.46,17.45,0,1,1,Skilled,1,0.08,40,1,3050,1525,,False,3,,,0.8,1,8813.8,10,46.7,1229180,80,4800.6,0,0,5,1,20,Germany,,,,,,,,,,,,,,10000,5,,,,,,,,,,,,0,,,Shuttle table,3000,1500,30,40,30,16,12,,,,,,,,,,,,,,,,,,,,,,,,,,,,,,,,,,,,,,,,,,,,,,,,,,,,,
USA reference export,World Average,Cut To Length Line (CTL),"Cut To Length Line - 12mm Max Steel, 21mm Max Aluminum Thickness",,29.95,16.64,49.59,0,1,1.3,Semi-Skilled,1,0.14,,,,,,True,,,,1,1,15240,10,10,250000,80,9144,0,0,5,3,20,Virtual,,,,,,,,,,,,,,,,,,,,21,16.8,21,10.8,12,,0,,,,,,,,,,,,-3.69,-4.9,0.98,0.98,25,1829,,,,,,,,,,,,,,,,,,,,,,,,,,,,,,,,,,,,,,,,,,,,,,,
USA reference export,World Average,Cut To Length Line (CTL),"Cut To Length Line - 6mm Max Steel, 12mm Max Aluminum Thickness",,29.95,16.64,49.59,0,1,1.3,Semi-Skilled,1,0.14,,,,,,True,,,,1,1,15240,10,10,250000,80,9144,0,0,5,3,20,Virtual,,,,,,,,,,,,,,,,,,,,12,8,12,5,6,,0,,,,,,,,,,,,-3.69,-4.9,0.98,0.98,25,1829,,,,,,,,,,,,,,,,,,,,,,,,,,,,,,,,,,,,,,,,,,,,,,,
USA reference export,World Average,Cut To Length Line (CTL),Default CTL,,29.95,16.64,49.59,0,1,1.3,Semi-Skilled,1,0.14,,,,,,False,,,,1,1,15240,10,10,250000,80,9144,0,0,5,3,20,USA,,,,,,,,,,,,,,,,,,,,21,16.8,21,10.8,12,,0,,,,,,,,,,,,-3.69,-4.9,0.98,0.98,25,1829,,,,,,,,,,,,,,,,,,,,,,,,,,,,,,,,,,,,,,,,,,,,,,,
USA reference export,World Average,Cut To Length Line (CTL),GMV 102,,29.95,16.64,49.59,0,1,1.3,Semi-Skilled,1,0.14,,,,,,False,,,,1,1,15240,10,10,250000,80,9144,0,0,5,3,20,USA,,,,,,,,,,,,,,,,,,,,15,12.6,15,8.1,9,,0,,,,,,,,,,,,-3.69,-4.9,0.98,0.98,25,1829,,,,,,,,,,,,,,,,,,,,,,,,,,,,,,,,,,,,,,,,,,,,,,,
USA reference export,World Average,Cut To Length Line (CTL),Heller QLA- Profi,,29.95,16.64,49.59,0,1,1.3,Semi-Skilled,1,0.14,,,,,,False,,,,1,1,15240,10,10,250000,80,9144,0,0,5,3,20,USA,,,,,,,,,,,,,,,,,,,,3.5,2.8,3.5,1.8,2,,0,,,,,,,,,,,,-3.69,-4.9,0.98,0.98,25,2438,,,,,,,,,,,,,,,,,,,,,,,,,,,,,,,,,,,,,,,,,,,,,,,
USA reference export,World Average,Cut To Length Line (CTL),Heller QLA- Turbo10,,29.95,16.64,49.59,0,1,1.3,Semi-Skilled,1,0.14,,,,,,False,,,,1,1,15240,10,10,250000,80,9144,0,0,5,3,20,USA,,,,,,,,,,,,,,,,,,,,4,3.2,4,2,2.25,,0,,,,,,,,,,,,-3.69,-4.9,0.98,0.98,25,2438,,,,,,,,,,,,,,,,,,,,,,,,,,,,,,,,,,,,,,,,,,,,,,,
USA reference export,World Average,Cut To Length Line (CTL),Heller QLA- Turbo15,,29.95,16.64,49.59,0,1,1.3,Semi-Skilled,1,0.14,,,,,,False,,,,1,1,15240,10,10,250000,80,9144,0,0,5,3,20,USA,,,,,,,,,,,,,,,,,,,,3,2.5,3,1.6,1.75,,0,,,,,,,,,,,,-3.69,-4.9,0.98,0.98,25,1829,,,,,,,,,,,,,,,,,,,,,,,,,,,,,,,,,,,,,,,,,,,,,,,
USA reference export,World Average,Cut To Length Line (CTL),INTCOM .25 LINE,,29.95,16.64,49.59,0,1,1.3,Semi-Skilled,1,0.14,,,,,,False,,,,1,1,15240,10,10,250000,80,9144,0,0,5,3,20,USA,,,,,,,,,,,,,,,,,,,,12,8.4,12,5.4,6,,0,,,,,,,,,,,,-3.69,-4.9,0.98,0.98,25,1219,,,,,,,,,,,,,,,,,,,,,,,,,,,,,,,,,,,,,,,,,,,,,,,
USA reference export,World Average,Deslag Machine,Default Deslag,,29.95,0.27,13.88,0,1,1,Unskilled,1,0,,,,,,True,,,,1,1,609.6,10,1.58,500,80,914.4,0,0,5,1,20,USA,,,,,,,,,,,,,,,,,,,,,,,,,,,,,,,,,,,,,,,,,,,,0.01,,,,,,,,,,,,,,,,,,,,,,,,,,,,,,,,,,,,,,,,,,,,,,
USA reference export,World Average,Deslag Machine,Flex - L 1109 S,,29.95,0.23,13.98,0,1,1,Unskilled,1,0,,,,,,False,,,,1,1,609.6,10,1.44,250,80,914.4,0,0,5,3,20,Germany,,,,,,,,,,,,,,,,,,,,,,,,,,,,,,,,,,,,,,,,,,,,0.01,,,,,,,,,,,,,,,,,,,,,,,,,,,,,,,,,,,,,,,,,,,,,,
USA reference export,World Average,Deslag Machine,Flex - L 1506 VR,,29.95,0.27,13.98,0,1,1,Unskilled,1,0,,,,,,False,,,,1,1,609.6,10,1.71,250,80,914.4,0,0,5,3,20,Germany,,,,,,,,,,,,,,,,,,,,,,,,,,,,,,,,,,,,,,,,,,,,0.01,,,,,,,,,,,,,,,,,,,,,,,,,,,,,,,,,,,,,,,,,,,,,,
USA reference export,World Average,Deslag Machine,Milwaukee - Model 6072,,29.95,0.25,13.98,0,1,1,Unskilled,1,0,,,,,,False,,,,1,1,609.6,10,1.58,238.66,80,914.4,0,0,5,3,20,USA,,,,,,,,,,,,,,,,,,,,,,,,,,,,,,,,,,,,,,,,,,,,0.01,,,,,,,,,,,,,,,,,,,,,,,,,,,,,,,,,,,,,,,,,,,,,,
USA reference export,World Average,Deslag Machine,Milwaukee - Model 6078,,29.95,0.25,13.98,0,1,1,Unskilled,1,0,,,,,,False,,,,1,1,609.6,10,1.58,194,80,914.4,0,0,5,3,20,USA,,,,,,,,,,,,,,,,,,,,,,,,,,,,,,,,,,,,,,,,,,,,0.01,,,,,,,,,,,,,,,,,,,,,,,,,,,,,,,,,,,,,,,,,,,,,,
USA reference export,World Average,Laser Punch / Punch Press,Amada ACIES 2512 B (4000W),,36.3,43.24,21.87,0,1,1.63,Skilled,,0.5,18,,,,,False,3,128000,,0.85,1,7870,10,41,612000,80,5970,0,0,5,2,20,Japan,,,,,,,,,,,,,,4000,5,,,,1270,6,6,6,6,6,300,,0,,,,,,,,,,,,,,,,,,0.08,4,420,860,2550,114.3,3.5,0.7,13,0.5,0.5,6.35,32,628,1315,1300,355,6.35,12.7,25.4,50.8,101.6,10,10,,,,,,,,,,,,,,,,,,,,,,
USA reference export,World Average,Laser Punch / Punch Press,Amada ACIES 2512 T-AJ (4000W),,36.3,96.22,20.94,0,1,1.63,Skilled,,0.5,18,,,,,False,3,128000,,0.85,1,6930,10,44,1479600,80,5996,0,0,5,2,20,Japan,,,,,,,,,,,,,,4000,5,,,,1270,6,6,6,6,6,300,,0,,,,,,,,,,,,,,,,,,0.08,4,420,860,2550,114.3,3.5,0.7,13,0.5,0.5,6.35,32,628,1315,1300,355,6.35,12.7,25.4,50.8,101.6,10,10,,,,,,,,,,,,,,,,,,,,,,
USA reference export,World Average,Laser Punch / Punch Press,Amada ACIES 2515 B-AJ (4000W),,36.3,95.76,21.23,0,1,1.63,Skilled,,0.5,18,,,,,False,3,128000,,0.85,1,6242,10,41,1479600,80,6926,0,0,5,2,20,Japan,,,,,,,,,,,,,,4000,5,,,,1525,6,6,6,6,6,300,,0,,,,,,,,,,,,,,,,,,0.08,4,420,860,2550,114.3,3.5,0.7,13,0.5,0.5,6.35,32,628,1315,1300,355,6.35,12.7,25.4,50.8,101.6,10,10,,,,,,,,,,,,,,,,,,,,,,
USA reference export,World Average,Laser Punch / Punch Press,Amada ACIES 2515 T (4000W),,36.3,43.7,21.98,0,1,1.63,Skilled,,0.5,18,,,,,False,3,128000,,0.85,1,7975,10,44,612000,80,5970,0,0,5,2,20,Japan,,,,,,,,,,,,,,4000,5,,,,1525,6,6,6,6,6,300,,0,,,,,,,,,,,,,,,,,,0.08,4,410,800,2550,114.3,3.5,0.7,13,0.5,0.5,6.35,32,628,1315,1300,355,6.35,12.7,25.4,50.8,101.6,10,10,,,,,,,,,,,,,,,,,,,,,,
USA reference export,World Average,Laser Punch / Punch Press,Amada EML 3510 NT (2000W),,36.3,48.81,18.58,0,1,1.63,Skilled,,0.5,18,,,,,False,3,100000,,0.85,1,5422,10,27,739000,80,5120,0,0,5,2,20,Japan,,,,,,,,,,,,,,2000,5,,,,1270,6,6,6,6,6,300,,0,,,,,,,,,,,,,,,,,,0.08,3,300,665,2500,114.3,3.5,0.7,13,0.5,0.5,6.35,27,628,1315,1300,355,6.35,12.7,25.4,50.8,101.6,10,10,,,,,,,,,,,,,,,,,,,,,,
USA reference export,World Average,Laser Punch / Punch Press,Amada EML 3610 NT (4000W),,36.3,64.01,18.1,0,1,1.63,Skilled,,0.5,18,,,,,False,3,100000,,0.85,1,4877,10,27,990000,80,5120,0,0,5,2,20,Japan,,,,,,,,,,,,,,4000,5,,,,1270,6,6,6,6,6,300,,0,,,,,,,,,,,,,,,,,,0.08,3,280,645,2500,114.3,3.5,0.7,13,0.5,0.5,6.35,27,628,1315,1300,355,6.35,12.7,25.4,50.8,101.6,10,10,,,,,,,,,,,,,,,,,,,,,,
USA reference export,World Average,Laser Punch / Punch Press,Amada LC 1212 C1 NT (2000W),,36.3,64.73,16.46,0,1,1.63,Skilled,,0.5,18,,,,,False,3,100000,,0.85,1,4650,10,55,932000,80,3305,0,0,5,2,20,Japan,,,,,,,,,,,,,,2000,5,,,,1270,6,6,6,6,6,200,,0,,,,,,,,,,,,,,,,,,0.08,3,370,650,1770,114.3,3.5,0.7,13,0.5,0.5,6.35,55,628,1315,1300,355,6.35,12.7,25.4,50.8,101.6,10,10,,,,,,,,,,,,,,,,,,,,,,
USA reference export,World Average,Laser Punch / Punch Press,Amada LC 2012 C1 NT (2000W),,36.3,64.06,16.09,0,1,1.63,Skilled,,0.5,18,,,,,False,3,79980,,0.85,1,4955,10,55,921000,80,2665,0,0,5,2,20,Japan,,,,,,,,,,,,,,2000,5,,,,1270,6,6,6,6,6,200,,0,,,,,,,,,,,,,,,,,,0.08,4,280,650,2000,114.3,3.5,0.7,13,0.5,0.5,6.35,55,628,1315,1300,355,6.35,12.7,25.4,50.8,101.6,10,10,,,,,,,,,,,,,,,,,,,,,,
USA reference export,World Average,Laser Punch / Punch Press,Amada LC 2512 C1 AJ (2000W),,36.3,71.99,19.74,0,1,1.63,Skilled,,0.5,18,,,,,False,3,120000,,0.85,1,5756,10,37.3,1096200,80,5996,0,0,5,2,20,Japan,,,,,,,,,,,,,,2000,5,,,,1500,6,6,6,6,6,200,,0,,,,,,,,,,,,,,,,,,0.08,4,480,960,2500,88.9,3.5,0.7,13,0.5,0.5,6.35,46,628,1315,1300,355,6.35,12.7,25.4,50.8,101.6,10,10,,,,,,,,,,,,,,,,,,,,,,
USA reference export,World Average,Laser Punch / Punch Press,Amada LC 2515 C1 AJ (3000W),,36.3,71.99,21.3,0,1,1.63,Skilled,,0.5,18,,,,,False,3,120000,,0.85,1,5934,10,37.3,1096200,80,6299,0,0,5,2,20,Japan,,,,,,,,,,,,,,3000,5,,,,1524,6,6,6,6,6,200,,0,,,,,,,,,,,,,,,,,,0.08,4,440,880,3048,88.9,3.5,0.7,13,0.5,0.5,6.35,44,628,1315,1300,355,6.35,12.7,25.4,50.8,101.6,10,10,,,,,,,,,,,,,,,,,,,,,,
USA reference export,World Average,Laser Punch / Punch Press,Danobat Silver 30,,36.3,51.44,17.68,0,1,1.63,Skilled,,0.5,18,,,,,False,3,120000,,0.85,1,7500,10,50,725000,80,3000,0,0,5,2,20,Spain,,,,,,,,,,,,,,2000,5,,,,1500,6,6,6,6,6,300,,0,,,,,,,,,,,,,,,,,,0.08,5,480,960,3000,88.9,3.5,0.7,13,0.5,0.5,6.35,43,627.5,1315,1300,355,6.35,12.7,25.4,50.8,101.6,10,10,,,,,,,,,,,,,,,,,,,,,,
USA reference export,World Average,Laser Punch / Punch Press,Danobat Silver 40,,36.3,53.86,18.2,0,1,1.63,Skilled,,0.5,18,,,,,False,3,120000,,0.85,1,8500,10,50,765000,80,3000,0,0,5,2,20,Spain,,,,,,,,,,,,,,2000,5,,,,1500,6,6,6,6,6,300,,0,,,,,,,,,,,,,,,,,,0.08,5,440,880,4000,88.9,3.5,0.7,13,0.5,0.5,6.35,43,627.5,1315,1300,355,6.35,12.7,25.4,50.8,101.6,10,10,,,,,,,,,,,,,,,,,,,,,,
USA reference export,World Average,Laser Punch / Punch Press,LVD Strippit 1250 MXP/30 LaserTool,,36.3,46.66,17.72,0,1,1.63,Skilled,,0.5,18,,,,,False,3,81280,,0.85,1,5384.8,10,52.56,639529.87,80,4216.4,0,0,5,2,20,Belgium,,,,,,,,,,,,,,2500,5,,,,1270,9.53,9.53,9.53,9.53,9.53,328.81,,0,,,,,,,,,,,,,,,,,,0.08,5,315,575,2032,114.3,3.5,0.7,13,0.5,0.5,6.35,42,627.5,1315,1300,355,6.35,12.7,25.4,50.8,101.6,10,10,,,,,,,,,,,,,,,,,,,,,,
USA reference export,World Average,Laser Punch / Punch Press,Laser Punch - 2000 Watts 280kN Press Force,,36.3,45.59,19.35,0,1,1.63,Skilled,,0.5,18,,,,,True,3,120000,,0.85,1,7500,10,50,700000,80,4300,0,0,5,2,20,Virtual,,,,,,,,,,,,,,2000,5,,,,1550,6,6,6,6,6,280,,0,,,,,,,,,,,,,,,,,,0.08,5,450,800,5000,90,3.5,0.7,13,0.5,0.5,6.35,50,628.5,1315,1300,355,6.35,12.7,25.4,50.8,101.6,10,10,,,,,,,,,,,,,,,,,,,,,,
USA reference export,World Average,Laser Punch / Punch Press,Laser Punch - 2500 Watts 250kN Press Force,,36.3,49.06,22.04,0,1,1.63,Skilled,,0.5,18,,,,,True,3,110000,,0.85,1,8000,10,55,750000,80,6000,0,0,5,2,20,Virtual,,,,,,,,,,,,,,2500,5,,,,1550,8,8,8,8,8,250,,0,,,,,,,,,,,,,,,,,,0.08,4,700,800,5000,115,3.5,0.7,13,0.5,0.5,6.35,150,629.5,1315,1300,355,6.35,12.7,25.4,50.8,101.6,10,10,,,,,,,,,,,,,,,,,,,,,,
USA reference export,World Average,Laser Punch / Punch Press,Laser Punch - 3000 Watts 220kN Press Force,,36.3,57.97,23.41,0,1,1.63,Skilled,,0.5,18,,,,,True,3,110000,,0.85,1,8000,10,60,900000,80,7000,0,0,5,2,20,Virtual,,,,,,,,,,,,,,3000,5,,,,1550,8,8,8,8,8,220,,0,,,,,,,,,,,,,,,,,,0.08,4,900,1000,5000,115,3.5,0.7,13,0.5,0.5,6.35,190,630,1315,1300,355,6.35,12.7,25.4,50.8,101.6,10,10,,,,,,,,,,,,,,,,,,,,,,
USA reference export,World Average,Laser Punch / Punch Press,Laser Punch - 4000 Watts 220kN Press Force,,36.3,64.91,23.41,0,1,1.63,Skilled,,0.5,18,,,,,True,3,110000,,0.85,1,8000,10,70,1000000,80,7000,0,0,5,2,20,Virtual,,,,,,,,,,,,,,4000,5,,,,1550,8,8,8,8,8,220,,0,,,,,,,,,,,,,,,,,,0.08,4,900,1200,5000,120,3.5,0.7,13,0.5,0.5,6.35,190,631,1315,1300,355,6.35,12.7,25.4,50.8,101.6,10,10,,,,,,,,,,,,,,,,,,,,,,
USA reference export,World Average,Laser Punch / Punch Press,Muratec Motorum Hybrid 2558 (2000W),,36.3,47.39,22.52,0,1,1.63,Skilled,,0.5,18,,,,,False,3,125000,,0.85,1,7360,10,51.2,655000,80,6900,0,0,5,2,20,Japan,,,,,,,,,,,,,,2000,5,,,,1525,6.35,6.35,6.35,6.35,6.35,245,,0,,,,,,,,,,,,,,,,,,0.08,5,400,800,5000,120,3.5,0.7,13,0.5,0.5,6.35,54,627.5,1315,1300,355,6.35,12.7,25.4,50.8,101.6,10,10,,,,,,,,,,,,,,,,,,,,,,
USA reference export,World Average,Laser Punch / Punch Press,Muratec Motorum Hybrid 2558 (4000W),,36.3,55.07,22.52,0,1,1.63,Skilled,,0.5,18,,,,,False,3,125000,,0.85,1,7360,10,51.2,710000,80,6900,0,0,5,2,20,Japan,,,,,,,,,,,,,,4000,5,,,,1525,6.35,6.35,6.35,6.35,6.35,245,,0,,,,,,,,,,,,,,,,,,0.08,5,400,800,5000,120,3.5,0.7,13,0.5,0.5,6.35,54,627.5,1315,1300,355,6.35,12.7,25.4,50.8,101.6,10,10,,,,,,,,,,,,,,,,,,,,,,
USA reference export,World Average,Laser Punch / Punch Press,TruMatic6000 Large (2000W),,36.3,56.59,23.91,0,1,1.63,Skilled,,0.5,18,,,,,False,3,108000,,0.85,1,7900,10,52,805000,80,7460,0,0,5,2,20,USA,,,,,,,,,,,,,,2000,5,,,,1550,8,8,8,8,8,220,,0,,,,,,,,,,,,,,,,,,0.08,3.6,900,917,3050,114.3,3.5,0.7,13,0.5,0.5,6.35,190,627.5,1315,1300,355,6.35,12.7,25.4,50.8,101.6,10,10,,,,,,,,,,,,,,,,,,,,,,
USA reference export,World Average,Laser Punch / Punch Press,TruMatic6000 Large (2700W),,36.3,64.52,23.91,0,1,1.63,Skilled,,0.5,18,,,,,False,3,108000,,0.85,1,7900,10,58.4,920000,80,7460,0,0,5,2,20,USA,,,,,,,,,,,,,,2700,5,,,,1550,8,8,8,8,8,220,,0,,,,,,,,,,,,,,,,,,0.08,3.6,900,917,3050,114.3,3.5,0.7,13,0.5,0.5,6.35,190,627.5,1315,1300,355,6.35,12.7,25.4,50.8,101.6,10,10,,,,,,,,,,,,,,,,,,,,,,
USA reference export,World Average,Laser Punch / Punch Press,TruMatic6000 Large (3200W),,36.3,65.42,23.91,0,1,1.63,Skilled,,0.5,18,,,,,False,3,108000,,0.85,1,7900,10,60.8,1035000,80,7460,0,0,5,2,20,USA,,,,,,,,,,,,,,3200,5,,,,1550,8,8,8,8,8,220,,0,,,,,,,,,,,,,,,,,,0.08,3.6,900,917,3050,114.3,3.5,0.7,13,0.5,0.5,6.35,190,627.5,1315,1300,355,6.35,12.7,25.4,50.8,101.6,10,10,,,,,,,,,,,,,,,,,,,,,,
USA reference export,World Average,Laser Punch / Punch Press,TruMatic6000 Medium (2000W),,36.3,50.23,22.77,0,1,1.63,Skilled,,0.5,18,,,,,False,3,108000,,0.85,1,7460,10,52,700000,80,7000,0,0,5,2,20,USA,,,,,,,,,,,,,,2000,5,,,,1250,8,8,8,8,8,220,,0,,,,,,,,,,,,,,,,,,0.08,3.6,900,1000,2500,114.3,3.5,0.7,13,0.5,0.5,6.35,190,627.5,1315,1300,355,6.35,12.7,25.4,50.8,101.6,10,10,,,,,,,,,,,,,,,,,,,,,,
USA reference export,World Average,Laser Punch / Punch Press,TruMatic6000 Medium (2700W),,36.3,57.25,22.77,0,1,1.63,Skilled,,0.5,18,,,,,False,3,108000,,0.85,1,7460,10,58.4,800000,80,7000,0,0,5,2,20,USA,,,,,,,,,,,,,,2700,5,,,,1250,8,8,8,8,8,220,,0,,,,,,,,,,,,,,,,,,0.08,3.6,900,1000,2500,114.3,3.5,0.7,13,0.5,0.5,6.35,190,627.5,1315,1300,355,6.35,12.7,25.4,50.8,101.6,10,10,,,,,,,,,,,,,,,,,,,,,,
USA reference export,World Average,Laser Punch / Punch Press,TruMatic6000 Medium (3200W),,36.3,63.67,22.77,0,1,1.63,Skilled,,0.5,18,,,,,False,3,108000,,0.85,1,7460,10,60.8,900000,80,7000,0,0,5,2,20,USA,,,,,,,,,,,,,,3200,5,,,,1250,8,8,8,8,8,220,,0,,,,,,,,,,,,,,,,,,0.08,3.6,900,1000,2500,114.3,3.5,0.7,13,0.5,0.5,6.35,190,627.5,1315,1300,355,6.35,12.7,25.4,50.8,101.6,10,10,,,,,,,,,,,,,,,,,,,,,,
USA reference export,World Average,Laser Punch / Punch Press,TruMatic7000 Large (4000W),,36.3,75.72,24.39,0,1,1.63,Skilled,,0.5,18,,,,,False,3,116000,,0.85,1,8070,10,69.6,1200000,80,7650,0,0,5,2,20,USA,,,,,,,,,,,,,,4000,5,,,,1550,8,8,8,8,8,220,,0,,,,,,,,,,,,,,,,,,0.08,3.6,1200,1200,3050,114.3,3.5,0.7,13,0.5,0.5,6.35,190,627.5,1315,1300,355,6.35,12.7,25.4,50.8,101.6,10,10,,,,,,,,,,,,,,,,,,,,,,
USA reference export,World Average,Oxyfuel Cutting Machine,Default Oxyfuel - 4 torch,,36.3,5.14,25.75,0,1,1.05,Semi-Skilled,1,0.08,0,4,6096,3048,,False,0,24993.6,,0.65,1,7620,10,10,60000,80,6096,0,0,5,3,20,USA,,,,,,,,,,,,,,200,0,,,,,,,,,,,,2,,,,,,,,,,,,,,,,,,,,,,,,,,,,,,,,,,,,,,,,0,0,,,,,,,,,,,,,,,,,,,,,,
USA reference export,World Average,Oxyfuel Cutting Machine,Echo 3015 - 1 torch,,36.3,2.72,25.75,0,1,1.05,Semi-Skilled,1,0.08,0,1,3048,1524,,False,0,12700,,0.65,1,7620,10,10,20000,80,6096,0,0,5,3,20,South Korea,,,,,,,,,,,,,,200,0,,,,,,,,,,,,2,,,,,,,,,,,,,,,,,,,,,,,,,,,,,,,,,,,,,,,,0,0,,,,,,,,,,,,,,,,,,,,,,
USA reference export,World Average,Oxyfuel Cutting Machine,Franek - CSI Series 2 torch,,36.3,2.72,25.75,0,1,1.05,Semi-Skilled,1,0.08,0,2,3658,1829,,False,0,43180,,0.65,1,7620,10,10,20000,80,6096,0,0,5,3,20,USA,,,,,,,,,,,,,,200,0,,,,,,,,,,,,2,,,,,,,,,,,,,,,,,,,,,,,,,,,,,,,,,,,,,,,,0,0,,,,,,,,,,,,,,,,,,,,,,
USA reference export,World Average,Oxyfuel Cutting Machine,Franek - CSI Series 4 torch,,36.3,3.93,25.75,0,1,1.05,Semi-Skilled,1,0.08,0,4,3658,1829,,False,0,41380,,0.65,1,7620,10,10,40000,80,6096,0,0,5,3,20,USA,,,,,,,,,,,,,,200,0,,,,,,,,,,,,2,,,,,,,,,,,,,,,,,,,,,,,,,,,,,,,,,,,,,,,,0,0,,,,,,,,,,,,,,,,,,,,,,
USA reference export,World Average,Oxyfuel Cutting Machine,Franek - CSI Series 6 torch,,36.3,5.14,25.75,0,1,1.05,Semi-Skilled,1,0.08,0,6,3658,1829,,False,0,41380,,0.65,1,7620,10,10,60000,80,6096,0,0,5,3,20,USA,,,,,,,,,,,,,,200,0,,,,,,,,,,,,2,,,,,,,,,,,,,,,,,,,,,,,,,,,,,,,,,,,,,,,,0,0,,,,,,,,,,,,,,,,,,,,,,
USA reference export,World Average,Oxyfuel Cutting Machine,Hankwang - KOBA PLUS 3015 - 1 torch,,36.3,2.72,25.75,0,1,1.05,Semi-Skilled,1,0.08,0,1,3048,1524,,False,0,43180,,0.65,1,7620,10,10,20000,80,6096,0,0,5,3,20,South Korea,,,,,,,,,,,,,,200,0,,,,,,,,,,,,2,,,,,,,,,,,,,,,,,,,,,,,,,,,,,,,,,,,,,,,,0,0,,,,,,,,,,,,,,,,,,,,,,
USA reference export,World Average,Oxyfuel Cutting Machine,IK1200CL - 2 torch,,36.3,2.72,25.75,0,1,1.05,Semi-Skilled,1,0.08,0,2,3048,1219,,False,0,43180,,0.65,1,7620,10,10,20000,80,6096,0,0,5,3,20,USA,,,,,,,,,,,,,,200,0,,,,,,,,,,,,2,,,,,,,,,,,,,,,,,,,,,,,,,,,,,,,,,,,,,,,,0,0,,,,,,,,,,,,,,,,,,,,,,
USA reference export,World Average,Oxyfuel Cutting Machine,Nissan TANAKA KT-540J - 4 Torch,,36.3,36.9,21.69,0,1,1.05,Semi-Skilled,1,0.08,0,4,7750,2500,,False,0,3000,,0.65,1,8750,10,100,360000,80,3500,0,0,5,3,20,Japan,,,,,,,,,,,,,,200,0,,,,,,,,,,,,2,,,,,,,,,,,,,,,,,,,,,,,,,,,,,,,,,,,,,,,,0,0,,,,,,,,,,,,,,,,,,,,,,
USA reference export,World Average,Oxyfuel Cutting Machine,Nissan TANAKA KT-590J - 4 Torch,,36.3,39.63,23.3,0,1,1.05,Semi-Skilled,1,0.08,0,4,7200,3500,,False,0,3000,,0.65,1,8200,10,100,405000,80,4500,0,0,5,3,20,Japan,,,,,,,,,,,,,,200,0,,,,,,,,,,,,2,,,,,,,,,,,,,,,,,,,,,,,,,,,,,,,,,,,,,,,,0,0,,,,,,,,,,,,,,,,,,,,,,
USA reference export,World Average,Oxyfuel Cutting Machine,Nissan TANAKA KT-650 - 6 Torch,,36.3,50.52,32.77,0,1,1.05,Semi-Skilled,1,0.08,0,6,7200,8000,,False,0,18000,,0.65,1,8200,10,100,585000,80,9000,0,0,5,3,20,Japan,,,,,,,,,,,,,,200,0,,,,,,,,,,,,2,,,,,,,,,,,,,,,,,,,,,,,,,,,,,,,,,,,,,,,,0,0,,,,,,,,,,,,,,,,,,,,,,
USA reference export,World Average,Oxyfuel Cutting Machine,Nissan TANAKA KT-650J - 6 Torch,,36.3,47.8,25.83,0,1,1.05,Semi-Skilled,1,0.08,0,6,7200,4700,,False,0,12000,,0.65,1,8200,10,100,540000,80,5700,0,0,5,3,20,Japan,,,,,,,,,,,,,,200,0,,,,,,,,,,,,2,,,,,,,,,,,,,,,,,,,,,,,,,,,,,,,,,,,,,,,,0,0,,,,,,,,,,,,,,,,,,,,,,
USA reference export,World Average,Oxyfuel Cutting Machine,Nissan TANAKA KT-790 - 4 Torch,,36.3,68.52,39.87,0,1,1.05,Semi-Skilled,1,0.08,0,4,9600,5800,,False,0,24000,,0.65,1,13600,10,165,720000,80,7460,0,0,5,3,20,Japan,,,,,,,,,,,,,,200,0,,,,,,,,,,,,2,,,,,,,,,,,,,,,,,,,,,,,,,,,,,,,,,,,,,,,,0,0,,,,,,,,,,,,,,,,,,,,,,
USA reference export,World Average,Oxyfuel Cutting Machine,North American PCS 4000 - 4 torch,,36.3,7.56,25.75,0,1,1.05,Semi-Skilled,1,0.08,0,4,6096,3048,,False,0,24993.6,,0.65,1,7620,10,10,100000,80,6096,0,0,5,3,20,USA,,,,,,,,,,,,,,200,0,,,,,,,,,,,,2,,,,,,,,,,,,,,,,,,,,,,,,,,,,,,,,,,,,,,,,0,0,,,,,,,,,,,,,,,,,,,,,,
USA reference export,World Average,Oxyfuel Cutting Machine,North American PCS 5000 - 6 torch,,36.3,8.78,25.75,0,1,1.05,Semi-Skilled,1,0.08,0,6,6096,3048,,False,0,24993.6,,0.65,1,7620,10,10,120000,80,6096,0,0,5,3,20,USA,,,,,,,,,,,,,,200,0,,,,,,,,,,,,2,,,,,,,,,,,,,,,,,,,,,,,,,,,,,,,,,,,,,,,,0,0,,,,,,,,,,,,,,,,,,,,,,
USA reference export,World Average,Oxyfuel Cutting Machine,Oxy Fuel Cutter - 1 Torch,,36.3,2.72,25.75,0,1,1.05,Semi-Skilled,1,0.08,0,1,3048,1524,,True,0,40000,,0.65,1,7620,10,10,20000,80,6096,0,0,5,3,20,Virtual,,,,,,,,,,,,,,200,0,,,,,,,,,,,,2,,,,,,,,,,,,,,,,,,,,,,,,,,,,,,,,,,,,,,,,0,0,,,,,,,,,,,,,,,,,,,,,,
USA reference export,World Average,Oxyfuel Cutting Machine,Oxy Fuel Cutter - 2 Torch,,36.3,2.72,25.75,0,1,1.05,Semi-Skilled,1,0.08,0,2,3500,1600,,True,0,40000,,0.65,1,7620,10,10,20000,80,6096,0,0,5,3,20,Virtual,,,,,,,,,,,,,,200,0,,,,,,,,,,,,2,,,,,,,,,,,,,,,,,,,,,,,,,,,,,,,,,,,,,,,,0,0,,,,,,,,,,,,,,,,,,,,,,
USA reference export,World Average,Oxyfuel Cutting Machine,Oxy Fuel Cutter - 4 Torch,,36.3,5.14,25.75,0,1,1.05,Semi-Skilled,1,0.08,0,4,5000,2500,,True,0,30000,,0.65,1,7620,10,10,60000,80,6096,0,0,5,3,20,Virtual,,,,,,,,,,,,,,200,0,,,,,,,,,,,,2,,,,,,,,,,,,,,,,,,,,,,,,,,,,,,,,,,,,,,,,0,0,,,,,,,,,,,,,,,,,,,,,,
USA reference export,World Average,Oxyfuel Cutting Machine,Oxy Fuel Cutter - 6 Torch,,36.3,6.96,25.75,0,1,1.05,Semi-Skilled,1,0.08,0,6,6096,3048,,True,0,25000,,0.65,1,7620,10,10,90000,80,6096,0,0,5,3,20,Virtual,,,,,,,,,,,,,,200,0,,,,,,,,,,,,2,,,,,,,,,,,,,,,,,,,,,,,,,,,,,,,,,,,,,,,,0,0,,,,,,,,,,,,,,,,,,,,,,
USA reference export,World Average,Waterjet Cutting Machine,ESAB Hydrocut LX 6500,,36.3,38.3,32.14,0,1,1,Skilled,,0.08,,,6000,5992,,False,2,35560,,0.9,1,7000,10,93.21,400000,80,7644.38,0,0,5,4,20,USA,the system Baseline,,,,,,,,,,,,,,0.64,,,,,,,,,,,,0,,,,,,,,,,,,,,,,,,,,,,,,,,,,,,,,,,,,,,,,5,5,1,6,620.53,1,0.356,1.061,0.46,,,,,,,,,,,,,,,
USA reference export,World Average,Waterjet Cutting Machine,Flow Mach 2 1313b,,36.3,14.72,15.99,0,1,1,Skilled,,0.08,,,1295.4,1295.4,,False,2,15240,,0.9,1,2295.4,10,37.3,150000,80,2743.2,0,0,5,4,20,USA,the system Baseline,,,,,,,,,,,,,,0.64,,,,,,,,,,,,0,,,,,,,,,,,,,,,,,,,,,,,,,,,,,,,,,,,,,,,,5,5,1.1,4,413.69,1,0.356,1.061,0.46,,,,,,,,,,,,,,,
USA reference export,World Average,Waterjet Cutting Machine,Flow Mach 2 4020b,,36.3,16.23,21.55,0,1,1,Skilled,,0.08,,,3987.8,2006.6,,False,2,15240,,0.9,1,4987.6,10,37.3,175000,80,4520.18,0,0,5,4,20,USA,the system Baseline,,,,,,,,,,,,,,0.64,,,,,,,,,,,,0,,,,,,,,,,,,,,,,,,,,,,,,,,,,,,,,,,,,,,,,5,5,1.1,4,413.69,1,0.356,1.061,0.46,,,,,,,,,,,,,,,
USA reference export,World Average,Waterjet Cutting Machine,Flow Mach 3 1313b,,36.3,23.8,16.01,0,1,1,Skilled,,0.08,,,1295.4,1295.4,,False,2,26670,,0.9,1,2295.4,10,37.3,300000,80,4520.18,0,0,5,4,20,USA,the system Baseline,,,,,,,,,,,,,,0.64,,,,,,,,,,,,0,,,,,,,,,,,,,,,,,,,,,,,,,,,,,,,,,,,,,,,,5,5,1.1,4,648.11,1,0.356,1.061,0.46,,,,,,,,,,,,,,,
USA reference export,World Average,Waterjet Cutting Machine,Flow Mach 3 7320b,,36.3,25.31,26.65,0,1,1,Skilled,,0.08,,,7289.8,2006.6,,False,2,26670,,0.9,1,8289.8,10,37.3,325000,80,2767.58,0,0,5,4,20,USA,the system Baseline,,,,,,,,,,,,,,0.64,,,,,,,,,,,,0,,,,,,,,,,,,,,,,,,,,,,,,,,,,,,,,,,,,,,,,5,5,1.1,4,648.11,1,0.356,1.061,0.46,,,,,,,,,,,,,,,
USA reference export,World Average,Waterjet Cutting Machine,Flow Mach 300 3020,,36.3,22.29,18.62,0,1,1,Skilled,,0.08,,,3000,1500,,False,2,12000,,0.9,1,4000,10,72,188500,80,3500,0,0,5,4,20,Japan,the system Baseline,,,,,,,,,,,,,,0.64,,,,,,,,,,,,0,,,,,,,,,,,,,,,,,,,,,,,,,,,,,,,,,,,,,,,,5,5,1,5.3,599.84,1,0.381,1.016,0.46,,,,,,,,,,,,,,,
USA reference export,World Average,Waterjet Cutting Machine,Flow Mach 4 2020c,,36.3,28.34,19.03,0,1,1,Skilled,,0.08,,,2006.6,2006.6,,False,2,38100,,0.9,1,3006.6,10,37.3,375000,80,5053.18,0,0,5,4,20,USA,the system Baseline,,,,,,,,,,,,,,0.64,,,,,,,,,,,,0,,,,,,,,,,,,,,,,,,,,,,,,,,,,,,,,,,,,,,,,5,5,1.1,4,648.11,1,0.356,1.061,0.46,,,,,,,,,,,,,,,
USA reference export,World Average,Waterjet Cutting Machine,Flow Mach 4 40140c,,36.3,29.85,50.07,0,1,1,Skilled,,0.08,,,13995.4,3987.8,,False,2,38100,,0.9,1,14995.4,10,72,400000,80,7062.22,0,0,5,4,20,USA,the system Baseline,,,,,,,,,,,,,,0.64,,,,,,,,,,,,0,,,,,,,,,,,,,,,,,,,,,,,,,,,,,,,,,,,,,,,,5,5,1.1,4,648.11,1,0.356,1.016,0.46,,,,,,,,,,,,,,,
USA reference export,World Average,Waterjet Cutting Machine,Flow Mach 500 4080,,36.3,30.79,32.31,0,1,1,Skilled,,0.08,,,8000,4000,,False,2,17800,,0.9,1,9000,10,72,328900,80,6000,0,0,5,4,20,Japan,the system Baseline,,,,,,,,,,,,,,0.64,,,,,,,,,,,,0,,,,,,,,,,,,,,,,,,,,,,,,,,,,,,,,,,,,,,,,5,5,1,4.1,599.84,1,0.381,1.016,0.46,,,,,,,,,,,,,,,
USA reference export,World Average,Waterjet Cutting Machine,Flow Mach 700 50240,,36.3,57.99,73.71,0,1,1,Skilled,,0.08,,,24000,5000,,False,2,36000,,0.9,1,25000,10,72,778200,80,7000,0,0,5,4,20,Japan,the system Baseline,,,,,,,,,,,,,,0.64,,,,,,,,,,,,0,,,,,,,,,,,,,,,,,,,,,,,,,,,,,,,,,,,,,,,,5,5,1,3.8,599.84,1,0.381,1.061,0.46,,,,,,,,,,,,,,,
USA reference export,World Average,Waterjet Cutting Machine,KMT SL-V 100 PLUS,,36.3,29.49,14.77,0,1,1,Skilled,,0.08,,,2000,914,,False,2,26670,,0.9,1,3230,10,75,300000,80,914,0,0,5,4,20,USA,the system Baseline,,,,,,,,,,,,,,0.64,,,,,,,,,,,,0,,,,,,,,,,,,,,,,,,,,,,,,,,,,,,,,,,,,,,,,5,5,1,6,413.69,1,0.356,1.061,0.46,,,,,,,,,,,,,,,
USA reference export,World Average,Waterjet Cutting Machine,KMT SL-V E-50,,36.3,14.67,14.69,0,1,1,Skilled,,0.08,,,1727,914,,False,2,15240,,0.9,1,2727,10,77,150000,80,914,0,0,5,4,20,USA,the system Baseline,,,,,,,,,,,,,,0.64,,,,,,,,,,,,0,,,,,,,,,,,,,,,,,,,,,,,,,,,,,,,,,,,,,,,,5,5,1,6,379.21,1,0.356,1.061,0.46,,,,,,,,,,,,,,,
USA reference export,World Average,Waterjet Cutting Machine,KMT STREAMLINE PRO 125HP,,36.3,35.24,15.49,0,1,1,Skilled,,0.08,,,2230,1500,,False,2,35560,,0.9,1,3230,10,93,350000,80,1499.62,0,0,5,4,20,USA,the system Baseline,,,,,,,,,,,,,,0.64,,,,,,,,,,,,0,,,,,,,,,,,,,,,,,,,,,,,,,,,,,,,,,,,,,,,,5,5,1,6,620.53,1,0.356,1.061,0.46,,,,,,,,,,,,,,,
USA reference export,World Average,Waterjet Cutting Machine,Maxiem 0707,,36.3,16.61,15.61,0,1,1,Skilled,,0.08,,,762,762,,False,2,8890,,0.9,1,1762,10,29.83,200000,80,1700.73,0,0,5,4,20,USA,the system Baseline,,,,,,,,,,,,,,0.64,,,,,,,,,,,,0,,,,,,,,,,,,,,,,,,,,,,,,,,,,,,,,,,,,,,,,5,5,1.1,4,344.74,1,0.356,0.762,0.34,,,,,,,,,,,,,,,
USA reference export,World Average,Waterjet Cutting Machine,Maxiem 1530,,36.3,18.13,16.22,0,1,1,Skilled,,0.08,,,3100,1575,,False,2,8890,,0.9,1,4100,10,29.83,225000,80,1700.73,0,0,5,4,20,USA,the system Baseline,,,,,,,,,,,,,,0.64,,,,,,,,,,,,0,,,,,,,,,,,,,,,,,,,,,,,,,,,,,,,,,,,,,,,,5,5,1.1,4,344.74,1,0.356,0.762,0.34,,,,,,,,,,,,,,,
USA reference export,World Average,Waterjet Cutting Machine,Maxiem 2040,,36.3,21.15,17.97,0,1,1,Skilled,,0.08,,,4064,2006.6,,False,2,8890,,0.9,1,4947.42,10,29.83,275000,80,1700.73,0,0,5,4,20,USA,the system Baseline,,,,,,,,,,,,,,0.64,,,,,,,,,,,,0,,,,,,,,,,,,,,,,,,,,,,,,,,,,,,,,,,,,,,,,5,5,1.1,4,344.74,1,0.356,0.762,0.34,,,,,,,,,,,,,,,
USA reference export,World Average,Waterjet Cutting Machine,OMAX 2626,,36.3,22.67,15.42,0,1,1,Skilled,,0.08,,,660,373,,False,2,4572,,0.9,1,2321,10,29.83,300000,80,2386.58,0,0,5,4,20,USA,the system Baseline,,,,,,,,,,,,,,0.64,,,,,,,,,,,,0,,,,,,,,,,,,,,,,,,,,,,,,,,,,,,,,,,,,,,,,5,5,1.1,3.2,413.69,1,0.356,0.762,0.34,,,,,,,,,,,,,,,
USA reference export,World Average,Waterjet Cutting Machine,OMAX 2652,,36.3,24.18,16.54,0,1,1,Skilled,,0.08,,,1321,660,,False,2,4572,,0.9,1,2795.62,10,29.83,325000,80,3404.62,0,0,5,4,20,USA,the system Baseline,,,,,,,,,,,,,,0.64,,,,,,,,,,,,0,,,,,,,,,,,,,,,,,,,,,,,,,,,,,,,,,,,,,,,,5,5,1.1,3.2,413.69,1,0.356,0.762,0.34,,,,,,,,,,,,,,,
USA reference export,World Average,Waterjet Cutting Machine,OMAX 55100,,36.3,12.07,15.86,0,1,1,Skilled,,0.08,,,2540,1397,,False,2,4572,,0.9,1,3540,10,29.83,125000,80,1976.49,0,0,5,4,20,USA,the system Baseline,,,,,,,,,,,,,,0.64,,,,,,,,,,,,0,,,,,,,,,,,,,,,,,,,,,,,,,,,,,,,,,,,,,,,,5,5,1.1,3.2,413.69,1,0.356,0.762,0.34,,,,,,,,,,,,,,,
USA reference export,World Average,Waterjet Cutting Machine,OMAX 60120,,36.3,14.19,17.41,0,1,1,Skilled,,0.08,,,3200,1575,,False,2,4572,,0.9,1,4200,10,29.83,160000,80,2490.22,0,0,5,4,20,USA,the system Baseline,,,,,,,,,,,,,,0.64,,,,,,,,,,,,0,,,,,,,,,,,,,,,,,,,,,,,,,,,,,,,,,,,,,,,,5,5,1.1,3.2,413.69,1,0.356,0.762,0.34,,,,,,,,,,,,,,,
USA reference export,World Average,Waterjet Cutting Machine,OMAX 80160,,36.3,16.61,18.96,0,1,1,Skilled,,0.08,,,4267,2030,,False,2,4572,,0.9,1,5267,10,29.83,200000,80,2841.75,0,0,5,4,20,USA,the system Baseline,,,,,,,,,,,,,,0.64,,,,,,,,,,,,0,,,,,,,,,,,,,,,,,,,,,,,,,,,,,,,,,,,,,,,,5,5,1.1,3.2,413.69,1,0.356,0.762,0.34,,,,,,,,,,,,,,,
USA reference export,World Average,Waterjet Cutting Machine,Waterjet Cutter - 1300mm x 1300mm Bed Size,,36.3,20.88,16.59,0,1,1,Skilled,,0.08,,,1300,1300,,True,2,15000,,0.9,1,2300,10,38,250000,80,2300,0,0,5,4,20,Virtual,the system Baseline,,,,,,,,,,,,,,0.64,,,,,,,,,,,,0,,,,,,,,,,,,,,,,,,,,,,,,,,,,,,,,,,,,,,,,5,5,1.1,4,650,1,0.356,1.061,0.46,,,,,,,,,,,,,,,
USA reference export,World Average,Waterjet Cutting Machine,Waterjet Cutter - 14000mm x 4000mm Bed Size,,36.3,29.96,54.89,0,1,1,Skilled,,0.08,,,14000,4000,,True,2,30000,,0.9,1,15000,10,38,400000,80,8000,0,0,5,4,20,Virtual,the system Baseline,,,,,,,,,,,,,,0.64,,,,,,,,,,,,0,,,,,,,,,,,,,,,,,,,,,,,,,,,,,,,,,,,,,,,,5,5,1.1,4,650,1,0.356,1.061,0.46,,,,,,,,,,,,,,,
USA reference export,World Average,Waterjet Cutting Machine,Waterjet Cutter - 2000mm x 1500mm Bed Size,,36.3,23.9,17.43,0,1,1,Skilled,,0.08,,,2000,1500,,True,2,15000,,0.9,1,3000,10,38,300000,80,3500,0,0,5,4,20,Virtual,the system Baseline,,,,,,,,,,,,,,0.64,,,,,,,,,,,,0,,,,,,,,,,,,,,,,,,,,,,,,,,,,,,,,,,,,,,,,5,5,1.1,6,650,1,0.356,1.061,0.46,,,,,,,,,,,,,,,
USA reference export,World Average,Waterjet Cutting Machine,Waterjet Cutter - 3000mm x 1600mm Bed Size,,36.3,25.42,18.62,0,1,1,Skilled,,0.08,,,3000,1600,,True,2,30000,,0.9,1,4000,10,38,325000,80,3500,0,0,5,4,20,Virtual,the system Baseline,,,,,,,,,,,,,,0.64,,,,,,,,,,,,0,,,,,,,,,,,,,,,,,,,,,,,,,,,,,,,,,,,,,,,,5,5,1.1,6,650,1,0.356,1.061,0.46,,,,,,,,,,,,,,,
USA reference export,World Average,Waterjet Cutting Machine,Waterjet Cutter - 7000mm x 2000mm Bed Size,,36.3,26.93,24.78,0,1,1,Skilled,,0.08,,,7000,2000,,True,2,30000,,0.9,1,8000,10,38,350000,80,4000,0,0,5,4,20,Virtual,the system Baseline,,,,,,,,,,,,,,0.64,,,,,,,,,,,,0,,,,,,,,,,,,,,,,,,,,,,,,,,,,,,,,,,,,,,,,5,5,1.1,6,650,1,0.356,0.762,0.34,,,,,,,,,,,,,,,
USA reference export,World Average,Waterjet Cutting Machine,Waterjet Cutter - 700mm x 400mm Bed Size,,36.3,16.64,15.58,0,1,1,Skilled,,0.08,,,700,400,,True,2,4500,,0.9,1,1700,10,30,200000,80,3000,0,0,5,4,20,Virtual,the system Baseline,,,,,,,,,,,,,,0.64,,,,,,,,,,,,0,,,,,,,,,,,,,,,,,,,,,,,,,,,,,,,,,,,,,,,,5,5,1.1,4,400,1,0.356,1.061,0.46,,,,,,,,,,,,,,,
USA reference export,World Average,Turret Press (Punch Press),Amada EM-3510 ZRB,,36.3,28.72,19.23,0,1,1.25,Skilled,1,0.5,,,,,,False,,,,0.85,1,6157,10,35,387000,80,5120,0,0,5,2,20,Japan,,,,,,,,,,,,,,,,,,,1275,6,6,6,4.5,6,300,,,,,,,,,,,,,,,,,,,,0.08,1.5,,410,2500,114.3,3.5,,,0.5,0.5,6.35,32,,,,,,,,,,,,,,,,,,,,,,,,,,,,,,,,,
USA reference export,World Average,Turret Press (Punch Press),Amada EM-3510 ZRT,,36.3,27.63,19.97,0,1,1.25,Skilled,1,0.5,,,,,,False,,,,0.85,1,7005,10,35,369000,80,5120,0,0,5,2,20,Japan,,,,,,,,,,,,,,,,,,,1275,6,6,6,4.5,6,300,,,,,,,,,,,,,,,,,,,,0.08,1.5,,410,2500,114.3,3.5,,,0.5,0.5,6.35,32,,,,,,,,,,,,,,,,,,,,,,,,,,,,,,,,,
USA reference export,World Average,Turret Press (Punch Press),Amada EM-3612 ZRB,,36.3,31.62,20.84,0,1,1.25,Skilled,1,0.5,,,,,,False,,,,0.85,1,6382,10,35,468000,80,6220,0,0,5,2,20,Japan,,,,,,,,,,,,,,,,,,,1525,6,6,6,4.5,6,300,,,,,,,,,,,,,,,,,,,,0.08,1.5,,410,3050,114.3,3.5,,,0.5,0.5,6.35,32,,,,,,,,,,,,,,,,,,,,,,,,,,,,,,,,,
USA reference export,World Average,Turret Press (Punch Press),Amada EM-3612 ZRT,,36.3,32.53,21.72,0,1,1.25,Skilled,1,0.5,,,,,,False,,,,0.85,1,7415,10,35,450000,80,6220,0,0,5,2,20,Japan,,,,,,,,,,,,,,,,,,,1525,6,6,6,4.5,6,300,,,,,,,,,,,,,,,,,,,,0.08,1.5,,410,3050,114.3,3.5,,,0.5,0.5,6.35,32,,,,,,,,,,,,,,,,,,,,,,,,,,,,,,,,,
USA reference export,World Average,Turret Press (Punch Press),Amada Vipros 2510 King,,36.3,17.25,27.01,0,1,1.25,Skilled,1,0.5,,,,,,False,,,,0.85,1,11961.4,10,20,235000,80,8586.22,0,0,5,1.5,20,USA,,,,,,,,,,,,,,,,,,,1270,6,6,3.2,3.43,6,219.2,,,,,,,,,,,,,,,,,,,,0.08,1.5,,600,2540,88.9,3.5,,,0.5,0.5,6.35,31,,,,,,,,,,,,,,,,,,,,,,,,,,,,,,,,,
USA reference export,World Average,Turret Press (Punch Press),Amada Vipros 255,,36.3,17.25,23.54,0,1,1.25,Skilled,1,0.5,,,,,,False,,,,0.85,1,7110.98,10,20,235000,80,7976.62,0,0,5,1.5,20,USA,,,,,,,,,,,,,,,,,,,1270,3.41,3.8,3.43,3.2,3.41,219.2,,,,,,,,,,,,,,,,,,,,0.08,1.5,,510,1270,88.9,3.5,,,0.5,0.5,6.35,31,,,,,,,,,,,,,,,,,,,,,,,,,,,,,,,,,
USA reference export,World Average,Turret Press (Punch Press),Amada Vipros 357 Queen,,36.3,35.17,24.82,0,1,1.25,Skilled,1,0.5,,,,,,False,,,,0.85,1,9348.22,10,20,531000,80,8214.36,0,0,5,1.5,20,USA,,,,,,,,,,,,,,,,,,,1270,3.43,3.8,3.43,3.2,3.43,328.8,,,,,,,,,,,,,,,,,,,,0.08,1.5,,420,1827.8,88.9,3.5,,,0.5,0.5,6.35,58,,,,,,,,,,,,,,,,,,,,,,,,,,,,,,,,,
USA reference export,World Average,Turret Press (Punch Press),Amada Vipros 358 King II,,36.3,19.17,17.01,0,1,1.25,Skilled,1,0.5,,,,,,False,,,,0.85,1,10034.02,10,20,531000,80,8534.4,0,0,5,1.5,20,USA,,,,,,,,,,,,,,,,,,,1524,3.43,3.8,3.41,3.2,3.43,328.8,,,,,,,,,,,,,,,,,,,,0.08,1.5,,420,2006.6,88.9,3.5,,,0.5,0.5,6.35,58,,,,,,,,,,,,,,,,,,,,,,,,,,,,,,,,,
USA reference export,World Average,Turret Press (Punch Press),Default Turret Press,,36.3,25.72,17.01,0,1,1.25,Skilled,1,0.5,,,,,,False,,,,0.85,1,6096,10,20,266692.31,80,3048,0,0,5,2,20,USA,,,,,,,,,,,,,,,,,,,1524,7,8,7,5.8,6.35,328.8,,,,,,,,,,,,,,,,,,,,0.08,1.5,,500,3048,114.3,3.5,,,0.5,0.5,6.35,58,,,,,,,,,,,,,,,,,,,,,,,,,,,,,,,,,
USA reference export,World Average,Turret Press (Punch Press),Finn-Power F Series,,36.3,15.13,15.72,0,1,1.25,Skilled,1,0.5,,,,,,False,,,,0.85,1,4248.91,10,20,375000,80,2599.44,0,0,5,2,20,USA,,,,,,,,,,,,,,,,,,,1219,10,6.88,7.4,10,6,328.8,,,,,,,,,,,,,,,,,,,,0.08,1.5,,500,2540,80.9,3.5,,,0.5,0.5,6.35,20,,,,,,,,,,,,,,,,,,,,,,,,,,,,,,,,,
USA reference export,World Average,Turret Press (Punch Press),Grand International CP1250,,36.3,15.13,16.6,0,1,1.25,Skilled,1,0.5,,,,,,False,,,,0.85,1,5050.54,10,20,200000,80,3200.4,0,0,5,2,20,USA,,,,,,,,,,,,,,,,,,,1524,7,8,7,5.8,6.35,328.8,,,,,,,,,,,,,,,,,,,,0.08,1.5,,500,3048,114.3,3.5,,,0.5,0.5,6.35,58,,,,,,,,,,,,,,,,,,,,,,,,,,,,,,,,,
USA reference export,World Average,Turret Press (Punch Press),Grand International CP1500,,36.3,15.13,18.24,0,1,1.25,Skilled,1,0.5,,,,,,False,,,,0.85,1,5099.3,10,20,200000,80,6099.3,0,0,5,2,20,USA,,,,,,,,,,,,,,,,,,,1524,7,8,7,5.8,6.35,328.8,,,,,,,,,,,,,,,,,,,,0.08,1.5,,500,4978,114.3,3.5,,,0.5,0.5,6.35,40,,,,,,,,,,,,,,,,,,,,,,,,,,,,,,,,,
USA reference export,World Average,Turret Press (Punch Press),Grand International CP2500,,36.3,16.04,17.94,0,1,1.25,Skilled,1,0.5,,,,,,False,,,,0.85,1,5291.33,10,20,215000,80,4541.52,0,0,5,2,20,Japan,,,,,,,,,,,,,,,,,,,1250,7,7,8,5.8,8,490.3,,,,,,,,,,,,,,,,,,,,0.08,1.5,,500,2500,88.9,3.5,,,0.5,0.5,6.35,76,,,,,,,,,,,,,,,,,,,,,,,,,,,,,,,,,
USA reference export,World Average,Turret Press (Punch Press),Grand International HP2500,,36.3,15.43,18.28,0,1,1.25,Skilled,1,0.5,,,,,,False,,,,0.85,1,6096,10,20,205000,80,4267.2,0,0,5,2,20,Japan,,,,,,,,,,,,,,,,,,,1250,8,7,8,5.8,6.35,215.8,,,,,,,,,,,,,,,,,,,,0.08,1.5,,500,1260,88.9,3.5,,,0.5,0.5,6.35,22,,,,,,,,,,,,,,,,,,,,,,,,,,,,,,,,,
USA reference export,World Average,Turret Press (Punch Press),Nisshinbo HIQ-1250/30H,,36.3,16.04,17.94,0,1,1.25,Skilled,1,0.5,,,,,,False,,,,0.85,1,5291.13,10,20,215000,80,4541.52,0,0,5,2,20,Japan,,,,,,,,,,,,,,,,,,,1250,7,7,7,5.8,6.35,328.8,,,,,,,,,,,,,,,,,,,,0.08,1.5,,500,2500,88.9,3.5,,,0.5,0.5,6.35,30,,,,,,,,,,,,,,,,,,,,,,,,,,,,,,,,,
USA reference export,World Average,Turret Press (Punch Press),Nisshinbo HIQ-2044,,36.3,15.43,18.28,0,1,1.25,Skilled,1,0.5,,,,,,False,,,,0.85,1,6096,10,20,205000,80,4267.2,0,0,5,2,20,Japan,,,,,,,,,,,,,,,,,,,1250,8,7,8,5.8,6.35,215.8,,,,,,,,,,,,,,,,,,,,0.08,1.5,,500,1260,88.9,3.5,,,0.5,0.5,6.35,22,,,,,,,,,,,,,,,,,,,,,,,,,,,,,,,,,
USA reference export,World Average,Turret Press (Punch Press),Nisshinbo HTP-1000,,36.3,14.52,18.28,0,1,1.25,Skilled,1,0.5,,,,,,False,,,,0.85,1,6096,10,20,190000,80,4267.2,0,0,5,2,20,Japan,,,,,,,,,,,,,,,,,,,1270,7,7,7,5.8,6.35,215.8,,,,,,,,,,,,,,,,,,,,0.08,1.5,,500,1270,88.9,3.5,,,0.5,0.5,6.35,19,,,,,,,,,,,,,,,,,,,,,,,,,,,,,,,,,
USA reference export,World Average,Turret Press (Punch Press),Nisshinbo HTP-650,,36.3,12.1,18.28,0,1,1.25,Skilled,1,0.5,,,,,,False,,,,0.85,1,6096,10,20,150000,80,4267.2,0,0,5,2,20,Japan,,,,,,,,,,,,,,,,,,,650,8,7,8,5.6,6.35,215.8,,,,,,,,,,,,,,,,,,,,0.08,1.5,,500,1260,88.9,3.5,,,0.5,0.5,6.35,22,,,,,,,,,,,,,,,,,,,,,,,,,,,,,,,,,
USA reference export,World Average,Turret Press (Punch Press),"Turret Press - 4.5mm Steel, 6mm Aluminum Max Thickness",,36.3,15.13,17.29,0,1,1.25,Skilled,1,0.5,,,,,,True,,,,0.85,1,5050,10,20,200000,80,4000,0,0,5,2,20,Virtual,,,,,,,,,,,,,,,,,,,1200,6,5,6,4.5,4.5,328.8,,,,,,,,,,,,,,,,,,,,0.08,1.5,,500,3000,114.3,3.5,,,0.5,0.5,6.35,30,,,,,,,,,,,,,,,,,,,,,,,,,,,,,,,,,
USA reference export,World Average,Turret Press (Punch Press),"Turret Press - 6mm Steel, 8mm Aluminum Max Thickness",,36.3,17.25,21.02,0,1,1.25,Skilled,1,0.5,,,,,,True,,,,0.85,1,7000,10,20,235000,80,6000,0,0,5,2,20,Virtual,,,,,,,,,,,,,,,,,,,1524,8,7,8,6,6,328.8,,,,,,,,,,,,,,,,,,,,0.08,1.5,,500,5000,114.3,3.5,,,0.5,0.5,6.35,30,,,,,,,,,,,,,,,,,,,,,,,,,,,,,,,,,
USA reference export,World Average,Turret Press (Punch Press),"Turret Press - 8mm Steel, 10mm Aluminum Max Thickness",,36.3,34.8,26.15,0,1,1.25,Skilled,1,0.5,,,,,,True,,,,0.85,1,9000,10,20,525000,80,8000,0,0,5,2,20,Virtual,,,,,,,,,,,,,,,,,,,1524,10,9,10,8,8,328.8,,,,,,,,,,,,,,,,,,,,0.08,1.5,,500,3000,114.3,3.5,,,0.5,0.5,6.35,50,,,,,,,,,,,,,,,,,,,,,,,,,,,,,,,,,
USA reference export,World Average,Progressive Die Press,Aida SMX-0-L2-3000,,36.3,27.38,16.02,0,1,1,Skilled,1,0.56,,,,,,False,,,,0.7,1,4360,10,37,360000,80,1740,0,0,5,3,20,Japan,,,,,,,,,,,,,,,,,,,,0,,,,,3000,0,,,,,,,,,,,,,0,,0.03,,,,,,,,,,,,,,,,,,,,,,,,,,,,,,,,,,,22.5,2150,1430,900,6,6,,,,,,,,,
USA reference export,World Average,Progressive Die Press,Aida SMX-0-L2-4000,,36.3,35.55,18.68,0,1,1,Skilled,1,0.56,,,,,,False,,,,0.7,1,5000,10,55,450000,80,1780,0,0,5,3,20,Japan,,,,,,,,,,,,,,,,,,,,0,,,,,4000,0,,,,,,,,,,,,,0,,0.03,,,,,,,,,,,,,,,,,,,,,,,,,,,,,,,,,,,22.5,2500,1430,1020,6,6,,,,,,,,,
USA reference export,World Average,Progressive Die Press,Aida SMX-0-L2-5000,,36.3,46.94,19.03,0,1,1,Skilled,1,0.56,,,,,,False,,,,0.7,1,5500,10,75,585000,80,4050,0,0,5,3,20,Japan,,,,,,,,,,,,,,,,,,,,0,,,,,5000,0,,,,,,,,,,,,,0,,0.03,,,,,,,,,,,,,,,,,,,,,,,,,,,,,,,,,,,20,2500,1430,1150,6,6,,,,,,,,,
USA reference export,World Average,Progressive Die Press,Aida SMX-0-L2-6000,,36.3,57.62,19.55,0,1,1,Skilled,1,0.56,,,,,,False,,,,0.7,1,5500,10,75,720000,80,4050,0,0,5,3,20,Japan,,,,,,,,,,,,,,,,,,,,0,,,,,6000,0,,,,,,,,,,,,,0,,0.03,,,,,,,,,,,,,,,,,,,,,,,,,,,,,,,,,,,20,2750,1500,1150,6,6,,,,,,,,,
USA reference export,World Average,Progressive Die Press,Aida UMX-1100,,36.3,11.1,15.18,0,1,1,Skilled,1,0.56,,,,,,False,,,,0.7,1,2780,10,15,146000,80,1903,0,0,5,3,20,Japan,,,,,,,,,,,,,,,,,,,,0,,,,,1078,0,,,,,,,,,,,,,0,,0.03,,,,,,,,,,,,,,,,,,,,,,,,,,,,,,,,,,,175,1200,550,500,6,6,,,,,,,,,
USA reference export,World Average,Progressive Die Press,Aida UMX-600,,36.3,5.78,15.01,0,1,1,Skilled,1,0.56,,,,,,False,,,,0.7,1,2430,10,11,68000,80,1895,0,0,5,3,20,Japan,,,,,,,,,,,,,,,,,,,,0,,,,,588,0,,,,,,,,,,,,,0,,0.03,,,,,,,,,,,,,,,,,,,,,,,,,,,,,,,,,,,165,950,450,445,6,6,,,,,,,,,
USA reference export,World Average,Progressive Die Press,Aida UMX-800,,36.3,7.86,15.01,0,1,1,Skilled,1,0.56,,,,,,False,,,,0.7,1,2430,10,11,99000,80,1895,0,0,5,3,20,Japan,,,,,,,,,,,,,,,,,,,,0,,,,,784,0,,,,,,,,,,,,,0,,0.03,,,,,,,,,,,,,,,,,,,,,,,,,,,,,,,,,,,165,950,450,445,6,6,,,,,,,,,
USA reference export,World Average,Progressive Die Press,Bliss - B-35,,36.3,85.03,32.44,0,1,1,Skilled,1,0.65,,,,,,False,,,,0.7,1,10363.2,10,22.38,1270000,80,6995.16,0,0,5,3,20,USA,,,,,,,,,,,,,,,,,,,,28,,,,,7971,0,,,,,,,,,,,,,0,,0.03,,,,,,,,,,,,,,,,,,,,,,,,,,,,,,,,,,,18.5,5181.6,2590.86,1320.8,6,6,,,,,,,,,
USA reference export,World Average,Progressive Die Press,Default Press,,36.3,28,16.33,0,1,1,Skilled,1,0.48,,,,,,False,,,,0.7,1,3000,10,57.88,318000,80,3240,0,0,5,3,20,USA,,,,,,,,,,,,,,,,,,,,0,,,,,2000,0,,,,,,,,,,,,,0,,0.03,,,,,,,,,,,,,,,,,,,,,,,,,,,,,,,,,,,16.5,1500,1200,,6,6,,,,,,,,,
USA reference export,World Average,Progressive Die Press,Niagara - E511B,,36.3,105.6,26.19,0,1,1,Skilled,1,0.72,,,,,,False,,,,0.7,1,9753.6,10,22.38,1590000,80,4937.76,0,0,5,3,20,USA,,,,,,,,,,,,,,,,,,,,38,,,,,9964,0,,,,,,,,,,,,,0,,0.03,,,,,,,,,,,,,,,,,,,,,,,,,,,,,,,,,,,120,4876.8,1828.8,,6,6,,,,,,,,,
USA reference export,World Average,Progressive Die Press,"Progressive Die Press - 1,500kN Press Force",,36.3,16.64,15.63,0,1,1,Skilled,1,0.47,,,,,,True,,,,0.7,1,2500,10,30,200000,80,2800,0,0,5,3,20,Virtual,,,,,,,,,,,,,,,,,,,,0,,,,,1500,0,,,,,,,,,,,,,0,,0.03,,,,,,,,,,,,,,,,,,,,,,,,,,,,,,,,,,,15,1000,700,1500,6,6,,,,,,,,,
USA reference export,World Average,Progressive Die Press,"Progressive Die Press - 10,000kN Press Force",,36.3,111.54,31.15,0,1,1,Skilled,1,0.72,,,,,,True,,,,0.7,1,10000,10,100,1500000,80,6750,0,0,5,3,30,Virtual,,,,,,,,,,,,,,,,,,,,0,,,,,10000,0,,,,,,,,,,,,,0,,0.03,,,,,,,,,,,,,,,,,,,,,,,,,,,,,,,,,,,15,5000,2500,3000,6,6,,,,,,,,,
USA reference export,World Average,Progressive Die Press,"Progressive Die Press - 3,000kN Press Force",,36.3,36.31,16.49,0,1,1,Skilled,1,0.52,,,,,,True,,,,0.7,1,3200,10,40,500000,80,3240,0,0,5,3,20,Virtual,,,,,,,,,,,,,,,,,,,,0,,,,,3000,0,,,,,,,,,,,,,0,,0.03,,,,,,,,,,,,,,,,,,,,,,,,,,,,,,,,,,,21.5,1600,1200,3000,6,6,,,,,,,,,
USA reference export,World Average,Progressive Die Press,"Progressive Die Press - 5,000kN Press Force",,36.3,62.2,17.44,0,1,1,Skilled,1,0.53,,,,,,True,,,,0.7,1,4000,10,60,850000,80,3510,0,0,5,3,30,Virtual,,,,,,,,,,,,,,,,,,,,0,,,,,5000,0,,,,,,,,,,,,,0,,0.03,,,,,,,,,,,,,,,,,,,,,,,,,,,,,,,,,,,20,2000,1300,5000,6,6,,,,,,,,,
USA reference export,World Average,Progressive Die Press,"Progressive Die Press - 7,000kN Press Force",,36.3,83,22.39,0,1,1,Skilled,1,0.55,,,,,,True,,,,0.7,1,4000,10,60,1150000,80,3510,0,0,5,3,30,Virtual,,,,,,,,,,,,,,,,,,,,0,,,,,7000,0,,,,,,,,,,,,,0,,0.03,,,,,,,,,,,,,,,,,,,,,,,,,,,,,,,,,,,20,2500,1900,7000,6,6,,,,,,,,,
USA reference export,World Average,Progressive Die Press,Schuler 1150 Ton,,36.3,79.56,25.94,0,1,1,Skilled,1,0.62,,,,,,False,,,,0.7,1,6807.2,10,,1120000,80,3497.58,0,0,5,3,20,Germany,,,,,,,,,,,,,,,,,,,,112,,,,,7000,0,,,,,,,,,,,,,0,,0.03,,,,,,,,,,,,,,,,,,,,,,,,,,,,,,,,,,,20,3403.6,1295.4,,6,6,,,,,,,,,
USA reference export,World Average,Progressive Die Press,Schuler A2/200 - 360,,36.3,55.83,18.89,0,1,1,Skilled,1,0.55,,,,,,False,,,,0.7,1,2700,10,,798000,80,2970,0,0,5,3,20,Germany,,,,,,,,,,,,,,,,,,,,112,,,,,5000,0,,,,,,,,,,,,,0,,0.03,,,,,,,,,,,,,,,,,,,,,,,,,,,,,,,,,,,20,1350,1100,,6,6,,,,,,,,,
USA reference export,World Average,Progressive Die Press,Schuler TSD 2000,,36.3,248.15,34.96,0,1,1,Skilled,1,0.86,,,,,,False,,,,0.7,1,12200,10,200,3600000,80,6750,0,0,5,3,20,Germany,,,,,,,,,,,,,,,,,,,,112,,,,,20000,0,,,,,,,,,,,,,0,,0.03,,,,,,,,,,,,,,,,,,,,,,,,,,,,,,,,,,,18.5,6100,2500,,6,6,,,,,,,,,
USA reference export,World Average,Progressive Die Press,United Power SHD-220 Ton,,36.3,24.57,16.82,0,1,1,Skilled,1,0.5,,,,,,False,,,,0.7,1,3601.72,10,22.37,350000,80,3236.97,0,0,5,3,20,USA,,,,,,,,,,,,,,,,,,,,40,,,,,2192,0,,,,,,,,,,,,,0,,0.03,,,,,,,,,,,,,,,,,,,,,,,,,,,,,,,,,,,25,1800.86,1198.88,,6,6,,,,,,,,,
USA reference export,World Average,Progressive Die Press,United Power SHD-400 Ton,,36.3,44.13,17.89,0,1,1,Skilled,1,0.55,,,,,,False,,,,0.7,1,4508.88,10,37.29,636000,80,3511.2,0,0,5,3,20,USA,,,,,,,,,,,,,,,,,,,,80,,,,,4000,0,,,,,,,,,,,,,0,,0.03,,,,,,,,,,,,,,,,,,,,,,,,,,,,,,,,,,,25,2250.44,1300.48,,6,6,,,,,,,,,
USA reference export,World Average,Progressive Die Press,United Power SHD-666 Ton,,36.3,79.41,19.03,0,1,1,Skilled,1,0.58,,,,,,False,,,,0.7,1,4998.72,10,74.57,1060000,80,4053.08,0,0,5,3,30,USA,,,,,,,,,,,,,,,,,,,,112,,,,,6636,0,,,,,,,,,,,,,0,,0.03,,,,,,,,,,,,,,,,,,,,,,,,,,,,,,,,,,,20,2499.36,1501.14,,6,6,,,,,,,,,
USA reference export,World Average,Progressive Die Press,United Power SHS-166 Ton,,36.3,18.23,15.1,0,1,1,Skilled,1,0.47,,,,,,False,,,,0.7,1,1757.5,10,14.91,264000,80,2806.16,0,0,5,3,20,USA,,,,,,,,,,,,,,,,,,,,31,,,,,1654,0,,,,,,,,,,,,,0,,0.03,,,,,,,,,,,,,,,,,,,,,,,,,,,,,,,,,,,30,701,701.04,,6,6,,,,,,,,,
USA reference export,World Average,Progressive Die Press,United Power SHS-666 Ton,,36.3,79.41,15.99,0,1,1,Skilled,1,0.6,,,,,,False,,,,0.7,1,3236.98,10,74.57,1060000,80,4053.08,0,0,5,3,20,USA,,,,,,,,,,,,,,,,,,,,112,,,,,6636,0,,,,,,,,,,,,,0,,0.03,,,,,,,,,,,,,,,,,,,,,,,,,,,,,,,,,,,20,1300.48,1198.88,,6,6,,,,,,,,,
USA reference export,World Average,Progressive Die Press,United Power THD-137 High Speed,,36.3,17.7,15.26,0,1,1,Skilled,1,0.45,,,,,,False,,,,0.7,1,2286.4,10,29.81,218000,80,2438.4,0,0,5,3,20,USA,,,,,,,,,,,,,,,,,,,,20,,,,,1365,0,,,,,,,,,,,,,0,,0.03,,,,,,,,,,,,,,,,,,,,,,,,,,,,,,,,,,,400,1320.8,812.8,,6,6,,,,,,,,,
USA reference export,World Average,Progressive Die Press,United Power THD-333 High Speed,,36.3,38.78,16.26,0,1,1,Skilled,1,0.52,,,,,,False,,,,0.7,1,3454.4,10,44.74,529000,80,2743.2,0,0,5,3,20,USA,,,,,,,,,,,,,,,,,,,,63,,,,,3318,0,,,,,,,,,,,,,0,,0.03,,,,,,,,,,,,,,,,,,,,,,,,,,,,,,,,,,,225,1727.2,1016,,6,6,,,,,,,,,
USA reference export,World Average,Progressive Die Press,United Power THD-66 High Speed,,36.3,8.61,15.1,0,1,1,Skilled,1,0.42,,,,,,False,,,,0.7,1,1757.5,10,14.91,105000,80,2804.16,0,0,5,3,20,USA,,,,,,,,,,,,,,,,,,,,19,,,,,658,0,,,,,,,,,,,,,0,,0.03,,,,,,,,,,,,,,,,,,,,,,,,,,,,,,,,,,,400,914.4,609.6,,6,6,,,,,,,,,
USA reference export,World Average,Tandem Press,Default Press,,36.3,28,16.33,0,1,1,Semi-Skilled,1,0.5,,,,,,False,,,,0.7,1,3000,10,57.88,318000,80,3240,0,0,5,3,20,USA,,,,,,,,,,,,,,,,,,,,38,36,38,28,30,2000,0,,,,,,,,,,,,,0,,0.03,,,,,,,,,,,,,,,,,,,,,,,,,,,,,,,,,,,,,,,6,6,3.6,1500,1200,,,,,,
USA reference export,World Average,Tandem Press,Schuler 1150 Ton,,36.3,72.61,19.94,0,1,1,Semi-Skilled,1,0.5,,,,,,False,,,,0.7,1,6807.2,10,,1120000,80,3497.58,0,0,5,3,20,Germany,,,,,,,,,,,,,,,,,,,,112,108,112,83,90,7000,0,,,,,,,,,,,,,0,,0.03,,,,,,,,,,,,,,,,,,,,,,,,,,,,,,,,,,,,,,,6,6,3,3403.6,1295.4,,,,,,
USA reference export,World Average,Tandem Press,Schuler A2/200 - 360,,36.3,55.83,15.89,0,1,1,Semi-Skilled,1,0.5,,,,,,False,,,,0.7,1,2700,10,,798000,80,2970,0,0,5,3,20,Germany,,,,,,,,,,,,,,,,,,,,112,108,112,83,90,5000,0,,,,,,,,,,,,,0,,0.03,,,,,,,,,,,,,,,,,,,,,,,,,,,,,,,,,,,,,,,6,6,3,1350,1100,,,,,,
USA reference export,World Average,Tandem Press,Schuler TSD 2000,,36.3,248.15,34.96,0,1,1,Semi-Skilled,1,0.5,,,,,,False,,,,0.7,1,12200,10,200,3600000,80,6750,0,0,5,3,20,Germany,,,,,,,,,,,,,,,,,,,,112,108,112,83,90,20000,0,,,,,,,,,,,,,0,,0.03,,,,,,,,,,,,,,,,,,,,,,,,,,,,,,,,,,,,,,,6,6,3.24,6100,2500,,,,,,
USA reference export,World Average,Tandem Press,"Tandem Press - 1,500kN Press Force",,36.3,16.84,15.63,0,1,1,Semi-Skilled,1,0.5,,,,,,True,,,,0.7,1,,10,,200000,80,,0,0,5,3,30,Virtual,,,,,,,,,,,,,,,,,,,,0,0,0,0,0,1500,0,,,,,,,,,,,,,0,,0.03,,,,,,,,,,,,,,,,,,,,,,,,,,,,,,,,,,,,,,,6,6,0.5,1000,700,,,,,,
USA reference export,World Average,Tandem Press,"Tandem Press - 3,000kN Press Force",,36.3,36.31,16.49,0,1,1,Semi-Skilled,1,0.5,,,,,,True,,,,0.7,1,,10,,500000,80,,0,0,5,3,30,Virtual,,,,,,,,,,,,,,,,,,,,0,0,0,0,0,3000,0,,,,,,,,,,,,,0,,0.03,,,,,,,,,,,,,,,,,,,,,,,,,,,,,,,,,,,,,,,6,6,2,1600,1200,,,,,,
USA reference export,World Average,Tandem Press,"Tandem Press - 5,000kN Press Force",,36.3,62.2,17.44,0,1,1,Semi-Skilled,1,0.5,,,,,,True,,,,0.7,1,,10,,850000,80,,0,0,5,3,30,Virtual,,,,,,,,,,,,,,,,,,,,0,0,0,0,0,5000,0,,,,,,,,,,,,,0,,0.03,,,,,,,,,,,,,,,,,,,,,,,,,,,,,,,,,,,,,,,6,6,2.8,2000,1300,,,,,,
USA reference export,World Average,Tandem Press,"Tandem Press - 7,000kN Press Force",,36.3,83,22.39,0,1,1,Semi-Skilled,1,0.5,,,,,,True,,,,0.7,1,6500,10,60,1150000,80,5130,0,0,5,3,30,Virtual,,,,,,,,,,,,,,,,,,,,0,0,0,0,0,7000,0,,,,,,,,,,,,,0,,0.03,,,,,,,,,,,,,,,,,,,,,,,,,,,,,,,,,,,,,,,6,6,3,3250,1900,,,,,,
USA reference export,World Average,Tandem Press,United Power SHD-220 Ton,,36.3,24.57,16.82,0,1,1,Semi-Skilled,1,0.5,,,,,,False,,,,0.7,1,3601.72,10,22.37,350000,80,3236.97,0,0,5,3,20,USA,,,,,,,,,,,,,,,,,,,,40,38,40,29,32,4000,0,,,,,,,,,,,,,0,,0.03,,,,,,,,,,,,,,,,,,,,,,,,,,,,,,,,,,,,,,,6,6,4,1800.86,1198.88,,,,,,
USA reference export,World Average,Tandem Press,United Power SHD-400 Ton,,36.3,44.13,17.89,0,1,1,Semi-Skilled,1,0.5,,,,,,False,,,,0.7,1,4508.88,10,37.29,636000,80,3511.2,0,0,5,3,20,USA,,,,,,,,,,,,,,,,,,,,80,77,80,59,64,4000,0,,,,,,,,,,,,,0,,0.03,,,,,,,,,,,,,,,,,,,,,,,,,,,,,,,,,,,,,,,6,6,2.6,2250.44,1300.48,,,,,,
USA reference export,World Average,Tandem Press,United Power SHD-666 Ton,,36.3,72.84,19.03,0,1,1,Semi-Skilled,1,0.5,,,,,,False,,,,0.7,1,4998.72,10,74.57,1060000,80,4053.08,0,0,5,3,30,USA,,,,,,,,,,,,,,,,,,,,112,108,112,83,90,6636,0,,,,,,,,,,,,,0,,0.03,,,,,,,,,,,,,,,,,,,,,,,,,,,,,,,,,,,,,,,6,6,3,2499.36,1501.14,,,,,,
USA reference export,World Average,Tandem Press,United Power SHS-166 Ton,,36.3,18.23,15.1,0,1,1,Semi-Skilled,1,0.5,,,,,,False,,,,0.7,1,1757.5,10,14.91,264000,80,2806.16,0,0,5,3,20,USA,,,,,,,,,,,,,,,,,,,,31,30,31,23,25,1654,0,,,,,,,,,,,,,0,,0.03,,,,,,,,,,,,,,,,,,,,,,,,,,,,,,,,,,,,,,,6,6,3,701,701.04,,,,,,
USA reference export,World Average,Tandem Press,United Power SHS-666 Ton,,36.3,72.84,15.99,0,1,1,Semi-Skilled,1,0.5,,,,,,False,,,,0.7,1,3236.98,10,74.57,1060000,80,4053.08,0,0,5,3,20,USA,,,,,,,,,,,,,,,,,,,,112,108,112,83,90,6636,0,,,,,,,,,,,,,0,,0.03,,,,,,,,,,,,,,,,,,,,,,,,,,,,,,,,,,,,,,,6,6,2.6,1300.48,1198.88,,,,,,
USA reference export,World Average,Tandem Press,United Power THD-137 High Speed,,36.3,17.7,15.26,0,1,1,Semi-Skilled,1,0.5,,,,,,False,,,,0.7,1,2286.4,10,29.81,218000,80,2438.4,0,0,5,3,20,USA,,,,,,,,,,,,,,,,,,,,20,19,20,15,16,1365,0,,,,,,,,,,,,,0,,0.03,,,,,,,,,,,,,,,,,,,,,,,,,,,,,,,,,,,,,,,6,6,0.32,1320.8,812.8,,,,,,
USA reference export,World Average,Tandem Press,United Power THD-333 High Speed,,36.3,38.78,16.26,0,1,1,Semi-Skilled,1,0.5,,,,,,False,,,,0.7,1,3454.4,10,44.74,529000,80,2743.2,0,0,5,3,20,USA,,,,,,,,,,,,,,,,,,,,63,60,63,46,50,3318,0,,,,,,,,,,,,,0,,0.03,,,,,,,,,,,,,,,,,,,,,,,,,,,,,,,,,,,,,,,6,6,0.6,1727.2,1016,,,,,,
USA reference export,World Average,Tandem Press,United Power THD-66 High Speed,,36.3,8.61,15.1,0,1,1,Semi-Skilled,1,0.5,,,,,,False,,,,0.7,1,1757.5,10,14.91,105000,80,2804.16,0,0,5,3,20,USA,,,,,,,,,,,,,,,,,,,,19,18,19,14,15,658,0,,,,,,,,,,,,,0,,0.03,,,,,,,,,,,,,,,,,,,,,,,,,,,,,,,,,,,,,,,6,6,0.32,914.4,609.6,,,,,,
USA reference export,World Average,2 Roll Bender,2 Roll Bender - 1400mm Roll Length x 300mm Roll Diameter,,43.21,4.33,14.91,0.0,1.0,1.0,Skilled,1.0,0.5,,,,,,True,,,,1.0,1.0,2100.0,10,7.0,54000.0,80.0,1200.0,0.0,0.0,5.0,5.0,20.0,Virtual,the system Baseline,110.0,1400.0,3.5,300.0,296.0,,,,,,,,,,,,,,,,,,,,,,,,,,,,,,,,,,,,,,,,,,,,,,,,,,,,,,,,,,,,,,,,,,,,,,,,,,,,,,,,,,,,
USA reference export,World Average,2 Roll Bender,2 Roll Bender - 2000mm Roll Length x 125mm Roll Diameter,,43.21,2.11,14.08,0.0,1.0,1.0,Skilled,1.0,0.5,,,,,,True,,,,1.0,1.0,1143.0,10,1.12,32000.0,80.0,509.02,0.0,0.0,5.0,5.0,20.0,Virtual,the system Baseline,117.9,762.0,2.7,125.0,278.0,,,,,,,,,,,,,,,,,,,,,,,,,,,,,,,,,,,,,,,,,,,,,,,,,,,,,,,,,,,,,,,,,,,,,,,,,,,,,,,,,,,,
USA reference export,World Average,2 Roll Bender,2 Roll Bender - 2050mm Roll Length x 450mm Roll Diameter,,43.21,6.35,16.2,0.0,1.0,1.0,Skilled,1.0,0.5,,,,,,True,,,,1.0,1.0,3075.0,10,16.0,65000.0,80.0,1800.0,0.0,0.0,5.0,5.0,20.0,Virtual,the system Baseline,100.0,2050.0,5.0,450.0,296.0,,,,,,,,,,,,,,,,,,,,,,,,,,,,,,,,,,,,,,,,,,,,,,,,,,,,,,,,,,,,,,,,,,,,,,,,,,,,,,,,,,,,
USA reference export,World Average,2 Roll Bender,2 Roll Bender - 8000mm Roll Length x 200mm Roll Diameter,,43.21,3.06,14.24,0.0,1.0,1.0,Skilled,1.0,0.5,,,,,,True,,,,1.0,1.0,1200.0,10,3.0,43000.0,80.0,800.0,0.0,0.0,5.0,5.0,20.0,Virtual,the system Baseline,120.0,800.0,2.0,200.0,296.0,,,,,,,,,,,,,,,,,,,,,,,,,,,,,,,,,,,,,,,,,,,,,,,,,,,,,,,,,,,,,,,,,,,,,,,,,,,,,,,,,,,,
USA reference export,World Average,Plasma Cutting Machine,Vulcan 3100D,,36.3,6.96,24.32,0.0,1.0,1.75,Skilled,1.0,0.08,18.0,1,3048.0,1524.0,,False,3.0,25400.0,,0.71,1.0,12192.0,10,10.0,90000.0,80.0,3352.8,0.0,0.0,5.0,3.0,20.0,USA,the system Baseline,,,,,,,,,,,,,100.0,5.0,,,,,,,,,,,,0.0,,,,,,,,,,,,,,,,,,,,,,,,,,,,,,,,,,,,,,,,0.0,0.0,,,,,,,,,,,,,,,,,43.0,1000.0,,,,
USA reference export,World Average,Plasma Cutting Machine,CSI Series 4 - 200A,,36.3,6.96,24.32,0.0,1.0,1.75,Skilled,1.0,0.08,18.0,1,3657.6,1828.8,,False,3.0,25400.0,,0.71,1.0,16459.2,10,10.0,115672.0,80.0,3352.8,0.0,0.0,5.0,3.0,20.0,USA,the system Baseline,,,,,,,,,,,,,200.0,5.0,,,,,,,,,,,,0.0,,,,,,,,,,,,,,,,,,,,,,,,,,,,,,,,,,,,,,,,0.0,0.0,,,,,,,,,,,,,,,,,43.0,1000.0,,,,
USA reference export,World Average,Plasma Cutting Machine,Default Plasma,,36.3,6.96,24.32,0.0,1.0,1.75,Skilled,1.0,0.08,18.0,1,3657.6,1828.8,,False,3.0,9000.0,,0.71,1.0,12192.0,10,10.0,90000.0,80.0,3352.8,0.0,0.0,5.0,3.0,20.0,USA,the system Baseline,,,,,,,,,,,,,200.0,5.0,,,,,,,,,,,,0.0,,,,,,,,,,,,,,,,,,,,,,,,,,,,,,,,,,,,,,,,0.0,0.0,,,,,,,,,,,,,,,,,43.0,1000.0,,,,
USA reference export,World Average,Plasma Cutting Machine,CSI Series 5 - 300A,,36.3,8.51,27.99,0.0,1.0,1.75,Skilled,1.0,0.08,18.0,1,7315.2,3048.0,,False,3.0,25400.0,,0.71,1.0,16459.2,10,10.0,115672.0,80.0,3352.8,0.0,0.0,5.0,3.0,20.0,USA,the system Baseline,,,,,,,,,,,,,300.0,5.0,,,,,,,,,,,,0.0,,,,,,,,,,,,,,,,,,,,,,,,,,,,,,,,,,,,,,,,0.0,0.0,,,,,,,,,,,,,,,,,43.0,1000.0,,,,
USA reference export,World Average,Plasma Cutting Machine,"Plasma Cutter - 400 Watts, 1 Head",,36.3,6.96,24.32,0.0,1.0,1.75,Skilled,1.0,0.08,18.0,1,6069.0,3048.0,,True,3.0,25400.0,,0.71,1.0,12192.0,10,10.0,90000.0,80.0,3352.8,0.0,0.0,5.0,3.0,20.0,Virtual,the system Baseline,,,,,,,,,,,,,400.0,5.0,,,,,,,,,,,,0.0,,,,,,,,,,,,,,,,,,,,,,,,,,,,,,,,,,,,,,,,0.0,0.0,,,,,,,,,,,,,,,,,43.0,1000.0,,,,
USA reference export,World Average,Plasma Cutting Machine,Precision CS - Platemaster XMR,,36.3,6.96,24.32,0.0,1.0,1.75,Skilled,1.0,0.08,18.0,1,6069.0,3048.0,,False,3.0,30480.0,,0.71,1.0,12192.0,10,10.0,90000.0,80.0,3352.8,0.0,0.0,5.0,3.0,20.0,USA,the system Baseline,,,,,,,,,,,,,400.0,5.0,,,,,,,,,,,,0.0,,,,,,,,,,,,,,,,,,,,,,,,,,,,,,,,,,,,,,,,0.0,0.0,,,,,,,,,,,,,,,,,43.0,1000.0,,,,
USA reference export,World Average,Plasma Cutting Machine,ESAB - Avenger Plus,,36.3,6.96,24.32,0.0,1.0,1.75,Skilled,1.0,0.08,18.0,4,2438.4,1219.2,,False,3.0,25400.0,,0.71,1.0,12192.0,10,10.0,90000.0,80.0,3352.8,0.0,0.0,5.0,3.0,20.0,Virtual,the system Baseline,,,,,,,,,,,,,1000.0,5.0,,,,,,,,,,,,0.0,,,,,,,,,,,,,,,,,,,,,,,,,,,,,,,,,,,,,,,,0.0,0.0,,,,,,,,,,,,,,,,,43.0,1000.0,,,,
USA reference export,World Average,Plasma Cutting Machine,"Plasma Cutter - 1000 Watts, 4 Heads",,36.3,7.56,24.32,0.0,1.0,1.75,Skilled,1.0,0.08,18.0,4,3200.0,1250.0,,True,3.0,25400.0,,0.71,1.0,12192.0,10,10.0,100000.0,80.0,3352.8,0.0,0.0,5.0,3.0,20.0,USA,the system Baseline,,,,,,,,,,,,,1000.0,5.0,,,,,,,,,,,,0.0,,,,,,,,,,,,,,,,,,,,,,,,,,,,,,,,,,,,,,,,0.0,0.0,,,,,,,,,,,,,,,,,43.0,1000.0,,,,
USA reference export,World Average,Plasma Cutting Machine,Storm - 4 head,,36.3,6.96,24.32,0.0,1.0,1.75,Skilled,1.0,0.08,18.0,4,3225.8,1250.0,,False,3.0,25400.0,,0.71,1.0,12192.0,10,10.0,90000.0,80.0,3352.8,0.0,0.0,5.0,3.0,20.0,USA,the system Baseline,,,,,,,,,,,,,1000.0,5.0,,,,,,,,,,,,0.0,,,,,,,,,,,,,,,,,,,,,,,,,,,,,,,,,,,,,,,,0.0,0.0,,,,,,,,,,,,,,,,,43.0,1000.0,,,,
USA reference export,World Average,Plasma Cutting Machine,Komatsu TFPL301,,36.3,17.05,53.75,0.0,1.0,1.75,Skilled,1.0,0.08,18.0,1,27000.0,3100.0,,False,3.0,20000.0,,0.71,1.0,31748.0,10,52.0,151800.0,80.0,4899.66,0.0,0.0,5.0,3.0,20.0,Japan,the system Baseline,,,,,,,,,,,,,30000.0,5.0,,,,,,,,,,,,0.0,,,,,,,,,,,,,,,,,,,,,,,,,,,,,,,,,,,,,,,,0.0,0.0,,,,,,,,,,,,,,,,,43.0,1000.0,,,,
USA reference export,World Average,Plasma Cutting Machine,Komatsu TFPL308,,36.3,16.33,58.63,0.0,1.0,1.75,Skilled,1.0,0.08,18.0,1,27000.0,2500.0,,False,3.0,20000.0,,0.71,1.0,31748.0,10,52.0,139900.0,80.0,5499.1,0.0,0.0,5.0,3.0,20.0,Japan,the system Baseline,,,,,,,,,,,,,30000.0,5.0,,,,,,,,,,,,0.0,,,,,,,,,,,,,,,,,,,,,,,,,,,,,,,,,,,,,,,,0.0,0.0,,,,,,,,,,,,,,,,,43.0,1000.0,,,,
USA reference export,World Average,Plasma Cutting Machine,Komatsu TFPL101,,36.3,27.62,53.75,0.0,1.0,1.75,Skilled,1.0,0.08,18.0,1,27000.0,3100.0,,False,3.0,20000.0,,0.71,1.0,31748.0,10,122.0,151800.0,80.0,4899.66,0.0,0.0,5.0,3.0,20.0,Japan,the system Baseline,,,,,,,,,,,,,100000.0,5.0,,,,,,,,,,,,0.0,,,,,,,,,,,,,,,,,,,,,,,,,,,,,,,,,,,,,,,,0.0,0.0,,,,,,,,,,,,,,,,,43.0,1000.0,,,,
USA reference export,World Average,Plasma Cutting Machine,Komatsu TFPL108,,36.3,26.9,58.63,0.0,1.0,1.75,Skilled,1.0,0.08,18.0,1,27000.0,2500.0,,False,3.0,20000.0,,0.71,1.0,31748.0,10,122.0,139900.0,80.0,5499.1,0.0,0.0,5.0,3.0,20.0,Japan,the system Baseline,,,,,,,,,,,,,100000.0,5.0,,,,,,,,,,,,0.0,,,,,,,,,,,,,,,,,,,,,,,,,,,,,,,,,,,,,,,,0.0,0.0,,,,,,,,,,,,,,,,,43.0,1000.0,,,,
USA reference export,World Average,Shearing Machine,Chicago - HS 25130,,36.3,10.46,16.22,0.0,1.0,1.25,,1.0,0.38,,,,,,False,,,,0.8,1.0,3048.0,10,42.63,66300,80.0,1524.0,0.0,0.0,5.0,6.0,20.0,USA,Provided screenshots,,,,,,,,,,,,,,,,,,,19,17.8,19,11.4,12.7,,0.0,,,,,,,,,,,,,,,,,,,,,,,,,,,,,,,,,,,,,,,,,,,,,,,,,,,,,,,,,,,,,11,3100,,
USA reference export,World Average,Shearing Machine,Chicago HS 3195,,36.3,7.69,16.22,0.0,1.0,1.25,,1.0,0.38,,,,,,False,,,,0.8,1.0,3048.0,10,26.64,60500,80.0,1524.0,0.0,0.0,5.0,6.0,20.0,USA,Provided screenshots,,,,,,,,,,,,,,,,,,,14,13.3,14,8.6,9.5,,0.0,,,,,,,,,,,,,,,,,,,,,,,,,,,,,,,,,,,,,,,,,,,,,,,,,,,,,,,,,,,,,13,3099,,
USA reference export,World Average,Shearing Machine,Default Shear,,36.3,3.93,16.22,0.0,1.0,1.25,,1.0,0.38,,,,,,False,,,,0.8,1.0,3048.0,10,10,40000,80.0,1524.0,0.0,0.0,5.0,6.0,20.0,USA,Provided screenshots,,,,,,,,,,,,,,,,,,,19,17.8,19,11.4,12.7,,0.0,,,,,,,,,,,,,,,,,,,,,,,,,,,,,,,,,,,,,,,,,,,,,,,,,,,,,,,,,,,,,30,3099,,
USA reference export,World Average,Shearing Machine,Nisshinbo LGS-C 8,,36.3,3.15,16.22,0.0,1.0,1.25,,1.0,0.38,,,,,,False,,,,0.8,1.0,3048.0,10,10,27000,80.0,1524.0,0.0,0.0,5.0,6.0,20.0,Japan,Provided screenshots,,,,,,,,,,,,,,,,,,,9,8.4,9,5.4,6,,0.0,,,,,,,,,,,,,,,,,,,,,,,,,,,,,,,,,,,,,,,,,,,,,,,,,,,,,,,,,,,,,25,2500,,
USA reference export,World Average,Shearing Machine,Roper Whitney - 10H8,,36.3,4.07,15.74,0.0,1.0,1.25,,1.0,0.38,,,,,,False,,,,0.8,1.0,3048.0,10,10.66,40700,80.0,1524.0,0.0,0.0,5.0,6.0,20.0,USA,Provided screenshots,,,,,,,,,,,,,,,,,,,5.1,4.8,5.1,3.1,3.4,,0.0,,,,,,,,,,,,,,,,,,,,,,,,,,,,,,,,,,,,,,,,,,,,,,,,,,,,,,,,,,,,,32,2438,,
USA reference export,World Average,Shearing Machine,Roper Whitney - 10M14,,36.3,2.15,15.74,0.0,1.0,1.25,,1.0,0.38,,,,,,False,,,,0.8,1.0,3048.0,10,5.33,22260,80.0,1524.0,0.0,0.0,5.0,6.0,20.0,USA,Provided screenshots,,,,,,,,,,,,,,,,,,,2.8,2.7,2.8,1.7,1.9,,0.0,,,,,,,,,,,,,,,,,,,,,,,,,,,,,,,,,,,,,,,,,,,,,,,,,,,,,,,,,,,,,35,3080,,
USA reference export,World Average,Shearing Machine,Salvagnini S4Xe.30,,36.3,3.33,16.22,0.0,1.0,1.25,,1.0,0.38,,,,,,False,,,,0.8,1.0,3048.0,10,10,30000,80.0,1524.0,0.0,0.0,5.0,6.0,20.0,Italy,Provided screenshots,,,,,,,,,,,,,,,,,,,5.08,4.8,5.08,2.03,3.56,,0.0,,,,,,,,,,,,,,,,,,,,,,,,,,,,,,,,,,,,,,,,,,,,,,,,,,,,,,,,,,,,,32,3048,,
USA reference export,World Average,Shearing Machine,"Shear - 13mm Steel, 20mm Aluminum Max Thickness",,36.3,9.98,16.22,0.0,1.0,1.25,,1.0,0.38,,,,,,True,,,,0.8,1.0,3048.0,10,40,65000,80.0,1524.0,0.0,0.0,5.0,6.0,20.0,Virtual,Provided screenshots,,,,,,,,,,,,,,,,,,,20,18,20,11.7,13,,0.0,,,,,,,,,,,,,,,,,,,,,,,,,,,,,,,,,,,,,,,,,,,,,,,,,,,,,,,,,,,,,12,3000,,
USA reference export,World Average,Shearing Machine,"Shear - 3.5mm Steel, 5mm Aluminum Max Thickness",,36.3,3.93,15.74,0.0,1.0,1.25,,1.0,0.38,,,,,,True,,,,0.8,1.0,3048.0,10,10,40000,80.0,1524.0,0.0,0.0,5.0,6.0,20.0,Virtual,Provided screenshots,,,,,,,,,,,,,,,,,,,5,4.7,5,3.2,3.5,,0.0,,,,,,,,,,,,,,,,,,,,,,,,,,,,,,,,,,,,,,,,,,,,,,,,,,,,,,,,,,,,,35,3000,,
USA reference export,World Average,Shearing Machine,"Shear - 7mm Steel, 10mm Aluminum Max Thickness",,36.3,5.75,16.22,0.0,1.0,1.25,,1.0,0.38,,,,,,True,,,,0.8,1.0,3048.0,10,20,45000,80.0,1524.0,0.0,0.0,5.0,6.0,20.0,Virtual,Provided screenshots,,,,,,,,,,,,,,,,,,,10,9.2,10,6.4,7,,0.0,,,,,,,,,,,,,,,,,,,,,,,,,,,,,,,,,,,,,,,,,,,,,,,,,,,,,,,,,,,,,25,3000,,
USA reference export,World Average,Plasma Punch,Whitney 4400 Max,,36.3,,,,,,,,0.5,,,,,,,,,,0.85,1.0,2500.0,10,,268521.0,80.0,4000.0,,0.0,5.0,3.0,20.0,,User-provided screenshots,,,,,,,,,,,,,200.0,,,,,,,,,,,,,,,,,,,,,,,,,,,,,,,,,,,,,,,,,,,,,,,,,,,,,,,,,,,,,,,,,,,,,,,,,,,0.0,
USA reference export,World Average,Plasma Punch,Whitney 3700 SST,,30.3,,,,,,,,0.5,,,,,,,,,,0.85,1.0,7185.0,10,,725000.0,90.0,4500.0,,0.0,5.0,3.0,20.0,,User-provided screenshots,,,,,,,,,,,,,260.0,,,,,,,,,,,,,,,,,,,,,,,,,,,,,,,,,,,,,,,,,,,,,,,,,,,,,,,,,,,,,,,,,,,,,,,,,,,0.0,
USA reference export,World Average,Plasma Punch,Whitney 3400 XP,,30.3,,,,,,,,0.3,,,,,,,,,,0.85,1.0,7185.0,10,,797000.0,80.0,4500.0,,0.0,5.0,3.0,20.0,,User-provided screenshots,,,,,,,,,,,,,200.0,,,,,,,,,,,,,,,,,,,,,,,,,,,,,,,,,,,,,,,,,,,,,,,,,,,,,,,,,,,,,,,,,,,,,,,,,,,0.0,
USA reference export,World Average,Plasma Punch,Whitney 3400 Heavy,,36.3,,,,,,,,0.5,,,,,,,,,,0.85,1.0,1585.0,10,,365000.0,80.0,3207.0,,0.0,5.0,3.0,20.0,,User-provided screenshots,,,,,,,,,,,,,300.0,,,,,,,,,,,,,,,,,,,,,,,,,,,,,,,,,,,,,,,,,,,,,,,,,,,,,,,,,,,,,,,,,,,,,,,,,,,0.0,
USA reference export,World Average,Plasma Punch,"Plasma Punch - 400 Watts, 1000kN Press Force",,36.3,,,,,,,,0.5,,,,,,,,,,0.85,1.0,4250.0,10,,270000.0,80.0,4000.0,,0.0,5.0,3.0,20.0,,User-provided screenshots,,,,,,,,,,,,,400.0,,,,,,,,,,,,,,,,,,,,,,,,,,,,,,,,,,,,,,,,,,,,,,,,,,,,,,,,,,,,,,,,,,,,,,,,,,,0.0,
USA reference export,World Average,Plasma Punch,"Plasma Punch - 200 Watts, 350kN Press Force",,30.3,,,,,,,,0.5,,,,,,,,,,0.85,1.0,5000.0,10,,360000.0,80.0,5200.0,,0.0,5.0,3.0,20.0,,User-provided screenshots,,,,,,,,,,,,,300.0,,,,,,,,,,,,,,,,,,,,,,,,,,,,,,,,,,,,,,,,,,,,,,,,,,,,,,,,,,,,,,,,,,,,,,,,,,,0.0,
USA reference export,World Average,Plasma Punch,"Plasma Punch - 200 Watts, 550kN Press Force",,30.3,,,,,,,,0.5,,,,,,,,,,0.85,1.0,6500.0,10,,750000.0,80.0,4500.0,,0.0,5.0,3.0,20.0,,User-provided screenshots,,,,,,,,,,,,,200.0,,,,,,,,,,,,,,,,,,,,,,,,,,,,,,,,,,,,,,,,,,,,,,,,,,,,,,,,,,,,,,,,,,,,,,,,,,,0.0,
USA reference export,World Average,Plasma Punch,"Plasma Punch - 100 Watts, 300kN Press Force",,30.3,,,,,,,,0.5,,,,,,,,,,0.85,1.0,7185.0,10,,900000.0,80.0,5000.0,,0.0,5.0,3.0,20.0,,User-provided screenshots,,,,,,,,,,,,,100.0,,,,,,,,,,,,,,,,,,,,,,,,,,,,,,,,,,,,,,,,,,,,,,,,,,,,,,,,,,,,,,,,,,,,,,,,,,,0.0,
USA reference export,World Average,Plasma Punch,Muratec Magnium - 5000 Plasma,,30.3,,,,,,,,0.5,,,,,,,,,,0.85,1.0,7620.0,10,,790000.0,80.0,4500.0,,0.0,5.0,3.0,20.0,,User-provided screenshots,,,,,,,,,,,,,200.0,,,,,,,,,,,,,,,,,,,,,,,,,,,,,,,,,,,,,,,,,,,,,,,,,,,,,,,,,,,,,,,,,,,,,,,,,,,0.0,
USA reference export,World Average,Plasma Punch,Ficep Tipo C23,,30.3,,,,,,,,0.5,,,,,,,,,,0.85,1.0,7620.0,10,,752000.0,80.0,4672.0,,0.0,5.0,3.0,20.0,,User-provided screenshots,,,,,,,,,,,,,400.0,,,,,,,,,,,,,,,,,,,,,,,,,,,,,,,,,,,,,,,,,,,,,,,,,,,,,,,,,,,,,,,,,,,,,,,,,,,0.0,
USA reference export,World Average,Plasma Punch,Ficep Tipo C23 (second unit),,30.3,,,,,,,,0.5,,,,,,,,,,0.85,1.0,3048.0,10,,720000.0,80.0,2438.4,,0.0,5.0,3.0,20.0,,User-provided screenshots,,,,,,,,,,,,,300.0,,,,,,,,,,,,,,,,,,,,,,,,,,,,,,,,,,,,,,,,,,,,,,,,,,,,,,,,,,,,,,,,,,,,,,,,,,,0.0,
USA reference export,World Average,Plasma Punch,Ermak COP 1270 X 30,,36.3,,,,,,,,0.5,,,,,,,,,,0.85,1.0,3048.0,10,,965000.0,80.0,2438.4,,0.0,5.0,3.0,20.0,,User-provided screenshots,,,,,,,,,,,,,100.0,,,,,,,,,,,,,,,,,,,,,,,,,,,,,,,,,,,,,,,,,,,,,,,,,,,,,,,,,,,,,,,,,,,,,,,,,,,0.0,
USA reference export,World Average,Standard Press,Default Press,,36.3,28.0,16.33,0.0,1.0,1.3,,1.0,0.5,,,,,,False,,,,0.7,1.0,3000.0,10,57.88,318000,80.0,3240.0,0.0,0.0,5,3.0,20,USA,Uploaded Standard Press machine fleet screenshots,,,,,,,,,,,,,,,,,,,31,30,31,23,25,1654.0,6,,,,,,,,,,,,,0.0,,0.03,,,,,,,,,,,,,,,,,,,,,,,,,,,,,,,,,,,,,,,0,0,3.6,703.0,701.04,,,,,,
USA reference export,World Average,Standard Press,Schuler 1150 Ton,,36.3,79.56,25.94,0.0,1.0,1.3,,1.0,0.5,,,,,,True,,,,0.7,1.0,6807.2,10,,1120000,80.0,3497.58,0.0,0.0,5,3.0,20,Virtual,Uploaded Standard Press machine fleet screenshots,,,,,,,,,,,,,,,,,,,19,18,19,14,15,658.0,6,,,,,,,,,,,,,0.0,,0.03,,,,,,,,,,,,,,,,,,,,,,,,,,,,,,,,,,,,,,,0,0,3.0,914.4,609.6,,,,,,
USA reference export,World Average,Standard Press,Schuler A2/200 - 360,,36.3,55.83,18.89,0.0,1.0,1.3,,1.0,0.5,,,,,,False,,,,0.7,1.0,2700.0,10,,798000,80.0,2970.0,0.0,0.0,5,3.0,20,USA,Uploaded Standard Press machine fleet screenshots,,,,,,,,,,,,,,,,,,,0,0,0,0,0,1500.0,0,,,,,,,,,,,,,0.0,,0.03,,,,,,,,,,,,,,,,,,,,,,,,,,,,,,,,,,,,,,,0,0,3.0,1000.0,700.0,,,,,,
USA reference export,World Average,Standard Press,Schuler TSD 2000,,36.3,248.15,34.96,0.0,1.0,1.0,,1.0,0.5,,,,,,False,,,,0.7,1.0,12200.0,10,200.0,3600000,80.0,6750.0,0.0,0.0,5,3.0,20,USA,Uploaded Standard Press machine fleet screenshots,,,,,,,,,,,,,,,,,,,0,0,0,0,0,6636.0,0,,,,,,,,,,,,,0.0,,0.03,,,,,,,,,,,,,,,,,,,,,,,,,,,,,,,,,,,,,,,6,6,3.24,1300.48,1198.88,,,,,,
USA reference export,World Average,Standard Press,"Standard Press - 1,500kN Press Force",,36.3,16.64,15.63,0.0,1.0,1.0,,1.0,0.5,,,,,,False,,,,0.7,1.0,3000,10,57.88,318000,80.0,3240,0.0,0.0,5,3.0,20,USA,Uploaded Standard Press machine fleet screenshots,,,,,,,,,,,,,,,,,,,112,108,112,0,0,1500,6,,,,,,,,,,,,,0.0,,0.03,,,,,,,,,,,,,,,,,,,,,,,,,,,,,,,,,,,,,,,0,0,0.5,1320.8,812.8,,,,,,
USA reference export,World Average,Standard Press,"Standard Press - 3,000kN Press Force",,36.3,36.31,16.49,0.0,1.0,1.0,,1.0,0.5,,,,,,False,,,,0.7,1.0,3601.72,10,22.37,350000,80.0,3236.97,0.0,0.0,5,3.0,20,USA,Uploaded Standard Press machine fleet screenshots,,,,,,,,,,,,,,,,,,,20,19,20,83,90,3000,6,,,,,,,,,,,,,0.0,,0.03,,,,,,,,,,,,,,,,,,,,,,,,,,,,,,,,,,,,,,,0,0,2.0,1350.0,1100.0,,,,,,
USA reference export,World Average,Standard Press,"Standard Press - 5,000kN Press Force",,36.3,62.2,17.44,0.0,1.0,1.0,,1.0,0.5,,,,,,False,,,,0.7,1.0,3200,10,40.0,500000,80.0,3240,0.0,0.0,5,3.0,20,Virtual,Uploaded Standard Press machine fleet screenshots,,,,,,,,,,,,,,,,,,,112,108,112,15,16,5000,6,,,,,,,,,,,,,0.0,,0.03,,,,,,,,,,,,,,,,,,,,,,,,,,,,,,,,,,,,,,,0,0,2.8,1500.0,1200.0,,,,,,
USA reference export,World Average,Standard Press,"Standard Press - 7,000kN Press Force",,36.3,83.0,22.39,0.0,1.0,1.0,,1.0,0.5,,,,,,False,,,,0.7,1.0,3454.4,10,44.74,529000,80.0,2743.2,0.0,0.0,5,3.0,20,Virtual,Uploaded Standard Press machine fleet screenshots,,,,,,,,,,,,,,,,,,,112,108,112,83,90,7000,6,,,,,,,,,,,,,0.0,,0.03,,,,,,,,,,,,,,,,,,,,,,,,,,,,,,,,,,,,,,,0,0,3.0,1600.0,1200.0,,,,,,
USA reference export,World Average,Standard Press,United Power SHD-220 Ton,,36.3,24.57,16.82,0.0,1.0,1.3,,1.0,0.5,,,,,,True,,,,0.7,1.0,3601.72,10,22.37,350000,80.0,3236.97,0.0,0.0,5,3.0,20,USA,Uploaded Standard Press machine fleet screenshots,,,,,,,,,,,,,,,,,,,38,36,38,28,30,3318.0,0,,,,,,,,,,,,,0.0,,0.03,,,,,,,,,,,,,,,,,,,,,,,,,,,,,,,,,,,,,,,6,6,4.0,1727.2,1016.0,,,,,,
USA reference export,World Average,Standard Press,United Power SHD-400 Ton,,36.3,44.13,17.89,0.0,1.0,1.3,,1.0,0.5,,,,,,False,,,,0.7,1.0,4508.88,10,37.29,636000,80.0,3511.2,0.0,0.0,5,3.0,20,USA,Uploaded Standard Press machine fleet screenshots,,,,,,,,,,,,,,,,,,,0,0,0,0,0,2192.0,6,,,,,,,,,,,,,0.0,,0.03,,,,,,,,,,,,,,,,,,,,,,,,,,,,,,,,,,,,,,,0,0,2.6,1800.86,1198.88,,,,,,
USA reference export,World Average,Standard Press,United Power SHD-666 Ton,,36.3,79.41,19.03,0.0,1.0,1.3,,1.0,0.5,,,,,,True,,,,0.7,1.0,4998.72,10,74.57,1060000,80.0,4053.08,0.0,0.0,3,3.0,30,Germany,Uploaded Standard Press machine fleet screenshots,,,,,,,,,,,,,,,,,,,63,60,63,46,50,5000.0,6,,,,,,,,,,,,,0.0,,0.03,,,,,,,,,,,,,,,,,,,,,,,,,,,,,,,,,,,,,,,0,0,2.6,2000.0,1300.0,,,,,,
USA reference export,World Average,Standard Press,United Power SHS-166 Ton,,36.3,18.23,15.1,0.0,1.0,1.3,,1.0,0.5,,,,,,False,,,,0.7,1.0,1757.5,10,14.91,264000,80.0,2806.16,0.0,0.0,3,3.0,30,Virtual,Uploaded Standard Press machine fleet screenshots,,,,,,,,,,,,,,,,,,,40,38,40,29,32,4000.0,0,,,,,,,,,,,,,0.0,,0.03,,,,,,,,,,,,,,,,,,,,,,,,,,,,,,,,,,,,,,,0,6,3.0,2250.44,1300.48,,,,,,
USA reference export,World Average,Standard Press,United Power SHS-666 Ton,,36.3,79.41,15.99,0.0,1.0,1.3,,1.0,0.5,,,,,,False,,,,0.7,1.0,3236.98,10,74.57,1060000,80.0,4053.08,0.0,0.0,3,3.0,30,USA,Uploaded Standard Press machine fleet screenshots,,,,,,,,,,,,,,,,,,,80,77,80,0,0,6636.0,0,,,,,,,,,,,,,0.0,,0.03,,,,,,,,,,,,,,,,,,,,,,,,,,,,,,,,,,,,,,,0,0,2.6,2499.36,1501.14,,,,,,
USA reference export,World Average,Standard Press,United Power THD-137 High Speed,,36.3,17.7,15.26,0.0,1.0,1.3,,1.0,0.5,,,,,,False,,,,0.7,1.0,2286.4,10,29.81,218000,80.0,2438.4,0.0,0.0,3,3.0,30,USA,Uploaded Standard Press machine fleet screenshots,,,,,,,,,,,,,,,,,,,112,108,112,59,64,7000.0,6,,,,,,,,,,,,,0.0,,0.03,,,,,,,,,,,,,,,,,,,,,,,,,,,,,,,,,,,,,,,0,0,0.32,3250.0,1900.0,,,,,,
USA reference export,World Average,Standard Press,United Power THD-333 High Speed,,36.3,38.78,16.26,0.0,1.0,1.3,,1.0,0.5,,,,,,True,,,,0.7,1.0,3454.4,10,44.74,529000,80.0,2743.2,0.0,0.0,3,3.0,30,Germany,Uploaded Standard Press machine fleet screenshots,,,,,,,,,,,,,,,,,,,0,0,0,0,90,7000.0,6,,,,,,,,,,,,,0.0,,0.03,,,,,,,,,,,,,,,,,,,,,,,,,,,,,,,,,,,,,,,6,0,0.6,3403.6,1900.0,,,,,,
USA reference export,World Average,Standard Press,United Power THD-66 High Speed,,36.3,8.61,15.1,0.0,1.0,1.3,,1.0,0.5,,,,,,False,,,,0.7,1.0,1757.5,10,14.91,105000,80.0,2804.16,0.0,0.0,5,3.0,20,Virtual,Uploaded Standard Press machine fleet screenshots,,,,,,,,,,,,,,,,,,,112,108,112,83,90,20000.0,0,,,,,,,,,,,,,0.0,,0.03,,,,,,,,,,,,,,,,,,,,,,,,,,,,,,,,,,,,,,,6,0,0.32,6100.0,2500.0,,,,,,
USA reference export,World Average,Standard Press,STD_PRESS_17 (name unknown),,,,,,,,,,,,,,,,,,,,,,,,,,,,,,,,,,,,,,,,,,,,,,"17th machine referenced by std_press_17_machines.json (expected_machine_count=17, complete_machine_count=16) -- the source screenshots only showed 16 complete rows; this machine's identity and specs were never captured. Left as a documented gap, not fabricated. If source data ever arrives, replace this placeholder entry.",,,,,,,,,,,,,,,,,,,,,,,,,,,,,,,,,,,,,,,,,,,,,,,,,,,,,,,,,,,,,,,,,,,,,,,,,,,,,missing_source_data
