country,note,recordCount,category,name,laborRate_USD_hr,directOverheadRate,indirectOverheadRate,unverified,provenanceNote
Mexico,"Country-specific overrides only (laborRate, directOverheadRate, indirectOverheadRate). All other fields (setupTime, rapidTraverseRate, laborTimeStandard, workFactor, etc.) are common and inherit from world_average_base.json.",342,2-Axis Router,"2 Axis Router - 18,000 RPM",5.3,7.76,2.32,,
Mexico,"Country-specific overrides only (laborRate, directOverheadRate, indirectOverheadRate). All other fields (setupTime, rapidTraverseRate, laborTimeStandard, workFactor, etc.) are common and inherit from world_average_base.json.",342,2-Axis Router,"2 Axis Router - 20,000 RPM",5.3,7.49,2.34,,
Mexico,"Country-specific overrides only (laborRate, directOverheadRate, indirectOverheadRate). All other fields (setupTime, rapidTraverseRate, laborTimeStandard, workFactor, etc.) are common and inherit from world_average_base.json.",342,2-Axis Router,"2 Axis Router - 24,000 RPM",5.3,15.73,3.25,,
Mexico,"Country-specific overrides only (laborRate, directOverheadRate, indirectOverheadRate). All other fields (setupTime, rapidTraverseRate, laborTimeStandard, workFactor, etc.) are common and inherit from world_average_base.json.",342,2-Axis Router,Multicam 103,5.3,5.97,2.28,,
Mexico,"Country-specific overrides only (laborRate, directOverheadRate, indirectOverheadRate). All other fields (setupTime, rapidTraverseRate, laborTimeStandard, workFactor, etc.) are common and inherit from world_average_base.json.",342,2-Axis Router,Multicam 204,5.3,6.56,2.37,,
Mexico,"Country-specific overrides only (laborRate, directOverheadRate, indirectOverheadRate). All other fields (setupTime, rapidTraverseRate, laborTimeStandard, workFactor, etc.) are common and inherit from world_average_base.json.",342,2-Axis Router,Multicam 304,5.3,7.49,2.34,,
Mexico,"Country-specific overrides only (laborRate, directOverheadRate, indirectOverheadRate). All other fields (setupTime, rapidTraverseRate, laborTimeStandard, workFactor, etc.) are common and inherit from world_average_base.json.",342,2-Axis Router,Stratos Pro,5.3,12.04,2.85,,
Mexico,"Country-specific overrides only (laborRate, directOverheadRate, indirectOverheadRate). All other fields (setupTime, rapidTraverseRate, laborTimeStandard, workFactor, etc.) are common and inherit from world_average_base.json.",342,2-Axis Router,Stratos Pro 24,5.3,15.73,3.25,,
Mexico,"Country-specific overrides only (laborRate, directOverheadRate, indirectOverheadRate). All other fields (setupTime, rapidTraverseRate, laborTimeStandard, workFactor, etc.) are common and inherit from world_average_base.json.",342,2-Axis Router,Stratos Pro XL,5.3,14.45,3.01,,
Mexico,"Country-specific overrides only (laborRate, directOverheadRate, indirectOverheadRate). All other fields (setupTime, rapidTraverseRate, laborTimeStandard, workFactor, etc.) are common and inherit from world_average_base.json.",342,2-Roll Bender,2 Roll Bender - 1400mm Roll Length,6.3,4.7,2.44,,
Mexico,"Country-specific overrides only (laborRate, directOverheadRate, indirectOverheadRate). All other fields (setupTime, rapidTraverseRate, laborTimeStandard, workFactor, etc.) are common and inherit from world_average_base.json.",342,2-Roll Bender,2 Roll Bender - 200mm Roll Length,6.3,2.12,2.12,,
Mexico,"Country-specific overrides only (laborRate, directOverheadRate, indirectOverheadRate). All other fields (setupTime, rapidTraverseRate, laborTimeStandard, workFactor, etc.) are common and inherit from world_average_base.json.",342,2-Roll Bender,2 Roll Bender - 2050mm Roll Length,6.3,7.32,2.94,,
Mexico,"Country-specific overrides only (laborRate, directOverheadRate, indirectOverheadRate). All other fields (setupTime, rapidTraverseRate, laborTimeStandard, workFactor, etc.) are common and inherit from world_average_base.json.",342,2-Roll Bender,2 Roll Bender - 800mm Roll Length,6.3,3.18,2.18,,
Mexico,"Country-specific overrides only (laborRate, directOverheadRate, indirectOverheadRate). All other fields (setupTime, rapidTraverseRate, laborTimeStandard, workFactor, etc.) are common and inherit from world_average_base.json.",342,2-Roll Bender,Acrotec LD-1024,6.3,3.01,2.1,,
Mexico,"Country-specific overrides only (laborRate, directOverheadRate, indirectOverheadRate). All other fields (setupTime, rapidTraverseRate, laborTimeStandard, workFactor, etc.) are common and inherit from world_average_base.json.",342,2-Roll Bender,Acrotec LD-1230,6.3,2.56,2.12,,
Mexico,"Country-specific overrides only (laborRate, directOverheadRate, indirectOverheadRate). All other fields (setupTime, rapidTraverseRate, laborTimeStandard, workFactor, etc.) are common and inherit from world_average_base.json.",342,2-Roll Bender,Acrotec LD-1418,6.3,2.38,2.06,,
Mexico,"Country-specific overrides only (laborRate, directOverheadRate, indirectOverheadRate). All other fields (setupTime, rapidTraverseRate, laborTimeStandard, workFactor, etc.) are common and inherit from world_average_base.json.",342,2-Roll Bender,Acrotec LD-31618,6.3,2.92,2.08,,
Mexico,"Country-specific overrides only (laborRate, directOverheadRate, indirectOverheadRate). All other fields (setupTime, rapidTraverseRate, laborTimeStandard, workFactor, etc.) are common and inherit from world_average_base.json.",342,2-Roll Bender,Faccin HCU 1050 X 3,6.3,3.71,2.46,,
Mexico,"Country-specific overrides only (laborRate, directOverheadRate, indirectOverheadRate). All other fields (setupTime, rapidTraverseRate, laborTimeStandard, workFactor, etc.) are common and inherit from world_average_base.json.",342,2-Roll Bender,Faccin HCU 1550 X 4,6.3,3.82,2.56,,
Mexico,"Country-specific overrides only (laborRate, directOverheadRate, indirectOverheadRate). All other fields (setupTime, rapidTraverseRate, laborTimeStandard, workFactor, etc.) are common and inherit from world_average_base.json.",342,2-Roll Bender,Faccin HCU 200 X 2,6.3,2.58,2.04,,
Mexico,"Country-specific overrides only (laborRate, directOverheadRate, indirectOverheadRate). All other fields (setupTime, rapidTraverseRate, laborTimeStandard, workFactor, etc.) are common and inherit from world_average_base.json.",342,2-Roll Bender,Faccin HCU 2050 X 5,6.3,7.21,2.8,,
Mexico,"Country-specific overrides only (laborRate, directOverheadRate, indirectOverheadRate). All other fields (setupTime, rapidTraverseRate, laborTimeStandard, workFactor, etc.) are common and inherit from world_average_base.json.",342,2-Roll Bender,Faccin HCU 300 X 1,6.3,2.02,2.08,,
Mexico,"Country-specific overrides only (laborRate, directOverheadRate, indirectOverheadRate). All other fields (setupTime, rapidTraverseRate, laborTimeStandard, workFactor, etc.) are common and inherit from world_average_base.json.",342,2-Roll Bender,Faccin HCU 550 X 5,6.3,4.68,2.08,,
Mexico,"Country-specific overrides only (laborRate, directOverheadRate, indirectOverheadRate). All other fields (setupTime, rapidTraverseRate, laborTimeStandard, workFactor, etc.) are common and inherit from world_average_base.json.",342,3-Roll Bender,3 Roll Bender - 12200mm Roll Length,6.3,125.42,7.88,,
Mexico,"Country-specific overrides only (laborRate, directOverheadRate, indirectOverheadRate). All other fields (setupTime, rapidTraverseRate, laborTimeStandard, workFactor, etc.) are common and inherit from world_average_base.json.",342,3-Roll Bender,3 Roll Bender - 2000mm Roll Length,6.3,3.95,2.53,,
Mexico,"Country-specific overrides only (laborRate, directOverheadRate, indirectOverheadRate). All other fields (setupTime, rapidTraverseRate, laborTimeStandard, workFactor, etc.) are common and inherit from world_average_base.json.",342,3-Roll Bender,3 Roll Bender - 2500mm Roll Length,6.3,6.74,2.98,,
Mexico,"Country-specific overrides only (laborRate, directOverheadRate, indirectOverheadRate). All other fields (setupTime, rapidTraverseRate, laborTimeStandard, workFactor, etc.) are common and inherit from world_average_base.json.",342,3-Roll Bender,3 Roll Bender - 3200mm Roll Length,6.3,18.67,4.2,,
Mexico,"Country-specific overrides only (laborRate, directOverheadRate, indirectOverheadRate). All other fields (setupTime, rapidTraverseRate, laborTimeStandard, workFactor, etc.) are common and inherit from world_average_base.json.",342,3-Roll Bender,3 Roll Bender - 6100mm Roll Length,6.3,53.67,5.43,,
Mexico,"Country-specific overrides only (laborRate, directOverheadRate, indirectOverheadRate). All other fields (setupTime, rapidTraverseRate, laborTimeStandard, workFactor, etc.) are common and inherit from world_average_base.json.",342,3-Roll Bender,3 Roll Bender - 9000mm Roll Length,6.3,90.57,6.59,,
Mexico,"Country-specific overrides only (laborRate, directOverheadRate, indirectOverheadRate). All other fields (setupTime, rapidTraverseRate, laborTimeStandard, workFactor, etc.) are common and inherit from world_average_base.json.",342,3-Roll Bender,Bertsch 25-10,6.3,6.03,4.0,,
Mexico,"Country-specific overrides only (laborRate, directOverheadRate, indirectOverheadRate). All other fields (setupTime, rapidTraverseRate, laborTimeStandard, workFactor, etc.) are common and inherit from world_average_base.json.",342,3-Roll Bender,Bertsch 37-10,6.3,10.53,4.0,,
Mexico,"Country-specific overrides only (laborRate, directOverheadRate, indirectOverheadRate). All other fields (setupTime, rapidTraverseRate, laborTimeStandard, workFactor, etc.) are common and inherit from world_average_base.json.",342,3-Roll Bender,Bertsch 50-08,6.3,9.58,3.76,,
Mexico,"Country-specific overrides only (laborRate, directOverheadRate, indirectOverheadRate). All other fields (setupTime, rapidTraverseRate, laborTimeStandard, workFactor, etc.) are common and inherit from world_average_base.json.",342,3-Roll Bender,Bertsch 75-10,6.3,18.61,4.15,,
Mexico,"Country-specific overrides only (laborRate, directOverheadRate, indirectOverheadRate). All other fields (setupTime, rapidTraverseRate, laborTimeStandard, workFactor, etc.) are common and inherit from world_average_base.json.",342,3-Roll Bender,Faccin ASI/M 1513,6.3,4.57,3.37,,
Mexico,"Country-specific overrides only (laborRate, directOverheadRate, indirectOverheadRate). All other fields (setupTime, rapidTraverseRate, laborTimeStandard, workFactor, etc.) are common and inherit from world_average_base.json.",342,3-Roll Bender,Faccin ASI/M 1515,6.3,5.19,3.01,,
Mexico,"Country-specific overrides only (laborRate, directOverheadRate, indirectOverheadRate). All other fields (setupTime, rapidTraverseRate, laborTimeStandard, workFactor, etc.) are common and inherit from world_average_base.json.",342,3-Roll Bender,Faccin ASI/M 1517,6.3,4.97,2.26,,
Mexico,"Country-specific overrides only (laborRate, directOverheadRate, indirectOverheadRate). All other fields (setupTime, rapidTraverseRate, laborTimeStandard, workFactor, etc.) are common and inherit from world_average_base.json.",342,3-Roll Bender,Faccin ASI/M 2013,6.3,5.99,2.25,,
Mexico,"Country-specific overrides only (laborRate, directOverheadRate, indirectOverheadRate). All other fields (setupTime, rapidTraverseRate, laborTimeStandard, workFactor, etc.) are common and inherit from world_average_base.json.",342,3-Roll Bender,Faccin ASI/M 2015,6.3,7.7,2.39,,
Mexico,"Country-specific overrides only (laborRate, directOverheadRate, indirectOverheadRate). All other fields (setupTime, rapidTraverseRate, laborTimeStandard, workFactor, etc.) are common and inherit from world_average_base.json.",342,3-Roll Bender,Faccin ASI/M 2017,6.3,3.59,2.31,,
Mexico,"Country-specific overrides only (laborRate, directOverheadRate, indirectOverheadRate). All other fields (setupTime, rapidTraverseRate, laborTimeStandard, workFactor, etc.) are common and inherit from world_average_base.json.",342,3-Roll Bender,Faccin ASI/M 2513,6.3,4.6,2.31,,
Mexico,"Country-specific overrides only (laborRate, directOverheadRate, indirectOverheadRate). All other fields (setupTime, rapidTraverseRate, laborTimeStandard, workFactor, etc.) are common and inherit from world_average_base.json.",342,3-Roll Bender,Faccin ASI/M 2515,6.3,6.32,2.47,,
Mexico,"Country-specific overrides only (laborRate, directOverheadRate, indirectOverheadRate). All other fields (setupTime, rapidTraverseRate, laborTimeStandard, workFactor, etc.) are common and inherit from world_average_base.json.",342,3-Roll Bender,Faccin ASI/M 2517,6.3,2.89,2.36,,
Mexico,"Country-specific overrides only (laborRate, directOverheadRate, indirectOverheadRate). All other fields (setupTime, rapidTraverseRate, laborTimeStandard, workFactor, etc.) are common and inherit from world_average_base.json.",342,3-Roll Bender,Knuth KRB 2513,6.3,3.91,2.37,,
Mexico,"Country-specific overrides only (laborRate, directOverheadRate, indirectOverheadRate). All other fields (setupTime, rapidTraverseRate, laborTimeStandard, workFactor, etc.) are common and inherit from world_average_base.json.",342,3-Roll Bender,Knuth KRM-S 30/4,6.3,5.62,2.54,,
Mexico,"Country-specific overrides only (laborRate, directOverheadRate, indirectOverheadRate). All other fields (setupTime, rapidTraverseRate, laborTimeStandard, workFactor, etc.) are common and inherit from world_average_base.json.",342,3D Laser,3D Laser - 3300 Watts,5.3,18.61,5.14,,
Mexico,"Country-specific overrides only (laborRate, directOverheadRate, indirectOverheadRate). All other fields (setupTime, rapidTraverseRate, laborTimeStandard, workFactor, etc.) are common and inherit from world_average_base.json.",342,3D Laser,3D Laser - 5000 Watts,5.3,19.14,5.14,,
Mexico,"Country-specific overrides only (laborRate, directOverheadRate, indirectOverheadRate). All other fields (setupTime, rapidTraverseRate, laborTimeStandard, workFactor, etc.) are common and inherit from world_average_base.json.",342,3D Laser,Default 3D Laser,5.3,18.2,5.14,,
Mexico,"Country-specific overrides only (laborRate, directOverheadRate, indirectOverheadRate). All other fields (setupTime, rapidTraverseRate, laborTimeStandard, workFactor, etc.) are common and inherit from world_average_base.json.",342,3D Laser,ML1515VZ10-20XF,5.3,48.29,3.0,,
Mexico,"Country-specific overrides only (laborRate, directOverheadRate, indirectOverheadRate). All other fields (setupTime, rapidTraverseRate, laborTimeStandard, workFactor, etc.) are common and inherit from world_average_base.json.",342,3D Laser,ML1515VZ10-30CF-R,5.3,56.34,3.0,,
Mexico,"Country-specific overrides only (laborRate, directOverheadRate, indirectOverheadRate). All other fields (setupTime, rapidTraverseRate, laborTimeStandard, workFactor, etc.) are common and inherit from world_average_base.json.",342,3D Laser,ML3122VZ10-20XF,5.3,53.75,3.55,,
Mexico,"Country-specific overrides only (laborRate, directOverheadRate, indirectOverheadRate). All other fields (setupTime, rapidTraverseRate, laborTimeStandard, workFactor, etc.) are common and inherit from world_average_base.json.",342,3D Laser,ML3122VZ10-30CF-R,5.3,61.8,3.55,,
Mexico,"Country-specific overrides only (laborRate, directOverheadRate, indirectOverheadRate). All other fields (setupTime, rapidTraverseRate, laborTimeStandard, workFactor, etc.) are common and inherit from world_average_base.json.",342,3D Laser,ML4322VZ10-20XF,5.3,74.84,3.92,,
Mexico,"Country-specific overrides only (laborRate, directOverheadRate, indirectOverheadRate). All other fields (setupTime, rapidTraverseRate, laborTimeStandard, workFactor, etc.) are common and inherit from world_average_base.json.",342,3D Laser,ML4322VZ10-30CF-R,5.3,82.89,3.92,,
Mexico,"Country-specific overrides only (laborRate, directOverheadRate, indirectOverheadRate). All other fields (setupTime, rapidTraverseRate, laborTimeStandard, workFactor, etc.) are common and inherit from world_average_base.json.",342,3D Laser,NTC TLM-404 3300,5.3,18.61,3.5,,
Mexico,"Country-specific overrides only (laborRate, directOverheadRate, indirectOverheadRate). All other fields (setupTime, rapidTraverseRate, laborTimeStandard, workFactor, etc.) are common and inherit from world_average_base.json.",342,3D Laser,NTC TLM-404 5000,5.3,19.14,3.5,,
Mexico,"Country-specific overrides only (laborRate, directOverheadRate, indirectOverheadRate). All other fields (setupTime, rapidTraverseRate, laborTimeStandard, workFactor, etc.) are common and inherit from world_average_base.json.",342,3D Laser,NTC TLM-608 3300,5.3,18.61,3.79,,
Mexico,"Country-specific overrides only (laborRate, directOverheadRate, indirectOverheadRate). All other fields (setupTime, rapidTraverseRate, laborTimeStandard, workFactor, etc.) are common and inherit from world_average_base.json.",342,3D Laser,NTC TLM-608 5000,5.3,19.14,3.79,,
Mexico,"Country-specific overrides only (laborRate, directOverheadRate, indirectOverheadRate). All other fields (setupTime, rapidTraverseRate, laborTimeStandard, workFactor, etc.) are common and inherit from world_average_base.json.",342,3D Laser,NTC TLM-914 3300,5.3,18.61,5.14,,
Mexico,"Country-specific overrides only (laborRate, directOverheadRate, indirectOverheadRate). All other fields (setupTime, rapidTraverseRate, laborTimeStandard, workFactor, etc.) are common and inherit from world_average_base.json.",342,3D Laser,NTC TLM-914 5000,5.3,19.14,5.14,,
Mexico,"Country-specific overrides only (laborRate, directOverheadRate, indirectOverheadRate). All other fields (setupTime, rapidTraverseRate, laborTimeStandard, workFactor, etc.) are common and inherit from world_average_base.json.",342,4-Roll Bender,4 Roll Bender - 12200mm Roll Length,6.3,309.3,10.81,,
Mexico,"Country-specific overrides only (laborRate, directOverheadRate, indirectOverheadRate). All other fields (setupTime, rapidTraverseRate, laborTimeStandard, workFactor, etc.) are common and inherit from world_average_base.json.",342,4-Roll Bender,4 Roll Bender - 2500mm Roll Length,6.3,6.3,3.16,,
Mexico,"Country-specific overrides only (laborRate, directOverheadRate, indirectOverheadRate). All other fields (setupTime, rapidTraverseRate, laborTimeStandard, workFactor, etc.) are common and inherit from world_average_base.json.",342,4-Roll Bender,4 Roll Bender - 3000mm Roll Length,6.3,21.23,4.76,,
Mexico,"Country-specific overrides only (laborRate, directOverheadRate, indirectOverheadRate). All other fields (setupTime, rapidTraverseRate, laborTimeStandard, workFactor, etc.) are common and inherit from world_average_base.json.",342,4-Roll Bender,4 Roll Bender - 3500mm Roll Length,6.3,80.54,7.14,,
Mexico,"Country-specific overrides only (laborRate, directOverheadRate, indirectOverheadRate). All other fields (setupTime, rapidTraverseRate, laborTimeStandard, workFactor, etc.) are common and inherit from world_average_base.json.",342,4-Roll Bender,4 Roll Bender - 6100mm Roll Length,6.3,159.46,8.7,,
Mexico,"Country-specific overrides only (laborRate, directOverheadRate, indirectOverheadRate). All other fields (setupTime, rapidTraverseRate, laborTimeStandard, workFactor, etc.) are common and inherit from world_average_base.json.",342,4-Roll Bender,4 Roll Bender - 9000mm Roll Length,6.3,231.41,8.88,,
Mexico,"Country-specific overrides only (laborRate, directOverheadRate, indirectOverheadRate). All other fields (setupTime, rapidTraverseRate, laborTimeStandard, workFactor, etc.) are common and inherit from world_average_base.json.",342,4-Roll Bender,Bertsch 100-10,6.3,24.16,4.6,,
Mexico,"Country-specific overrides only (laborRate, directOverheadRate, indirectOverheadRate). All other fields (setupTime, rapidTraverseRate, laborTimeStandard, workFactor, etc.) are common and inherit from world_average_base.json.",342,4-Roll Bender,Faccin 4HEL 201,6.3,5.3,2.84,,
Mexico,"Country-specific overrides only (laborRate, directOverheadRate, indirectOverheadRate). All other fields (setupTime, rapidTraverseRate, laborTimeStandard, workFactor, etc.) are common and inherit from world_average_base.json.",342,4-Roll Bender,Faccin 4HEL 202,6.3,8.96,3.02,,
Mexico,"Country-specific overrides only (laborRate, directOverheadRate, indirectOverheadRate). All other fields (setupTime, rapidTraverseRate, laborTimeStandard, workFactor, etc.) are common and inherit from world_average_base.json.",342,4-Roll Bender,Faccin 4HEL 251,6.3,4.6,2.94,,
Mexico,"Country-specific overrides only (laborRate, directOverheadRate, indirectOverheadRate). All other fields (setupTime, rapidTraverseRate, laborTimeStandard, workFactor, etc.) are common and inherit from world_average_base.json.",342,4-Roll Bender,Faccin 4HEL 254,6.3,17.93,3.58,,
Mexico,"Country-specific overrides only (laborRate, directOverheadRate, indirectOverheadRate). All other fields (setupTime, rapidTraverseRate, laborTimeStandard, workFactor, etc.) are common and inherit from world_average_base.json.",342,4-Roll Bender,Faccin 4HEL 301,6.3,6.89,3.21,,
Mexico,"Country-specific overrides only (laborRate, directOverheadRate, indirectOverheadRate). All other fields (setupTime, rapidTraverseRate, laborTimeStandard, workFactor, etc.) are common and inherit from world_average_base.json.",342,4-Roll Bender,Faccin 4HEL 305,6.3,27.3,4.47,,
Mexico,"Country-specific overrides only (laborRate, directOverheadRate, indirectOverheadRate). All other fields (setupTime, rapidTraverseRate, laborTimeStandard, workFactor, etc.) are common and inherit from world_average_base.json.",342,4-Roll Bender,Faccin 4HEL 310,6.3,79.98,7.19,,
Mexico,"Country-specific overrides only (laborRate, directOverheadRate, indirectOverheadRate). All other fields (setupTime, rapidTraverseRate, laborTimeStandard, workFactor, etc.) are common and inherit from world_average_base.json.",342,4-Roll Bender,Faccin 4HEL 401,6.3,7.3,3.61,,
Mexico,"Country-specific overrides only (laborRate, directOverheadRate, indirectOverheadRate). All other fields (setupTime, rapidTraverseRate, laborTimeStandard, workFactor, etc.) are common and inherit from world_average_base.json.",342,4-Roll Bender,Faccin 4HEL 403,6.3,15.29,4.44,,
Mexico,"Country-specific overrides only (laborRate, directOverheadRate, indirectOverheadRate). All other fields (setupTime, rapidTraverseRate, laborTimeStandard, workFactor, etc.) are common and inherit from world_average_base.json.",342,4-Roll Bender,Faccin 4HEL 406,6.3,27.81,5.58,,
Mexico,"Country-specific overrides only (laborRate, directOverheadRate, indirectOverheadRate). All other fields (setupTime, rapidTraverseRate, laborTimeStandard, workFactor, etc.) are common and inherit from world_average_base.json.",342,4-Roll Bender,Knuth RBM 20/04 CNC,6.3,3.24,2.81,,
Mexico,"Country-specific overrides only (laborRate, directOverheadRate, indirectOverheadRate). All other fields (setupTime, rapidTraverseRate, laborTimeStandard, workFactor, etc.) are common and inherit from world_average_base.json.",342,4-Roll Bender,Knuth RBM 40/13 CNC,6.3,13.71,4.57,,
Mexico,"Country-specific overrides only (laborRate, directOverheadRate, indirectOverheadRate). All other fields (setupTime, rapidTraverseRate, laborTimeStandard, workFactor, etc.) are common and inherit from world_average_base.json.",342,Bend Brake,11010 (Heller-hydraulic),5.3,4.7,2.7,,
Mexico,"Country-specific overrides only (laborRate, directOverheadRate, indirectOverheadRate). All other fields (setupTime, rapidTraverseRate, laborTimeStandard, workFactor, etc.) are common and inherit from world_average_base.json.",342,Bend Brake,15010 (Heller-hydraulic),5.3,5.62,2.75,,
Mexico,"Country-specific overrides only (laborRate, directOverheadRate, indirectOverheadRate). All other fields (setupTime, rapidTraverseRate, laborTimeStandard, workFactor, etc.) are common and inherit from world_average_base.json.",342,Bend Brake,18510 (Heller-hydraulic),5.3,6.91,2.83,,
Mexico,"Country-specific overrides only (laborRate, directOverheadRate, indirectOverheadRate). All other fields (setupTime, rapidTraverseRate, laborTimeStandard, workFactor, etc.) are common and inherit from world_average_base.json.",342,Bend Brake,Autobrake 2000 Model: AB1016 (Roper Whitney),5.3,5.34,3.33,,
Mexico,"Country-specific overrides only (laborRate, directOverheadRate, indirectOverheadRate). All other fields (setupTime, rapidTraverseRate, laborTimeStandard, workFactor, etc.) are common and inherit from world_average_base.json.",342,Bend Brake,Bend Brake - 1500kN Press Force,5.3,8.05,2.7,,
Mexico,"Country-specific overrides only (laborRate, directOverheadRate, indirectOverheadRate). All other fields (setupTime, rapidTraverseRate, laborTimeStandard, workFactor, etc.) are common and inherit from world_average_base.json.",342,Bend Brake,Bend Brake - 2500kN Press Force,5.3,9.66,3.09,,
Mexico,"Country-specific overrides only (laborRate, directOverheadRate, indirectOverheadRate). All other fields (setupTime, rapidTraverseRate, laborTimeStandard, workFactor, etc.) are common and inherit from world_average_base.json.",342,Bend Brake,Bend Brake - 800kN Press Force,5.3,6.0,2.4,,
Mexico,"Country-specific overrides only (laborRate, directOverheadRate, indirectOverheadRate). All other fields (setupTime, rapidTraverseRate, laborTimeStandard, workFactor, etc.) are common and inherit from world_average_base.json.",342,Bend Brake,Default Bend Brake,5.3,6.74,2.7,,
Mexico,"Country-specific overrides only (laborRate, directOverheadRate, indirectOverheadRate). All other fields (setupTime, rapidTraverseRate, laborTimeStandard, workFactor, etc.) are common and inherit from world_average_base.json.",342,Bend Brake,FBD1253-NT (Amada- Upacting),5.3,6.74,2.58,,
Mexico,"Country-specific overrides only (laborRate, directOverheadRate, indirectOverheadRate). All other fields (setupTime, rapidTraverseRate, laborTimeStandard, workFactor, etc.) are common and inherit from world_average_base.json.",342,Bend Brake,HFE2204 (Amada- DownActing),5.3,14.13,4.01,,
Mexico,"Country-specific overrides only (laborRate, directOverheadRate, indirectOverheadRate). All other fields (setupTime, rapidTraverseRate, laborTimeStandard, workFactor, etc.) are common and inherit from world_average_base.json.",342,Bend Brake,HG-1303 (Amada),5.3,17.1,3.09,,
Mexico,"Country-specific overrides only (laborRate, directOverheadRate, indirectOverheadRate). All other fields (setupTime, rapidTraverseRate, laborTimeStandard, workFactor, etc.) are common and inherit from world_average_base.json.",342,Bend Brake,HG-2204 (Amada),5.3,25.17,3.43,,
Mexico,"Country-specific overrides only (laborRate, directOverheadRate, indirectOverheadRate). All other fields (setupTime, rapidTraverseRate, laborTimeStandard, workFactor, etc.) are common and inherit from world_average_base.json.",342,Bend Brake,HG-5020 (Amada),5.3,10.15,2.78,,
Mexico,"Country-specific overrides only (laborRate, directOverheadRate, indirectOverheadRate). All other fields (setupTime, rapidTraverseRate, laborTimeStandard, workFactor, etc.) are common and inherit from world_average_base.json.",342,Bend Brake,HG-8025 (Amada),5.3,13.53,2.91,,
Mexico,"Country-specific overrides only (laborRate, directOverheadRate, indirectOverheadRate). All other fields (setupTime, rapidTraverseRate, laborTimeStandard, workFactor, etc.) are common and inherit from world_average_base.json.",342,Bend Brake,SPH-30C (Amada),5.3,5.91,2.1,,
Mexico,"Country-specific overrides only (laborRate, directOverheadRate, indirectOverheadRate). All other fields (setupTime, rapidTraverseRate, laborTimeStandard, workFactor, etc.) are common and inherit from world_average_base.json.",342,Bend Brake,SPH-60C (Amada),5.3,6.96,2.23,,
Mexico,"Country-specific overrides only (laborRate, directOverheadRate, indirectOverheadRate). All other fields (setupTime, rapidTraverseRate, laborTimeStandard, workFactor, etc.) are common and inherit from world_average_base.json.",342,Cut To Length Line,"Cut To Length Line - 12mm Max Steel, 21mm Aluminum",4.37,16.84,16.0,,
Mexico,"Country-specific overrides only (laborRate, directOverheadRate, indirectOverheadRate). All other fields (setupTime, rapidTraverseRate, laborTimeStandard, workFactor, etc.) are common and inherit from world_average_base.json.",342,Cut To Length Line,"Cut To Length Line - 6mm Max Steel, 12mm Aluminum",4.37,16.84,16.0,,
Mexico,"Country-specific overrides only (laborRate, directOverheadRate, indirectOverheadRate). All other fields (setupTime, rapidTraverseRate, laborTimeStandard, workFactor, etc.) are common and inherit from world_average_base.json.",342,Cut To Length Line,Default CTL,4.37,16.84,16.0,,
Mexico,"Country-specific overrides only (laborRate, directOverheadRate, indirectOverheadRate). All other fields (setupTime, rapidTraverseRate, laborTimeStandard, workFactor, etc.) are common and inherit from world_average_base.json.",342,Cut To Length Line,GMV 102,4.37,16.84,16.0,,
Mexico,"Country-specific overrides only (laborRate, directOverheadRate, indirectOverheadRate). All other fields (setupTime, rapidTraverseRate, laborTimeStandard, workFactor, etc.) are common and inherit from world_average_base.json.",342,Cut To Length Line,Heller QLA- Profi,4.37,16.84,16.0,,
Mexico,"Country-specific overrides only (laborRate, directOverheadRate, indirectOverheadRate). All other fields (setupTime, rapidTraverseRate, laborTimeStandard, workFactor, etc.) are common and inherit from world_average_base.json.",342,Cut To Length Line,Heller QLA- Turbo10,4.37,16.84,16.0,,
Mexico,"Country-specific overrides only (laborRate, directOverheadRate, indirectOverheadRate). All other fields (setupTime, rapidTraverseRate, laborTimeStandard, workFactor, etc.) are common and inherit from world_average_base.json.",342,Cut To Length Line,Heller QLA- Turbo15,4.37,16.84,16.0,,
Mexico,"Country-specific overrides only (laborRate, directOverheadRate, indirectOverheadRate). All other fields (setupTime, rapidTraverseRate, laborTimeStandard, workFactor, etc.) are common and inherit from world_average_base.json.",342,Cut To Length Line,INTCOM .25 LINE,4.37,16.84,16.0,,
Mexico,"Country-specific overrides only (laborRate, directOverheadRate, indirectOverheadRate). All other fields (setupTime, rapidTraverseRate, laborTimeStandard, workFactor, etc.) are common and inherit from world_average_base.json.",342,Deslag,Default Deslag,4.37,0.38,2.04,,
Mexico,"Country-specific overrides only (laborRate, directOverheadRate, indirectOverheadRate). All other fields (setupTime, rapidTraverseRate, laborTimeStandard, workFactor, etc.) are common and inherit from world_average_base.json.",342,Deslag,Flex - L 1109 S,4.37,0.33,2.07,,
Mexico,"Country-specific overrides only (laborRate, directOverheadRate, indirectOverheadRate). All other fields (setupTime, rapidTraverseRate, laborTimeStandard, workFactor, etc.) are common and inherit from world_average_base.json.",342,Deslag,Flex - L 1506 VR,4.37,0.39,2.07,,
Mexico,"Country-specific overrides only (laborRate, directOverheadRate, indirectOverheadRate). All other fields (setupTime, rapidTraverseRate, laborTimeStandard, workFactor, etc.) are common and inherit from world_average_base.json.",342,Deslag,Milwaukee - Model 6072,4.37,0.36,2.07,,
Mexico,"Country-specific overrides only (laborRate, directOverheadRate, indirectOverheadRate). All other fields (setupTime, rapidTraverseRate, laborTimeStandard, workFactor, etc.) are common and inherit from world_average_base.json.",342,Deslag,Milwaukee - Model 6078,4.37,0.36,2.07,,
Mexico,"Country-specific overrides only (laborRate, directOverheadRate, indirectOverheadRate). All other fields (setupTime, rapidTraverseRate, laborTimeStandard, workFactor, etc.) are common and inherit from world_average_base.json.",342,Fiber Laser Cutter,Amada ENSIS-3015 AJ 6kW Fiber,5.3,54.48,2.98,,
Mexico,"Country-specific overrides only (laborRate, directOverheadRate, indirectOverheadRate). All other fields (setupTime, rapidTraverseRate, laborTimeStandard, workFactor, etc.) are common and inherit from world_average_base.json.",342,Fiber Laser Cutter,Amada ENSIS-4020 AJ 6kW Fiber,5.3,61.51,3.38,,
Mexico,"Country-specific overrides only (laborRate, directOverheadRate, indirectOverheadRate). All other fields (setupTime, rapidTraverseRate, laborTimeStandard, workFactor, etc.) are common and inherit from world_average_base.json.",342,Fiber Laser Cutter,Amada FOL-3015 AJ 4kW Fiber,5.3,40.78,2.94,,
Mexico,"Country-specific overrides only (laborRate, directOverheadRate, indirectOverheadRate). All other fields (setupTime, rapidTraverseRate, laborTimeStandard, workFactor, etc.) are common and inherit from world_average_base.json.",342,Fiber Laser Cutter,Amada LCG-3015 AJ 6kW Fiber,5.3,59.47,2.98,,
Mexico,"Country-specific overrides only (laborRate, directOverheadRate, indirectOverheadRate). All other fields (setupTime, rapidTraverseRate, laborTimeStandard, workFactor, etc.) are common and inherit from world_average_base.json.",342,Fiber Laser Cutter,Bystronic BySprint 4020 3kW Fiber,5.3,34.28,5.07,,
Mexico,"Country-specific overrides only (laborRate, directOverheadRate, indirectOverheadRate). All other fields (setupTime, rapidTraverseRate, laborTimeStandard, workFactor, etc.) are common and inherit from world_average_base.json.",342,Fiber Laser Cutter,Bystronic BySprint 4020 4kW Fiber,5.3,44.97,5.07,,
Mexico,"Country-specific overrides only (laborRate, directOverheadRate, indirectOverheadRate). All other fields (setupTime, rapidTraverseRate, laborTimeStandard, workFactor, etc.) are common and inherit from world_average_base.json.",342,Fiber Laser Cutter,Bystronic BySprint 6520 6kW Fiber,5.3,50.83,6.35,,
Mexico,"Country-specific overrides only (laborRate, directOverheadRate, indirectOverheadRate). All other fields (setupTime, rapidTraverseRate, laborTimeStandard, workFactor, etc.) are common and inherit from world_average_base.json.",342,Fiber Laser Cutter,Bystronic Bystar 3015 10kW Fiber,5.3,62.16,4.29,,
Mexico,"Country-specific overrides only (laborRate, directOverheadRate, indirectOverheadRate). All other fields (setupTime, rapidTraverseRate, laborTimeStandard, workFactor, etc.) are common and inherit from world_average_base.json.",342,Fiber Laser Cutter,Durma HD-F 3015 10kW Fiber,5.3,46.28,4.25,,
Mexico,"Country-specific overrides only (laborRate, directOverheadRate, indirectOverheadRate). All other fields (setupTime, rapidTraverseRate, laborTimeStandard, workFactor, etc.) are common and inherit from world_average_base.json.",342,Fiber Laser Cutter,Durma HD-F 3015 4kW Fiber,5.3,28.7,4.25,,
Mexico,"Country-specific overrides only (laborRate, directOverheadRate, indirectOverheadRate). All other fields (setupTime, rapidTraverseRate, laborTimeStandard, workFactor, etc.) are common and inherit from world_average_base.json.",342,Fiber Laser Cutter,Durma HD-F 3015 6kW Fiber,5.3,33.4,4.25,,
Mexico,"Country-specific overrides only (laborRate, directOverheadRate, indirectOverheadRate). All other fields (setupTime, rapidTraverseRate, laborTimeStandard, workFactor, etc.) are common and inherit from world_average_base.json.",342,Fiber Laser Cutter,Durma HD-F 3015 8kW Fiber,5.3,41.16,4.25,,
Mexico,"Country-specific overrides only (laborRate, directOverheadRate, indirectOverheadRate). All other fields (setupTime, rapidTraverseRate, laborTimeStandard, workFactor, etc.) are common and inherit from world_average_base.json.",342,Fiber Laser Cutter,Laser Cutter - 10kW Fiber,5.3,62.98,4.26,,
Mexico,"Country-specific overrides only (laborRate, directOverheadRate, indirectOverheadRate). All other fields (setupTime, rapidTraverseRate, laborTimeStandard, workFactor, etc.) are common and inherit from world_average_base.json.",342,Fiber Laser Cutter,Laser Cutter - 3kW Fiber,5.3,28.42,4.26,,
Mexico,"Country-specific overrides only (laborRate, directOverheadRate, indirectOverheadRate). All other fields (setupTime, rapidTraverseRate, laborTimeStandard, workFactor, etc.) are common and inherit from world_average_base.json.",342,Fiber Laser Cutter,Laser Cutter - 4kW Fiber,5.3,36.54,4.26,,
Mexico,"Country-specific overrides only (laborRate, directOverheadRate, indirectOverheadRate). All other fields (setupTime, rapidTraverseRate, laborTimeStandard, workFactor, etc.) are common and inherit from world_average_base.json.",342,Fiber Laser Cutter,Laser Cutter - 6kW Fiber,5.3,42.99,4.26,,
Mexico,"Country-specific overrides only (laborRate, directOverheadRate, indirectOverheadRate). All other fields (setupTime, rapidTraverseRate, laborTimeStandard, workFactor, etc.) are common and inherit from world_average_base.json.",342,Fiber Laser Cutter,Laser Cutter - 8kW Fiber,5.3,50.05,4.26,,
Mexico,"Country-specific overrides only (laborRate, directOverheadRate, indirectOverheadRate). All other fields (setupTime, rapidTraverseRate, laborTimeStandard, workFactor, etc.) are common and inherit from world_average_base.json.",342,Fiber Laser Cutter,Mitsubishi 800 Series 3015 eX-F10 10kW Fiber,5.3,54.63,3.04,,
Mexico,"Country-specific overrides only (laborRate, directOverheadRate, indirectOverheadRate). All other fields (setupTime, rapidTraverseRate, laborTimeStandard, workFactor, etc.) are common and inherit from world_average_base.json.",342,Fiber Laser Cutter,Mitsubishi 800 Series 3015 eX-F8 8kW Fiber,5.3,49.19,3.04,,
Mexico,"Country-specific overrides only (laborRate, directOverheadRate, indirectOverheadRate). All other fields (setupTime, rapidTraverseRate, laborTimeStandard, workFactor, etc.) are common and inherit from world_average_base.json.",342,Fiber Laser Cutter,Mitsubishi 800 Series 3015 eXZ-F60 6kW Fiber,5.3,40.11,3.04,,
Mexico,"Country-specific overrides only (laborRate, directOverheadRate, indirectOverheadRate). All other fields (setupTime, rapidTraverseRate, laborTimeStandard, workFactor, etc.) are common and inherit from world_average_base.json.",342,Fiber Laser Cutter,Mitsubishi ML 3015 sR-F30 3kW Fiber,5.3,29.96,3.1,,
Mexico,"Country-specific overrides only (laborRate, directOverheadRate, indirectOverheadRate). All other fields (setupTime, rapidTraverseRate, laborTimeStandard, workFactor, etc.) are common and inherit from world_average_base.json.",342,Fiber Laser Cutter,Salvagnini L3-30 2kW Fiber,5.3,21.53,3.57,,
Mexico,"Country-specific overrides only (laborRate, directOverheadRate, indirectOverheadRate). All other fields (setupTime, rapidTraverseRate, laborTimeStandard, workFactor, etc.) are common and inherit from world_average_base.json.",342,Fiber Laser Cutter,Salvagnini L3-40 3kW Fiber,5.3,31.19,3.57,,
Mexico,"Country-specific overrides only (laborRate, directOverheadRate, indirectOverheadRate). All other fields (setupTime, rapidTraverseRate, laborTimeStandard, workFactor, etc.) are common and inherit from world_average_base.json.",342,Fiber Laser Cutter,Trumpf TruLaser 1030 TruDisk 3001 3kW Fiber,5.3,30.65,2.75,,
Mexico,"Country-specific overrides only (laborRate, directOverheadRate, indirectOverheadRate). All other fields (setupTime, rapidTraverseRate, laborTimeStandard, workFactor, etc.) are common and inherit from world_average_base.json.",342,Fiber Laser Cutter,Trumpf TruLaser 3030 6kW Fiber,5.3,51.19,3.43,,
Mexico,"Country-specific overrides only (laborRate, directOverheadRate, indirectOverheadRate). All other fields (setupTime, rapidTraverseRate, laborTimeStandard, workFactor, etc.) are common and inherit from world_average_base.json.",342,Fiber Laser Cutter,Trumpf TruLaser 5030 10kW Fiber,5.3,82.26,3.43,,
Mexico,"Country-specific overrides only (laborRate, directOverheadRate, indirectOverheadRate). All other fields (setupTime, rapidTraverseRate, laborTimeStandard, workFactor, etc.) are common and inherit from world_average_base.json.",342,CO2 Laser Cutter,Cincinnati CL 850,5.3,36.72,5.87,,
Mexico,"Country-specific overrides only (laborRate, directOverheadRate, indirectOverheadRate). All other fields (setupTime, rapidTraverseRate, laborTimeStandard, workFactor, etc.) are common and inherit from world_average_base.json.",342,CO2 Laser Cutter,Default Laser,5.3,18.78,5.13,,
Mexico,"Country-specific overrides only (laborRate, directOverheadRate, indirectOverheadRate). All other fields (setupTime, rapidTraverseRate, laborTimeStandard, workFactor, etc.) are common and inherit from world_average_base.json.",342,CO2 Laser Cutter,ESAB - 3000XT,5.3,18.52,5.13,,
Mexico,"Country-specific overrides only (laborRate, directOverheadRate, indirectOverheadRate). All other fields (setupTime, rapidTraverseRate, laborTimeStandard, workFactor, etc.) are common and inherit from world_average_base.json.",342,CO2 Laser Cutter,Echo 3300,5.3,18.61,5.13,,
Mexico,"Country-specific overrides only (laborRate, directOverheadRate, indirectOverheadRate). All other fields (setupTime, rapidTraverseRate, laborTimeStandard, workFactor, etc.) are common and inherit from world_average_base.json.",342,CO2 Laser Cutter,FO-Mil 2412 NT,5.3,26.39,3.03,,
Mexico,"Country-specific overrides only (laborRate, directOverheadRate, indirectOverheadRate). All other fields (setupTime, rapidTraverseRate, laborTimeStandard, workFactor, etc.) are common and inherit from world_average_base.json.",342,CO2 Laser Cutter,FO-Mil 3015 NT,5.3,39.11,3.86,,
Mexico,"Country-specific overrides only (laborRate, directOverheadRate, indirectOverheadRate). All other fields (setupTime, rapidTraverseRate, laborTimeStandard, workFactor, etc.) are common and inherit from world_average_base.json.",342,CO2 Laser Cutter,FO-Mil RI 3015,5.3,39.05,4.57,,
Mexico,"Country-specific overrides only (laborRate, directOverheadRate, indirectOverheadRate). All other fields (setupTime, rapidTraverseRate, laborTimeStandard, workFactor, etc.) are common and inherit from world_average_base.json.",342,CO2 Laser Cutter,LC-2412 F1 NT,5.3,24.55,3.86,,
Mexico,"Country-specific overrides only (laborRate, directOverheadRate, indirectOverheadRate). All other fields (setupTime, rapidTraverseRate, laborTimeStandard, workFactor, etc.) are common and inherit from world_average_base.json.",342,CO2 Laser Cutter,LC-3015 F1 NT,5.3,48.13,3.93,,
Mexico,"Country-specific overrides only (laborRate, directOverheadRate, indirectOverheadRate). All other fields (setupTime, rapidTraverseRate, laborTimeStandard, workFactor, etc.) are common and inherit from world_average_base.json.",342,CO2 Laser Cutter,LC-4020 F1 NT,5.3,79.17,4.66,,
Mexico,"Country-specific overrides only (laborRate, directOverheadRate, indirectOverheadRate). All other fields (setupTime, rapidTraverseRate, laborTimeStandard, workFactor, etc.) are common and inherit from world_average_base.json.",342,CO2 Laser Cutter,LCG-3015,5.3,41.25,3.92,,
Mexico,"Country-specific overrides only (laborRate, directOverheadRate, indirectOverheadRate). All other fields (setupTime, rapidTraverseRate, laborTimeStandard, workFactor, etc.) are common and inherit from world_average_base.json.",342,CO2 Laser Cutter,Laser Cutter - 10000 Watts,5.3,73.44,5.08,,
Mexico,"Country-specific overrides only (laborRate, directOverheadRate, indirectOverheadRate). All other fields (setupTime, rapidTraverseRate, laborTimeStandard, workFactor, etc.) are common and inherit from world_average_base.json.",342,CO2 Laser Cutter,Laser Cutter - 2000 Watts,5.3,18.45,4.83,,
Mexico,"Country-specific overrides only (laborRate, directOverheadRate, indirectOverheadRate). All other fields (setupTime, rapidTraverseRate, laborTimeStandard, workFactor, etc.) are common and inherit from world_average_base.json.",342,CO2 Laser Cutter,Laser Cutter - 3000 Watts,5.3,18.67,5.07,,
Mexico,"Country-specific overrides only (laborRate, directOverheadRate, indirectOverheadRate). All other fields (setupTime, rapidTraverseRate, laborTimeStandard, workFactor, etc.) are common and inherit from world_average_base.json.",342,CO2 Laser Cutter,Laser Cutter - 4000 Watts,5.3,36.69,6.7,,
Mexico,"Country-specific overrides only (laborRate, directOverheadRate, indirectOverheadRate). All other fields (setupTime, rapidTraverseRate, laborTimeStandard, workFactor, etc.) are common and inherit from world_average_base.json.",342,CO2 Laser Cutter,Laser Cutter - 6000 Watts,5.3,45.69,6.7,,
Mexico,"Country-specific overrides only (laborRate, directOverheadRate, indirectOverheadRate). All other fields (setupTime, rapidTraverseRate, laborTimeStandard, workFactor, etc.) are common and inherit from world_average_base.json.",342,CO2 Laser Cutter,Laser Cutter - 8000 Watts,5.3,63.08,5.08,,
Mexico,"Country-specific overrides only (laborRate, directOverheadRate, indirectOverheadRate). All other fields (setupTime, rapidTraverseRate, laborTimeStandard, workFactor, etc.) are common and inherit from world_average_base.json.",342,CO2 Laser Cutter,Mitsubishi NX 6000,5.3,45.82,5.64,,
Mexico,"Country-specific overrides only (laborRate, directOverheadRate, indirectOverheadRate). All other fields (setupTime, rapidTraverseRate, laborTimeStandard, workFactor, etc.) are common and inherit from world_average_base.json.",342,CO2 Laser Cutter,Quattro,5.3,16.69,2.48,,
Mexico,"Country-specific overrides only (laborRate, directOverheadRate, indirectOverheadRate). All other fields (setupTime, rapidTraverseRate, laborTimeStandard, workFactor, etc.) are common and inherit from world_average_base.json.",342,CO2 Laser Cutter,Trumatic L 4030 - 4000,5.3,40.27,6.05,,
Mexico,"Country-specific overrides only (laborRate, directOverheadRate, indirectOverheadRate). All other fields (setupTime, rapidTraverseRate, laborTimeStandard, workFactor, etc.) are common and inherit from world_average_base.json.",342,CO2 Laser Cutter,Trumatic TLF 2700,5.3,26.25,4.82,,
Mexico,"Country-specific overrides only (laborRate, directOverheadRate, indirectOverheadRate). All other fields (setupTime, rapidTraverseRate, laborTimeStandard, workFactor, etc.) are common and inherit from world_average_base.json.",342,CO2 Laser Cutter,Trumatic TTLF 3200,5.3,26.69,5.03,,
Mexico,"Country-specific overrides only (laborRate, directOverheadRate, indirectOverheadRate). All other fields (setupTime, rapidTraverseRate, laborTimeStandard, workFactor, etc.) are common and inherit from world_average_base.json.",342,CO2 Laser Cutter,Trumpf True Laser 5030 -Trufow 10kW,5.3,83.1,5.08,,
Mexico,"Country-specific overrides only (laborRate, directOverheadRate, indirectOverheadRate). All other fields (setupTime, rapidTraverseRate, laborTimeStandard, workFactor, etc.) are common and inherit from world_average_base.json.",342,CO2 Laser Cutter,Trumpf True Laser 5030 -Trufow 8kW,5.3,70.65,5.08,,
Mexico,"Country-specific overrides only (laborRate, directOverheadRate, indirectOverheadRate). All other fields (setupTime, rapidTraverseRate, laborTimeStandard, workFactor, etc.) are common and inherit from world_average_base.json.",342,Laser Punch Combo,Amada ACIES 2512 B (4000W),5.3,44.85,5.16,,
Mexico,"Country-specific overrides only (laborRate, directOverheadRate, indirectOverheadRate). All other fields (setupTime, rapidTraverseRate, laborTimeStandard, workFactor, etc.) are common and inherit from world_average_base.json.",342,Laser Punch Combo,Amada ACIES 2512 T-AJ (4000W),5.3,96.34,4.8,,
Mexico,"Country-specific overrides only (laborRate, directOverheadRate, indirectOverheadRate). All other fields (setupTime, rapidTraverseRate, laborTimeStandard, workFactor, etc.) are common and inherit from world_average_base.json.",342,Laser Punch Combo,Amada ACIES 2515 B-AJ (4000W),5.3,95.68,4.91,,
Mexico,"Country-specific overrides only (laborRate, directOverheadRate, indirectOverheadRate). All other fields (setupTime, rapidTraverseRate, laborTimeStandard, workFactor, etc.) are common and inherit from world_average_base.json.",342,Laser Punch Combo,Amada ACIES 2515 T (4000W),5.3,45.51,5.2,,
Mexico,"Country-specific overrides only (laborRate, directOverheadRate, indirectOverheadRate). All other fields (setupTime, rapidTraverseRate, laborTimeStandard, workFactor, etc.) are common and inherit from world_average_base.json.",342,Laser Punch Combo,Amada EML 3510 NT (2000W),5.3,49.22,3.88,,
Mexico,"Country-specific overrides only (laborRate, directOverheadRate, indirectOverheadRate). All other fields (setupTime, rapidTraverseRate, laborTimeStandard, workFactor, etc.) are common and inherit from world_average_base.json.",342,Laser Punch Combo,Amada EML 3610 NT (4000W),5.3,63.92,3.69,,
Mexico,"Country-specific overrides only (laborRate, directOverheadRate, indirectOverheadRate). All other fields (setupTime, rapidTraverseRate, laborTimeStandard, workFactor, etc.) are common and inherit from world_average_base.json.",342,Laser Punch Combo,Amada LC 1212 C1 NT (2000W),5.3,66.68,3.05,,
Mexico,"Country-specific overrides only (laborRate, directOverheadRate, indirectOverheadRate). All other fields (setupTime, rapidTraverseRate, laborTimeStandard, workFactor, etc.) are common and inherit from world_average_base.json.",342,Laser Punch Combo,Amada LC 2012 C1 NT (2000W),5.3,66.03,2.9,,
Mexico,"Country-specific overrides only (laborRate, directOverheadRate, indirectOverheadRate). All other fields (setupTime, rapidTraverseRate, laborTimeStandard, workFactor, etc.) are common and inherit from world_average_base.json.",342,Laser Punch Combo,Amada LC 2512 C1 AJ (2000W),5.3,72.41,4.33,,
Mexico,"Country-specific overrides only (laborRate, directOverheadRate, indirectOverheadRate). All other fields (setupTime, rapidTraverseRate, laborTimeStandard, workFactor, etc.) are common and inherit from world_average_base.json.",342,Laser Punch Combo,Amada LC 2515 C1 AJ (3000W),5.3,72.41,4.94,,
Mexico,"Country-specific overrides only (laborRate, directOverheadRate, indirectOverheadRate). All other fields (setupTime, rapidTraverseRate, laborTimeStandard, workFactor, etc.) are common and inherit from world_average_base.json.",342,Laser Punch Combo,Danobat Silver 30,5.3,53.45,3.52,,
Mexico,"Country-specific overrides only (laborRate, directOverheadRate, indirectOverheadRate). All other fields (setupTime, rapidTraverseRate, laborTimeStandard, workFactor, etc.) are common and inherit from world_average_base.json.",342,Laser Punch Combo,Danobat Silver 40,5.3,55.79,3.72,,
Mexico,"Country-specific overrides only (laborRate, directOverheadRate, indirectOverheadRate). All other fields (setupTime, rapidTraverseRate, laborTimeStandard, workFactor, etc.) are common and inherit from world_average_base.json.",342,Laser Punch Combo,LVD Strippit 1250 MXP/30 Laser,5.3,49.01,3.54,,
Mexico,"Country-specific overrides only (laborRate, directOverheadRate, indirectOverheadRate). All other fields (setupTime, rapidTraverseRate, laborTimeStandard, workFactor, etc.) are common and inherit from world_average_base.json.",342,Laser Punch Combo,Laser Punch - 2000 Watts 280kN,5.3,49.64,4.18,,
Mexico,"Country-specific overrides only (laborRate, directOverheadRate, indirectOverheadRate). All other fields (setupTime, rapidTraverseRate, laborTimeStandard, workFactor, etc.) are common and inherit from world_average_base.json.",342,Laser Punch Combo,Laser Punch - 2500 Watts 250kN,5.3,53.49,5.23,,
Mexico,"Country-specific overrides only (laborRate, directOverheadRate, indirectOverheadRate). All other fields (setupTime, rapidTraverseRate, laborTimeStandard, workFactor, etc.) are common and inherit from world_average_base.json.",342,Laser Punch Combo,Laser Punch - 3000 Watts 220kN,5.3,62.88,5.76,,
Mexico,"Country-specific overrides only (laborRate, directOverheadRate, indirectOverheadRate). All other fields (setupTime, rapidTraverseRate, laborTimeStandard, workFactor, etc.) are common and inherit from world_average_base.json.",342,Laser Punch Combo,Laser Punch - 4000 Watts 220kN,5.3,70.59,5.76,,
Mexico,"Country-specific overrides only (laborRate, directOverheadRate, indirectOverheadRate). All other fields (setupTime, rapidTraverseRate, laborTimeStandard, workFactor, etc.) are common and inherit from world_average_base.json.",342,Laser Punch Combo,Muratec Motorum Hybrid 2558 (2000W),5.3,49.61,5.42,True,Wattage in source screenshot was fully truncated ('Muratec Motorum Hybrid 2558...') with no digits visible. '(2000W)' was fabricated to distinguish this row from the other Muratec row. Actual wattage unconfirmed.
Mexico,"Country-specific overrides only (laborRate, directOverheadRate, indirectOverheadRate). All other fields (setupTime, rapidTraverseRate, laborTimeStandard, workFactor, etc.) are common and inherit from world_average_base.json.",342,Laser Punch Combo,Muratec Motorum Hybrid 2558 (2500W),5.3,59.16,5.42,True,Wattage in source screenshot was fully truncated ('Muratec Motorum Hybrid 2558...') with no digits visible. '(2500W)' was fabricated to distinguish this row from the other Muratec row. Actual wattage unconfirmed.
Mexico,"Country-specific overrides only (laborRate, directOverheadRate, indirectOverheadRate). All other fields (setupTime, rapidTraverseRate, laborTimeStandard, workFactor, etc.) are common and inherit from world_average_base.json.",342,Laser Punch Combo,TruMatic6000 Large (2000W),5.3,58.58,5.96,,
Mexico,"Country-specific overrides only (laborRate, directOverheadRate, indirectOverheadRate). All other fields (setupTime, rapidTraverseRate, laborTimeStandard, workFactor, etc.) are common and inherit from world_average_base.json.",342,Laser Punch Combo,TruMatic6000 Large (2700W),5.3,66.72,5.96,,
Mexico,"Country-specific overrides only (laborRate, directOverheadRate, indirectOverheadRate). All other fields (setupTime, rapidTraverseRate, laborTimeStandard, workFactor, etc.) are common and inherit from world_average_base.json.",342,Laser Punch Combo,TruMatic6000 Large (3200W),5.3,70.51,5.96,,
Mexico,"Country-specific overrides only (laborRate, directOverheadRate, indirectOverheadRate). All other fields (setupTime, rapidTraverseRate, laborTimeStandard, workFactor, etc.) are common and inherit from world_average_base.json.",342,Laser Punch Combo,TruMatic6000 Medium (2000W),5.3,52.43,5.51,,
Mexico,"Country-specific overrides only (laborRate, directOverheadRate, indirectOverheadRate). All other fields (setupTime, rapidTraverseRate, laborTimeStandard, workFactor, etc.) are common and inherit from world_average_base.json.",342,Laser Punch Combo,TruMatic6000 Medium (2700W),5.3,59.69,5.51,,
Mexico,"Country-specific overrides only (laborRate, directOverheadRate, indirectOverheadRate). All other fields (setupTime, rapidTraverseRate, laborTimeStandard, workFactor, etc.) are common and inherit from world_average_base.json.",342,Laser Punch Combo,TruMatic6000 Medium (3200W),5.3,66.07,5.51,,
Mexico,"Country-specific overrides only (laborRate, directOverheadRate, indirectOverheadRate). All other fields (setupTime, rapidTraverseRate, laborTimeStandard, workFactor, etc.) are common and inherit from world_average_base.json.",342,Laser Punch Combo,TruMatic7000 Large (4000W),5.3,81.55,6.15,,
Mexico,"Country-specific overrides only (laborRate, directOverheadRate, indirectOverheadRate). All other fields (setupTime, rapidTraverseRate, laborTimeStandard, workFactor, etc.) are common and inherit from world_average_base.json.",342,Oxyfuel Cutter,Default Oxyfuel - 4 torch,5.3,5.71,6.68,,
Mexico,"Country-specific overrides only (laborRate, directOverheadRate, indirectOverheadRate). All other fields (setupTime, rapidTraverseRate, laborTimeStandard, workFactor, etc.) are common and inherit from world_average_base.json.",342,Oxyfuel Cutter,Echo 3015 - 1 torch,5.3,3.37,6.68,,
Mexico,"Country-specific overrides only (laborRate, directOverheadRate, indirectOverheadRate). All other fields (setupTime, rapidTraverseRate, laborTimeStandard, workFactor, etc.) are common and inherit from world_average_base.json.",342,Oxyfuel Cutter,Franek - CSI Series 2 torch,5.3,3.37,6.68,,
Mexico,"Country-specific overrides only (laborRate, directOverheadRate, indirectOverheadRate). All other fields (setupTime, rapidTraverseRate, laborTimeStandard, workFactor, etc.) are common and inherit from world_average_base.json.",342,Oxyfuel Cutter,Franek - CSI Series 4 torch,5.3,4.54,6.68,,
Mexico,"Country-specific overrides only (laborRate, directOverheadRate, indirectOverheadRate). All other fields (setupTime, rapidTraverseRate, laborTimeStandard, workFactor, etc.) are common and inherit from world_average_base.json.",342,Oxyfuel Cutter,Franek - CSI Series 6 torch,5.3,5.71,6.68,,
Mexico,"Country-specific overrides only (laborRate, directOverheadRate, indirectOverheadRate). All other fields (setupTime, rapidTraverseRate, laborTimeStandard, workFactor, etc.) are common and inherit from world_average_base.json.",342,Oxyfuel Cutter,Hankwang - KOBA PLUS 3015 - 1 torch,5.3,3.37,6.68,,
Mexico,"Country-specific overrides only (laborRate, directOverheadRate, indirectOverheadRate). All other fields (setupTime, rapidTraverseRate, laborTimeStandard, workFactor, etc.) are common and inherit from world_average_base.json.",342,Oxyfuel Cutter,IK1200CL - 2 torch,5.3,3.37,6.68,,
Mexico,"Country-specific overrides only (laborRate, directOverheadRate, indirectOverheadRate). All other fields (setupTime, rapidTraverseRate, laborTimeStandard, workFactor, etc.) are common and inherit from world_average_base.json.",342,Oxyfuel Cutter,Nissan TANAKA KT-540J - 4 Torch,5.3,43.05,5.09,,
Mexico,"Country-specific overrides only (laborRate, directOverheadRate, indirectOverheadRate). All other fields (setupTime, rapidTraverseRate, laborTimeStandard, workFactor, etc.) are common and inherit from world_average_base.json.",342,Oxyfuel Cutter,Nissan TANAKA KT-590J - 4 Torch,5.3,45.68,5.72,,
Mexico,"Country-specific overrides only (laborRate, directOverheadRate, indirectOverheadRate). All other fields (setupTime, rapidTraverseRate, laborTimeStandard, workFactor, etc.) are common and inherit from world_average_base.json.",342,Oxyfuel Cutter,Nissan TANAKA KT-650 - 6 Torch,5.3,56.23,9.43,,
Mexico,"Country-specific overrides only (laborRate, directOverheadRate, indirectOverheadRate). All other fields (setupTime, rapidTraverseRate, laborTimeStandard, workFactor, etc.) are common and inherit from world_average_base.json.",342,Oxyfuel Cutter,Nissan TANAKA KT-650J - 6 Torch,5.3,53.59,6.71,,
Mexico,"Country-specific overrides only (laborRate, directOverheadRate, indirectOverheadRate). All other fields (setupTime, rapidTraverseRate, laborTimeStandard, workFactor, etc.) are common and inherit from world_average_base.json.",342,Oxyfuel Cutter,Nissan TANAKA KT-790 - 4 Torch,5.3,78.41,12.2,,
Mexico,"Country-specific overrides only (laborRate, directOverheadRate, indirectOverheadRate). All other fields (setupTime, rapidTraverseRate, laborTimeStandard, workFactor, etc.) are common and inherit from world_average_base.json.",342,Oxyfuel Cutter,North American PCS 4000 - 4 torch,5.3,8.05,6.68,,
Mexico,"Country-specific overrides only (laborRate, directOverheadRate, indirectOverheadRate). All other fields (setupTime, rapidTraverseRate, laborTimeStandard, workFactor, etc.) are common and inherit from world_average_base.json.",342,Oxyfuel Cutter,North American PCS 5000 - 6 torch,5.3,9.23,6.68,,
Mexico,"Country-specific overrides only (laborRate, directOverheadRate, indirectOverheadRate). All other fields (setupTime, rapidTraverseRate, laborTimeStandard, workFactor, etc.) are common and inherit from world_average_base.json.",342,Oxyfuel Cutter,Oxy Fuel Cutter - 1 Torch,5.3,3.37,6.68,,
Mexico,"Country-specific overrides only (laborRate, directOverheadRate, indirectOverheadRate). All other fields (setupTime, rapidTraverseRate, laborTimeStandard, workFactor, etc.) are common and inherit from world_average_base.json.",342,Oxyfuel Cutter,Oxy Fuel Cutter - 2 Torch,5.3,3.37,6.68,,
Mexico,"Country-specific overrides only (laborRate, directOverheadRate, indirectOverheadRate). All other fields (setupTime, rapidTraverseRate, laborTimeStandard, workFactor, etc.) are common and inherit from world_average_base.json.",342,Oxyfuel Cutter,Oxy Fuel Cutter - 4 Torch,5.3,5.71,6.68,,
Mexico,"Country-specific overrides only (laborRate, directOverheadRate, indirectOverheadRate). All other fields (setupTime, rapidTraverseRate, laborTimeStandard, workFactor, etc.) are common and inherit from world_average_base.json.",342,Oxyfuel Cutter,Oxy Fuel Cutter - 6 Torch,5.3,7.47,6.68,,
Mexico,"Country-specific overrides only (laborRate, directOverheadRate, indirectOverheadRate). All other fields (setupTime, rapidTraverseRate, laborTimeStandard, workFactor, etc.) are common and inherit from world_average_base.json.",342,Plasma Cutter,CSI Series 4 - 200A,5.3,8.97,7.56,,
Mexico,"Country-specific overrides only (laborRate, directOverheadRate, indirectOverheadRate). All other fields (setupTime, rapidTraverseRate, laborTimeStandard, workFactor, etc.) are common and inherit from world_average_base.json.",342,Plasma Cutter,CSI Series 5 - 300A,5.3,8.97,7.56,,
Mexico,"Country-specific overrides only (laborRate, directOverheadRate, indirectOverheadRate). All other fields (setupTime, rapidTraverseRate, laborTimeStandard, workFactor, etc.) are common and inherit from world_average_base.json.",342,Plasma Cutter,Default Plasma,5.3,7.47,6.12,,
Mexico,"Country-specific overrides only (laborRate, directOverheadRate, indirectOverheadRate). All other fields (setupTime, rapidTraverseRate, laborTimeStandard, workFactor, etc.) are common and inherit from world_average_base.json.",342,Plasma Cutter,ESAB - Avenger Plus,5.3,7.47,6.12,,
Mexico,"Country-specific overrides only (laborRate, directOverheadRate, indirectOverheadRate). All other fields (setupTime, rapidTraverseRate, laborTimeStandard, workFactor, etc.) are common and inherit from world_average_base.json.",342,Plasma Cutter,Komatsu TFPL101,5.3,35.68,17.63,,
Mexico,"Country-specific overrides only (laborRate, directOverheadRate, indirectOverheadRate). All other fields (setupTime, rapidTraverseRate, laborTimeStandard, workFactor, etc.) are common and inherit from world_average_base.json.",342,Plasma Cutter,Komatsu TFPL108,5.3,34.98,19.54,,
Mexico,"Country-specific overrides only (laborRate, directOverheadRate, indirectOverheadRate). All other fields (setupTime, rapidTraverseRate, laborTimeStandard, workFactor, etc.) are common and inherit from world_average_base.json.",342,Plasma Cutter,Komatsu TFPL301,5.3,20.31,17.63,,
Mexico,"Country-specific overrides only (laborRate, directOverheadRate, indirectOverheadRate). All other fields (setupTime, rapidTraverseRate, laborTimeStandard, workFactor, etc.) are common and inherit from world_average_base.json.",342,Plasma Cutter,Komatsu TFPL308,5.3,19.61,19.54,,
Mexico,"Country-specific overrides only (laborRate, directOverheadRate, indirectOverheadRate). All other fields (setupTime, rapidTraverseRate, laborTimeStandard, workFactor, etc.) are common and inherit from world_average_base.json.",342,Plasma Cutter,Plasma Cutter - 1000 Watts 4 Heads,5.3,8.05,6.12,,
Mexico,"Country-specific overrides only (laborRate, directOverheadRate, indirectOverheadRate). All other fields (setupTime, rapidTraverseRate, laborTimeStandard, workFactor, etc.) are common and inherit from world_average_base.json.",342,Plasma Cutter,Plasma Cutter - 400 Watts 1 Head,5.3,7.47,6.12,,
Mexico,"Country-specific overrides only (laborRate, directOverheadRate, indirectOverheadRate). All other fields (setupTime, rapidTraverseRate, laborTimeStandard, workFactor, etc.) are common and inherit from world_average_base.json.",342,Plasma Cutter,Precision CS - Platemaster XMR,5.3,7.47,6.12,,
Mexico,"Country-specific overrides only (laborRate, directOverheadRate, indirectOverheadRate). All other fields (setupTime, rapidTraverseRate, laborTimeStandard, workFactor, etc.) are common and inherit from world_average_base.json.",342,Plasma Cutter,Storm - 4 head,5.3,7.47,6.12,,
Mexico,"Country-specific overrides only (laborRate, directOverheadRate, indirectOverheadRate). All other fields (setupTime, rapidTraverseRate, laborTimeStandard, workFactor, etc.) are common and inherit from world_average_base.json.",342,Plasma Cutter,Vulcan 3100D,5.3,7.47,6.12,,
Mexico,"Country-specific overrides only (laborRate, directOverheadRate, indirectOverheadRate). All other fields (setupTime, rapidTraverseRate, laborTimeStandard, workFactor, etc.) are common and inherit from world_average_base.json.",342,Plasma Punch Combo,Ermak CPP 1270 X 30,5.3,23.77,3.72,,
Mexico,"Country-specific overrides only (laborRate, directOverheadRate, indirectOverheadRate). All other fields (setupTime, rapidTraverseRate, laborTimeStandard, workFactor, etc.) are common and inherit from world_average_base.json.",342,Plasma Punch Combo,Ficep Tipo C16,5.3,51.04,5.58,,
Mexico,"Country-specific overrides only (laborRate, directOverheadRate, indirectOverheadRate). All other fields (setupTime, rapidTraverseRate, laborTimeStandard, workFactor, etc.) are common and inherit from world_average_base.json.",342,Plasma Punch Combo,Ficep Tipo C25,5.3,55.28,5.58,,
Mexico,"Country-specific overrides only (laborRate, directOverheadRate, indirectOverheadRate). All other fields (setupTime, rapidTraverseRate, laborTimeStandard, workFactor, etc.) are common and inherit from world_average_base.json.",342,Plasma Punch Combo,Muratec Magnum - 5000 Plasma,5.3,49.7,4.94,,
Mexico,"Country-specific overrides only (laborRate, directOverheadRate, indirectOverheadRate). All other fields (setupTime, rapidTraverseRate, laborTimeStandard, workFactor, etc.) are common and inherit from world_average_base.json.",342,Plasma Punch Combo,Plasma Punch - 100 Watts 300kN,5.3,24.6,3.72,True,"Source screenshot shows 'Plasma Punch - 100 Watts, 300...' truncated with no unit letters or confirmation of complete digit sequence. 'kN' and full value fabricated. Actual kN rating unconfirmed."
Mexico,"Country-specific overrides only (laborRate, directOverheadRate, indirectOverheadRate). All other fields (setupTime, rapidTraverseRate, laborTimeStandard, workFactor, etc.) are common and inherit from world_average_base.json.",342,Plasma Punch Combo,Plasma Punch - 200 Watts 450kN,5.3,41.59,4.89,True,"Source screenshot shows 'Plasma Punch - 200 Watts, 450...' truncated with no unit letters or confirmation of complete digit sequence. 'kN' and full value fabricated. Actual kN rating unconfirmed."
Mexico,"Country-specific overrides only (laborRate, directOverheadRate, indirectOverheadRate). All other fields (setupTime, rapidTraverseRate, laborTimeStandard, workFactor, etc.) are common and inherit from world_average_base.json.",342,Plasma Punch Combo,Plasma Punch - 300 Watts 550kN,5.3,52.72,4.95,True,"Source screenshot shows 'Plasma Punch - 300 Watts, 550...' truncated with no unit letters or confirmation of complete digit sequence. 'kN' and full value fabricated. Actual kN rating unconfirmed."
Mexico,"Country-specific overrides only (laborRate, directOverheadRate, indirectOverheadRate). All other fields (setupTime, rapidTraverseRate, laborTimeStandard, workFactor, etc.) are common and inherit from world_average_base.json.",342,Plasma Punch Combo,Plasma Punch - 400 Watts 100kN,5.3,55.65,5.62,True,"Source screenshot shows 'Plasma Punch - 400 Watts, 100...' truncated with no unit letters or confirmation of complete digit sequence. 'kN' and full value fabricated. Actual kN rating unconfirmed."
Mexico,"Country-specific overrides only (laborRate, directOverheadRate, indirectOverheadRate). All other fields (setupTime, rapidTraverseRate, laborTimeStandard, workFactor, etc.) are common and inherit from world_average_base.json.",342,Plasma Punch Combo,Whitney 3400 Heavy,5.3,51.18,6.99,,
Mexico,"Country-specific overrides only (laborRate, directOverheadRate, indirectOverheadRate). All other fields (setupTime, rapidTraverseRate, laborTimeStandard, workFactor, etc.) are common and inherit from world_average_base.json.",342,Plasma Punch Combo,Whitney 3400 XP,5.3,39.25,6.99,,
Mexico,"Country-specific overrides only (laborRate, directOverheadRate, indirectOverheadRate). All other fields (setupTime, rapidTraverseRate, laborTimeStandard, workFactor, etc.) are common and inherit from world_average_base.json.",342,Plasma Punch Combo,Whitney 3700 SST,5.3,51.62,3.51,,
Mexico,"Country-specific overrides only (laborRate, directOverheadRate, indirectOverheadRate). All other fields (setupTime, rapidTraverseRate, laborTimeStandard, workFactor, etc.) are common and inherit from world_average_base.json.",342,Plasma Punch Combo,Whitney 4400 Max,5.3,66.49,2.76,,
Mexico,"Country-specific overrides only (laborRate, directOverheadRate, indirectOverheadRate). All other fields (setupTime, rapidTraverseRate, laborTimeStandard, workFactor, etc.) are common and inherit from world_average_base.json.",342,Mechanical Press,Aida SMX-II-L2-3000,5.3,29.31,3.65,,
Mexico,"Country-specific overrides only (laborRate, directOverheadRate, indirectOverheadRate). All other fields (setupTime, rapidTraverseRate, laborTimeStandard, workFactor, etc.) are common and inherit from world_average_base.json.",342,Mechanical Press,Aida SMX-II-L2-4000,5.3,38.44,3.91,,
Mexico,"Country-specific overrides only (laborRate, directOverheadRate, indirectOverheadRate). All other fields (setupTime, rapidTraverseRate, laborTimeStandard, workFactor, etc.) are common and inherit from world_average_base.json.",342,Mechanical Press,Aida SMX-II-L2-5000,5.3,52.17,4.05,,
Mexico,"Country-specific overrides only (laborRate, directOverheadRate, indirectOverheadRate). All other fields (setupTime, rapidTraverseRate, laborTimeStandard, workFactor, etc.) are common and inherit from world_average_base.json.",342,Mechanical Press,Aida SMX-II-L2-6000,5.3,60.41,4.25,,
Mexico,"Country-specific overrides only (laborRate, directOverheadRate, indirectOverheadRate). All other fields (setupTime, rapidTraverseRate, laborTimeStandard, workFactor, etc.) are common and inherit from world_average_base.json.",342,Mechanical Press,Aida UMX-1100,5.3,11.85,2.54,,
Mexico,"Country-specific overrides only (laborRate, directOverheadRate, indirectOverheadRate). All other fields (setupTime, rapidTraverseRate, laborTimeStandard, workFactor, etc.) are common and inherit from world_average_base.json.",342,Mechanical Press,Aida UMX-600,5.3,6.4,2.48,,
Mexico,"Country-specific overrides only (laborRate, directOverheadRate, indirectOverheadRate). All other fields (setupTime, rapidTraverseRate, laborTimeStandard, workFactor, etc.) are common and inherit from world_average_base.json.",342,Mechanical Press,Aida UMX-800,5.3,8.22,2.48,,
Mexico,"Country-specific overrides only (laborRate, directOverheadRate, indirectOverheadRate). All other fields (setupTime, rapidTraverseRate, laborTimeStandard, workFactor, etc.) are common and inherit from world_average_base.json.",342,Mechanical Press,Bliss - B-55,5.3,82.43,9.29,,
Mexico,"Country-specific overrides only (laborRate, directOverheadRate, indirectOverheadRate). All other fields (setupTime, rapidTraverseRate, laborTimeStandard, workFactor, etc.) are common and inherit from world_average_base.json.",342,Mechanical Press,Default Press,5.3,31.34,2.99,,
Mexico,"Country-specific overrides only (laborRate, directOverheadRate, indirectOverheadRate). All other fields (setupTime, rapidTraverseRate, laborTimeStandard, workFactor, etc.) are common and inherit from world_average_base.json.",342,Mechanical Press,Niagara - E511B,5.3,101.96,6.85,,
Mexico,"Country-specific overrides only (laborRate, directOverheadRate, indirectOverheadRate). All other fields (setupTime, rapidTraverseRate, laborTimeStandard, workFactor, etc.) are common and inherit from world_average_base.json.",342,Mechanical Press,Progressive Die Press - 1500kN Press Force,5.3,18.3,2.72,,
Mexico,"Country-specific overrides only (laborRate, directOverheadRate, indirectOverheadRate). All other fields (setupTime, rapidTraverseRate, laborTimeStandard, workFactor, etc.) are common and inherit from world_average_base.json.",342,Mechanical Press,Progressive Die Press - 10000kN Press Force,5.3,113.51,8.79,,
Mexico,"Country-specific overrides only (laborRate, directOverheadRate, indirectOverheadRate). All other fields (setupTime, rapidTraverseRate, laborTimeStandard, workFactor, etc.) are common and inherit from world_average_base.json.",342,Mechanical Press,Progressive Die Press - 3000kN Press Force,5.3,38.07,3.06,,
Mexico,"Country-specific overrides only (laborRate, directOverheadRate, indirectOverheadRate). All other fields (setupTime, rapidTraverseRate, laborTimeStandard, workFactor, etc.) are common and inherit from world_average_base.json.",342,Mechanical Press,Progressive Die Press - 5000kN Press Force,5.3,62.86,3.43,,
Mexico,"Country-specific overrides only (laborRate, directOverheadRate, indirectOverheadRate). All other fields (setupTime, rapidTraverseRate, laborTimeStandard, workFactor, etc.) are common and inherit from world_average_base.json.",342,Mechanical Press,Progressive Die Press - 7000kN Press Force,5.3,83.36,5.36,,
Mexico,"Country-specific overrides only (laborRate, directOverheadRate, indirectOverheadRate). All other fields (setupTime, rapidTraverseRate, laborTimeStandard, workFactor, etc.) are common and inherit from world_average_base.json.",342,Mechanical Press,Schuler 1150 Ton,5.3,79.34,4.41,,
Mexico,"Country-specific overrides only (laborRate, directOverheadRate, indirectOverheadRate). All other fields (setupTime, rapidTraverseRate, laborTimeStandard, workFactor, etc.) are common and inherit from world_average_base.json.",342,Mechanical Press,Schuler A2/200 - 360,5.3,55.29,2.82,,
Mexico,"Country-specific overrides only (laborRate, directOverheadRate, indirectOverheadRate). All other fields (setupTime, rapidTraverseRate, laborTimeStandard, workFactor, etc.) are common and inherit from world_average_base.json.",342,Mechanical Press,Schuler TSD 2000,5.3,254.81,10.28,,
Mexico,"Country-specific overrides only (laborRate, directOverheadRate, indirectOverheadRate). All other fields (setupTime, rapidTraverseRate, laborTimeStandard, workFactor, etc.) are common and inherit from world_average_base.json.",342,Mechanical Press,United Power SHD-220 Ton,5.3,25.42,3.19,,
Mexico,"Country-specific overrides only (laborRate, directOverheadRate, indirectOverheadRate). All other fields (setupTime, rapidTraverseRate, laborTimeStandard, workFactor, etc.) are common and inherit from world_average_base.json.",342,Mechanical Press,United Power SHD-400 Ton,5.3,45.45,3.6,,
Mexico,"Country-specific overrides only (laborRate, directOverheadRate, indirectOverheadRate). All other fields (setupTime, rapidTraverseRate, laborTimeStandard, workFactor, etc.) are common and inherit from world_average_base.json.",342,Mechanical Press,United Power SHD-666 Ton,5.3,81.07,4.05,,
Mexico,"Country-specific overrides only (laborRate, directOverheadRate, indirectOverheadRate). All other fields (setupTime, rapidTraverseRate, laborTimeStandard, workFactor, etc.) are common and inherit from world_average_base.json.",342,Mechanical Press,United Power SHS-166 Ton,5.3,18.74,2.51,,
Mexico,"Country-specific overrides only (laborRate, directOverheadRate, indirectOverheadRate). All other fields (setupTime, rapidTraverseRate, laborTimeStandard, workFactor, etc.) are common and inherit from world_average_base.json.",342,Mechanical Press,United Power SHS-666 Ton,5.3,81.07,2.86,,
Mexico,"Country-specific overrides only (laborRate, directOverheadRate, indirectOverheadRate). All other fields (setupTime, rapidTraverseRate, laborTimeStandard, workFactor, etc.) are common and inherit from world_average_base.json.",342,Mechanical Press,United Power THD-137 High Speed,5.3,19.32,2.58,,
Mexico,"Country-specific overrides only (laborRate, directOverheadRate, indirectOverheadRate). All other fields (setupTime, rapidTraverseRate, laborTimeStandard, workFactor, etc.) are common and inherit from world_average_base.json.",342,Mechanical Press,United Power THD-333 High Speed,5.3,40.81,2.97,,
Mexico,"Country-specific overrides only (laborRate, directOverheadRate, indirectOverheadRate). All other fields (setupTime, rapidTraverseRate, laborTimeStandard, workFactor, etc.) are common and inherit from world_average_base.json.",342,Mechanical Press,United Power THD-66 High Speed,5.3,9.43,2.51,,
Mexico,"Country-specific overrides only (laborRate, directOverheadRate, indirectOverheadRate). All other fields (setupTime, rapidTraverseRate, laborTimeStandard, workFactor, etc.) are common and inherit from world_average_base.json.",342,Shear,Chicago - HS 25130,5.3,13.24,2.95,,
Mexico,"Country-specific overrides only (laborRate, directOverheadRate, indirectOverheadRate). All other fields (setupTime, rapidTraverseRate, laborTimeStandard, workFactor, etc.) are common and inherit from world_average_base.json.",342,Shear,Chicago HS 3195,5.3,9.39,2.95,,
Mexico,"Country-specific overrides only (laborRate, directOverheadRate, indirectOverheadRate). All other fields (setupTime, rapidTraverseRate, laborTimeStandard, workFactor, etc.) are common and inherit from world_average_base.json.",342,Shear,Default Shear,5.3,4.54,2.95,,
Mexico,"Country-specific overrides only (laborRate, directOverheadRate, indirectOverheadRate). All other fields (setupTime, rapidTraverseRate, laborTimeStandard, workFactor, etc.) are common and inherit from world_average_base.json.",342,Shear,Nisshinbo LGS-C 8,5.3,3.78,2.95,,
Mexico,"Country-specific overrides only (laborRate, directOverheadRate, indirectOverheadRate). All other fields (setupTime, rapidTraverseRate, laborTimeStandard, workFactor, etc.) are common and inherit from world_average_base.json.",342,Shear,Roper Whitney - 10H8,5.3,4.72,2.76,,
Mexico,"Country-specific overrides only (laborRate, directOverheadRate, indirectOverheadRate). All other fields (setupTime, rapidTraverseRate, laborTimeStandard, workFactor, etc.) are common and inherit from world_average_base.json.",342,Shear,Roper Whitney - 10M14,5.3,2.47,2.76,,
Mexico,"Country-specific overrides only (laborRate, directOverheadRate, indirectOverheadRate). All other fields (setupTime, rapidTraverseRate, laborTimeStandard, workFactor, etc.) are common and inherit from world_average_base.json.",342,Shear,Salvagnini S4Xe.30,5.3,3.95,2.95,,
Mexico,"Country-specific overrides only (laborRate, directOverheadRate, indirectOverheadRate). All other fields (setupTime, rapidTraverseRate, laborTimeStandard, workFactor, etc.) are common and inherit from world_average_base.json.",342,Shear,Shear - 13mm Steel 20mm Aluminum Max,5.3,12.59,2.95,,
Mexico,"Country-specific overrides only (laborRate, directOverheadRate, indirectOverheadRate). All other fields (setupTime, rapidTraverseRate, laborTimeStandard, workFactor, etc.) are common and inherit from world_average_base.json.",342,Shear,Shear - 3.5mm Steel 5mm Aluminum Max,5.3,4.54,2.76,,
Mexico,"Country-specific overrides only (laborRate, directOverheadRate, indirectOverheadRate). All other fields (setupTime, rapidTraverseRate, laborTimeStandard, workFactor, etc.) are common and inherit from world_average_base.json.",342,Shear,Shear - 7mm Steel 10mm Aluminum Max,5.3,7.03,2.95,,
Mexico,"Country-specific overrides only (laborRate, directOverheadRate, indirectOverheadRate). All other fields (setupTime, rapidTraverseRate, laborTimeStandard, workFactor, etc.) are common and inherit from world_average_base.json.",342,Standard Press,Default Press,5.3,31.34,2.99,,
Mexico,"Country-specific overrides only (laborRate, directOverheadRate, indirectOverheadRate). All other fields (setupTime, rapidTraverseRate, laborTimeStandard, workFactor, etc.) are common and inherit from world_average_base.json.",342,Standard Press,Schuler 1150 Ton,5.3,75.58,4.41,,
Mexico,"Country-specific overrides only (laborRate, directOverheadRate, indirectOverheadRate). All other fields (setupTime, rapidTraverseRate, laborTimeStandard, workFactor, etc.) are common and inherit from world_average_base.json.",342,Standard Press,Schuler A2/200 - 360,5.3,55.29,2.82,,
Mexico,"Country-specific overrides only (laborRate, directOverheadRate, indirectOverheadRate). All other fields (setupTime, rapidTraverseRate, laborTimeStandard, workFactor, etc.) are common and inherit from world_average_base.json.",342,Standard Press,Schuler TSD 2000,5.3,254.81,10.28,,
Mexico,"Country-specific overrides only (laborRate, directOverheadRate, indirectOverheadRate). All other fields (setupTime, rapidTraverseRate, laborTimeStandard, workFactor, etc.) are common and inherit from world_average_base.json.",342,Standard Press,Standard Press - 1500kN Press Force,5.3,18.3,2.72,,
Mexico,"Country-specific overrides only (laborRate, directOverheadRate, indirectOverheadRate). All other fields (setupTime, rapidTraverseRate, laborTimeStandard, workFactor, etc.) are common and inherit from world_average_base.json.",342,Standard Press,Standard Press - 3000kN Press Force,5.3,38.07,3.06,,
Mexico,"Country-specific overrides only (laborRate, directOverheadRate, indirectOverheadRate). All other fields (setupTime, rapidTraverseRate, laborTimeStandard, workFactor, etc.) are common and inherit from world_average_base.json.",342,Standard Press,Standard Press - 5000kN Press Force,5.3,62.86,3.43,,
Mexico,"Country-specific overrides only (laborRate, directOverheadRate, indirectOverheadRate). All other fields (setupTime, rapidTraverseRate, laborTimeStandard, workFactor, etc.) are common and inherit from world_average_base.json.",342,Standard Press,Standard Press - 7000kN Press Force,5.3,83.36,5.36,,
Mexico,"Country-specific overrides only (laborRate, directOverheadRate, indirectOverheadRate). All other fields (setupTime, rapidTraverseRate, laborTimeStandard, workFactor, etc.) are common and inherit from world_average_base.json.",342,Standard Press,United Power SHD-220 Ton,5.3,25.42,3.19,,
Mexico,"Country-specific overrides only (laborRate, directOverheadRate, indirectOverheadRate). All other fields (setupTime, rapidTraverseRate, laborTimeStandard, workFactor, etc.) are common and inherit from world_average_base.json.",342,Standard Press,United Power SHD-400 Ton,5.3,45.45,3.6,,
Mexico,"Country-specific overrides only (laborRate, directOverheadRate, indirectOverheadRate). All other fields (setupTime, rapidTraverseRate, laborTimeStandard, workFactor, etc.) are common and inherit from world_average_base.json.",342,Standard Press,United Power SHD-666 Ton,5.3,77.51,4.05,,
Mexico,"Country-specific overrides only (laborRate, directOverheadRate, indirectOverheadRate). All other fields (setupTime, rapidTraverseRate, laborTimeStandard, workFactor, etc.) are common and inherit from world_average_base.json.",342,Standard Press,United Power SHS-166 Ton,5.3,18.74,2.51,,
Mexico,"Country-specific overrides only (laborRate, directOverheadRate, indirectOverheadRate). All other fields (setupTime, rapidTraverseRate, laborTimeStandard, workFactor, etc.) are common and inherit from world_average_base.json.",342,Standard Press,United Power SHS-666 Ton,5.3,77.51,2.86,,
Mexico,"Country-specific overrides only (laborRate, directOverheadRate, indirectOverheadRate). All other fields (setupTime, rapidTraverseRate, laborTimeStandard, workFactor, etc.) are common and inherit from world_average_base.json.",342,Standard Press,United Power THD-137 High Speed,5.3,19.32,2.58,,
Mexico,"Country-specific overrides only (laborRate, directOverheadRate, indirectOverheadRate). All other fields (setupTime, rapidTraverseRate, laborTimeStandard, workFactor, etc.) are common and inherit from world_average_base.json.",342,Standard Press,United Power THD-333 High Speed,5.3,40.81,2.97,,
Mexico,"Country-specific overrides only (laborRate, directOverheadRate, indirectOverheadRate). All other fields (setupTime, rapidTraverseRate, laborTimeStandard, workFactor, etc.) are common and inherit from world_average_base.json.",342,Standard Press,United Power THD-66 High Speed,5.3,9.43,2.51,,
Mexico,"Country-specific overrides only (laborRate, directOverheadRate, indirectOverheadRate). All other fields (setupTime, rapidTraverseRate, laborTimeStandard, workFactor, etc.) are common and inherit from world_average_base.json.",342,Tandem Press,Default Press,5.3,31.34,2.99,,
Mexico,"Country-specific overrides only (laborRate, directOverheadRate, indirectOverheadRate). All other fields (setupTime, rapidTraverseRate, laborTimeStandard, workFactor, etc.) are common and inherit from world_average_base.json.",342,Tandem Press,Schuler 1150 Ton,5.3,75.58,4.41,,
Mexico,"Country-specific overrides only (laborRate, directOverheadRate, indirectOverheadRate). All other fields (setupTime, rapidTraverseRate, laborTimeStandard, workFactor, etc.) are common and inherit from world_average_base.json.",342,Tandem Press,Schuler A2/200 - 360,5.3,55.29,2.82,,
Mexico,"Country-specific overrides only (laborRate, directOverheadRate, indirectOverheadRate). All other fields (setupTime, rapidTraverseRate, laborTimeStandard, workFactor, etc.) are common and inherit from world_average_base.json.",342,Tandem Press,Schuler TSD 2000,5.3,254.81,10.28,,
Mexico,"Country-specific overrides only (laborRate, directOverheadRate, indirectOverheadRate). All other fields (setupTime, rapidTraverseRate, laborTimeStandard, workFactor, etc.) are common and inherit from world_average_base.json.",342,Tandem Press,Tandem Press - 1500kN Press Force,5.3,18.3,2.72,,
Mexico,"Country-specific overrides only (laborRate, directOverheadRate, indirectOverheadRate). All other fields (setupTime, rapidTraverseRate, laborTimeStandard, workFactor, etc.) are common and inherit from world_average_base.json.",342,Tandem Press,Tandem Press - 3000kN Press Force,5.3,38.07,3.06,,
Mexico,"Country-specific overrides only (laborRate, directOverheadRate, indirectOverheadRate). All other fields (setupTime, rapidTraverseRate, laborTimeStandard, workFactor, etc.) are common and inherit from world_average_base.json.",342,Tandem Press,Tandem Press - 5000kN Press Force,5.3,62.86,3.43,,
Mexico,"Country-specific overrides only (laborRate, directOverheadRate, indirectOverheadRate). All other fields (setupTime, rapidTraverseRate, laborTimeStandard, workFactor, etc.) are common and inherit from world_average_base.json.",342,Tandem Press,Tandem Press - 7000kN Press Force,5.3,83.36,5.36,,
Mexico,"Country-specific overrides only (laborRate, directOverheadRate, indirectOverheadRate). All other fields (setupTime, rapidTraverseRate, laborTimeStandard, workFactor, etc.) are common and inherit from world_average_base.json.",342,Tandem Press,United Power SHD-220 Ton,5.3,25.42,3.19,,
Mexico,"Country-specific overrides only (laborRate, directOverheadRate, indirectOverheadRate). All other fields (setupTime, rapidTraverseRate, laborTimeStandard, workFactor, etc.) are common and inherit from world_average_base.json.",342,Tandem Press,United Power SHD-400 Ton,5.3,45.45,3.6,,
Mexico,"Country-specific overrides only (laborRate, directOverheadRate, indirectOverheadRate). All other fields (setupTime, rapidTraverseRate, laborTimeStandard, workFactor, etc.) are common and inherit from world_average_base.json.",342,Tandem Press,United Power SHD-666 Ton,5.3,77.51,4.05,,
Mexico,"Country-specific overrides only (laborRate, directOverheadRate, indirectOverheadRate). All other fields (setupTime, rapidTraverseRate, laborTimeStandard, workFactor, etc.) are common and inherit from world_average_base.json.",342,Tandem Press,United Power SHS-166 Ton,5.3,18.74,2.51,,
Mexico,"Country-specific overrides only (laborRate, directOverheadRate, indirectOverheadRate). All other fields (setupTime, rapidTraverseRate, laborTimeStandard, workFactor, etc.) are common and inherit from world_average_base.json.",342,Tandem Press,United Power SHS-666 Ton,5.3,77.51,2.86,,
Mexico,"Country-specific overrides only (laborRate, directOverheadRate, indirectOverheadRate). All other fields (setupTime, rapidTraverseRate, laborTimeStandard, workFactor, etc.) are common and inherit from world_average_base.json.",342,Tandem Press,United Power THD-137 High Speed,5.3,19.32,2.58,,
Mexico,"Country-specific overrides only (laborRate, directOverheadRate, indirectOverheadRate). All other fields (setupTime, rapidTraverseRate, laborTimeStandard, workFactor, etc.) are common and inherit from world_average_base.json.",342,Tandem Press,United Power THD-333 High Speed,5.3,40.81,2.97,,
Mexico,"Country-specific overrides only (laborRate, directOverheadRate, indirectOverheadRate). All other fields (setupTime, rapidTraverseRate, laborTimeStandard, workFactor, etc.) are common and inherit from world_average_base.json.",342,Tandem Press,United Power THD-66 High Speed,5.3,9.43,2.51,,
Mexico,"Country-specific overrides only (laborRate, directOverheadRate, indirectOverheadRate). All other fields (setupTime, rapidTraverseRate, laborTimeStandard, workFactor, etc.) are common and inherit from world_average_base.json.",342,Turret Press,Amada EM-3510 ZRB,5.3,30.36,4.13,,
Mexico,"Country-specific overrides only (laborRate, directOverheadRate, indirectOverheadRate). All other fields (setupTime, rapidTraverseRate, laborTimeStandard, workFactor, etc.) are common and inherit from world_average_base.json.",342,Turret Press,Amada EM-3510 ZRT,5.3,29.3,4.42,,
Mexico,"Country-specific overrides only (laborRate, directOverheadRate, indirectOverheadRate). All other fields (setupTime, rapidTraverseRate, laborTimeStandard, workFactor, etc.) are common and inherit from world_average_base.json.",342,Turret Press,Amada EM-3612 ZRB,5.3,35.1,4.76,,
Mexico,"Country-specific overrides only (laborRate, directOverheadRate, indirectOverheadRate). All other fields (setupTime, rapidTraverseRate, laborTimeStandard, workFactor, etc.) are common and inherit from world_average_base.json.",342,Turret Press,Amada EM-3612 ZRT,5.3,34.05,5.1,,
Mexico,"Country-specific overrides only (laborRate, directOverheadRate, indirectOverheadRate). All other fields (setupTime, rapidTraverseRate, laborTimeStandard, workFactor, etc.) are common and inherit from world_average_base.json.",342,Turret Press,Amada Vipros 2510 King,5.3,18.16,7.17,,
Mexico,"Country-specific overrides only (laborRate, directOverheadRate, indirectOverheadRate). All other fields (setupTime, rapidTraverseRate, laborTimeStandard, workFactor, etc.) are common and inherit from world_average_base.json.",342,Turret Press,Amada Vipros 255,5.3,18.16,5.81,,
Mexico,"Country-specific overrides only (laborRate, directOverheadRate, indirectOverheadRate). All other fields (setupTime, rapidTraverseRate, laborTimeStandard, workFactor, etc.) are common and inherit from world_average_base.json.",342,Turret Press,Amada Vipros 357 Queen,5.3,35.5,5.87,,
Mexico,"Country-specific overrides only (laborRate, directOverheadRate, indirectOverheadRate). All other fields (setupTime, rapidTraverseRate, laborTimeStandard, workFactor, etc.) are common and inherit from world_average_base.json.",342,Turret Press,Amada Vipros 358 King II,5.3,35.5,6.32,,
Mexico,"Country-specific overrides only (laborRate, directOverheadRate, indirectOverheadRate). All other fields (setupTime, rapidTraverseRate, laborTimeStandard, workFactor, etc.) are common and inherit from world_average_base.json.",342,Turret Press,Default Turret Press,5.3,20.01,3.26,,
Mexico,"Country-specific overrides only (laborRate, directOverheadRate, indirectOverheadRate). All other fields (setupTime, rapidTraverseRate, laborTimeStandard, workFactor, etc.) are common and inherit from world_average_base.json.",342,Turret Press,Finn-Power F Series,5.3,26.36,3.26,,
Mexico,"Country-specific overrides only (laborRate, directOverheadRate, indirectOverheadRate). All other fields (setupTime, rapidTraverseRate, laborTimeStandard, workFactor, etc.) are common and inherit from world_average_base.json.",342,Turret Press,Grand International CP1250,5.3,16.11,2.76,,
Mexico,"Country-specific overrides only (laborRate, directOverheadRate, indirectOverheadRate). All other fields (setupTime, rapidTraverseRate, laborTimeStandard, workFactor, etc.) are common and inherit from world_average_base.json.",342,Turret Press,Grand International CP1500,5.3,16.11,3.1,,
Mexico,"Country-specific overrides only (laborRate, directOverheadRate, indirectOverheadRate). All other fields (setupTime, rapidTraverseRate, laborTimeStandard, workFactor, etc.) are common and inherit from world_average_base.json.",342,Turret Press,Grand International CP2500,5.3,16.11,3.74,,
Mexico,"Country-specific overrides only (laborRate, directOverheadRate, indirectOverheadRate). All other fields (setupTime, rapidTraverseRate, laborTimeStandard, workFactor, etc.) are common and inherit from world_average_base.json.",342,Turret Press,Grand International HP2500,5.3,16.11,3.74,,
Mexico,"Country-specific overrides only (laborRate, directOverheadRate, indirectOverheadRate). All other fields (setupTime, rapidTraverseRate, laborTimeStandard, workFactor, etc.) are common and inherit from world_average_base.json.",342,Turret Press,Nisshinbo HIQ-1250/30H,5.3,16.99,3.63,,
Mexico,"Country-specific overrides only (laborRate, directOverheadRate, indirectOverheadRate). All other fields (setupTime, rapidTraverseRate, laborTimeStandard, workFactor, etc.) are common and inherit from world_average_base.json.",342,Turret Press,Nisshinbo HIQ-2044,5.3,16.4,3.76,,
Mexico,"Country-specific overrides only (laborRate, directOverheadRate, indirectOverheadRate). All other fields (setupTime, rapidTraverseRate, laborTimeStandard, workFactor, etc.) are common and inherit from world_average_base.json.",342,Turret Press,Nisshinbo HTP-1000,5.3,15.52,3.76,,
Mexico,"Country-specific overrides only (laborRate, directOverheadRate, indirectOverheadRate). All other fields (setupTime, rapidTraverseRate, laborTimeStandard, workFactor, etc.) are common and inherit from world_average_base.json.",342,Turret Press,Nisshinbo HTP-650,5.3,13.18,3.76,,
Mexico,"Country-specific overrides only (laborRate, directOverheadRate, indirectOverheadRate). All other fields (setupTime, rapidTraverseRate, laborTimeStandard, workFactor, etc.) are common and inherit from world_average_base.json.",342,Turret Press,Turret Press - 4.5mm Steel 6mm Aluminum,5.3,16.11,3.37,,
Mexico,"Country-specific overrides only (laborRate, directOverheadRate, indirectOverheadRate). All other fields (setupTime, rapidTraverseRate, laborTimeStandard, workFactor, etc.) are common and inherit from world_average_base.json.",342,Turret Press,Turret Press - 6mm Steel 8mm Aluminum,5.3,18.16,4.83,,
Mexico,"Country-specific overrides only (laborRate, directOverheadRate, indirectOverheadRate). All other fields (setupTime, rapidTraverseRate, laborTimeStandard, workFactor, etc.) are common and inherit from world_average_base.json.",342,Turret Press,Turret Press - 8mm Steel 10mm Aluminum,5.3,35.15,6.84,,
Mexico,"Country-specific overrides only (laborRate, directOverheadRate, indirectOverheadRate). All other fields (setupTime, rapidTraverseRate, laborTimeStandard, workFactor, etc.) are common and inherit from world_average_base.json.",342,Waterjet Cutter,ESAB Hydrocut LX 6500,5.3,43.9,9.18,,
Mexico,"Country-specific overrides only (laborRate, directOverheadRate, indirectOverheadRate). All other fields (setupTime, rapidTraverseRate, laborTimeStandard, workFactor, etc.) are common and inherit from world_average_base.json.",342,Waterjet Cutter,Flow Mach 2 1313b,5.3,16.98,2.86,,
Mexico,"Country-specific overrides only (laborRate, directOverheadRate, indirectOverheadRate). All other fields (setupTime, rapidTraverseRate, laborTimeStandard, workFactor, etc.) are common and inherit from world_average_base.json.",342,Waterjet Cutter,Flow Mach 2 4020b,5.3,18.44,5.03,,
Mexico,"Country-specific overrides only (laborRate, directOverheadRate, indirectOverheadRate). All other fields (setupTime, rapidTraverseRate, laborTimeStandard, workFactor, etc.) are common and inherit from world_average_base.json.",342,Waterjet Cutter,Flow Mach 3 1313b,5.3,25.77,2.87,,
Mexico,"Country-specific overrides only (laborRate, directOverheadRate, indirectOverheadRate). All other fields (setupTime, rapidTraverseRate, laborTimeStandard, workFactor, etc.) are common and inherit from world_average_base.json.",342,Waterjet Cutter,Flow Mach 3 7320b,5.3,27.23,7.03,,
Mexico,"Country-specific overrides only (laborRate, directOverheadRate, indirectOverheadRate). All other fields (setupTime, rapidTraverseRate, laborTimeStandard, workFactor, etc.) are common and inherit from world_average_base.json.",342,Waterjet Cutter,Flow Mach 300 3020,5.3,26.85,3.89,,
Mexico,"Country-specific overrides only (laborRate, directOverheadRate, indirectOverheadRate). All other fields (setupTime, rapidTraverseRate, laborTimeStandard, workFactor, etc.) are common and inherit from world_average_base.json.",342,Waterjet Cutter,Flow Mach 4 2020c,5.3,30.16,4.05,,
Mexico,"Country-specific overrides only (laborRate, directOverheadRate, indirectOverheadRate). All other fields (setupTime, rapidTraverseRate, laborTimeStandard, workFactor, etc.) are common and inherit from world_average_base.json.",342,Waterjet Cutter,Flow Mach 4 40140c,5.3,31.62,16.19,,
Mexico,"Country-specific overrides only (laborRate, directOverheadRate, indirectOverheadRate). All other fields (setupTime, rapidTraverseRate, laborTimeStandard, workFactor, etc.) are common and inherit from world_average_base.json.",342,Waterjet Cutter,Flow Mach 500 4080,5.3,35.08,9.24,,
Mexico,"Country-specific overrides only (laborRate, directOverheadRate, indirectOverheadRate). All other fields (setupTime, rapidTraverseRate, laborTimeStandard, workFactor, etc.) are common and inherit from world_average_base.json.",342,Waterjet Cutter,Flow Mach 700 50240,5.3,61.4,25.44,,
Mexico,"Country-specific overrides only (laborRate, directOverheadRate, indirectOverheadRate). All other fields (setupTime, rapidTraverseRate, laborTimeStandard, workFactor, etc.) are common and inherit from world_average_base.json.",342,Waterjet Cutter,KMT SL-V 100 PLUS,5.3,34.04,2.38,,
Mexico,"Country-specific overrides only (laborRate, directOverheadRate, indirectOverheadRate). All other fields (setupTime, rapidTraverseRate, laborTimeStandard, workFactor, etc.) are common and inherit from world_average_base.json.",342,Waterjet Cutter,KMT SL-V E-50,5.3,16.91,2.35,,
Mexico,"Country-specific overrides only (laborRate, directOverheadRate, indirectOverheadRate). All other fields (setupTime, rapidTraverseRate, laborTimeStandard, workFactor, etc.) are common and inherit from world_average_base.json.",342,Waterjet Cutter,KMT STREAMLINE PRO 125HP,5.3,40.92,2.67,,
Mexico,"Country-specific overrides only (laborRate, directOverheadRate, indirectOverheadRate). All other fields (setupTime, rapidTraverseRate, laborTimeStandard, workFactor, etc.) are common and inherit from world_average_base.json.",342,Waterjet Cutter,Maxiem 0707,5.3,18.27,2.71,,
Mexico,"Country-specific overrides only (laborRate, directOverheadRate, indirectOverheadRate). All other fields (setupTime, rapidTraverseRate, laborTimeStandard, workFactor, etc.) are common and inherit from world_average_base.json.",342,Waterjet Cutter,Maxiem 1530,5.3,19.73,2.95,,
Mexico,"Country-specific overrides only (laborRate, directOverheadRate, indirectOverheadRate). All other fields (setupTime, rapidTraverseRate, laborTimeStandard, workFactor, etc.) are common and inherit from world_average_base.json.",342,Waterjet Cutter,Maxiem 2040,5.3,22.66,3.64,,
Mexico,"Country-specific overrides only (laborRate, directOverheadRate, indirectOverheadRate). All other fields (setupTime, rapidTraverseRate, laborTimeStandard, workFactor, etc.) are common and inherit from world_average_base.json.",342,Waterjet Cutter,OMAX 2626,5.3,24.12,2.64,,
Mexico,"Country-specific overrides only (laborRate, directOverheadRate, indirectOverheadRate). All other fields (setupTime, rapidTraverseRate, laborTimeStandard, workFactor, etc.) are common and inherit from world_average_base.json.",342,Waterjet Cutter,OMAX 2652,5.3,25.59,3.08,,
Mexico,"Country-specific overrides only (laborRate, directOverheadRate, indirectOverheadRate). All other fields (setupTime, rapidTraverseRate, laborTimeStandard, workFactor, etc.) are common and inherit from world_average_base.json.",342,Waterjet Cutter,OMAX 55100,5.3,13.87,2.81,,
Mexico,"Country-specific overrides only (laborRate, directOverheadRate, indirectOverheadRate). All other fields (setupTime, rapidTraverseRate, laborTimeStandard, workFactor, etc.) are common and inherit from world_average_base.json.",342,Waterjet Cutter,OMAX 60120,5.3,15.92,3.42,,
Mexico,"Country-specific overrides only (laborRate, directOverheadRate, indirectOverheadRate). All other fields (setupTime, rapidTraverseRate, laborTimeStandard, workFactor, etc.) are common and inherit from world_average_base.json.",342,Waterjet Cutter,OMAX 80160,5.3,18.27,4.02,,
Mexico,"Country-specific overrides only (laborRate, directOverheadRate, indirectOverheadRate). All other fields (setupTime, rapidTraverseRate, laborTimeStandard, workFactor, etc.) are common and inherit from world_average_base.json.",342,Waterjet Cutter,Waterjet Cutter - 1300mm x 1300mm,5.3,22.99,3.1,True,"Source screenshot shows 'Waterjet Cutter - 1300mm x 13...' truncated. Second bed dimension '1300mm' was reconstructed/guessed from 2 visible digits, not read in full. No independent verification exists for this name."
Mexico,"Country-specific overrides only (laborRate, directOverheadRate, indirectOverheadRate). All other fields (setupTime, rapidTraverseRate, laborTimeStandard, workFactor, etc.) are common and inherit from world_average_base.json.",342,Waterjet Cutter,Waterjet Cutter - 14000mm x 4000mm,5.3,31.78,18.08,True,"Source screenshot shows 'Waterjet Cutter - 14000mm x 4...' truncated. Second bed dimension '4000mm' was reconstructed/guessed from 1 visible digit, not read in full. No independent verification exists for this name."
Mexico,"Country-specific overrides only (laborRate, directOverheadRate, indirectOverheadRate). All other fields (setupTime, rapidTraverseRate, laborTimeStandard, workFactor, etc.) are common and inherit from world_average_base.json.",342,Waterjet Cutter,Waterjet Cutter - 2000mm x 1500mm,5.3,25.92,3.42,True,"Source screenshot shows 'Waterjet Cutter - 2000mm x 15...' truncated. Second bed dimension '1500mm' was reconstructed/guessed from 2 visible digits, not read in full. No independent verification exists for this name."
Mexico,"Country-specific overrides only (laborRate, directOverheadRate, indirectOverheadRate). All other fields (setupTime, rapidTraverseRate, laborTimeStandard, workFactor, etc.) are common and inherit from world_average_base.json.",342,Waterjet Cutter,Waterjet Cutter - 3000mm x 1600mm,5.3,27.38,3.89,True,"Source screenshot shows 'Waterjet Cutter - 3000mm x 16...' truncated. Second bed dimension '1600mm' was reconstructed/guessed from 2 visible digits, not read in full. No independent verification exists for this name."
Mexico,"Country-specific overrides only (laborRate, directOverheadRate, indirectOverheadRate). All other fields (setupTime, rapidTraverseRate, laborTimeStandard, workFactor, etc.) are common and inherit from world_average_base.json.",342,Waterjet Cutter,Waterjet Cutter - 7000mm x 2000mm,5.3,28.85,6.3,True,"Source screenshot shows 'Waterjet Cutter - 7000mm x 20...' truncated. Second bed dimension '2000mm' was reconstructed/guessed from 2 visible digits, not read in full. No independent verification exists for this name."
Mexico,"Country-specific overrides only (laborRate, directOverheadRate, indirectOverheadRate). All other fields (setupTime, rapidTraverseRate, laborTimeStandard, workFactor, etc.) are common and inherit from world_average_base.json.",342,Waterjet Cutter,Waterjet Cutter - 700mm x 400mm,5.3,18.3,2.7,True,Source screenshot shows 'Waterjet Cutter - 700mm x 400...' truncated. Second bed dimension '400mm' may be complete but truncation mark means it is not fully confirmed. No independent verification exists for this name.
